filename,line,severity,priority
contrib_analyzers_common_src_java_org_apache_lucene_analysis_shingle_ShingleFilter.java,135,error,1
contrib_analyzers_common_src_java_org_apache_lucene_analysis_shingle_ShingleFilter.java,62,error,1
contrib_analyzers_common_src_java_org_apache_lucene_analysis_shingle_ShingleFilter.java,147,warning,2
contrib_analyzers_common_src_java_org_apache_lucene_analysis_shingle_ShingleFilter.java,91,warning,2
contrib_analyzers_common_src_java_org_apache_lucene_analysis_shingle_ShingleFilter.java,110,warning,2
contrib_analyzers_common_src_java_org_apache_lucene_analysis_shingle_ShingleFilter.java,206,warning,2
contrib_analyzers_common_src_java_org_apache_lucene_analysis_shingle_ShingleFilter.java,90,warning,2
contrib_analyzers_common_src_java_org_apache_lucene_analysis_shingle_ShingleFilter.java,261,error,1
contrib_analyzers_common_src_java_org_apache_lucene_analysis_shingle_ShingleFilter.java,45,warning,2
contrib_analyzers_common_src_java_org_apache_lucene_analysis_shingle_ShingleFilter.java,320,warning,2
contrib_analyzers_common_src_java_org_apache_lucene_analysis_shingle_ShingleFilter.java,168,error,1
contrib_analyzers_common_src_java_org_apache_lucene_analysis_shingle_ShingleFilter.java,210,warning,2
contrib_analyzers_common_src_java_org_apache_lucene_analysis_shingle_ShingleFilter.java,149,warning,2
contrib_analyzers_common_src_java_org_apache_lucene_analysis_shingle_ShingleFilter.java,254,warning,2
contrib_analyzers_common_src_java_org_apache_lucene_analysis_shingle_ShingleFilter.java,174,warning,2
contrib_analyzers_common_src_java_org_apache_lucene_analysis_shingle_ShingleFilter.java,338,warning,2
contrib_analyzers_common_src_java_org_apache_lucene_analysis_shingle_ShingleFilter.java,291,warning,2
contrib_analyzers_common_src_java_org_apache_lucene_analysis_shingle_ShingleFilter.java,145,warning,2
contrib_analyzers_common_src_java_org_apache_lucene_analysis_shingle_ShingleFilter.java,65,warning,2
contrib_analyzers_common_src_java_org_apache_lucene_analysis_shingle_ShingleFilter.java,190,warning,2
contrib_analyzers_common_src_java_org_apache_lucene_analysis_shingle_ShingleFilter.java,73,error,1
contrib_analyzers_common_src_java_org_apache_lucene_analysis_shingle_ShingleFilter.java,288,warning,2
contrib_analyzers_common_src_java_org_apache_lucene_analysis_shingle_ShingleFilter.java,335,warning,2
contrib_analyzers_common_src_java_org_apache_lucene_analysis_shingle_ShingleFilter.java,88,warning,2
contrib_analyzers_common_src_java_org_apache_lucene_analysis_shingle_ShingleFilter.java,216,warning,2
contrib_analyzers_common_src_java_org_apache_lucene_analysis_shingle_ShingleFilter.java,293,warning,2
contrib_analyzers_common_src_java_org_apache_lucene_analysis_shingle_ShingleFilter.java,161,error,1
contrib_analyzers_common_src_java_org_apache_lucene_analysis_shingle_ShingleFilter.java,199,warning,2
contrib_analyzers_common_src_java_org_apache_lucene_analysis_shingle_ShingleFilter.java,198,warning,2
contrib_analyzers_common_src_java_org_apache_lucene_analysis_shingle_ShingleFilter.java,220,error,1
contrib_analyzers_common_src_java_org_apache_lucene_analysis_shingle_ShingleFilter.java,305,warning,2
contrib_analyzers_common_src_java_org_apache_lucene_analysis_shingle_ShingleFilter.java,275,error,1
contrib_analyzers_common_src_java_org_apache_lucene_analysis_shingle_ShingleFilter.java,209,warning,2
contrib_analyzers_common_src_java_org_apache_lucene_analysis_shingle_ShingleFilter.java,301,error,1
contrib_analyzers_common_src_java_org_apache_lucene_analysis_shingle_ShingleFilter.java,193,warning,2
contrib_analyzers_common_src_java_org_apache_lucene_analysis_shingle_ShingleFilter.java,321,warning,2
contrib_analyzers_common_src_java_org_apache_lucene_analysis_shingle_ShingleFilter.java,218,error,1
contrib_analyzers_common_src_java_org_apache_lucene_analysis_shingle_ShingleFilter.java,87,warning,2
contrib_analyzers_common_src_java_org_apache_lucene_analysis_shingle_ShingleFilter.java,186,warning,2
contrib_analyzers_common_src_java_org_apache_lucene_analysis_shingle_ShingleFilter.java,148,warning,2
contrib_analyzers_common_src_java_org_apache_lucene_analysis_shingle_ShingleFilter.java,173,warning,2
contrib_analyzers_common_src_java_org_apache_lucene_analysis_shingle_ShingleFilter.java,262,warning,2
contrib_analyzers_common_src_java_org_apache_lucene_analysis_shingle_ShingleFilter.java,109,error,1
contrib_analyzers_common_src_java_org_apache_lucene_analysis_shingle_ShingleFilter.java,327,warning,2
contrib_analyzers_common_src_java_org_apache_lucene_analysis_shingle_ShingleFilter.java,3,error,1
contrib_analyzers_common_src_java_org_apache_lucene_analysis_shingle_ShingleFilter.java,194,warning,2
contrib_analyzers_common_src_java_org_apache_lucene_analysis_shingle_ShingleFilter.java,224,error,1
contrib_analyzers_common_src_java_org_apache_lucene_analysis_shingle_ShingleFilter.java,89,warning,2
contrib_analyzers_common_src_java_org_apache_lucene_analysis_shingle_ShingleFilter.java,191,warning,2
contrib_analyzers_common_src_java_org_apache_lucene_analysis_shingle_ShingleFilter.java,289,warning,2
contrib_analyzers_common_src_java_org_apache_lucene_analysis_shingle_ShingleFilter.java,92,warning,2
contrib_analyzers_common_src_java_org_apache_lucene_analysis_shingle_ShingleFilter.java,267,warning,2
contrib_analyzers_common_src_java_org_apache_lucene_analysis_shingle_ShingleFilter.java,253,warning,2
contrib_analyzers_common_src_java_org_apache_lucene_analysis_shingle_ShingleFilter.java,140,error,1
contrib_analyzers_common_src_java_org_apache_lucene_analysis_shingle_ShingleFilter.java,247,warning,2
contrib_analyzers_common_src_java_org_apache_lucene_analysis_shingle_ShingleFilter.java,131,error,1
contrib_analyzers_common_src_java_org_apache_lucene_analysis_shingle_ShingleFilter.java,303,warning,2
contrib_analyzers_common_src_java_org_apache_lucene_analysis_shingle_ShingleFilter.java,143,warning,2
contrib_analyzers_common_src_java_org_apache_lucene_analysis_shingle_ShingleFilter.java,204,warning,2
contrib_analyzers_common_src_java_org_apache_lucene_analysis_shingle_ShingleFilter.java,257,warning,2
contrib_analyzers_common_src_java_org_apache_lucene_analysis_shingle_ShingleFilter.java,236,warning,2
contrib_analyzers_common_src_java_org_apache_lucene_analysis_shingle_ShingleFilter.java,265,warning,2
contrib_analyzers_common_src_java_org_apache_lucene_analysis_shingle_ShingleFilter.java,340,warning,2
contrib_analyzers_common_src_java_org_apache_lucene_analysis_shingle_ShingleFilter.java,182,warning,2
contrib_analyzers_common_src_java_org_apache_lucene_analysis_shingle_ShingleFilter.java,205,warning,2
contrib_analyzers_common_src_java_org_apache_lucene_analysis_shingle_ShingleFilter.java,280,warning,2
contrib_analyzers_common_src_java_org_apache_lucene_analysis_shingle_ShingleFilter.java,311,warning,2
contrib_analyzers_common_src_java_org_apache_lucene_analysis_shingle_ShingleFilter.java,85,error,1
contrib_analyzers_common_src_java_org_apache_lucene_analysis_shingle_ShingleFilter.java,285,warning,2
contrib_analyzers_common_src_java_org_apache_lucene_analysis_shingle_ShingleFilter.java,295,warning,2
contrib_analyzers_common_src_java_org_apache_lucene_analysis_shingle_ShingleFilter.java,215,warning,2
contrib_analyzers_common_src_java_org_apache_lucene_analysis_shingle_ShingleFilter.java,223,error,1
contrib_analyzers_common_src_java_org_apache_lucene_analysis_shingle_ShingleFilter.java,184,warning,2
contrib_analyzers_common_src_java_org_apache_lucene_analysis_shingle_ShingleFilter.java,180,warning,2
contrib_analyzers_common_src_java_org_apache_lucene_analysis_shingle_ShingleFilter.java,71,warning,2
contrib_analyzers_common_src_java_org_apache_lucene_analysis_shingle_ShingleFilter.java,244,warning,2
contrib_analyzers_common_src_java_org_apache_lucene_analysis_shingle_ShingleFilter.java,178,warning,2
contrib_analyzers_common_src_java_org_apache_lucene_analysis_shingle_ShingleFilter.java,196,error,1
contrib_analyzers_common_src_java_org_apache_lucene_analysis_shingle_ShingleFilter.java,189,warning,2
contrib_analyzers_common_src_java_org_apache_lucene_analysis_shingle_ShingleFilter.java,294,warning,2
contrib_analyzers_common_src_java_org_apache_lucene_analysis_shingle_ShingleFilter.java,281,warning,2
contrib_analyzers_common_src_java_org_apache_lucene_analysis_shingle_ShingleFilter.java,306,warning,2
contrib_analyzers_common_src_java_org_apache_lucene_analysis_shingle_ShingleFilter.java,120,error,1
contrib_analyzers_common_src_java_org_apache_lucene_analysis_shingle_ShingleFilter.java,187,warning,2
contrib_analyzers_common_src_java_org_apache_lucene_analysis_shingle_ShingleFilter.java,1,error,1
contrib_analyzers_common_src_java_org_apache_lucene_analysis_shingle_ShingleFilter.java,313,warning,2
contrib_analyzers_common_src_java_org_apache_lucene_analysis_shingle_ShingleFilter.java,214,warning,2
contrib_analyzers_common_src_java_org_apache_lucene_analysis_shingle_ShingleFilter.java,192,warning,2
contrib_analyzers_common_src_java_org_apache_lucene_analysis_shingle_ShingleFilter.java,112,warning,2
contrib_analyzers_common_src_java_org_apache_lucene_analysis_shingle_ShingleFilter.java,331,warning,2
contrib_analyzers_common_src_java_org_apache_lucene_analysis_shingle_ShingleFilter.java,170,warning,2
contrib_analyzers_common_src_java_org_apache_lucene_analysis_shingle_ShingleFilter.java,169,warning,2
contrib_analyzers_common_src_java_org_apache_lucene_analysis_shingle_ShingleFilter.java,51,error,1
contrib_analyzers_common_src_java_org_apache_lucene_analysis_shingle_ShingleFilter.java,181,warning,2
contrib_analyzers_common_src_java_org_apache_lucene_analysis_shingle_ShingleFilter.java,111,warning,2
contrib_analyzers_common_src_java_org_apache_lucene_analysis_shingle_ShingleFilter.java,341,warning,2
contrib_analyzers_common_src_java_org_apache_lucene_analysis_shingle_ShingleFilter.java,322,warning,2
contrib_analyzers_common_src_java_org_apache_lucene_analysis_shingle_ShingleFilter.java,328,warning,2
contrib_analyzers_common_src_java_org_apache_lucene_analysis_shingle_ShingleFilter.java,195,warning,2
contrib_analyzers_common_src_java_org_apache_lucene_analysis_shingle_ShingleFilter.java,314,warning,2
contrib_analyzers_common_src_java_org_apache_lucene_analysis_shingle_ShingleFilter.java,100,warning,2
contrib_analyzers_common_src_java_org_apache_lucene_analysis_shingle_ShingleFilter.java,213,warning,2
contrib_analyzers_common_src_java_org_apache_lucene_analysis_shingle_ShingleFilter.java,24,error,1
contrib_analyzers_common_src_java_org_apache_lucene_analysis_shingle_ShingleFilter.java,133,warning,2
contrib_analyzers_common_src_java_org_apache_lucene_analysis_shingle_ShingleFilter.java,207,warning,2
contrib_analyzers_common_src_java_org_apache_lucene_analysis_shingle_ShingleFilter.java,211,warning,2
contrib_analyzers_common_src_java_org_apache_lucene_analysis_shingle_ShingleFilter.java,264,warning,2
contrib_analyzers_common_src_java_org_apache_lucene_analysis_shingle_ShingleFilter.java,249,warning,2
contrib_analyzers_common_src_java_org_apache_lucene_analysis_shingle_ShingleFilter.java,179,warning,2
contrib_analyzers_common_src_java_org_apache_lucene_analysis_shingle_ShingleFilter.java,49,error,1
contrib_analyzers_common_src_java_org_apache_lucene_analysis_shingle_ShingleFilter.java,183,warning,2
contrib_analyzers_common_src_java_org_apache_lucene_analysis_shingle_ShingleFilter.java,48,error,1
contrib_analyzers_common_src_java_org_apache_lucene_analysis_shingle_ShingleFilter.java,212,warning,2
contrib_analyzers_common_src_java_org_apache_lucene_analysis_shingle_ShingleFilter.java,240,warning,2
contrib_analyzers_common_src_java_org_apache_lucene_analysis_shingle_ShingleFilter.java,158,warning,2
contrib_analyzers_common_src_java_org_apache_lucene_analysis_shingle_ShingleFilter.java,252,warning,2
contrib_analyzers_common_src_java_org_apache_lucene_analysis_shingle_ShingleFilter.java,330,warning,2
contrib_analyzers_common_src_java_org_apache_lucene_analysis_shingle_ShingleFilter.java,162,error,1
contrib_analyzers_common_src_java_org_apache_lucene_analysis_shingle_ShingleFilter.java,157,warning,2
contrib_analyzers_common_src_java_org_apache_lucene_analysis_shingle_ShingleFilter.java,167,warning,2
contrib_analyzers_common_src_java_org_apache_lucene_analysis_shingle_ShingleFilter.java,319,warning,2
contrib_analyzers_common_src_java_org_apache_lucene_analysis_shingle_ShingleFilter.java,155,warning,2
contrib_analyzers_common_src_java_org_apache_lucene_analysis_shingle_ShingleFilter.java,342,warning,2
contrib_analyzers_common_src_java_org_apache_lucene_analysis_shingle_ShingleFilter.java,160,error,1
contrib_analyzers_common_src_java_org_apache_lucene_analysis_shingle_ShingleFilter.java,203,warning,2
contrib_analyzers_common_src_java_org_apache_lucene_analysis_shingle_ShingleFilter.java,176,warning,2
contrib_analyzers_common_src_java_org_apache_lucene_analysis_shingle_ShingleFilter.java,259,warning,2
contrib_analyzers_common_src_java_org_apache_lucene_analysis_shingle_ShingleFilter.java,122,warning,2
contrib_analyzers_common_src_java_org_apache_lucene_analysis_shingle_ShingleFilter.java,78,error,1
contrib_analyzers_common_src_java_org_apache_lucene_analysis_shingle_ShingleFilter.java,309,warning,2
contrib_analyzers_common_src_java_org_apache_lucene_analysis_shingle_ShingleFilter.java,258,warning,2
contrib_analyzers_common_src_java_org_apache_lucene_analysis_shingle_ShingleFilter.java,241,warning,2
contrib_analyzers_common_src_java_org_apache_lucene_analysis_shingle_ShingleFilter.java,287,warning,2
contrib_analyzers_common_src_java_org_apache_lucene_analysis_shingle_ShingleFilter.java,312,warning,2
contrib_analyzers_common_src_java_org_apache_lucene_analysis_shingle_ShingleFilter.java,239,warning,2
contrib_analyzers_common_src_java_org_apache_lucene_analysis_shingle_ShingleFilter.java,337,warning,2
contrib_analyzers_common_src_java_org_apache_lucene_analysis_shingle_ShingleFilter.java,266,warning,2
contrib_analyzers_common_src_java_org_apache_lucene_analysis_shingle_ShingleFilter.java,326,warning,2
contrib_analyzers_common_src_java_org_apache_lucene_analysis_shingle_ShingleFilter.java,286,warning,2
contrib_analyzers_common_src_java_org_apache_lucene_analysis_shingle_ShingleFilter.java,282,warning,2
contrib_analyzers_common_src_java_org_apache_lucene_analysis_shingle_ShingleFilter.java,219,error,1
contrib_analyzers_common_src_java_org_apache_lucene_analysis_shingle_ShingleFilter.java,250,warning,2
contrib_analyzers_common_src_java_org_apache_lucene_analysis_shingle_ShingleFilter.java,156,warning,2
contrib_analyzers_common_src_java_org_apache_lucene_analysis_shingle_ShingleFilter.java,132,warning,2
contrib_analyzers_common_src_java_org_apache_lucene_analysis_shingle_ShingleFilter.java,35,warning,2
contrib_analyzers_common_src_java_org_apache_lucene_analysis_shingle_ShingleFilter.java,60,warning,2
contrib_analyzers_common_src_java_org_apache_lucene_analysis_shingle_ShingleFilter.java,171,warning,2
contrib_analyzers_common_src_java_org_apache_lucene_analysis_shingle_ShingleFilter.java,200,error,1
contrib_analyzers_common_src_java_org_apache_lucene_analysis_shingle_ShingleFilter.java,154,warning,2
contrib_analyzers_common_src_java_org_apache_lucene_analysis_shingle_ShingleFilter.java,283,warning,2
contrib_analyzers_common_src_java_org_apache_lucene_analysis_shingle_ShingleFilter.java,185,warning,2
contrib_analyzers_common_src_java_org_apache_lucene_analysis_shingle_ShingleFilter.java,243,warning,2
contrib_analyzers_common_src_java_org_apache_lucene_analysis_shingle_ShingleFilter.java,248,warning,2
contrib_analyzers_common_src_java_org_apache_lucene_analysis_shingle_ShingleFilter.java,54,error,1
contrib_analyzers_common_src_java_org_apache_lucene_analysis_shingle_ShingleFilter.java,256,warning,2
contrib_analyzers_common_src_java_org_apache_lucene_analysis_shingle_ShingleFilter.java,101,warning,2
contrib_analyzers_common_src_java_org_apache_lucene_analysis_shingle_ShingleFilter.java,290,warning,2
contrib_analyzers_common_src_java_org_apache_lucene_analysis_shingle_ShingleFilter.java,255,warning,2
contrib_analyzers_common_src_java_org_apache_lucene_analysis_shingle_ShingleFilter.java,233,warning,2
contrib_analyzers_common_src_java_org_apache_lucene_analysis_shingle_ShingleFilter.java,121,warning,2
contrib_analyzers_common_src_java_org_apache_lucene_analysis_shingle_ShingleFilter.java,146,warning,2
contrib_analyzers_common_src_java_org_apache_lucene_analysis_shingle_ShingleFilter.java,86,warning,2
contrib_analyzers_common_src_java_org_apache_lucene_analysis_shingle_ShingleFilter.java,336,warning,2
contrib_analyzers_common_src_java_org_apache_lucene_analysis_shingle_ShingleFilter.java,172,warning,2
contrib_analyzers_common_src_java_org_apache_lucene_analysis_shingle_ShingleFilter.java,141,warning,2
contrib_analyzers_common_src_java_org_apache_lucene_analysis_shingle_ShingleFilter.java,47,error,1
contrib_analyzers_common_src_java_org_apache_lucene_analysis_shingle_ShingleFilter.java,142,warning,2
contrib_analyzers_common_src_java_org_apache_lucene_analysis_shingle_ShingleFilter.java,276,warning,2
contrib_analyzers_common_src_java_org_apache_lucene_analysis_shingle_ShingleFilter.java,284,error,1
contrib_analyzers_common_src_java_org_apache_lucene_analysis_shingle_ShingleFilter.java,317,error,1
contrib_analyzers_common_src_java_org_apache_lucene_analysis_shingle_ShingleFilter.java,144,warning,2
contrib_analyzers_common_src_java_org_apache_lucene_analysis_shingle_ShingleFilter.java,129,warning,2
contrib_analyzers_common_src_java_org_apache_lucene_analysis_shingle_ShingleFilter.java,222,error,1
contrib_analyzers_common_src_java_org_apache_lucene_analysis_shingle_ShingleFilter.java,202,warning,2
contrib_analyzers_common_src_java_org_apache_lucene_analysis_shingle_ShingleFilter.java,208,warning,2
contrib_analyzers_common_src_java_org_apache_lucene_analysis_shingle_ShingleFilter.java,238,warning,2
contrib_analyzers_common_src_java_org_apache_lucene_analysis_shingle_ShingleFilter.java,245,warning,2
contrib_analyzers_common_src_java_org_apache_lucene_analysis_shingle_ShingleFilter.java,318,warning,2
contrib_analyzers_common_src_java_org_apache_lucene_analysis_shingle_ShingleFilter.java,333,warning,2
contrib_analyzers_common_src_java_org_apache_lucene_analysis_shingle_ShingleFilter.java,307,warning,2
contrib_analyzers_common_src_java_org_apache_lucene_analysis_shingle_ShingleFilter.java,197,warning,2
contrib_analyzers_common_src_java_org_apache_lucene_analysis_shingle_ShingleFilter.java,225,error,1
contrib_analyzers_common_src_java_org_apache_lucene_analysis_shingle_ShingleFilter.java,201,warning,2
contrib_analyzers_common_src_java_org_apache_lucene_analysis_shingle_ShingleFilter.java,99,error,1
contrib_analyzers_common_src_java_org_apache_lucene_analysis_shingle_ShingleFilter.java,316,warning,2
contrib_analyzers_common_src_java_org_apache_lucene_analysis_shingle_ShingleFilter.java,302,warning,2
contrib_analyzers_common_src_java_org_apache_lucene_analysis_shingle_ShingleFilter.java,242,warning,2
contrib_analyzers_common_src_java_org_apache_lucene_analysis_shingle_ShingleFilter.java,268,warning,2
contrib_analyzers_common_src_java_org_apache_lucene_analysis_shingle_ShingleFilter.java,339,warning,2
contrib_analyzers_common_src_java_org_apache_lucene_analysis_shingle_ShingleFilter.java,323,warning,2
contrib_analyzers_common_src_java_org_apache_lucene_analysis_shingle_ShingleFilter.java,324,warning,2
contrib_analyzers_common_src_java_org_apache_lucene_analysis_shingle_ShingleFilter.java,76,warning,2
src_java_org_apache_lucene_analysis_standard_StandardTokenizerImpl.java,604,warning,2
src_java_org_apache_lucene_analysis_standard_StandardTokenizerImpl.java,707,error,1
src_java_org_apache_lucene_analysis_standard_StandardTokenizerImpl.java,110,error,1
src_java_org_apache_lucene_analysis_standard_StandardTokenizerImpl.java,206,error,1
src_java_org_apache_lucene_analysis_standard_StandardTokenizerImpl.java,708,warning,2
src_java_org_apache_lucene_analysis_standard_StandardTokenizerImpl.java,399,warning,2
src_java_org_apache_lucene_analysis_standard_StandardTokenizerImpl.java,719,warning,2
src_java_org_apache_lucene_analysis_standard_StandardTokenizerImpl.java,696,warning,2
src_java_org_apache_lucene_analysis_standard_StandardTokenizerImpl.java,98,error,1
src_java_org_apache_lucene_analysis_standard_StandardTokenizerImpl.java,387,error,1
src_java_org_apache_lucene_analysis_standard_StandardTokenizerImpl.java,126,error,1
src_java_org_apache_lucene_analysis_standard_StandardTokenizerImpl.java,687,error,1
src_java_org_apache_lucene_analysis_standard_StandardTokenizerImpl.java,104,error,1
src_java_org_apache_lucene_analysis_standard_StandardTokenizerImpl.java,291,warning,2
src_java_org_apache_lucene_analysis_standard_StandardTokenizerImpl.java,263,warning,2
src_java_org_apache_lucene_analysis_standard_StandardTokenizerImpl.java,288,warning,2
src_java_org_apache_lucene_analysis_standard_StandardTokenizerImpl.java,673,error,1
src_java_org_apache_lucene_analysis_standard_StandardTokenizerImpl.java,562,error,1
src_java_org_apache_lucene_analysis_standard_StandardTokenizerImpl.java,607,error,1
src_java_org_apache_lucene_analysis_standard_StandardTokenizerImpl.java,53,warning,2
src_java_org_apache_lucene_analysis_standard_StandardTokenizerImpl.java,161,error,1
src_java_org_apache_lucene_analysis_standard_StandardTokenizerImpl.java,329,error,1
src_java_org_apache_lucene_analysis_standard_StandardTokenizerImpl.java,647,error,1
src_java_org_apache_lucene_analysis_standard_StandardTokenizerImpl.java,321,warning,2
src_java_org_apache_lucene_analysis_standard_StandardTokenizerImpl.java,186,error,1
src_java_org_apache_lucene_analysis_standard_StandardTokenizerImpl.java,218,error,1
src_java_org_apache_lucene_analysis_standard_StandardTokenizerImpl.java,148,error,1
src_java_org_apache_lucene_analysis_standard_StandardTokenizerImpl.java,675,error,1
src_java_org_apache_lucene_analysis_standard_StandardTokenizerImpl.java,173,warning,2
src_java_org_apache_lucene_analysis_standard_StandardTokenizerImpl.java,235,warning,2
src_java_org_apache_lucene_analysis_standard_StandardTokenizerImpl.java,109,error,1
src_java_org_apache_lucene_analysis_standard_StandardTokenizerImpl.java,550,warning,2
src_java_org_apache_lucene_analysis_standard_StandardTokenizerImpl.java,712,warning,2
src_java_org_apache_lucene_analysis_standard_StandardTokenizerImpl.java,128,error,1
src_java_org_apache_lucene_analysis_standard_StandardTokenizerImpl.java,130,error,1
src_java_org_apache_lucene_analysis_standard_StandardTokenizerImpl.java,229,error,1
src_java_org_apache_lucene_analysis_standard_StandardTokenizerImpl.java,247,warning,2
src_java_org_apache_lucene_analysis_standard_StandardTokenizerImpl.java,459,error,1
src_java_org_apache_lucene_analysis_standard_StandardTokenizerImpl.java,613,warning,2
src_java_org_apache_lucene_analysis_standard_StandardTokenizerImpl.java,370,error,1
src_java_org_apache_lucene_analysis_standard_StandardTokenizerImpl.java,469,warning,2
src_java_org_apache_lucene_analysis_standard_StandardTokenizerImpl.java,407,error,1
src_java_org_apache_lucene_analysis_standard_StandardTokenizerImpl.java,205,error,1
src_java_org_apache_lucene_analysis_standard_StandardTokenizerImpl.java,362,error,1
src_java_org_apache_lucene_analysis_standard_StandardTokenizerImpl.java,55,error,1
src_java_org_apache_lucene_analysis_standard_StandardTokenizerImpl.java,58,warning,2
src_java_org_apache_lucene_analysis_standard_StandardTokenizerImpl.java,285,warning,2
src_java_org_apache_lucene_analysis_standard_StandardTokenizerImpl.java,473,warning,2
src_java_org_apache_lucene_analysis_standard_StandardTokenizerImpl.java,704,warning,2
src_java_org_apache_lucene_analysis_standard_StandardTokenizerImpl.java,102,error,1
src_java_org_apache_lucene_analysis_standard_StandardTokenizerImpl.java,223,error,1
src_java_org_apache_lucene_analysis_standard_StandardTokenizerImpl.java,645,warning,2
src_java_org_apache_lucene_analysis_standard_StandardTokenizerImpl.java,656,warning,2
src_java_org_apache_lucene_analysis_standard_StandardTokenizerImpl.java,180,error,1
src_java_org_apache_lucene_analysis_standard_StandardTokenizerImpl.java,71,error,1
src_java_org_apache_lucene_analysis_standard_StandardTokenizerImpl.java,633,error,1
src_java_org_apache_lucene_analysis_standard_StandardTokenizerImpl.java,462,warning,2
src_java_org_apache_lucene_analysis_standard_StandardTokenizerImpl.java,625,warning,2
src_java_org_apache_lucene_analysis_standard_StandardTokenizerImpl.java,651,warning,2
src_java_org_apache_lucene_analysis_standard_StandardTokenizerImpl.java,527,warning,2
src_java_org_apache_lucene_analysis_standard_StandardTokenizerImpl.java,710,warning,2
src_java_org_apache_lucene_analysis_standard_StandardTokenizerImpl.java,313,error,1
src_java_org_apache_lucene_analysis_standard_StandardTokenizerImpl.java,568,warning,2
src_java_org_apache_lucene_analysis_standard_StandardTokenizerImpl.java,614,warning,2
src_java_org_apache_lucene_analysis_standard_StandardTokenizerImpl.java,556,warning,2
src_java_org_apache_lucene_analysis_standard_StandardTokenizerImpl.java,181,warning,2
src_java_org_apache_lucene_analysis_standard_StandardTokenizerImpl.java,113,error,1
src_java_org_apache_lucene_analysis_standard_StandardTokenizerImpl.java,692,warning,2
src_java_org_apache_lucene_analysis_standard_StandardTokenizerImpl.java,213,error,1
src_java_org_apache_lucene_analysis_standard_StandardTokenizerImpl.java,632,warning,2
src_java_org_apache_lucene_analysis_standard_StandardTokenizerImpl.java,207,error,1
src_java_org_apache_lucene_analysis_standard_StandardTokenizerImpl.java,513,warning,2
src_java_org_apache_lucene_analysis_standard_StandardTokenizerImpl.java,116,warning,2
src_java_org_apache_lucene_analysis_standard_StandardTokenizerImpl.java,671,error,1
src_java_org_apache_lucene_analysis_standard_StandardTokenizerImpl.java,175,error,1
src_java_org_apache_lucene_analysis_standard_StandardTokenizerImpl.java,620,error,1
src_java_org_apache_lucene_analysis_standard_StandardTokenizerImpl.java,162,error,1
src_java_org_apache_lucene_analysis_standard_StandardTokenizerImpl.java,157,error,1
src_java_org_apache_lucene_analysis_standard_StandardTokenizerImpl.java,319,error,1
src_java_org_apache_lucene_analysis_standard_StandardTokenizerImpl.java,310,error,1
src_java_org_apache_lucene_analysis_standard_StandardTokenizerImpl.java,440,warning,2
src_java_org_apache_lucene_analysis_standard_StandardTokenizerImpl.java,678,error,1
src_java_org_apache_lucene_analysis_standard_StandardTokenizerImpl.java,59,error,1
src_java_org_apache_lucene_analysis_standard_StandardTokenizerImpl.java,176,warning,2
src_java_org_apache_lucene_analysis_standard_StandardTokenizerImpl.java,630,warning,2
src_java_org_apache_lucene_analysis_standard_StandardTokenizerImpl.java,287,warning,2
src_java_org_apache_lucene_analysis_standard_StandardTokenizerImpl.java,266,error,1
src_java_org_apache_lucene_analysis_standard_StandardTokenizerImpl.java,694,warning,2
src_java_org_apache_lucene_analysis_standard_StandardTokenizerImpl.java,352,error,1
src_java_org_apache_lucene_analysis_standard_StandardTokenizerImpl.java,164,error,1
src_java_org_apache_lucene_analysis_standard_StandardTokenizerImpl.java,685,error,1
src_java_org_apache_lucene_analysis_standard_StandardTokenizerImpl.java,227,error,1
src_java_org_apache_lucene_analysis_standard_StandardTokenizerImpl.java,139,warning,2
src_java_org_apache_lucene_analysis_standard_StandardTokenizerImpl.java,453,error,1
src_java_org_apache_lucene_analysis_standard_StandardTokenizerImpl.java,81,error,1
src_java_org_apache_lucene_analysis_standard_StandardTokenizerImpl.java,628,error,1
src_java_org_apache_lucene_analysis_standard_StandardTokenizerImpl.java,256,error,1
src_java_org_apache_lucene_analysis_standard_StandardTokenizerImpl.java,346,error,1
src_java_org_apache_lucene_analysis_standard_StandardTokenizerImpl.java,709,error,1
src_java_org_apache_lucene_analysis_standard_StandardTokenizerImpl.java,255,error,1
src_java_org_apache_lucene_analysis_standard_StandardTokenizerImpl.java,676,warning,2
src_java_org_apache_lucene_analysis_standard_StandardTokenizerImpl.java,661,warning,2
src_java_org_apache_lucene_analysis_standard_StandardTokenizerImpl.java,430,warning,2
src_java_org_apache_lucene_analysis_standard_StandardTokenizerImpl.java,141,error,1
src_java_org_apache_lucene_analysis_standard_StandardTokenizerImpl.java,444,warning,2
src_java_org_apache_lucene_analysis_standard_StandardTokenizerImpl.java,144,warning,2
src_java_org_apache_lucene_analysis_standard_StandardTokenizerImpl.java,388,warning,2
src_java_org_apache_lucene_analysis_standard_StandardTokenizerImpl.java,260,error,1
src_java_org_apache_lucene_analysis_standard_StandardTokenizerImpl.java,279,warning,2
src_java_org_apache_lucene_analysis_standard_StandardTokenizerImpl.java,202,error,1
src_java_org_apache_lucene_analysis_standard_StandardTokenizerImpl.java,222,error,1
src_java_org_apache_lucene_analysis_standard_StandardTokenizerImpl.java,238,warning,2
src_java_org_apache_lucene_analysis_standard_StandardTokenizerImpl.java,245,warning,2
src_java_org_apache_lucene_analysis_standard_StandardTokenizerImpl.java,650,warning,2
src_java_org_apache_lucene_analysis_standard_StandardTokenizerImpl.java,226,error,1
src_java_org_apache_lucene_analysis_standard_StandardTokenizerImpl.java,714,error,1
src_java_org_apache_lucene_analysis_standard_StandardTokenizerImpl.java,672,warning,2
src_java_org_apache_lucene_analysis_standard_StandardTokenizerImpl.java,664,warning,2
src_java_org_apache_lucene_analysis_standard_StandardTokenizerImpl.java,316,error,1
src_java_org_apache_lucene_analysis_standard_StandardTokenizerImpl.java,82,error,1
src_java_org_apache_lucene_analysis_standard_StandardTokenizerImpl.java,684,warning,2
src_java_org_apache_lucene_analysis_standard_StandardTokenizerImpl.java,648,warning,2
src_java_org_apache_lucene_analysis_standard_StandardTokenizerImpl.java,273,warning,2
src_java_org_apache_lucene_analysis_standard_StandardTokenizerImpl.java,105,error,1
src_java_org_apache_lucene_analysis_standard_StandardTokenizerImpl.java,147,warning,2
src_java_org_apache_lucene_analysis_standard_StandardTokenizerImpl.java,637,warning,2
src_java_org_apache_lucene_analysis_standard_StandardTokenizerImpl.java,715,warning,2
src_java_org_apache_lucene_analysis_standard_StandardTokenizerImpl.java,90,error,1
src_java_org_apache_lucene_analysis_standard_StandardTokenizerImpl.java,168,error,1
src_java_org_apache_lucene_analysis_standard_StandardTokenizerImpl.java,338,warning,2
src_java_org_apache_lucene_analysis_standard_StandardTokenizerImpl.java,230,error,1
src_java_org_apache_lucene_analysis_standard_StandardTokenizerImpl.java,618,warning,2
src_java_org_apache_lucene_analysis_standard_StandardTokenizerImpl.java,408,error,1
src_java_org_apache_lucene_analysis_standard_StandardTokenizerImpl.java,145,warning,2
src_java_org_apache_lucene_analysis_standard_StandardTokenizerImpl.java,588,warning,2
src_java_org_apache_lucene_analysis_standard_StandardTokenizerImpl.java,73,error,1
src_java_org_apache_lucene_analysis_standard_StandardTokenizerImpl.java,335,error,1
src_java_org_apache_lucene_analysis_standard_StandardTokenizerImpl.java,88,error,1
src_java_org_apache_lucene_analysis_standard_StandardTokenizerImpl.java,545,warning,2
src_java_org_apache_lucene_analysis_standard_StandardTokenizerImpl.java,378,warning,2
src_java_org_apache_lucene_analysis_standard_StandardTokenizerImpl.java,269,error,1
src_java_org_apache_lucene_analysis_standard_StandardTokenizerImpl.java,300,error,1
src_java_org_apache_lucene_analysis_standard_StandardTokenizerImpl.java,718,warning,2
src_java_org_apache_lucene_analysis_standard_StandardTokenizerImpl.java,275,error,1
src_java_org_apache_lucene_analysis_standard_StandardTokenizerImpl.java,118,error,1
src_java_org_apache_lucene_analysis_standard_StandardTokenizerImpl.java,87,error,1
src_java_org_apache_lucene_analysis_standard_StandardTokenizerImpl.java,584,error,1
src_java_org_apache_lucene_analysis_standard_StandardTokenizerImpl.java,61,error,1
src_java_org_apache_lucene_analysis_standard_StandardTokenizerImpl.java,439,error,1
src_java_org_apache_lucene_analysis_standard_StandardTokenizerImpl.java,327,warning,2
src_java_org_apache_lucene_analysis_standard_StandardTokenizerImpl.java,544,error,1
src_java_org_apache_lucene_analysis_standard_StandardTokenizerImpl.java,97,error,1
src_java_org_apache_lucene_analysis_standard_StandardTokenizerImpl.java,679,error,1
src_java_org_apache_lucene_analysis_standard_StandardTokenizerImpl.java,289,error,1
src_java_org_apache_lucene_analysis_standard_StandardTokenizerImpl.java,89,error,1
src_java_org_apache_lucene_analysis_standard_StandardTokenizerImpl.java,92,error,1
src_java_org_apache_lucene_analysis_standard_StandardTokenizerImpl.java,605,warning,2
src_java_org_apache_lucene_analysis_standard_StandardTokenizerImpl.java,303,error,1
src_java_org_apache_lucene_analysis_standard_StandardTokenizerImpl.java,159,error,1
src_java_org_apache_lucene_analysis_standard_StandardTokenizerImpl.java,441,warning,2
src_java_org_apache_lucene_analysis_standard_StandardTokenizerImpl.java,204,error,1
src_java_org_apache_lucene_analysis_standard_StandardTokenizerImpl.java,257,error,1
src_java_org_apache_lucene_analysis_standard_StandardTokenizerImpl.java,236,warning,2
src_java_org_apache_lucene_analysis_standard_StandardTokenizerImpl.java,700,warning,2
src_java_org_apache_lucene_analysis_standard_StandardTokenizerImpl.java,182,warning,2
src_java_org_apache_lucene_analysis_standard_StandardTokenizerImpl.java,280,warning,2
src_java_org_apache_lucene_analysis_standard_StandardTokenizerImpl.java,703,error,1
src_java_org_apache_lucene_analysis_standard_StandardTokenizerImpl.java,295,warning,2
src_java_org_apache_lucene_analysis_standard_StandardTokenizerImpl.java,184,warning,2
src_java_org_apache_lucene_analysis_standard_StandardTokenizerImpl.java,417,warning,2
src_java_org_apache_lucene_analysis_standard_StandardTokenizerImpl.java,84,error,1
src_java_org_apache_lucene_analysis_standard_StandardTokenizerImpl.java,189,error,1
src_java_org_apache_lucene_analysis_standard_StandardTokenizerImpl.java,357,warning,2
src_java_org_apache_lucene_analysis_standard_StandardTokenizerImpl.java,294,error,1
src_java_org_apache_lucene_analysis_standard_StandardTokenizerImpl.java,398,warning,2
src_java_org_apache_lucene_analysis_standard_StandardTokenizerImpl.java,519,error,1
src_java_org_apache_lucene_analysis_standard_StandardTokenizerImpl.java,565,warning,2
src_java_org_apache_lucene_analysis_standard_StandardTokenizerImpl.java,603,warning,2
src_java_org_apache_lucene_analysis_standard_StandardTokenizerImpl.java,640,warning,2
src_java_org_apache_lucene_analysis_standard_StandardTokenizerImpl.java,72,error,1
src_java_org_apache_lucene_analysis_standard_StandardTokenizerImpl.java,414,error,1
src_java_org_apache_lucene_analysis_standard_StandardTokenizerImpl.java,272,error,1
src_java_org_apache_lucene_analysis_standard_StandardTokenizerImpl.java,195,error,1
src_java_org_apache_lucene_analysis_standard_StandardTokenizerImpl.java,659,warning,2
src_java_org_apache_lucene_analysis_standard_StandardTokenizerImpl.java,690,error,1
src_java_org_apache_lucene_analysis_standard_StandardTokenizerImpl.java,249,warning,2
src_java_org_apache_lucene_analysis_standard_StandardTokenizerImpl.java,626,warning,2
src_java_org_apache_lucene_analysis_standard_StandardTokenizerImpl.java,503,warning,2
src_java_org_apache_lucene_analysis_standard_StandardTokenizerImpl.java,567,warning,2
src_java_org_apache_lucene_analysis_standard_StandardTokenizerImpl.java,240,error,1
src_java_org_apache_lucene_analysis_standard_StandardTokenizerImpl.java,38,error,1
src_java_org_apache_lucene_analysis_standard_StandardTokenizerImpl.java,411,error,1
src_java_org_apache_lucene_analysis_standard_StandardTokenizerImpl.java,474,warning,2
src_java_org_apache_lucene_analysis_standard_StandardTokenizerImpl.java,449,warning,2
src_java_org_apache_lucene_analysis_standard_StandardTokenizerImpl.java,163,error,1
src_java_org_apache_lucene_analysis_standard_StandardTokenizerImpl.java,64,error,1
src_java_org_apache_lucene_analysis_standard_StandardTokenizerImpl.java,472,error,1
src_java_org_apache_lucene_analysis_standard_StandardTokenizerImpl.java,447,warning,2
src_java_org_apache_lucene_analysis_standard_StandardTokenizerImpl.java,717,warning,2
src_java_org_apache_lucene_analysis_standard_StandardTokenizerImpl.java,74,error,1
src_java_org_apache_lucene_analysis_standard_StandardTokenizerImpl.java,241,warning,2
src_java_org_apache_lucene_analysis_standard_StandardTokenizerImpl.java,94,error,1
src_java_org_apache_lucene_analysis_standard_StandardTokenizerImpl.java,638,warning,2
src_java_org_apache_lucene_analysis_standard_StandardTokenizerImpl.java,219,error,1
src_java_org_apache_lucene_analysis_standard_StandardTokenizerImpl.java,60,error,1
src_java_org_apache_lucene_analysis_standard_StandardTokenizerImpl.java,720,warning,2
src_java_org_apache_lucene_analysis_standard_StandardTokenizerImpl.java,171,warning,2
src_java_org_apache_lucene_analysis_standard_StandardTokenizerImpl.java,200,error,1
src_java_org_apache_lucene_analysis_standard_StandardTokenizerImpl.java,702,error,1
src_java_org_apache_lucene_analysis_standard_StandardTokenizerImpl.java,461,warning,2
src_java_org_apache_lucene_analysis_standard_StandardTokenizerImpl.java,369,error,1
src_java_org_apache_lucene_analysis_standard_StandardTokenizerImpl.java,283,warning,2
src_java_org_apache_lucene_analysis_standard_StandardTokenizerImpl.java,713,warning,2
src_java_org_apache_lucene_analysis_standard_StandardTokenizerImpl.java,695,error,1
src_java_org_apache_lucene_analysis_standard_StandardTokenizerImpl.java,234,error,1
src_java_org_apache_lucene_analysis_standard_StandardTokenizerImpl.java,101,error,1
src_java_org_apache_lucene_analysis_standard_StandardTokenizerImpl.java,616,error,1
src_java_org_apache_lucene_analysis_standard_StandardTokenizerImpl.java,63,error,1
src_java_org_apache_lucene_analysis_standard_StandardTokenizerImpl.java,460,warning,2
src_java_org_apache_lucene_analysis_standard_StandardTokenizerImpl.java,233,error,1
src_java_org_apache_lucene_analysis_standard_StandardTokenizerImpl.java,436,error,1
src_java_org_apache_lucene_analysis_standard_StandardTokenizerImpl.java,86,error,1
src_java_org_apache_lucene_analysis_standard_StandardTokenizerImpl.java,353,warning,2
src_java_org_apache_lucene_analysis_standard_StandardTokenizerImpl.java,697,error,1
src_java_org_apache_lucene_analysis_standard_StandardTokenizerImpl.java,686,error,1
src_java_org_apache_lucene_analysis_standard_StandardTokenizerImpl.java,631,warning,2
src_java_org_apache_lucene_analysis_standard_StandardTokenizerImpl.java,80,error,1
src_java_org_apache_lucene_analysis_standard_StandardTokenizerImpl.java,50,warning,2
src_java_org_apache_lucene_analysis_standard_StandardTokenizerImpl.java,699,error,1
src_java_org_apache_lucene_analysis_standard_StandardTokenizerImpl.java,569,warning,2
src_java_org_apache_lucene_analysis_standard_StandardTokenizerImpl.java,669,warning,2
src_java_org_apache_lucene_analysis_standard_StandardTokenizerImpl.java,658,warning,2
src_java_org_apache_lucene_analysis_standard_StandardTokenizerImpl.java,208,error,1
src_java_org_apache_lucene_analysis_standard_StandardTokenizerImpl.java,502,warning,2
src_java_org_apache_lucene_analysis_standard_StandardTokenizerImpl.java,307,error,1
src_java_org_apache_lucene_analysis_standard_StandardTokenizerImpl.java,397,error,1
src_java_org_apache_lucene_analysis_standard_StandardTokenizerImpl.java,201,error,1
src_java_org_apache_lucene_analysis_standard_StandardTokenizerImpl.java,225,error,1
src_java_org_apache_lucene_analysis_standard_StandardTokenizerImpl.java,99,error,1
src_java_org_apache_lucene_analysis_standard_StandardTokenizerImpl.java,323,error,1
src_java_org_apache_lucene_analysis_standard_StandardTokenizerImpl.java,416,warning,2
src_java_org_apache_lucene_analysis_standard_StandardTokenizerImpl.java,458,warning,2
src_java_org_apache_lucene_analysis_standard_StandardTokenizerImpl.java,77,error,1
src_java_org_apache_lucene_analysis_standard_StandardTokenizerImpl.java,135,error,1
src_java_org_apache_lucene_analysis_standard_StandardTokenizerImpl.java,151,warning,2
src_java_org_apache_lucene_analysis_standard_StandardTokenizerImpl.java,642,warning,2
src_java_org_apache_lucene_analysis_standard_StandardTokenizerImpl.java,688,warning,2
src_java_org_apache_lucene_analysis_standard_StandardTokenizerImpl.java,489,warning,2
src_java_org_apache_lucene_analysis_standard_StandardTokenizerImpl.java,345,error,1
src_java_org_apache_lucene_analysis_standard_StandardTokenizerImpl.java,376,error,1
src_java_org_apache_lucene_analysis_standard_StandardTokenizerImpl.java,456,warning,2
src_java_org_apache_lucene_analysis_standard_StandardTokenizerImpl.java,210,error,1
src_java_org_apache_lucene_analysis_standard_StandardTokenizerImpl.java,149,warning,2
src_java_org_apache_lucene_analysis_standard_StandardTokenizerImpl.java,65,error,1
src_java_org_apache_lucene_analysis_standard_StandardTokenizerImpl.java,364,warning,2
src_java_org_apache_lucene_analysis_standard_StandardTokenizerImpl.java,136,warning,2
src_java_org_apache_lucene_analysis_standard_StandardTokenizerImpl.java,643,warning,2
src_java_org_apache_lucene_analysis_standard_StandardTokenizerImpl.java,199,error,1
src_java_org_apache_lucene_analysis_standard_StandardTokenizerImpl.java,611,error,1
src_java_org_apache_lucene_analysis_standard_StandardTokenizerImpl.java,644,warning,2
src_java_org_apache_lucene_analysis_standard_StandardTokenizerImpl.java,716,warning,2
src_java_org_apache_lucene_analysis_standard_StandardTokenizerImpl.java,433,error,1
src_java_org_apache_lucene_analysis_standard_StandardTokenizerImpl.java,583,error,1
src_java_org_apache_lucene_analysis_standard_StandardTokenizerImpl.java,209,error,1
src_java_org_apache_lucene_analysis_standard_StandardTokenizerImpl.java,301,warning,2
src_java_org_apache_lucene_analysis_standard_StandardTokenizerImpl.java,495,warning,2
src_java_org_apache_lucene_analysis_standard_StandardTokenizerImpl.java,262,warning,2
src_java_org_apache_lucene_analysis_standard_StandardTokenizerImpl.java,706,error,1
src_java_org_apache_lucene_analysis_standard_StandardTokenizerImpl.java,705,error,1
src_java_org_apache_lucene_analysis_standard_StandardTokenizerImpl.java,349,error,1
src_java_org_apache_lucene_analysis_standard_StandardTokenizerImpl.java,191,error,1
src_java_org_apache_lucene_analysis_standard_StandardTokenizerImpl.java,115,error,1
src_java_org_apache_lucene_analysis_standard_StandardTokenizerImpl.java,131,error,1
src_java_org_apache_lucene_analysis_standard_StandardTokenizerImpl.java,350,error,1
src_java_org_apache_lucene_analysis_standard_StandardTokenizerImpl.java,298,warning,2
src_java_org_apache_lucene_analysis_standard_StandardTokenizerImpl.java,79,error,1
src_java_org_apache_lucene_analysis_standard_StandardTokenizerImpl.java,217,error,1
src_java_org_apache_lucene_analysis_standard_StandardTokenizerImpl.java,215,error,1
src_java_org_apache_lucene_analysis_standard_StandardTokenizerImpl.java,231,warning,2
src_java_org_apache_lucene_analysis_standard_StandardTokenizerImpl.java,178,warning,2
src_java_org_apache_lucene_analysis_standard_StandardTokenizerImpl.java,103,error,1
src_java_org_apache_lucene_analysis_standard_StandardTokenizerImpl.java,371,warning,2
src_java_org_apache_lucene_analysis_standard_StandardTokenizerImpl.java,674,error,1
src_java_org_apache_lucene_analysis_standard_StandardTokenizerImpl.java,214,error,1
src_java_org_apache_lucene_analysis_standard_StandardTokenizerImpl.java,67,error,1
src_java_org_apache_lucene_analysis_standard_StandardTokenizerImpl.java,351,error,1
src_java_org_apache_lucene_analysis_standard_StandardTokenizerImpl.java,501,error,1
src_java_org_apache_lucene_analysis_standard_StandardTokenizerImpl.java,192,error,1
src_java_org_apache_lucene_analysis_standard_StandardTokenizerImpl.java,667,warning,2
src_java_org_apache_lucene_analysis_standard_StandardTokenizerImpl.java,75,error,1
src_java_org_apache_lucene_analysis_standard_StandardTokenizerImpl.java,652,warning,2
src_java_org_apache_lucene_analysis_standard_StandardTokenizerImpl.java,106,error,1
src_java_org_apache_lucene_analysis_standard_StandardTokenizerImpl.java,535,error,1
src_java_org_apache_lucene_analysis_standard_StandardTokenizerImpl.java,111,error,1
src_java_org_apache_lucene_analysis_standard_StandardTokenizerImpl.java,512,warning,2
src_java_org_apache_lucene_analysis_standard_StandardTokenizerImpl.java,363,warning,2
src_java_org_apache_lucene_analysis_standard_StandardTokenizerImpl.java,609,error,1
src_java_org_apache_lucene_analysis_standard_StandardTokenizerImpl.java,314,warning,2
src_java_org_apache_lucene_analysis_standard_StandardTokenizerImpl.java,657,error,1
src_java_org_apache_lucene_analysis_standard_StandardTokenizerImpl.java,610,error,1
src_java_org_apache_lucene_analysis_standard_StandardTokenizerImpl.java,211,error,1
src_java_org_apache_lucene_analysis_standard_StandardTokenizerImpl.java,711,warning,2
src_java_org_apache_lucene_analysis_standard_StandardTokenizerImpl.java,49,error,1
src_java_org_apache_lucene_analysis_standard_StandardTokenizerImpl.java,183,warning,2
src_java_org_apache_lucene_analysis_standard_StandardTokenizerImpl.java,606,error,1
src_java_org_apache_lucene_analysis_standard_StandardTokenizerImpl.java,212,error,1
src_java_org_apache_lucene_analysis_standard_StandardTokenizerImpl.java,410,warning,2
src_java_org_apache_lucene_analysis_standard_StandardTokenizerImpl.java,431,warning,2
src_java_org_apache_lucene_analysis_standard_StandardTokenizerImpl.java,389,warning,2
src_java_org_apache_lucene_analysis_standard_StandardTokenizerImpl.java,654,warning,2
src_java_org_apache_lucene_analysis_standard_StandardTokenizerImpl.java,66,error,1
src_java_org_apache_lucene_analysis_standard_StandardTokenizerImpl.java,455,warning,2
src_java_org_apache_lucene_analysis_standard_StandardTokenizerImpl.java,286,warning,2
src_java_org_apache_lucene_analysis_standard_StandardTokenizerImpl.java,282,error,1
src_java_org_apache_lucene_analysis_standard_StandardTokenizerImpl.java,42,error,1
src_java_org_apache_lucene_analysis_standard_StandardTokenizerImpl.java,446,error,1
src_java_org_apache_lucene_analysis_standard_StandardTokenizerImpl.java,506,error,1
src_java_org_apache_lucene_analysis_standard_StandardTokenizerImpl.java,490,warning,2
src_java_org_apache_lucene_analysis_standard_StandardTokenizerImpl.java,292,warning,2
src_java_org_apache_lucene_analysis_standard_StandardTokenizerImpl.java,438,error,1
src_java_org_apache_lucene_analysis_standard_StandardTokenizerImpl.java,409,warning,2
src_java_org_apache_lucene_analysis_standard_StandardTokenizerImpl.java,437,error,1
src_java_org_apache_lucene_analysis_standard_StandardTokenizerImpl.java,566,error,1
src_java_org_apache_lucene_analysis_standard_StandardTokenizerImpl.java,290,warning,2
src_java_org_apache_lucene_analysis_standard_StandardTokenizerImpl.java,683,error,1
src_java_org_apache_lucene_analysis_standard_StandardTokenizerImpl.java,121,error,1
src_java_org_apache_lucene_analysis_standard_StandardTokenizerImpl.java,228,error,1
src_java_org_apache_lucene_analysis_standard_StandardTokenizerImpl.java,278,warning,2
src_java_org_apache_lucene_analysis_standard_StandardTokenizerImpl.java,572,warning,2
src_java_org_apache_lucene_analysis_standard_StandardTokenizerImpl.java,172,warning,2
src_java_org_apache_lucene_analysis_standard_StandardTokenizerImpl.java,427,warning,2
src_java_org_apache_lucene_analysis_standard_StandardTokenizerImpl.java,47,warning,2
src_java_org_apache_lucene_analysis_standard_StandardTokenizerImpl.java,317,warning,2
src_java_org_apache_lucene_analysis_standard_StandardTokenizerImpl.java,587,warning,2
src_java_org_apache_lucene_analysis_standard_StandardTokenizerImpl.java,138,warning,2
src_java_org_apache_lucene_analysis_standard_StandardTokenizerImpl.java,129,error,1
src_java_org_apache_lucene_analysis_standard_StandardTokenizerImpl.java,251,warning,2
src_java_org_apache_lucene_analysis_standard_StandardTokenizerImpl.java,244,warning,2
src_java_org_apache_lucene_analysis_standard_StandardTokenizerImpl.java,76,error,1
src_java_org_apache_lucene_analysis_standard_StandardTokenizerImpl.java,491,error,1
src_java_org_apache_lucene_analysis_standard_StandardTokenizerImpl.java,166,warning,2
src_java_org_apache_lucene_analysis_standard_StandardTokenizerImpl.java,600,warning,2
src_java_org_apache_lucene_analysis_standard_StandardTokenizerImpl.java,62,error,1
src_java_org_apache_lucene_analysis_standard_StandardTokenizerImpl.java,698,error,1
src_java_org_apache_lucene_analysis_standard_StandardTokenizerImpl.java,91,error,1
src_java_org_apache_lucene_analysis_standard_StandardTokenizerImpl.java,261,warning,2
src_java_org_apache_lucene_analysis_standard_StandardTokenizerImpl.java,670,error,1
src_java_org_apache_lucene_analysis_standard_StandardTokenizerImpl.java,641,warning,2
src_java_org_apache_lucene_analysis_standard_StandardTokenizerImpl.java,413,warning,2
src_java_org_apache_lucene_analysis_standard_StandardTokenizerImpl.java,216,error,1
src_java_org_apache_lucene_analysis_standard_StandardTokenizerImpl.java,347,error,1
src_java_org_apache_lucene_analysis_standard_StandardTokenizerImpl.java,198,error,1
src_java_org_apache_lucene_analysis_standard_StandardTokenizerImpl.java,536,error,1
src_java_org_apache_lucene_analysis_standard_StandardTokenizerImpl.java,653,error,1
src_java_org_apache_lucene_analysis_standard_StandardTokenizerImpl.java,220,error,1
src_java_org_apache_lucene_analysis_standard_StandardTokenizerImpl.java,649,warning,2
src_java_org_apache_lucene_analysis_standard_StandardTokenizerImpl.java,305,error,1
src_java_org_apache_lucene_analysis_standard_StandardTokenizerImpl.java,599,warning,2
src_java_org_apache_lucene_analysis_standard_StandardTokenizerImpl.java,681,error,1
src_java_org_apache_lucene_analysis_standard_StandardTokenizerImpl.java,480,warning,2
src_java_org_apache_lucene_analysis_standard_StandardTokenizerImpl.java,564,warning,2
src_java_org_apache_lucene_analysis_standard_StandardTokenizerImpl.java,277,warning,2
src_java_org_apache_lucene_analysis_standard_StandardTokenizerImpl.java,193,error,1
src_java_org_apache_lucene_analysis_standard_StandardTokenizerImpl.java,691,error,1
src_java_org_apache_lucene_analysis_standard_StandardTokenizerImpl.java,194,error,1
src_java_org_apache_lucene_analysis_standard_StandardTokenizerImpl.java,224,error,1
src_java_org_apache_lucene_analysis_standard_StandardTokenizerImpl.java,468,warning,2
src_java_org_apache_lucene_analysis_standard_StandardTokenizerImpl.java,107,error,1
src_java_org_apache_lucene_analysis_standard_StandardTokenizerImpl.java,96,error,1
src_java_org_apache_lucene_analysis_standard_StandardTokenizerImpl.java,701,error,1
src_java_org_apache_lucene_analysis_standard_StandardTokenizerImpl.java,143,warning,2
src_java_org_apache_lucene_analysis_standard_StandardTokenizerImpl.java,44,warning,2
src_java_org_apache_lucene_analysis_standard_StandardTokenizerImpl.java,340,error,1
src_java_org_apache_lucene_analysis_standard_StandardTokenizerImpl.java,52,error,1
src_java_org_apache_lucene_analysis_standard_StandardTokenizerImpl.java,311,warning,2
src_java_org_apache_lucene_analysis_standard_StandardTokenizerImpl.java,85,error,1
src_java_org_apache_lucene_analysis_standard_StandardTokenizerImpl.java,677,error,1
src_java_org_apache_lucene_analysis_standard_StandardTokenizerImpl.java,663,warning,2
src_java_org_apache_lucene_analysis_standard_StandardTokenizerImpl.java,412,warning,2
src_java_org_apache_lucene_analysis_standard_StandardTokenizerImpl.java,577,warning,2
src_java_org_apache_lucene_analysis_standard_StandardTokenizerImpl.java,622,warning,2
src_java_org_apache_lucene_analysis_standard_StandardTokenizerImpl.java,537,warning,2
src_java_org_apache_lucene_analysis_standard_StandardTokenizerImpl.java,492,error,1
src_java_org_apache_lucene_analysis_standard_StandardTokenizerImpl.java,196,error,1
src_java_org_apache_lucene_analysis_standard_StandardTokenizerImpl.java,246,warning,2
src_java_org_apache_lucene_analysis_standard_StandardTokenizerImpl.java,177,warning,2
src_java_org_apache_lucene_analysis_standard_StandardTokenizerImpl.java,543,error,1
src_java_org_apache_lucene_analysis_standard_StandardTokenizerImpl.java,636,warning,2
src_java_org_apache_lucene_analysis_standard_StandardTokenizerImpl.java,1,error,1
src_java_org_apache_lucene_analysis_standard_StandardTokenizerImpl.java,83,error,1
src_java_org_apache_lucene_analysis_standard_StandardTokenizerImpl.java,693,error,1
src_java_org_apache_lucene_analysis_standard_StandardTokenizerImpl.java,137,warning,2
src_java_org_apache_lucene_analysis_standard_StandardTokenizerImpl.java,112,error,1
src_java_org_apache_lucene_analysis_standard_StandardTokenizerImpl.java,150,warning,2
src_java_org_apache_lucene_analysis_standard_StandardTokenizerImpl.java,457,error,1
src_java_org_apache_lucene_analysis_standard_StandardTokenizerImpl.java,170,warning,2
src_java_org_apache_lucene_analysis_standard_StandardTokenizerImpl.java,660,error,1
src_java_org_apache_lucene_analysis_standard_StandardTokenizerImpl.java,169,error,1
src_java_org_apache_lucene_analysis_standard_StandardTokenizerImpl.java,452,warning,2
src_java_org_apache_lucene_analysis_standard_StandardTokenizerImpl.java,5,error,1
src_java_org_apache_lucene_analysis_standard_StandardTokenizerImpl.java,114,error,1
src_java_org_apache_lucene_analysis_standard_StandardTokenizerImpl.java,134,error,1
src_java_org_apache_lucene_analysis_standard_StandardTokenizerImpl.java,271,error,1
src_java_org_apache_lucene_analysis_standard_StandardTokenizerImpl.java,341,warning,2
src_java_org_apache_lucene_analysis_standard_StandardTokenizerImpl.java,415,warning,2
src_java_org_apache_lucene_analysis_standard_StandardTokenizerImpl.java,682,warning,2
src_java_org_apache_lucene_analysis_standard_StandardTokenizerImpl.java,93,error,1
src_java_org_apache_lucene_analysis_standard_StandardTokenizerImpl.java,100,error,1
src_java_org_apache_lucene_analysis_standard_StandardTokenizerImpl.java,585,warning,2
src_java_org_apache_lucene_analysis_standard_StandardTokenizerImpl.java,432,warning,2
src_java_org_apache_lucene_analysis_standard_StandardTokenizerImpl.java,689,error,1
src_java_org_apache_lucene_analysis_standard_StandardTokenizerImpl.java,646,warning,2
src_java_org_apache_lucene_analysis_standard_StandardTokenizerImpl.java,69,error,1
src_java_org_apache_lucene_analysis_standard_StandardTokenizerImpl.java,165,error,1
src_java_org_apache_lucene_analysis_standard_StandardTokenizerImpl.java,179,warning,2
src_java_org_apache_lucene_analysis_standard_StandardTokenizerImpl.java,598,warning,2
src_java_org_apache_lucene_analysis_standard_StandardTokenizerImpl.java,221,error,1
src_java_org_apache_lucene_analysis_standard_StandardTokenizerImpl.java,377,error,1
src_java_org_apache_lucene_analysis_standard_StandardTokenizerImpl.java,361,warning,2
src_java_org_apache_lucene_analysis_standard_StandardTokenizerImpl.java,634,warning,2
src_java_org_apache_lucene_analysis_standard_StandardTokenizerImpl.java,493,error,1
src_java_org_apache_lucene_analysis_standard_StandardTokenizerImpl.java,160,error,1
src_java_org_apache_lucene_analysis_standard_StandardTokenizerImpl.java,203,error,1
src_java_org_apache_lucene_analysis_standard_StandardTokenizerImpl.java,78,error,1
src_java_org_apache_lucene_analysis_standard_StandardTokenizerImpl.java,563,warning,2
src_java_org_apache_lucene_analysis_standard_StandardTokenizerImpl.java,511,error,1
src_java_org_apache_lucene_analysis_standard_StandardTokenizerImpl.java,326,error,1
src_java_org_apache_lucene_analysis_standard_StandardTokenizerImpl.java,297,error,1
src_java_org_apache_lucene_analysis_standard_StandardTokenizerImpl.java,494,warning,2
src_java_org_apache_lucene_analysis_standard_StandardTokenizerImpl.java,250,warning,2
src_java_org_apache_lucene_analysis_standard_StandardTokenizerImpl.java,132,warning,2
src_java_org_apache_lucene_analysis_standard_StandardTokenizerImpl.java,70,error,1
src_java_org_apache_lucene_analysis_standard_StandardTokenizerImpl.java,154,error,1
src_java_org_apache_lucene_analysis_standard_StandardTokenizerImpl.java,95,error,1
src_java_org_apache_lucene_analysis_standard_StandardTokenizerImpl.java,243,warning,2
src_java_org_apache_lucene_analysis_standard_StandardTokenizerImpl.java,248,error,1
src_java_org_apache_lucene_analysis_standard_StandardTokenizerImpl.java,520,error,1
src_java_org_apache_lucene_analysis_standard_StandardTokenizerImpl.java,487,error,1
src_java_org_apache_lucene_analysis_standard_StandardTokenizerImpl.java,448,warning,2
src_java_org_apache_lucene_analysis_standard_StandardTokenizerImpl.java,146,warning,2
src_java_org_apache_lucene_analysis_standard_StandardTokenizerImpl.java,629,warning,2
src_java_org_apache_lucene_analysis_standard_StandardTokenizerImpl.java,488,warning,2
src_java_org_apache_lucene_analysis_standard_StandardTokenizerImpl.java,237,warning,2
src_java_org_apache_lucene_analysis_standard_StandardTokenizerImpl.java,571,warning,2
src_java_org_apache_lucene_analysis_standard_StandardTokenizerImpl.java,359,error,1
src_java_org_apache_lucene_analysis_standard_StandardTokenizerImpl.java,348,error,1
src_java_org_apache_lucene_analysis_standard_StandardTokenizerImpl.java,276,error,1
src_java_org_apache_lucene_analysis_standard_StandardTokenizerImpl.java,142,warning,2
src_java_org_apache_lucene_analysis_standard_StandardTokenizerImpl.java,308,warning,2
src_java_org_apache_lucene_analysis_standard_StandardTokenizerImpl.java,284,warning,2
src_java_org_apache_lucene_analysis_standard_StandardTokenizerImpl.java,521,warning,2
src_java_org_apache_lucene_analysis_standard_StandardTokenizerImpl.java,108,error,1
src_java_org_apache_lucene_analysis_standard_StandardTokenizerImpl.java,68,error,1
src_java_org_apache_lucene_analysis_standard_StandardTokenizerImpl.java,470,warning,2
src_java_org_apache_lucene_analysis_standard_StandardTokenizerImpl.java,333,warning,2
src_java_org_apache_lucene_analysis_standard_StandardTokenizerImpl.java,197,error,1
src_java_org_apache_lucene_analysis_standard_StandardTokenizerImpl.java,324,warning,2
src_java_org_apache_lucene_analysis_standard_StandardTokenizerImpl.java,46,error,1
src_java_org_apache_lucene_analysis_standard_StandardTokenizerImpl.java,242,warning,2
src_java_org_apache_lucene_analysis_standard_StandardTokenizerImpl.java,680,warning,2
contrib_analyzers_common_src_java_org_apache_lucene_analysis_compound_CompoundWordTokenFilterBase.java,166,warning,2
contrib_analyzers_common_src_java_org_apache_lucene_analysis_compound_CompoundWordTokenFilterBase.java,135,warning,2
contrib_analyzers_common_src_java_org_apache_lucene_analysis_compound_CompoundWordTokenFilterBase.java,151,warning,2
contrib_analyzers_common_src_java_org_apache_lucene_analysis_compound_CompoundWordTokenFilterBase.java,188,warning,2
contrib_analyzers_common_src_java_org_apache_lucene_analysis_compound_CompoundWordTokenFilterBase.java,62,error,1
contrib_analyzers_common_src_java_org_apache_lucene_analysis_compound_CompoundWordTokenFilterBase.java,105,warning,2
contrib_analyzers_common_src_java_org_apache_lucene_analysis_compound_CompoundWordTokenFilterBase.java,147,error,1
contrib_analyzers_common_src_java_org_apache_lucene_analysis_compound_CompoundWordTokenFilterBase.java,91,warning,2
contrib_analyzers_common_src_java_org_apache_lucene_analysis_compound_CompoundWordTokenFilterBase.java,110,warning,2
contrib_analyzers_common_src_java_org_apache_lucene_analysis_compound_CompoundWordTokenFilterBase.java,90,error,1
contrib_analyzers_common_src_java_org_apache_lucene_analysis_compound_CompoundWordTokenFilterBase.java,45,warning,2
contrib_analyzers_common_src_java_org_apache_lucene_analysis_compound_CompoundWordTokenFilterBase.java,168,error,1
contrib_analyzers_common_src_java_org_apache_lucene_analysis_compound_CompoundWordTokenFilterBase.java,127,warning,2
contrib_analyzers_common_src_java_org_apache_lucene_analysis_compound_CompoundWordTokenFilterBase.java,98,error,1
contrib_analyzers_common_src_java_org_apache_lucene_analysis_compound_CompoundWordTokenFilterBase.java,126,warning,2
contrib_analyzers_common_src_java_org_apache_lucene_analysis_compound_CompoundWordTokenFilterBase.java,174,warning,2
contrib_analyzers_common_src_java_org_apache_lucene_analysis_compound_CompoundWordTokenFilterBase.java,104,warning,2
contrib_analyzers_common_src_java_org_apache_lucene_analysis_compound_CompoundWordTokenFilterBase.java,145,warning,2
contrib_analyzers_common_src_java_org_apache_lucene_analysis_compound_CompoundWordTokenFilterBase.java,65,error,1
contrib_analyzers_common_src_java_org_apache_lucene_analysis_compound_CompoundWordTokenFilterBase.java,190,error,1
contrib_analyzers_common_src_java_org_apache_lucene_analysis_compound_CompoundWordTokenFilterBase.java,27,warning,2
contrib_analyzers_common_src_java_org_apache_lucene_analysis_compound_CompoundWordTokenFilterBase.java,73,error,1
contrib_analyzers_common_src_java_org_apache_lucene_analysis_compound_CompoundWordTokenFilterBase.java,124,warning,2
contrib_analyzers_common_src_java_org_apache_lucene_analysis_compound_CompoundWordTokenFilterBase.java,136,warning,2
contrib_analyzers_common_src_java_org_apache_lucene_analysis_compound_CompoundWordTokenFilterBase.java,53,error,1
contrib_analyzers_common_src_java_org_apache_lucene_analysis_compound_CompoundWordTokenFilterBase.java,161,error,1
contrib_analyzers_common_src_java_org_apache_lucene_analysis_compound_CompoundWordTokenFilterBase.java,209,error,1
contrib_analyzers_common_src_java_org_apache_lucene_analysis_compound_CompoundWordTokenFilterBase.java,193,warning,2
contrib_analyzers_common_src_java_org_apache_lucene_analysis_compound_CompoundWordTokenFilterBase.java,87,warning,2
contrib_analyzers_common_src_java_org_apache_lucene_analysis_compound_CompoundWordTokenFilterBase.java,61,error,1
contrib_analyzers_common_src_java_org_apache_lucene_analysis_compound_CompoundWordTokenFilterBase.java,148,warning,2
contrib_analyzers_common_src_java_org_apache_lucene_analysis_compound_CompoundWordTokenFilterBase.java,173,warning,2
contrib_analyzers_common_src_java_org_apache_lucene_analysis_compound_CompoundWordTokenFilterBase.java,109,warning,2
contrib_analyzers_common_src_java_org_apache_lucene_analysis_compound_CompoundWordTokenFilterBase.java,97,error,1
contrib_analyzers_common_src_java_org_apache_lucene_analysis_compound_CompoundWordTokenFilterBase.java,3,error,1
contrib_analyzers_common_src_java_org_apache_lucene_analysis_compound_CompoundWordTokenFilterBase.java,128,warning,2
contrib_analyzers_common_src_java_org_apache_lucene_analysis_compound_CompoundWordTokenFilterBase.java,89,error,1
contrib_analyzers_common_src_java_org_apache_lucene_analysis_compound_CompoundWordTokenFilterBase.java,191,warning,2
contrib_analyzers_common_src_java_org_apache_lucene_analysis_compound_CompoundWordTokenFilterBase.java,115,warning,2
contrib_analyzers_common_src_java_org_apache_lucene_analysis_compound_CompoundWordTokenFilterBase.java,107,warning,2
contrib_analyzers_common_src_java_org_apache_lucene_analysis_compound_CompoundWordTokenFilterBase.java,140,warning,2
contrib_analyzers_common_src_java_org_apache_lucene_analysis_compound_CompoundWordTokenFilterBase.java,96,error,1
contrib_analyzers_common_src_java_org_apache_lucene_analysis_compound_CompoundWordTokenFilterBase.java,131,error,1
contrib_analyzers_common_src_java_org_apache_lucene_analysis_compound_CompoundWordTokenFilterBase.java,143,error,1
contrib_analyzers_common_src_java_org_apache_lucene_analysis_compound_CompoundWordTokenFilterBase.java,152,warning,2
contrib_analyzers_common_src_java_org_apache_lucene_analysis_compound_CompoundWordTokenFilterBase.java,204,warning,2
contrib_analyzers_common_src_java_org_apache_lucene_analysis_compound_CompoundWordTokenFilterBase.java,182,warning,2
contrib_analyzers_common_src_java_org_apache_lucene_analysis_compound_CompoundWordTokenFilterBase.java,205,warning,2
contrib_analyzers_common_src_java_org_apache_lucene_analysis_compound_CompoundWordTokenFilterBase.java,52,error,1
contrib_analyzers_common_src_java_org_apache_lucene_analysis_compound_CompoundWordTokenFilterBase.java,85,error,1
contrib_analyzers_common_src_java_org_apache_lucene_analysis_compound_CompoundWordTokenFilterBase.java,58,error,1
contrib_analyzers_common_src_java_org_apache_lucene_analysis_compound_CompoundWordTokenFilterBase.java,55,warning,2
contrib_analyzers_common_src_java_org_apache_lucene_analysis_compound_CompoundWordTokenFilterBase.java,79,warning,2
contrib_analyzers_common_src_java_org_apache_lucene_analysis_compound_CompoundWordTokenFilterBase.java,102,warning,2
contrib_analyzers_common_src_java_org_apache_lucene_analysis_compound_CompoundWordTokenFilterBase.java,184,warning,2
contrib_analyzers_common_src_java_org_apache_lucene_analysis_compound_CompoundWordTokenFilterBase.java,180,error,1
contrib_analyzers_common_src_java_org_apache_lucene_analysis_compound_CompoundWordTokenFilterBase.java,71,error,1
contrib_analyzers_common_src_java_org_apache_lucene_analysis_compound_CompoundWordTokenFilterBase.java,178,warning,2
contrib_analyzers_common_src_java_org_apache_lucene_analysis_compound_CompoundWordTokenFilterBase.java,189,warning,2
contrib_analyzers_common_src_java_org_apache_lucene_analysis_compound_CompoundWordTokenFilterBase.java,177,error,1
contrib_analyzers_common_src_java_org_apache_lucene_analysis_compound_CompoundWordTokenFilterBase.java,103,warning,2
contrib_analyzers_common_src_java_org_apache_lucene_analysis_compound_CompoundWordTokenFilterBase.java,187,warning,2
contrib_analyzers_common_src_java_org_apache_lucene_analysis_compound_CompoundWordTokenFilterBase.java,1,error,1
contrib_analyzers_common_src_java_org_apache_lucene_analysis_compound_CompoundWordTokenFilterBase.java,83,warning,2
contrib_analyzers_common_src_java_org_apache_lucene_analysis_compound_CompoundWordTokenFilterBase.java,137,warning,2
contrib_analyzers_common_src_java_org_apache_lucene_analysis_compound_CompoundWordTokenFilterBase.java,67,error,1
contrib_analyzers_common_src_java_org_apache_lucene_analysis_compound_CompoundWordTokenFilterBase.java,192,warning,2
contrib_analyzers_common_src_java_org_apache_lucene_analysis_compound_CompoundWordTokenFilterBase.java,112,warning,2
contrib_analyzers_common_src_java_org_apache_lucene_analysis_compound_CompoundWordTokenFilterBase.java,150,warning,2
contrib_analyzers_common_src_java_org_apache_lucene_analysis_compound_CompoundWordTokenFilterBase.java,181,error,1
contrib_analyzers_common_src_java_org_apache_lucene_analysis_compound_CompoundWordTokenFilterBase.java,169,error,1
contrib_analyzers_common_src_java_org_apache_lucene_analysis_compound_CompoundWordTokenFilterBase.java,75,warning,2
contrib_analyzers_common_src_java_org_apache_lucene_analysis_compound_CompoundWordTokenFilterBase.java,106,warning,2
contrib_analyzers_common_src_java_org_apache_lucene_analysis_compound_CompoundWordTokenFilterBase.java,111,warning,2
contrib_analyzers_common_src_java_org_apache_lucene_analysis_compound_CompoundWordTokenFilterBase.java,114,warning,2
contrib_analyzers_common_src_java_org_apache_lucene_analysis_compound_CompoundWordTokenFilterBase.java,134,warning,2
contrib_analyzers_common_src_java_org_apache_lucene_analysis_compound_CompoundWordTokenFilterBase.java,113,warning,2
contrib_analyzers_common_src_java_org_apache_lucene_analysis_compound_CompoundWordTokenFilterBase.java,195,error,1
contrib_analyzers_common_src_java_org_apache_lucene_analysis_compound_CompoundWordTokenFilterBase.java,93,error,1
contrib_analyzers_common_src_java_org_apache_lucene_analysis_compound_CompoundWordTokenFilterBase.java,100,error,1
contrib_analyzers_common_src_java_org_apache_lucene_analysis_compound_CompoundWordTokenFilterBase.java,213,warning,2
contrib_analyzers_common_src_java_org_apache_lucene_analysis_compound_CompoundWordTokenFilterBase.java,133,warning,2
contrib_analyzers_common_src_java_org_apache_lucene_analysis_compound_CompoundWordTokenFilterBase.java,207,error,1
contrib_analyzers_common_src_java_org_apache_lucene_analysis_compound_CompoundWordTokenFilterBase.java,211,warning,2
contrib_analyzers_common_src_java_org_apache_lucene_analysis_compound_CompoundWordTokenFilterBase.java,69,error,1
contrib_analyzers_common_src_java_org_apache_lucene_analysis_compound_CompoundWordTokenFilterBase.java,165,warning,2
contrib_analyzers_common_src_java_org_apache_lucene_analysis_compound_CompoundWordTokenFilterBase.java,48,error,1
contrib_analyzers_common_src_java_org_apache_lucene_analysis_compound_CompoundWordTokenFilterBase.java,212,warning,2
contrib_analyzers_common_src_java_org_apache_lucene_analysis_compound_CompoundWordTokenFilterBase.java,158,warning,2
contrib_analyzers_common_src_java_org_apache_lucene_analysis_compound_CompoundWordTokenFilterBase.java,163,warning,2
contrib_analyzers_common_src_java_org_apache_lucene_analysis_compound_CompoundWordTokenFilterBase.java,162,warning,2
contrib_analyzers_common_src_java_org_apache_lucene_analysis_compound_CompoundWordTokenFilterBase.java,153,warning,2
contrib_analyzers_common_src_java_org_apache_lucene_analysis_compound_CompoundWordTokenFilterBase.java,155,warning,2
contrib_analyzers_common_src_java_org_apache_lucene_analysis_compound_CompoundWordTokenFilterBase.java,64,error,1
contrib_analyzers_common_src_java_org_apache_lucene_analysis_compound_CompoundWordTokenFilterBase.java,66,error,1
contrib_analyzers_common_src_java_org_apache_lucene_analysis_compound_CompoundWordTokenFilterBase.java,160,warning,2
contrib_analyzers_common_src_java_org_apache_lucene_analysis_compound_CompoundWordTokenFilterBase.java,176,warning,2
contrib_analyzers_common_src_java_org_apache_lucene_analysis_compound_CompoundWordTokenFilterBase.java,59,error,1
contrib_analyzers_common_src_java_org_apache_lucene_analysis_compound_CompoundWordTokenFilterBase.java,78,error,1
contrib_analyzers_common_src_java_org_apache_lucene_analysis_compound_CompoundWordTokenFilterBase.java,74,error,1
contrib_analyzers_common_src_java_org_apache_lucene_analysis_compound_CompoundWordTokenFilterBase.java,94,warning,2
contrib_analyzers_common_src_java_org_apache_lucene_analysis_compound_CompoundWordTokenFilterBase.java,156,warning,2
contrib_analyzers_common_src_java_org_apache_lucene_analysis_compound_CompoundWordTokenFilterBase.java,42,error,1
contrib_analyzers_common_src_java_org_apache_lucene_analysis_compound_CompoundWordTokenFilterBase.java,60,error,1
contrib_analyzers_common_src_java_org_apache_lucene_analysis_compound_CompoundWordTokenFilterBase.java,132,warning,2
contrib_analyzers_common_src_java_org_apache_lucene_analysis_compound_CompoundWordTokenFilterBase.java,164,warning,2
contrib_analyzers_common_src_java_org_apache_lucene_analysis_compound_CompoundWordTokenFilterBase.java,171,warning,2
contrib_analyzers_common_src_java_org_apache_lucene_analysis_compound_CompoundWordTokenFilterBase.java,154,warning,2
contrib_analyzers_common_src_java_org_apache_lucene_analysis_compound_CompoundWordTokenFilterBase.java,200,warning,2
contrib_analyzers_common_src_java_org_apache_lucene_analysis_compound_CompoundWordTokenFilterBase.java,81,error,1
contrib_analyzers_common_src_java_org_apache_lucene_analysis_compound_CompoundWordTokenFilterBase.java,185,warning,2
contrib_analyzers_common_src_java_org_apache_lucene_analysis_compound_CompoundWordTokenFilterBase.java,121,warning,2
contrib_analyzers_common_src_java_org_apache_lucene_analysis_compound_CompoundWordTokenFilterBase.java,86,error,1
contrib_analyzers_common_src_java_org_apache_lucene_analysis_compound_CompoundWordTokenFilterBase.java,172,error,1
contrib_analyzers_common_src_java_org_apache_lucene_analysis_compound_CompoundWordTokenFilterBase.java,57,error,1
contrib_analyzers_common_src_java_org_apache_lucene_analysis_compound_CompoundWordTokenFilterBase.java,47,error,1
contrib_analyzers_common_src_java_org_apache_lucene_analysis_compound_CompoundWordTokenFilterBase.java,50,warning,2
contrib_analyzers_common_src_java_org_apache_lucene_analysis_compound_CompoundWordTokenFilterBase.java,142,warning,2
contrib_analyzers_common_src_java_org_apache_lucene_analysis_compound_CompoundWordTokenFilterBase.java,144,warning,2
contrib_analyzers_common_src_java_org_apache_lucene_analysis_compound_CompoundWordTokenFilterBase.java,41,warning,2
contrib_analyzers_common_src_java_org_apache_lucene_analysis_compound_CompoundWordTokenFilterBase.java,68,error,1
contrib_analyzers_common_src_java_org_apache_lucene_analysis_compound_CompoundWordTokenFilterBase.java,138,warning,2
contrib_analyzers_common_src_java_org_apache_lucene_analysis_compound_CompoundWordTokenFilterBase.java,129,warning,2
contrib_analyzers_common_src_java_org_apache_lucene_analysis_compound_CompoundWordTokenFilterBase.java,202,warning,2
contrib_analyzers_common_src_java_org_apache_lucene_analysis_compound_CompoundWordTokenFilterBase.java,197,warning,2
contrib_analyzers_common_src_java_org_apache_lucene_analysis_compound_CompoundWordTokenFilterBase.java,201,warning,2
contrib_analyzers_common_src_java_org_apache_lucene_analysis_compound_CompoundWordTokenFilterBase.java,99,error,1
contrib_analyzers_common_src_java_org_apache_lucene_analysis_compound_CompoundWordTokenFilterBase.java,82,error,1
contrib_analyzers_common_src_java_org_apache_lucene_analysis_compound_CompoundWordTokenFilterBase.java,77,error,1
src_java_org_apache_lucene_index_DirectoryReader.java,560,warning,2
src_java_org_apache_lucene_index_DirectoryReader.java,763,warning,2
src_java_org_apache_lucene_index_DirectoryReader.java,824,warning,2
src_java_org_apache_lucene_index_DirectoryReader.java,110,error,1
src_java_org_apache_lucene_index_DirectoryReader.java,840,warning,2
src_java_org_apache_lucene_index_DirectoryReader.java,719,error,1
src_java_org_apache_lucene_index_DirectoryReader.java,126,warning,2
src_java_org_apache_lucene_index_DirectoryReader.java,687,error,1
src_java_org_apache_lucene_index_DirectoryReader.java,291,error,1
src_java_org_apache_lucene_index_DirectoryReader.java,263,warning,2
src_java_org_apache_lucene_index_DirectoryReader.java,288,error,1
src_java_org_apache_lucene_index_DirectoryReader.java,935,warning,2
src_java_org_apache_lucene_index_DirectoryReader.java,562,error,1
src_java_org_apache_lucene_index_DirectoryReader.java,607,warning,2
src_java_org_apache_lucene_index_DirectoryReader.java,161,warning,2
src_java_org_apache_lucene_index_DirectoryReader.java,329,warning,2
src_java_org_apache_lucene_index_DirectoryReader.java,1173,warning,2
src_java_org_apache_lucene_index_DirectoryReader.java,547,warning,2
src_java_org_apache_lucene_index_DirectoryReader.java,404,warning,2
src_java_org_apache_lucene_index_DirectoryReader.java,186,warning,2
src_java_org_apache_lucene_index_DirectoryReader.java,1074,error,1
src_java_org_apache_lucene_index_DirectoryReader.java,173,warning,2
src_java_org_apache_lucene_index_DirectoryReader.java,978,warning,2
src_java_org_apache_lucene_index_DirectoryReader.java,128,warning,2
src_java_org_apache_lucene_index_DirectoryReader.java,130,warning,2
src_java_org_apache_lucene_index_DirectoryReader.java,229,warning,2
src_java_org_apache_lucene_index_DirectoryReader.java,890,error,1
src_java_org_apache_lucene_index_DirectoryReader.java,844,warning,2
src_java_org_apache_lucene_index_DirectoryReader.java,613,warning,2
src_java_org_apache_lucene_index_DirectoryReader.java,542,warning,2
src_java_org_apache_lucene_index_DirectoryReader.java,407,warning,2
src_java_org_apache_lucene_index_DirectoryReader.java,55,error,1
src_java_org_apache_lucene_index_DirectoryReader.java,58,error,1
src_java_org_apache_lucene_index_DirectoryReader.java,1154,warning,2
src_java_org_apache_lucene_index_DirectoryReader.java,285,error,1
src_java_org_apache_lucene_index_DirectoryReader.java,473,warning,2
src_java_org_apache_lucene_index_DirectoryReader.java,102,error,1
src_java_org_apache_lucene_index_DirectoryReader.java,223,error,1
src_java_org_apache_lucene_index_DirectoryReader.java,645,warning,2
src_java_org_apache_lucene_index_DirectoryReader.java,656,warning,2
src_java_org_apache_lucene_index_DirectoryReader.java,180,error,1
src_java_org_apache_lucene_index_DirectoryReader.java,1116,error,1
src_java_org_apache_lucene_index_DirectoryReader.java,462,warning,2
src_java_org_apache_lucene_index_DirectoryReader.java,625,warning,2
src_java_org_apache_lucene_index_DirectoryReader.java,1125,warning,2
src_java_org_apache_lucene_index_DirectoryReader.java,281,warning,2
src_java_org_apache_lucene_index_DirectoryReader.java,1185,warning,2
src_java_org_apache_lucene_index_DirectoryReader.java,843,warning,2
src_java_org_apache_lucene_index_DirectoryReader.java,614,warning,2
src_java_org_apache_lucene_index_DirectoryReader.java,556,warning,2
src_java_org_apache_lucene_index_DirectoryReader.java,1133,warning,2
src_java_org_apache_lucene_index_DirectoryReader.java,51,error,1
src_java_org_apache_lucene_index_DirectoryReader.java,1217,error,1
src_java_org_apache_lucene_index_DirectoryReader.java,264,warning,2
src_java_org_apache_lucene_index_DirectoryReader.java,1178,warning,2
src_java_org_apache_lucene_index_DirectoryReader.java,116,warning,2
src_java_org_apache_lucene_index_DirectoryReader.java,798,error,1
src_java_org_apache_lucene_index_DirectoryReader.java,528,warning,2
src_java_org_apache_lucene_index_DirectoryReader.java,576,warning,2
src_java_org_apache_lucene_index_DirectoryReader.java,822,warning,2
src_java_org_apache_lucene_index_DirectoryReader.java,1071,error,1
src_java_org_apache_lucene_index_DirectoryReader.java,252,warning,2
src_java_org_apache_lucene_index_DirectoryReader.java,954,warning,2
src_java_org_apache_lucene_index_DirectoryReader.java,620,warning,2
src_java_org_apache_lucene_index_DirectoryReader.java,162,warning,2
src_java_org_apache_lucene_index_DirectoryReader.java,157,warning,2
src_java_org_apache_lucene_index_DirectoryReader.java,319,warning,2
src_java_org_apache_lucene_index_DirectoryReader.java,310,warning,2
src_java_org_apache_lucene_index_DirectoryReader.java,1209,error,1
src_java_org_apache_lucene_index_DirectoryReader.java,828,warning,2
src_java_org_apache_lucene_index_DirectoryReader.java,440,warning,2
src_java_org_apache_lucene_index_DirectoryReader.java,774,warning,2
src_java_org_apache_lucene_index_DirectoryReader.java,176,warning,2
src_java_org_apache_lucene_index_DirectoryReader.java,516,warning,2
src_java_org_apache_lucene_index_DirectoryReader.java,871,warning,2
src_java_org_apache_lucene_index_DirectoryReader.java,337,warning,2
src_java_org_apache_lucene_index_DirectoryReader.java,694,warning,2
src_java_org_apache_lucene_index_DirectoryReader.java,991,warning,2
src_java_org_apache_lucene_index_DirectoryReader.java,1118,error,1
src_java_org_apache_lucene_index_DirectoryReader.java,928,warning,2
src_java_org_apache_lucene_index_DirectoryReader.java,423,warning,2
src_java_org_apache_lucene_index_DirectoryReader.java,923,error,1
src_java_org_apache_lucene_index_DirectoryReader.java,141,warning,2
src_java_org_apache_lucene_index_DirectoryReader.java,374,error,1
src_java_org_apache_lucene_index_DirectoryReader.java,1008,warning,2
src_java_org_apache_lucene_index_DirectoryReader.java,388,warning,2
src_java_org_apache_lucene_index_DirectoryReader.java,260,warning,2
src_java_org_apache_lucene_index_DirectoryReader.java,279,warning,2
src_java_org_apache_lucene_index_DirectoryReader.java,995,warning,2
src_java_org_apache_lucene_index_DirectoryReader.java,222,warning,2
src_java_org_apache_lucene_index_DirectoryReader.java,238,warning,2
src_java_org_apache_lucene_index_DirectoryReader.java,1003,warning,2
src_java_org_apache_lucene_index_DirectoryReader.java,245,warning,2
src_java_org_apache_lucene_index_DirectoryReader.java,734,warning,2
src_java_org_apache_lucene_index_DirectoryReader.java,714,warning,2
src_java_org_apache_lucene_index_DirectoryReader.java,664,error,1
src_java_org_apache_lucene_index_DirectoryReader.java,648,warning,2
src_java_org_apache_lucene_index_DirectoryReader.java,273,warning,2
src_java_org_apache_lucene_index_DirectoryReader.java,559,warning,2
src_java_org_apache_lucene_index_DirectoryReader.java,736,warning,2
src_java_org_apache_lucene_index_DirectoryReader.java,147,warning,2
src_java_org_apache_lucene_index_DirectoryReader.java,466,warning,2
src_java_org_apache_lucene_index_DirectoryReader.java,338,warning,2
src_java_org_apache_lucene_index_DirectoryReader.java,595,error,1
src_java_org_apache_lucene_index_DirectoryReader.java,230,warning,2
src_java_org_apache_lucene_index_DirectoryReader.java,842,warning,2
src_java_org_apache_lucene_index_DirectoryReader.java,1058,warning,2
src_java_org_apache_lucene_index_DirectoryReader.java,882,warning,2
src_java_org_apache_lucene_index_DirectoryReader.java,408,warning,2
src_java_org_apache_lucene_index_DirectoryReader.java,145,error,1
src_java_org_apache_lucene_index_DirectoryReader.java,1134,warning,2
src_java_org_apache_lucene_index_DirectoryReader.java,73,warning,2
src_java_org_apache_lucene_index_DirectoryReader.java,797,warning,2
src_java_org_apache_lucene_index_DirectoryReader.java,1123,warning,2
src_java_org_apache_lucene_index_DirectoryReader.java,881,warning,2
src_java_org_apache_lucene_index_DirectoryReader.java,1001,warning,2
src_java_org_apache_lucene_index_DirectoryReader.java,1027,warning,2
src_java_org_apache_lucene_index_DirectoryReader.java,876,warning,2
src_java_org_apache_lucene_index_DirectoryReader.java,1053,warning,2
src_java_org_apache_lucene_index_DirectoryReader.java,1218,warning,2
src_java_org_apache_lucene_index_DirectoryReader.java,378,error,1
src_java_org_apache_lucene_index_DirectoryReader.java,1097,warning,2
src_java_org_apache_lucene_index_DirectoryReader.java,275,warning,2
src_java_org_apache_lucene_index_DirectoryReader.java,87,warning,2
src_java_org_apache_lucene_index_DirectoryReader.java,544,error,1
src_java_org_apache_lucene_index_DirectoryReader.java,3,error,1
src_java_org_apache_lucene_index_DirectoryReader.java,679,warning,2
src_java_org_apache_lucene_index_DirectoryReader.java,1121,warning,2
src_java_org_apache_lucene_index_DirectoryReader.java,605,warning,2
src_java_org_apache_lucene_index_DirectoryReader.java,1029,warning,2
src_java_org_apache_lucene_index_DirectoryReader.java,303,warning,2
src_java_org_apache_lucene_index_DirectoryReader.java,1065,error,1
src_java_org_apache_lucene_index_DirectoryReader.java,418,error,1
src_java_org_apache_lucene_index_DirectoryReader.java,152,warning,2
src_java_org_apache_lucene_index_DirectoryReader.java,236,warning,2
src_java_org_apache_lucene_index_DirectoryReader.java,182,warning,2
src_java_org_apache_lucene_index_DirectoryReader.java,540,warning,2
src_java_org_apache_lucene_index_DirectoryReader.java,858,warning,2
src_java_org_apache_lucene_index_DirectoryReader.java,766,warning,2
src_java_org_apache_lucene_index_DirectoryReader.java,295,warning,2
src_java_org_apache_lucene_index_DirectoryReader.java,639,warning,2
src_java_org_apache_lucene_index_DirectoryReader.java,779,warning,2
src_java_org_apache_lucene_index_DirectoryReader.java,184,warning,2
src_java_org_apache_lucene_index_DirectoryReader.java,987,warning,2
src_java_org_apache_lucene_index_DirectoryReader.java,922,error,1
src_java_org_apache_lucene_index_DirectoryReader.java,778,warning,2
src_java_org_apache_lucene_index_DirectoryReader.java,189,warning,2
src_java_org_apache_lucene_index_DirectoryReader.java,728,error,1
src_java_org_apache_lucene_index_DirectoryReader.java,565,warning,2
src_java_org_apache_lucene_index_DirectoryReader.java,603,warning,2
src_java_org_apache_lucene_index_DirectoryReader.java,640,error,1
src_java_org_apache_lucene_index_DirectoryReader.java,72,warning,2
src_java_org_apache_lucene_index_DirectoryReader.java,770,warning,2
src_java_org_apache_lucene_index_DirectoryReader.java,414,warning,2
src_java_org_apache_lucene_index_DirectoryReader.java,1103,warning,2
src_java_org_apache_lucene_index_DirectoryReader.java,1196,warning,2
src_java_org_apache_lucene_index_DirectoryReader.java,522,error,1
src_java_org_apache_lucene_index_DirectoryReader.java,590,warning,2
src_java_org_apache_lucene_index_DirectoryReader.java,742,warning,2
src_java_org_apache_lucene_index_DirectoryReader.java,1016,warning,2
src_java_org_apache_lucene_index_DirectoryReader.java,1220,warning,2
src_java_org_apache_lucene_index_DirectoryReader.java,429,warning,2
src_java_org_apache_lucene_index_DirectoryReader.java,1144,warning,2
src_java_org_apache_lucene_index_DirectoryReader.java,1099,warning,2
src_java_org_apache_lucene_index_DirectoryReader.java,503,warning,2
src_java_org_apache_lucene_index_DirectoryReader.java,379,warning,2
src_java_org_apache_lucene_index_DirectoryReader.java,240,warning,2
src_java_org_apache_lucene_index_DirectoryReader.java,158,warning,2
src_java_org_apache_lucene_index_DirectoryReader.java,474,warning,2
src_java_org_apache_lucene_index_DirectoryReader.java,449,warning,2
src_java_org_apache_lucene_index_DirectoryReader.java,64,error,1
src_java_org_apache_lucene_index_DirectoryReader.java,757,warning,2
src_java_org_apache_lucene_index_DirectoryReader.java,342,warning,2
src_java_org_apache_lucene_index_DirectoryReader.java,888,warning,2
src_java_org_apache_lucene_index_DirectoryReader.java,482,warning,2
src_java_org_apache_lucene_index_DirectoryReader.java,1207,warning,2
src_java_org_apache_lucene_index_DirectoryReader.java,1147,warning,2
src_java_org_apache_lucene_index_DirectoryReader.java,960,warning,2
src_java_org_apache_lucene_index_DirectoryReader.java,94,warning,2
src_java_org_apache_lucene_index_DirectoryReader.java,515,error,1
src_java_org_apache_lucene_index_DirectoryReader.java,1182,warning,2
src_java_org_apache_lucene_index_DirectoryReader.java,465,warning,2
src_java_org_apache_lucene_index_DirectoryReader.java,945,warning,2
src_java_org_apache_lucene_index_DirectoryReader.java,989,warning,2
src_java_org_apache_lucene_index_DirectoryReader.java,60,error,1
src_java_org_apache_lucene_index_DirectoryReader.java,720,warning,2
src_java_org_apache_lucene_index_DirectoryReader.java,171,warning,2
src_java_org_apache_lucene_index_DirectoryReader.java,200,warning,2
src_java_org_apache_lucene_index_DirectoryReader.java,702,warning,2
src_java_org_apache_lucene_index_DirectoryReader.java,713,error,1
src_java_org_apache_lucene_index_DirectoryReader.java,1100,warning,2
src_java_org_apache_lucene_index_DirectoryReader.java,695,warning,2
src_java_org_apache_lucene_index_DirectoryReader.java,1022,warning,2
src_java_org_apache_lucene_index_DirectoryReader.java,101,warning,2
src_java_org_apache_lucene_index_DirectoryReader.java,63,error,1
src_java_org_apache_lucene_index_DirectoryReader.java,233,warning,2
src_java_org_apache_lucene_index_DirectoryReader.java,1177,warning,2
src_java_org_apache_lucene_index_DirectoryReader.java,436,warning,2
src_java_org_apache_lucene_index_DirectoryReader.java,880,warning,2
src_java_org_apache_lucene_index_DirectoryReader.java,1158,warning,2
src_java_org_apache_lucene_index_DirectoryReader.java,608,warning,2
src_java_org_apache_lucene_index_DirectoryReader.java,1233,error,1
src_java_org_apache_lucene_index_DirectoryReader.java,697,warning,2
src_java_org_apache_lucene_index_DirectoryReader.java,631,warning,2
src_java_org_apache_lucene_index_DirectoryReader.java,764,warning,2
src_java_org_apache_lucene_index_DirectoryReader.java,50,error,1
src_java_org_apache_lucene_index_DirectoryReader.java,699,warning,2
src_java_org_apache_lucene_index_DirectoryReader.java,569,warning,2
src_java_org_apache_lucene_index_DirectoryReader.java,768,warning,2
src_java_org_apache_lucene_index_DirectoryReader.java,848,warning,2
src_java_org_apache_lucene_index_DirectoryReader.java,1148,warning,2
src_java_org_apache_lucene_index_DirectoryReader.java,1009,warning,2
src_java_org_apache_lucene_index_DirectoryReader.java,502,warning,2
src_java_org_apache_lucene_index_DirectoryReader.java,821,warning,2
src_java_org_apache_lucene_index_DirectoryReader.java,201,warning,2
src_java_org_apache_lucene_index_DirectoryReader.java,416,error,1
src_java_org_apache_lucene_index_DirectoryReader.java,642,warning,2
src_java_org_apache_lucene_index_DirectoryReader.java,151,warning,2
src_java_org_apache_lucene_index_DirectoryReader.java,932,warning,2
src_java_org_apache_lucene_index_DirectoryReader.java,688,error,1
src_java_org_apache_lucene_index_DirectoryReader.java,489,warning,2
src_java_org_apache_lucene_index_DirectoryReader.java,345,warning,2
src_java_org_apache_lucene_index_DirectoryReader.java,1198,warning,2
src_java_org_apache_lucene_index_DirectoryReader.java,456,error,1
src_java_org_apache_lucene_index_DirectoryReader.java,1155,warning,2
src_java_org_apache_lucene_index_DirectoryReader.java,125,error,1
src_java_org_apache_lucene_index_DirectoryReader.java,919,error,1
src_java_org_apache_lucene_index_DirectoryReader.java,612,warning,2
src_java_org_apache_lucene_index_DirectoryReader.java,758,warning,2
src_java_org_apache_lucene_index_DirectoryReader.java,392,warning,2
src_java_org_apache_lucene_index_DirectoryReader.java,1089,warning,2
src_java_org_apache_lucene_index_DirectoryReader.java,1216,error,1
src_java_org_apache_lucene_index_DirectoryReader.java,643,error,1
src_java_org_apache_lucene_index_DirectoryReader.java,478,warning,2
src_java_org_apache_lucene_index_DirectoryReader.java,611,warning,2
src_java_org_apache_lucene_index_DirectoryReader.java,811,warning,2
src_java_org_apache_lucene_index_DirectoryReader.java,375,warning,2
src_java_org_apache_lucene_index_DirectoryReader.java,1062,warning,2
src_java_org_apache_lucene_index_DirectoryReader.java,1130,warning,2
src_java_org_apache_lucene_index_DirectoryReader.java,209,error,1
src_java_org_apache_lucene_index_DirectoryReader.java,495,warning,2
src_java_org_apache_lucene_index_DirectoryReader.java,262,warning,2
src_java_org_apache_lucene_index_DirectoryReader.java,419,warning,2
src_java_org_apache_lucene_index_DirectoryReader.java,1188,error,1
src_java_org_apache_lucene_index_DirectoryReader.java,1046,warning,2
src_java_org_apache_lucene_index_DirectoryReader.java,115,warning,2
src_java_org_apache_lucene_index_DirectoryReader.java,816,warning,2
src_java_org_apache_lucene_index_DirectoryReader.java,131,warning,2
src_java_org_apache_lucene_index_DirectoryReader.java,800,warning,2
src_java_org_apache_lucene_index_DirectoryReader.java,1039,warning,2
src_java_org_apache_lucene_index_DirectoryReader.java,982,error,1
src_java_org_apache_lucene_index_DirectoryReader.java,217,warning,2
src_java_org_apache_lucene_index_DirectoryReader.java,1096,warning,2
src_java_org_apache_lucene_index_DirectoryReader.java,1111,warning,2
src_java_org_apache_lucene_index_DirectoryReader.java,215,warning,2
src_java_org_apache_lucene_index_DirectoryReader.java,592,warning,2
src_java_org_apache_lucene_index_DirectoryReader.java,231,warning,2
src_java_org_apache_lucene_index_DirectoryReader.java,1221,error,1
src_java_org_apache_lucene_index_DirectoryReader.java,986,error,1
src_java_org_apache_lucene_index_DirectoryReader.java,103,warning,2
src_java_org_apache_lucene_index_DirectoryReader.java,1193,error,1
src_java_org_apache_lucene_index_DirectoryReader.java,1038,warning,2
src_java_org_apache_lucene_index_DirectoryReader.java,962,warning,2
src_java_org_apache_lucene_index_DirectoryReader.java,674,warning,2
src_java_org_apache_lucene_index_DirectoryReader.java,1093,warning,2
src_java_org_apache_lucene_index_DirectoryReader.java,214,warning,2
src_java_org_apache_lucene_index_DirectoryReader.java,67,error,1
src_java_org_apache_lucene_index_DirectoryReader.java,351,warning,2
src_java_org_apache_lucene_index_DirectoryReader.java,652,warning,2
src_java_org_apache_lucene_index_DirectoryReader.java,535,error,1
src_java_org_apache_lucene_index_DirectoryReader.java,106,warning,2
src_java_org_apache_lucene_index_DirectoryReader.java,1120,warning,2
src_java_org_apache_lucene_index_DirectoryReader.java,111,warning,2
src_java_org_apache_lucene_index_DirectoryReader.java,363,error,1
src_java_org_apache_lucene_index_DirectoryReader.java,1114,warning,2
src_java_org_apache_lucene_index_DirectoryReader.java,916,warning,2
src_java_org_apache_lucene_index_DirectoryReader.java,385,error,1
src_java_org_apache_lucene_index_DirectoryReader.java,524,warning,2
src_java_org_apache_lucene_index_DirectoryReader.java,1128,warning,2
src_java_org_apache_lucene_index_DirectoryReader.java,507,warning,2
src_java_org_apache_lucene_index_DirectoryReader.java,606,error,1
src_java_org_apache_lucene_index_DirectoryReader.java,1083,warning,2
src_java_org_apache_lucene_index_DirectoryReader.java,1194,error,1
src_java_org_apache_lucene_index_DirectoryReader.java,389,warning,2
src_java_org_apache_lucene_index_DirectoryReader.java,504,warning,2
src_java_org_apache_lucene_index_DirectoryReader.java,505,warning,2
src_java_org_apache_lucene_index_DirectoryReader.java,1002,error,1
src_java_org_apache_lucene_index_DirectoryReader.java,1204,error,1
src_java_org_apache_lucene_index_DirectoryReader.java,455,warning,2
src_java_org_apache_lucene_index_DirectoryReader.java,1190,error,1
src_java_org_apache_lucene_index_DirectoryReader.java,940,warning,2
src_java_org_apache_lucene_index_DirectoryReader.java,483,warning,2
src_java_org_apache_lucene_index_DirectoryReader.java,1044,warning,2
src_java_org_apache_lucene_index_DirectoryReader.java,1208,warning,2
src_java_org_apache_lucene_index_DirectoryReader.java,574,warning,2
src_java_org_apache_lucene_index_DirectoryReader.java,867,error,1
src_java_org_apache_lucene_index_DirectoryReader.java,1010,warning,2
src_java_org_apache_lucene_index_DirectoryReader.java,534,warning,2
src_java_org_apache_lucene_index_DirectoryReader.java,617,warning,2
src_java_org_apache_lucene_index_DirectoryReader.java,438,error,1
src_java_org_apache_lucene_index_DirectoryReader.java,517,warning,2
src_java_org_apache_lucene_index_DirectoryReader.java,121,warning,2
src_java_org_apache_lucene_index_DirectoryReader.java,172,warning,2
src_java_org_apache_lucene_index_DirectoryReader.java,360,warning,2
src_java_org_apache_lucene_index_DirectoryReader.java,47,error,1
src_java_org_apache_lucene_index_DirectoryReader.java,839,warning,2
src_java_org_apache_lucene_index_DirectoryReader.java,1131,warning,2
src_java_org_apache_lucene_index_DirectoryReader.java,317,warning,2
src_java_org_apache_lucene_index_DirectoryReader.java,939,warning,2
src_java_org_apache_lucene_index_DirectoryReader.java,1112,warning,2
src_java_org_apache_lucene_index_DirectoryReader.java,1186,warning,2
src_java_org_apache_lucene_index_DirectoryReader.java,318,warning,2
src_java_org_apache_lucene_index_DirectoryReader.java,402,warning,2
src_java_org_apache_lucene_index_DirectoryReader.java,1146,warning,2
src_java_org_apache_lucene_index_DirectoryReader.java,1202,error,1
src_java_org_apache_lucene_index_DirectoryReader.java,976,warning,2
src_java_org_apache_lucene_index_DirectoryReader.java,1242,warning,2
src_java_org_apache_lucene_index_DirectoryReader.java,491,warning,2
src_java_org_apache_lucene_index_DirectoryReader.java,996,warning,2
src_java_org_apache_lucene_index_DirectoryReader.java,499,warning,2
src_java_org_apache_lucene_index_DirectoryReader.java,875,error,1
src_java_org_apache_lucene_index_DirectoryReader.java,1108,error,1
src_java_org_apache_lucene_index_DirectoryReader.java,261,warning,2
src_java_org_apache_lucene_index_DirectoryReader.java,1088,warning,2
src_java_org_apache_lucene_index_DirectoryReader.java,641,warning,2
src_java_org_apache_lucene_index_DirectoryReader.java,789,warning,2
src_java_org_apache_lucene_index_DirectoryReader.java,525,warning,2
src_java_org_apache_lucene_index_DirectoryReader.java,803,warning,2
src_java_org_apache_lucene_index_DirectoryReader.java,973,error,1
src_java_org_apache_lucene_index_DirectoryReader.java,782,warning,2
src_java_org_apache_lucene_index_DirectoryReader.java,198,warning,2
src_java_org_apache_lucene_index_DirectoryReader.java,536,warning,2
src_java_org_apache_lucene_index_DirectoryReader.java,1225,warning,2
src_java_org_apache_lucene_index_DirectoryReader.java,1226,error,1
src_java_org_apache_lucene_index_DirectoryReader.java,1141,warning,2
src_java_org_apache_lucene_index_DirectoryReader.java,390,warning,2
src_java_org_apache_lucene_index_DirectoryReader.java,1117,warning,2
src_java_org_apache_lucene_index_DirectoryReader.java,277,warning,2
src_java_org_apache_lucene_index_DirectoryReader.java,984,error,1
src_java_org_apache_lucene_index_DirectoryReader.java,586,error,1
src_java_org_apache_lucene_index_DirectoryReader.java,1055,warning,2
src_java_org_apache_lucene_index_DirectoryReader.java,899,warning,2
src_java_org_apache_lucene_index_DirectoryReader.java,898,warning,2
src_java_org_apache_lucene_index_DirectoryReader.java,405,warning,2
src_java_org_apache_lucene_index_DirectoryReader.java,267,warning,2
src_java_org_apache_lucene_index_DirectoryReader.java,107,warning,2
src_java_org_apache_lucene_index_DirectoryReader.java,952,warning,2
src_java_org_apache_lucene_index_DirectoryReader.java,701,warning,2
src_java_org_apache_lucene_index_DirectoryReader.java,775,warning,2
src_java_org_apache_lucene_index_DirectoryReader.java,1176,warning,2
src_java_org_apache_lucene_index_DirectoryReader.java,52,error,1
src_java_org_apache_lucene_index_DirectoryReader.java,476,warning,2
src_java_org_apache_lucene_index_DirectoryReader.java,85,warning,2
src_java_org_apache_lucene_index_DirectoryReader.java,1179,warning,2
src_java_org_apache_lucene_index_DirectoryReader.java,739,warning,2
src_java_org_apache_lucene_index_DirectoryReader.java,232,warning,2
src_java_org_apache_lucene_index_DirectoryReader.java,1211,warning,2
src_java_org_apache_lucene_index_DirectoryReader.java,624,error,1
src_java_org_apache_lucene_index_DirectoryReader.java,1107,warning,2
src_java_org_apache_lucene_index_DirectoryReader.java,1126,warning,2
src_java_org_apache_lucene_index_DirectoryReader.java,492,warning,2
src_java_org_apache_lucene_index_DirectoryReader.java,246,warning,2
src_java_org_apache_lucene_index_DirectoryReader.java,177,warning,2
src_java_org_apache_lucene_index_DirectoryReader.java,1137,error,1
src_java_org_apache_lucene_index_DirectoryReader.java,636,warning,2
src_java_org_apache_lucene_index_DirectoryReader.java,830,warning,2
src_java_org_apache_lucene_index_DirectoryReader.java,623,warning,2
src_java_org_apache_lucene_index_DirectoryReader.java,834,warning,2
src_java_org_apache_lucene_index_DirectoryReader.java,1081,warning,2
src_java_org_apache_lucene_index_DirectoryReader.java,169,warning,2
src_java_org_apache_lucene_index_DirectoryReader.java,134,warning,2
src_java_org_apache_lucene_index_DirectoryReader.java,1051,warning,2
src_java_org_apache_lucene_index_DirectoryReader.java,732,warning,2
src_java_org_apache_lucene_index_DirectoryReader.java,415,warning,2
src_java_org_apache_lucene_index_DirectoryReader.java,955,warning,2
src_java_org_apache_lucene_index_DirectoryReader.java,579,warning,2
src_java_org_apache_lucene_index_DirectoryReader.java,585,warning,2
src_java_org_apache_lucene_index_DirectoryReader.java,1238,error,1
src_java_org_apache_lucene_index_DirectoryReader.java,432,warning,2
src_java_org_apache_lucene_index_DirectoryReader.java,689,warning,2
src_java_org_apache_lucene_index_DirectoryReader.java,783,warning,2
src_java_org_apache_lucene_index_DirectoryReader.java,165,warning,2
src_java_org_apache_lucene_index_DirectoryReader.java,979,error,1
src_java_org_apache_lucene_index_DirectoryReader.java,538,warning,2
src_java_org_apache_lucene_index_DirectoryReader.java,179,error,1
src_java_org_apache_lucene_index_DirectoryReader.java,598,warning,2
src_java_org_apache_lucene_index_DirectoryReader.java,221,warning,2
src_java_org_apache_lucene_index_DirectoryReader.java,799,warning,2
src_java_org_apache_lucene_index_DirectoryReader.java,361,warning,2
src_java_org_apache_lucene_index_DirectoryReader.java,514,warning,2
src_java_org_apache_lucene_index_DirectoryReader.java,741,warning,2
src_java_org_apache_lucene_index_DirectoryReader.java,510,warning,2
src_java_org_apache_lucene_index_DirectoryReader.java,355,warning,2
src_java_org_apache_lucene_index_DirectoryReader.java,809,warning,2
src_java_org_apache_lucene_index_DirectoryReader.java,1203,warning,2
src_java_org_apache_lucene_index_DirectoryReader.java,274,warning,2
src_java_org_apache_lucene_index_DirectoryReader.java,601,warning,2
src_java_org_apache_lucene_index_DirectoryReader.java,309,error,1
src_java_org_apache_lucene_index_DirectoryReader.java,78,warning,2
src_java_org_apache_lucene_index_DirectoryReader.java,445,warning,2
src_java_org_apache_lucene_index_DirectoryReader.java,1086,warning,2
src_java_org_apache_lucene_index_DirectoryReader.java,315,warning,2
src_java_org_apache_lucene_index_DirectoryReader.java,70,warning,2
src_java_org_apache_lucene_index_DirectoryReader.java,967,warning,2
src_java_org_apache_lucene_index_DirectoryReader.java,154,warning,2
src_java_org_apache_lucene_index_DirectoryReader.java,383,warning,2
src_java_org_apache_lucene_index_DirectoryReader.java,998,warning,2
src_java_org_apache_lucene_index_DirectoryReader.java,589,error,1
src_java_org_apache_lucene_index_DirectoryReader.java,243,warning,2
src_java_org_apache_lucene_index_DirectoryReader.java,403,warning,2
src_java_org_apache_lucene_index_DirectoryReader.java,1025,warning,2
src_java_org_apache_lucene_index_DirectoryReader.java,965,warning,2
src_java_org_apache_lucene_index_DirectoryReader.java,823,error,1
src_java_org_apache_lucene_index_DirectoryReader.java,794,warning,2
src_java_org_apache_lucene_index_DirectoryReader.java,237,warning,2
src_java_org_apache_lucene_index_DirectoryReader.java,1017,error,1
src_java_org_apache_lucene_index_DirectoryReader.java,1015,error,1
src_java_org_apache_lucene_index_DirectoryReader.java,832,warning,2
src_java_org_apache_lucene_index_DirectoryReader.java,571,warning,2
src_java_org_apache_lucene_index_DirectoryReader.java,912,warning,2
src_java_org_apache_lucene_index_DirectoryReader.java,1239,warning,2
src_java_org_apache_lucene_index_DirectoryReader.java,521,warning,2
src_java_org_apache_lucene_index_DirectoryReader.java,573,warning,2
src_java_org_apache_lucene_index_DirectoryReader.java,539,warning,2
src_java_org_apache_lucene_index_DirectoryReader.java,895,warning,2
src_java_org_apache_lucene_index_DirectoryReader.java,1032,warning,2
src_java_org_apache_lucene_index_DirectoryReader.java,801,warning,2
src_java_org_apache_lucene_index_DirectoryReader.java,500,error,1
src_java_org_apache_lucene_index_DirectoryReader.java,604,warning,2
src_java_org_apache_lucene_index_DirectoryReader.java,931,warning,2
src_java_org_apache_lucene_index_DirectoryReader.java,707,error,1
src_java_org_apache_lucene_index_DirectoryReader.java,992,warning,2
src_java_org_apache_lucene_index_DirectoryReader.java,696,warning,2
src_java_org_apache_lucene_index_DirectoryReader.java,425,warning,2
src_java_org_apache_lucene_index_DirectoryReader.java,949,warning,2
src_java_org_apache_lucene_index_DirectoryReader.java,104,warning,2
src_java_org_apache_lucene_index_DirectoryReader.java,1227,warning,2
src_java_org_apache_lucene_index_DirectoryReader.java,1119,warning,2
src_java_org_apache_lucene_index_DirectoryReader.java,53,error,1
src_java_org_apache_lucene_index_DirectoryReader.java,1090,warning,2
src_java_org_apache_lucene_index_DirectoryReader.java,518,error,1
src_java_org_apache_lucene_index_DirectoryReader.java,812,warning,2
src_java_org_apache_lucene_index_DirectoryReader.java,1061,warning,2
src_java_org_apache_lucene_index_DirectoryReader.java,1164,warning,2
src_java_org_apache_lucene_index_DirectoryReader.java,1105,error,1
src_java_org_apache_lucene_index_DirectoryReader.java,299,warning,2
src_java_org_apache_lucene_index_DirectoryReader.java,934,warning,2
src_java_org_apache_lucene_index_DirectoryReader.java,321,warning,2
src_java_org_apache_lucene_index_DirectoryReader.java,218,warning,2
src_java_org_apache_lucene_index_DirectoryReader.java,148,warning,2
src_java_org_apache_lucene_index_DirectoryReader.java,712,warning,2
src_java_org_apache_lucene_index_DirectoryReader.java,1020,error,1
src_java_org_apache_lucene_index_DirectoryReader.java,247,warning,2
src_java_org_apache_lucene_index_DirectoryReader.java,459,warning,2
src_java_org_apache_lucene_index_DirectoryReader.java,1222,warning,2
src_java_org_apache_lucene_index_DirectoryReader.java,270,warning,2
src_java_org_apache_lucene_index_DirectoryReader.java,370,warning,2
src_java_org_apache_lucene_index_DirectoryReader.java,1159,warning,2
src_java_org_apache_lucene_index_DirectoryReader.java,1223,warning,2
src_java_org_apache_lucene_index_DirectoryReader.java,1200,warning,2
src_java_org_apache_lucene_index_DirectoryReader.java,421,warning,2
src_java_org_apache_lucene_index_DirectoryReader.java,1145,warning,2
src_java_org_apache_lucene_index_DirectoryReader.java,874,warning,2
src_java_org_apache_lucene_index_DirectoryReader.java,71,error,1
src_java_org_apache_lucene_index_DirectoryReader.java,451,warning,2
src_java_org_apache_lucene_index_DirectoryReader.java,993,warning,2
src_java_org_apache_lucene_index_DirectoryReader.java,633,warning,2
src_java_org_apache_lucene_index_DirectoryReader.java,306,warning,2
src_java_org_apache_lucene_index_DirectoryReader.java,1004,error,1
src_java_org_apache_lucene_index_DirectoryReader.java,860,warning,2
src_java_org_apache_lucene_index_DirectoryReader.java,651,warning,2
src_java_org_apache_lucene_index_DirectoryReader.java,467,warning,2
src_java_org_apache_lucene_index_DirectoryReader.java,959,warning,2
src_java_org_apache_lucene_index_DirectoryReader.java,974,warning,2
src_java_org_apache_lucene_index_DirectoryReader.java,915,warning,2
src_java_org_apache_lucene_index_DirectoryReader.java,1215,warning,2
src_java_org_apache_lucene_index_DirectoryReader.java,313,warning,2
src_java_org_apache_lucene_index_DirectoryReader.java,582,warning,2
src_java_org_apache_lucene_index_DirectoryReader.java,568,warning,2
src_java_org_apache_lucene_index_DirectoryReader.java,1197,warning,2
src_java_org_apache_lucene_index_DirectoryReader.java,793,warning,2
src_java_org_apache_lucene_index_DirectoryReader.java,331,warning,2
src_java_org_apache_lucene_index_DirectoryReader.java,929,warning,2
src_java_org_apache_lucene_index_DirectoryReader.java,181,error,1
src_java_org_apache_lucene_index_DirectoryReader.java,434,warning,2
src_java_org_apache_lucene_index_DirectoryReader.java,817,warning,2
src_java_org_apache_lucene_index_DirectoryReader.java,846,warning,2
src_java_org_apache_lucene_index_DirectoryReader.java,1175,error,1
src_java_org_apache_lucene_index_DirectoryReader.java,113,warning,2
src_java_org_apache_lucene_index_DirectoryReader.java,1231,warning,2
src_java_org_apache_lucene_index_DirectoryReader.java,422,warning,2
src_java_org_apache_lucene_index_DirectoryReader.java,207,warning,2
src_java_org_apache_lucene_index_DirectoryReader.java,1127,warning,2
src_java_org_apache_lucene_index_DirectoryReader.java,671,warning,2
src_java_org_apache_lucene_index_DirectoryReader.java,1138,warning,2
src_java_org_apache_lucene_index_DirectoryReader.java,464,warning,2
src_java_org_apache_lucene_index_DirectoryReader.java,570,warning,2
src_java_org_apache_lucene_index_DirectoryReader.java,726,warning,2
src_java_org_apache_lucene_index_DirectoryReader.java,1000,warning,2
src_java_org_apache_lucene_index_DirectoryReader.java,443,error,1
src_java_org_apache_lucene_index_DirectoryReader.java,578,warning,2
src_java_org_apache_lucene_index_DirectoryReader.java,153,warning,2
src_java_org_apache_lucene_index_DirectoryReader.java,825,warning,2
src_java_org_apache_lucene_index_DirectoryReader.java,1199,warning,2
src_java_org_apache_lucene_index_DirectoryReader.java,1161,warning,2
src_java_org_apache_lucene_index_DirectoryReader.java,1142,warning,2
src_java_org_apache_lucene_index_DirectoryReader.java,678,warning,2
src_java_org_apache_lucene_index_DirectoryReader.java,630,warning,2
src_java_org_apache_lucene_index_DirectoryReader.java,738,warning,2
src_java_org_apache_lucene_index_DirectoryReader.java,287,error,1
src_java_org_apache_lucene_index_DirectoryReader.java,463,error,1
src_java_org_apache_lucene_index_DirectoryReader.java,43,warning,2
src_java_org_apache_lucene_index_DirectoryReader.java,239,warning,2
src_java_org_apache_lucene_index_DirectoryReader.java,266,error,1
src_java_org_apache_lucene_index_DirectoryReader.java,990,error,1
src_java_org_apache_lucene_index_DirectoryReader.java,156,error,1
src_java_org_apache_lucene_index_DirectoryReader.java,164,warning,2
src_java_org_apache_lucene_index_DirectoryReader.java,1150,warning,2
src_java_org_apache_lucene_index_DirectoryReader.java,453,warning,2
src_java_org_apache_lucene_index_DirectoryReader.java,185,warning,2
src_java_org_apache_lucene_index_DirectoryReader.java,1163,warning,2
src_java_org_apache_lucene_index_DirectoryReader.java,256,warning,2
src_java_org_apache_lucene_index_DirectoryReader.java,621,warning,2
src_java_org_apache_lucene_index_DirectoryReader.java,255,warning,2
src_java_org_apache_lucene_index_DirectoryReader.java,795,warning,2
src_java_org_apache_lucene_index_DirectoryReader.java,1082,warning,2
src_java_org_apache_lucene_index_DirectoryReader.java,833,warning,2
src_java_org_apache_lucene_index_DirectoryReader.java,661,error,1
src_java_org_apache_lucene_index_DirectoryReader.java,430,error,1
src_java_org_apache_lucene_index_DirectoryReader.java,1041,warning,2
src_java_org_apache_lucene_index_DirectoryReader.java,444,warning,2
src_java_org_apache_lucene_index_DirectoryReader.java,1152,warning,2
src_java_org_apache_lucene_index_DirectoryReader.java,1030,warning,2
src_java_org_apache_lucene_index_DirectoryReader.java,1056,warning,2
src_java_org_apache_lucene_index_DirectoryReader.java,428,warning,2
src_java_org_apache_lucene_index_DirectoryReader.java,650,warning,2
src_java_org_apache_lucene_index_DirectoryReader.java,1169,error,1
src_java_org_apache_lucene_index_DirectoryReader.java,672,error,1
src_java_org_apache_lucene_index_DirectoryReader.java,1048,warning,2
src_java_org_apache_lucene_index_DirectoryReader.java,1172,warning,2
src_java_org_apache_lucene_index_DirectoryReader.java,684,error,1
src_java_org_apache_lucene_index_DirectoryReader.java,344,warning,2
src_java_org_apache_lucene_index_DirectoryReader.java,1195,warning,2
src_java_org_apache_lucene_index_DirectoryReader.java,1235,warning,2
src_java_org_apache_lucene_index_DirectoryReader.java,105,warning,2
src_java_org_apache_lucene_index_DirectoryReader.java,715,warning,2
src_java_org_apache_lucene_index_DirectoryReader.java,637,warning,2
src_java_org_apache_lucene_index_DirectoryReader.java,90,warning,2
src_java_org_apache_lucene_index_DirectoryReader.java,45,error,1
src_java_org_apache_lucene_index_DirectoryReader.java,884,warning,2
src_java_org_apache_lucene_index_DirectoryReader.java,1068,error,1
src_java_org_apache_lucene_index_DirectoryReader.java,618,error,1
src_java_org_apache_lucene_index_DirectoryReader.java,1205,warning,2
src_java_org_apache_lucene_index_DirectoryReader.java,588,warning,2
src_java_org_apache_lucene_index_DirectoryReader.java,777,warning,2
src_java_org_apache_lucene_index_DirectoryReader.java,190,warning,2
src_java_org_apache_lucene_index_DirectoryReader.java,358,warning,2
src_java_org_apache_lucene_index_DirectoryReader.java,635,warning,2
src_java_org_apache_lucene_index_DirectoryReader.java,964,warning,2
src_java_org_apache_lucene_index_DirectoryReader.java,88,warning,2
src_java_org_apache_lucene_index_DirectoryReader.java,293,warning,2
src_java_org_apache_lucene_index_DirectoryReader.java,545,warning,2
src_java_org_apache_lucene_index_DirectoryReader.java,300,warning,2
src_java_org_apache_lucene_index_DirectoryReader.java,718,warning,2
src_java_org_apache_lucene_index_DirectoryReader.java,118,warning,2
src_java_org_apache_lucene_index_DirectoryReader.java,790,warning,2
src_java_org_apache_lucene_index_DirectoryReader.java,767,warning,2
src_java_org_apache_lucene_index_DirectoryReader.java,356,warning,2
src_java_org_apache_lucene_index_DirectoryReader.java,727,warning,2
src_java_org_apache_lucene_index_DirectoryReader.java,61,error,1
src_java_org_apache_lucene_index_DirectoryReader.java,439,warning,2
src_java_org_apache_lucene_index_DirectoryReader.java,289,error,1
src_java_org_apache_lucene_index_DirectoryReader.java,426,warning,2
src_java_org_apache_lucene_index_DirectoryReader.java,581,warning,2
src_java_org_apache_lucene_index_DirectoryReader.java,752,warning,2
src_java_org_apache_lucene_index_DirectoryReader.java,1019,warning,2
src_java_org_apache_lucene_index_DirectoryReader.java,532,warning,2
src_java_org_apache_lucene_index_DirectoryReader.java,950,warning,2
src_java_org_apache_lucene_index_DirectoryReader.java,159,warning,2
src_java_org_apache_lucene_index_DirectoryReader.java,918,warning,2
src_java_org_apache_lucene_index_DirectoryReader.java,441,error,1
src_java_org_apache_lucene_index_DirectoryReader.java,549,warning,2
src_java_org_apache_lucene_index_DirectoryReader.java,257,warning,2
src_java_org_apache_lucene_index_DirectoryReader.java,818,warning,2
src_java_org_apache_lucene_index_DirectoryReader.java,700,warning,2
src_java_org_apache_lucene_index_DirectoryReader.java,743,warning,2
src_java_org_apache_lucene_index_DirectoryReader.java,1077,error,1
src_java_org_apache_lucene_index_DirectoryReader.java,908,warning,2
src_java_org_apache_lucene_index_DirectoryReader.java,417,error,1
src_java_org_apache_lucene_index_DirectoryReader.java,84,warning,2
src_java_org_apache_lucene_index_DirectoryReader.java,1045,warning,2
src_java_org_apache_lucene_index_DirectoryReader.java,294,warning,2
src_java_org_apache_lucene_index_DirectoryReader.java,526,warning,2
src_java_org_apache_lucene_index_DirectoryReader.java,519,warning,2
src_java_org_apache_lucene_index_DirectoryReader.java,395,error,1
src_java_org_apache_lucene_index_DirectoryReader.java,1132,warning,2
src_java_org_apache_lucene_index_DirectoryReader.java,475,warning,2
src_java_org_apache_lucene_index_DirectoryReader.java,1143,error,1
src_java_org_apache_lucene_index_DirectoryReader.java,272,warning,2
src_java_org_apache_lucene_index_DirectoryReader.java,481,warning,2
src_java_org_apache_lucene_index_DirectoryReader.java,1102,warning,2
src_java_org_apache_lucene_index_DirectoryReader.java,1170,error,1
src_java_org_apache_lucene_index_DirectoryReader.java,690,warning,2
src_java_org_apache_lucene_index_DirectoryReader.java,1153,warning,2
src_java_org_apache_lucene_index_DirectoryReader.java,1160,error,1
src_java_org_apache_lucene_index_DirectoryReader.java,969,warning,2
src_java_org_apache_lucene_index_DirectoryReader.java,334,warning,2
src_java_org_apache_lucene_index_DirectoryReader.java,567,error,1
src_java_org_apache_lucene_index_DirectoryReader.java,769,warning,2
src_java_org_apache_lucene_index_DirectoryReader.java,937,warning,2
src_java_org_apache_lucene_index_DirectoryReader.java,1229,warning,2
src_java_org_apache_lucene_index_DirectoryReader.java,406,warning,2
src_java_org_apache_lucene_index_DirectoryReader.java,411,warning,2
src_java_org_apache_lucene_index_DirectoryReader.java,780,warning,2
src_java_org_apache_lucene_index_DirectoryReader.java,925,error,1
src_java_org_apache_lucene_index_DirectoryReader.java,163,warning,2
src_java_org_apache_lucene_index_DirectoryReader.java,167,warning,2
src_java_org_apache_lucene_index_DirectoryReader.java,472,error,1
src_java_org_apache_lucene_index_DirectoryReader.java,594,warning,2
src_java_org_apache_lucene_index_DirectoryReader.java,74,error,1
src_java_org_apache_lucene_index_DirectoryReader.java,1066,error,1
src_java_org_apache_lucene_index_DirectoryReader.java,241,warning,2
src_java_org_apache_lucene_index_DirectoryReader.java,312,warning,2
src_java_org_apache_lucene_index_DirectoryReader.java,580,error,1
src_java_org_apache_lucene_index_DirectoryReader.java,615,warning,2
src_java_org_apache_lucene_index_DirectoryReader.java,907,warning,2
src_java_org_apache_lucene_index_DirectoryReader.java,1122,error,1
src_java_org_apache_lucene_index_DirectoryReader.java,471,warning,2
src_java_org_apache_lucene_index_DirectoryReader.java,1092,warning,2
src_java_org_apache_lucene_index_DirectoryReader.java,862,warning,2
src_java_org_apache_lucene_index_DirectoryReader.java,1067,error,1
src_java_org_apache_lucene_index_DirectoryReader.java,602,error,1
src_java_org_apache_lucene_index_DirectoryReader.java,1078,error,1
src_java_org_apache_lucene_index_DirectoryReader.java,1098,warning,2
src_java_org_apache_lucene_index_DirectoryReader.java,841,warning,2
src_java_org_apache_lucene_index_DirectoryReader.java,924,error,1
src_java_org_apache_lucene_index_DirectoryReader.java,1241,warning,2
src_java_org_apache_lucene_index_DirectoryReader.java,1031,warning,2
src_java_org_apache_lucene_index_DirectoryReader.java,460,warning,2
src_java_org_apache_lucene_index_DirectoryReader.java,485,error,1
src_java_org_apache_lucene_index_DirectoryReader.java,997,error,1
src_java_org_apache_lucene_index_DirectoryReader.java,805,warning,2
src_java_org_apache_lucene_index_DirectoryReader.java,86,warning,2
src_java_org_apache_lucene_index_DirectoryReader.java,119,warning,2
src_java_org_apache_lucene_index_DirectoryReader.java,852,warning,2
src_java_org_apache_lucene_index_DirectoryReader.java,353,warning,2
src_java_org_apache_lucene_index_DirectoryReader.java,57,error,1
src_java_org_apache_lucene_index_DirectoryReader.java,548,warning,2
src_java_org_apache_lucene_index_DirectoryReader.java,686,warning,2
src_java_org_apache_lucene_index_DirectoryReader.java,80,warning,2
src_java_org_apache_lucene_index_DirectoryReader.java,1037,warning,2
src_java_org_apache_lucene_index_DirectoryReader.java,1168,error,1
src_java_org_apache_lucene_index_DirectoryReader.java,658,warning,2
src_java_org_apache_lucene_index_DirectoryReader.java,307,warning,2
src_java_org_apache_lucene_index_DirectoryReader.java,458,warning,2
src_java_org_apache_lucene_index_DirectoryReader.java,339,warning,2
src_java_org_apache_lucene_index_DirectoryReader.java,77,error,1
src_java_org_apache_lucene_index_DirectoryReader.java,557,warning,2
src_java_org_apache_lucene_index_DirectoryReader.java,872,warning,2
src_java_org_apache_lucene_index_DirectoryReader.java,135,warning,2
src_java_org_apache_lucene_index_DirectoryReader.java,857,warning,2
src_java_org_apache_lucene_index_DirectoryReader.java,1109,error,1
src_java_org_apache_lucene_index_DirectoryReader.java,304,warning,2
src_java_org_apache_lucene_index_DirectoryReader.java,1080,error,1
src_java_org_apache_lucene_index_DirectoryReader.java,320,warning,2
src_java_org_apache_lucene_index_DirectoryReader.java,424,warning,2
src_java_org_apache_lucene_index_DirectoryReader.java,724,warning,2
src_java_org_apache_lucene_index_DirectoryReader.java,149,warning,2
src_java_org_apache_lucene_index_DirectoryReader.java,1129,warning,2
src_java_org_apache_lucene_index_DirectoryReader.java,820,warning,2
src_java_org_apache_lucene_index_DirectoryReader.java,65,error,1
src_java_org_apache_lucene_index_DirectoryReader.java,364,warning,2
src_java_org_apache_lucene_index_DirectoryReader.java,1064,warning,2
src_java_org_apache_lucene_index_DirectoryReader.java,869,warning,2
src_java_org_apache_lucene_index_DirectoryReader.java,1212,warning,2
src_java_org_apache_lucene_index_DirectoryReader.java,759,warning,2
src_java_org_apache_lucene_index_DirectoryReader.java,199,warning,2
src_java_org_apache_lucene_index_DirectoryReader.java,644,warning,2
src_java_org_apache_lucene_index_DirectoryReader.java,894,warning,2
src_java_org_apache_lucene_index_DirectoryReader.java,553,warning,2
src_java_org_apache_lucene_index_DirectoryReader.java,1230,error,1
src_java_org_apache_lucene_index_DirectoryReader.java,831,error,1
src_java_org_apache_lucene_index_DirectoryReader.java,433,warning,2
src_java_org_apache_lucene_index_DirectoryReader.java,1076,error,1
src_java_org_apache_lucene_index_DirectoryReader.java,891,error,1
src_java_org_apache_lucene_index_DirectoryReader.java,583,warning,2
src_java_org_apache_lucene_index_DirectoryReader.java,737,warning,2
src_java_org_apache_lucene_index_DirectoryReader.java,1210,warning,2
src_java_org_apache_lucene_index_DirectoryReader.java,1021,warning,2
src_java_org_apache_lucene_index_DirectoryReader.java,1091,warning,2
src_java_org_apache_lucene_index_DirectoryReader.java,1234,error,1
src_java_org_apache_lucene_index_DirectoryReader.java,551,error,1
src_java_org_apache_lucene_index_DirectoryReader.java,531,warning,2
src_java_org_apache_lucene_index_DirectoryReader.java,627,warning,2
src_java_org_apache_lucene_index_DirectoryReader.java,1115,error,1
src_java_org_apache_lucene_index_DirectoryReader.java,350,warning,2
src_java_org_apache_lucene_index_DirectoryReader.java,1042,warning,2
src_java_org_apache_lucene_index_DirectoryReader.java,972,warning,2
src_java_org_apache_lucene_index_DirectoryReader.java,298,warning,2
src_java_org_apache_lucene_index_DirectoryReader.java,849,warning,2
src_java_org_apache_lucene_index_DirectoryReader.java,1213,warning,2
src_java_org_apache_lucene_index_DirectoryReader.java,947,warning,2
src_java_org_apache_lucene_index_DirectoryReader.java,836,error,1
src_java_org_apache_lucene_index_DirectoryReader.java,988,warning,2
src_java_org_apache_lucene_index_DirectoryReader.java,1180,warning,2
src_java_org_apache_lucene_index_DirectoryReader.java,501,warning,2
src_java_org_apache_lucene_index_DirectoryReader.java,667,error,1
src_java_org_apache_lucene_index_DirectoryReader.java,75,error,1
src_java_org_apache_lucene_index_DirectoryReader.java,1149,warning,2
src_java_org_apache_lucene_index_DirectoryReader.java,322,warning,2
src_java_org_apache_lucene_index_DirectoryReader.java,32,warning,2
src_java_org_apache_lucene_index_DirectoryReader.java,328,warning,2
src_java_org_apache_lucene_index_DirectoryReader.java,609,warning,2
src_java_org_apache_lucene_index_DirectoryReader.java,930,warning,2
src_java_org_apache_lucene_index_DirectoryReader.java,657,warning,2
src_java_org_apache_lucene_index_DirectoryReader.java,886,error,1
src_java_org_apache_lucene_index_DirectoryReader.java,1005,warning,2
src_java_org_apache_lucene_index_DirectoryReader.java,610,warning,2
src_java_org_apache_lucene_index_DirectoryReader.java,1191,error,1
src_java_org_apache_lucene_index_DirectoryReader.java,211,warning,2
src_java_org_apache_lucene_index_DirectoryReader.java,596,warning,2
src_java_org_apache_lucene_index_DirectoryReader.java,970,warning,2
src_java_org_apache_lucene_index_DirectoryReader.java,49,error,1
src_java_org_apache_lucene_index_DirectoryReader.java,183,warning,2
src_java_org_apache_lucene_index_DirectoryReader.java,878,warning,2
src_java_org_apache_lucene_index_DirectoryReader.java,212,warning,2
src_java_org_apache_lucene_index_DirectoryReader.java,381,warning,2
src_java_org_apache_lucene_index_DirectoryReader.java,410,warning,2
src_java_org_apache_lucene_index_DirectoryReader.java,431,warning,2
src_java_org_apache_lucene_index_DirectoryReader.java,330,warning,2
src_java_org_apache_lucene_index_DirectoryReader.java,654,warning,2
src_java_org_apache_lucene_index_DirectoryReader.java,942,warning,2
src_java_org_apache_lucene_index_DirectoryReader.java,1183,error,1
src_java_org_apache_lucene_index_DirectoryReader.java,1085,warning,2
src_java_org_apache_lucene_index_DirectoryReader.java,1110,warning,2
src_java_org_apache_lucene_index_DirectoryReader.java,957,warning,2
src_java_org_apache_lucene_index_DirectoryReader.java,1073,error,1
src_java_org_apache_lucene_index_DirectoryReader.java,1165,warning,2
src_java_org_apache_lucene_index_DirectoryReader.java,479,error,1
src_java_org_apache_lucene_index_DirectoryReader.java,286,warning,2
src_java_org_apache_lucene_index_DirectoryReader.java,282,warning,2
src_java_org_apache_lucene_index_DirectoryReader.java,745,warning,2
src_java_org_apache_lucene_index_DirectoryReader.java,1171,warning,2
src_java_org_apache_lucene_index_DirectoryReader.java,446,warning,2
src_java_org_apache_lucene_index_DirectoryReader.java,921,error,1
src_java_org_apache_lucene_index_DirectoryReader.java,1151,warning,2
src_java_org_apache_lucene_index_DirectoryReader.java,292,warning,2
src_java_org_apache_lucene_index_DirectoryReader.java,54,error,1
src_java_org_apache_lucene_index_DirectoryReader.java,776,warning,2
src_java_org_apache_lucene_index_DirectoryReader.java,566,warning,2
src_java_org_apache_lucene_index_DirectoryReader.java,806,warning,2
src_java_org_apache_lucene_index_DirectoryReader.java,683,error,1
src_java_org_apache_lucene_index_DirectoryReader.java,1011,warning,2
src_java_org_apache_lucene_index_DirectoryReader.java,373,warning,2
src_java_org_apache_lucene_index_DirectoryReader.java,572,warning,2
src_java_org_apache_lucene_index_DirectoryReader.java,1181,warning,2
src_java_org_apache_lucene_index_DirectoryReader.java,117,warning,2
src_java_org_apache_lucene_index_DirectoryReader.java,771,warning,2
src_java_org_apache_lucene_index_DirectoryReader.java,587,warning,2
src_java_org_apache_lucene_index_DirectoryReader.java,552,warning,2
src_java_org_apache_lucene_index_DirectoryReader.java,129,warning,2
src_java_org_apache_lucene_index_DirectoryReader.java,251,warning,2
src_java_org_apache_lucene_index_DirectoryReader.java,1018,error,1
src_java_org_apache_lucene_index_DirectoryReader.java,975,warning,2
src_java_org_apache_lucene_index_DirectoryReader.java,244,warning,2
src_java_org_apache_lucene_index_DirectoryReader.java,913,warning,2
src_java_org_apache_lucene_index_DirectoryReader.java,1192,warning,2
src_java_org_apache_lucene_index_DirectoryReader.java,76,error,1
src_java_org_apache_lucene_index_DirectoryReader.java,808,warning,2
src_java_org_apache_lucene_index_DirectoryReader.java,62,error,1
src_java_org_apache_lucene_index_DirectoryReader.java,698,error,1
src_java_org_apache_lucene_index_DirectoryReader.java,498,warning,2
src_java_org_apache_lucene_index_DirectoryReader.java,127,warning,2
src_java_org_apache_lucene_index_DirectoryReader.java,927,error,1
src_java_org_apache_lucene_index_DirectoryReader.java,174,warning,2
src_java_org_apache_lucene_index_DirectoryReader.java,413,warning,2
src_java_org_apache_lucene_index_DirectoryReader.java,911,warning,2
src_java_org_apache_lucene_index_DirectoryReader.java,561,warning,2
src_java_org_apache_lucene_index_DirectoryReader.java,1140,warning,2
src_java_org_apache_lucene_index_DirectoryReader.java,1184,warning,2
src_java_org_apache_lucene_index_DirectoryReader.java,347,warning,2
src_java_org_apache_lucene_index_DirectoryReader.java,1106,warning,2
src_java_org_apache_lucene_index_DirectoryReader.java,220,warning,2
src_java_org_apache_lucene_index_DirectoryReader.java,305,warning,2
src_java_org_apache_lucene_index_DirectoryReader.java,599,warning,2
src_java_org_apache_lucene_index_DirectoryReader.java,681,warning,2
src_java_org_apache_lucene_index_DirectoryReader.java,1124,warning,2
src_java_org_apache_lucene_index_DirectoryReader.java,480,warning,2
src_java_org_apache_lucene_index_DirectoryReader.java,564,error,1
src_java_org_apache_lucene_index_DirectoryReader.java,1060,warning,2
src_java_org_apache_lucene_index_DirectoryReader.java,729,warning,2
src_java_org_apache_lucene_index_DirectoryReader.java,1157,warning,2
src_java_org_apache_lucene_index_DirectoryReader.java,983,error,1
src_java_org_apache_lucene_index_DirectoryReader.java,1050,warning,2
src_java_org_apache_lucene_index_DirectoryReader.java,194,error,1
src_java_org_apache_lucene_index_DirectoryReader.java,468,warning,2
src_java_org_apache_lucene_index_DirectoryReader.java,920,error,1
src_java_org_apache_lucene_index_DirectoryReader.java,140,warning,2
src_java_org_apache_lucene_index_DirectoryReader.java,1024,warning,2
src_java_org_apache_lucene_index_DirectoryReader.java,143,warning,2
src_java_org_apache_lucene_index_DirectoryReader.java,1013,warning,2
src_java_org_apache_lucene_index_DirectoryReader.java,44,error,1
src_java_org_apache_lucene_index_DirectoryReader.java,340,warning,2
src_java_org_apache_lucene_index_DirectoryReader.java,1095,error,1
src_java_org_apache_lucene_index_DirectoryReader.java,311,warning,2
src_java_org_apache_lucene_index_DirectoryReader.java,1174,error,1
src_java_org_apache_lucene_index_DirectoryReader.java,810,warning,2
src_java_org_apache_lucene_index_DirectoryReader.java,1240,warning,2
src_java_org_apache_lucene_index_DirectoryReader.java,827,error,1
src_java_org_apache_lucene_index_DirectoryReader.java,412,warning,2
src_java_org_apache_lucene_index_DirectoryReader.java,577,error,1
src_java_org_apache_lucene_index_DirectoryReader.java,772,warning,2
src_java_org_apache_lucene_index_DirectoryReader.java,980,error,1
src_java_org_apache_lucene_index_DirectoryReader.java,814,warning,2
src_java_org_apache_lucene_index_DirectoryReader.java,622,warning,2
src_java_org_apache_lucene_index_DirectoryReader.java,537,warning,2
src_java_org_apache_lucene_index_DirectoryReader.java,196,warning,2
src_java_org_apache_lucene_index_DirectoryReader.java,933,warning,2
src_java_org_apache_lucene_index_DirectoryReader.java,1006,warning,2
src_java_org_apache_lucene_index_DirectoryReader.java,1,error,1
src_java_org_apache_lucene_index_DirectoryReader.java,1070,error,1
src_java_org_apache_lucene_index_DirectoryReader.java,83,error,1
src_java_org_apache_lucene_index_DirectoryReader.java,619,warning,2
src_java_org_apache_lucene_index_DirectoryReader.java,555,error,1
src_java_org_apache_lucene_index_DirectoryReader.java,1040,warning,2
src_java_org_apache_lucene_index_DirectoryReader.java,150,error,1
src_java_org_apache_lucene_index_DirectoryReader.java,112,warning,2
src_java_org_apache_lucene_index_DirectoryReader.java,457,warning,2
src_java_org_apache_lucene_index_DirectoryReader.java,892,warning,2
src_java_org_apache_lucene_index_DirectoryReader.java,325,error,1
src_java_org_apache_lucene_index_DirectoryReader.java,452,warning,2
src_java_org_apache_lucene_index_DirectoryReader.java,1139,warning,2
src_java_org_apache_lucene_index_DirectoryReader.java,271,error,1
src_java_org_apache_lucene_index_DirectoryReader.java,341,warning,2
src_java_org_apache_lucene_index_DirectoryReader.java,682,warning,2
src_java_org_apache_lucene_index_DirectoryReader.java,93,warning,2
src_java_org_apache_lucene_index_DirectoryReader.java,393,warning,2
src_java_org_apache_lucene_index_DirectoryReader.java,944,warning,2
src_java_org_apache_lucene_index_DirectoryReader.java,646,warning,2
src_java_org_apache_lucene_index_DirectoryReader.java,69,warning,2
src_java_org_apache_lucene_index_DirectoryReader.java,1034,warning,2
src_java_org_apache_lucene_index_DirectoryReader.java,377,warning,2
src_java_org_apache_lucene_index_DirectoryReader.java,838,warning,2
src_java_org_apache_lucene_index_DirectoryReader.java,634,error,1
src_java_org_apache_lucene_index_DirectoryReader.java,493,warning,2
src_java_org_apache_lucene_index_DirectoryReader.java,203,warning,2
src_java_org_apache_lucene_index_DirectoryReader.java,259,warning,2
src_java_org_apache_lucene_index_DirectoryReader.java,122,warning,2
src_java_org_apache_lucene_index_DirectoryReader.java,563,warning,2
src_java_org_apache_lucene_index_DirectoryReader.java,1162,warning,2
src_java_org_apache_lucene_index_DirectoryReader.java,511,warning,2
src_java_org_apache_lucene_index_DirectoryReader.java,861,warning,2
src_java_org_apache_lucene_index_DirectoryReader.java,792,warning,2
src_java_org_apache_lucene_index_DirectoryReader.java,326,error,1
src_java_org_apache_lucene_index_DirectoryReader.java,382,error,1
src_java_org_apache_lucene_index_DirectoryReader.java,297,warning,2
src_java_org_apache_lucene_index_DirectoryReader.java,1035,warning,2
src_java_org_apache_lucene_index_DirectoryReader.java,1189,warning,2
src_java_org_apache_lucene_index_DirectoryReader.java,248,warning,2
src_java_org_apache_lucene_index_DirectoryReader.java,784,warning,2
src_java_org_apache_lucene_index_DirectoryReader.java,442,warning,2
src_java_org_apache_lucene_index_DirectoryReader.java,487,error,1
src_java_org_apache_lucene_index_DirectoryReader.java,146,warning,2
src_java_org_apache_lucene_index_DirectoryReader.java,629,warning,2
src_java_org_apache_lucene_index_DirectoryReader.java,359,error,1
src_java_org_apache_lucene_index_DirectoryReader.java,348,error,1
src_java_org_apache_lucene_index_DirectoryReader.java,142,warning,2
src_java_org_apache_lucene_index_DirectoryReader.java,591,error,1
src_java_org_apache_lucene_index_DirectoryReader.java,108,warning,2
src_java_org_apache_lucene_index_DirectoryReader.java,910,error,1
src_java_org_apache_lucene_index_DirectoryReader.java,68,warning,2
src_java_org_apache_lucene_index_DirectoryReader.java,1156,warning,2
src_java_org_apache_lucene_index_DirectoryReader.java,29,warning,2
src_java_org_apache_lucene_index_DirectoryReader.java,597,warning,2
src_java_org_apache_lucene_index_DirectoryReader.java,733,warning,2
src_java_org_apache_lucene_index_DirectoryReader.java,354,error,1
src_java_org_apache_lucene_index_DirectoryReader.java,324,warning,2
src_java_org_apache_lucene_index_DirectoryReader.java,302,error,1
src_java_org_apache_lucene_index_DirectoryReader.java,242,warning,2
src_java_org_apache_lucene_index_DirectoryReader.java,791,warning,2
src_java_org_apache_lucene_index_DirectoryReader.java,1101,warning,2
contrib_analyzers_common_src_java_org_apache_lucene_analysis_br_BrazilianAnalyzer.java,135,error,1
contrib_analyzers_common_src_java_org_apache_lucene_analysis_br_BrazilianAnalyzer.java,188,error,1
contrib_analyzers_common_src_java_org_apache_lucene_analysis_br_BrazilianAnalyzer.java,62,error,1
contrib_analyzers_common_src_java_org_apache_lucene_analysis_br_BrazilianAnalyzer.java,105,error,1
contrib_analyzers_common_src_java_org_apache_lucene_analysis_br_BrazilianAnalyzer.java,147,warning,2
contrib_analyzers_common_src_java_org_apache_lucene_analysis_br_BrazilianAnalyzer.java,91,warning,2
contrib_analyzers_common_src_java_org_apache_lucene_analysis_br_BrazilianAnalyzer.java,110,error,1
contrib_analyzers_common_src_java_org_apache_lucene_analysis_br_BrazilianAnalyzer.java,206,error,1
contrib_analyzers_common_src_java_org_apache_lucene_analysis_br_BrazilianAnalyzer.java,90,warning,2
contrib_analyzers_common_src_java_org_apache_lucene_analysis_br_BrazilianAnalyzer.java,45,error,1
contrib_analyzers_common_src_java_org_apache_lucene_analysis_br_BrazilianAnalyzer.java,127,error,1
contrib_analyzers_common_src_java_org_apache_lucene_analysis_br_BrazilianAnalyzer.java,210,error,1
contrib_analyzers_common_src_java_org_apache_lucene_analysis_br_BrazilianAnalyzer.java,125,warning,2
contrib_analyzers_common_src_java_org_apache_lucene_analysis_br_BrazilianAnalyzer.java,174,warning,2
contrib_analyzers_common_src_java_org_apache_lucene_analysis_br_BrazilianAnalyzer.java,230,warning,2
contrib_analyzers_common_src_java_org_apache_lucene_analysis_br_BrazilianAnalyzer.java,65,error,1
contrib_analyzers_common_src_java_org_apache_lucene_analysis_br_BrazilianAnalyzer.java,190,warning,2
contrib_analyzers_common_src_java_org_apache_lucene_analysis_br_BrazilianAnalyzer.java,27,warning,2
contrib_analyzers_common_src_java_org_apache_lucene_analysis_br_BrazilianAnalyzer.java,73,error,1
contrib_analyzers_common_src_java_org_apache_lucene_analysis_br_BrazilianAnalyzer.java,124,warning,2
contrib_analyzers_common_src_java_org_apache_lucene_analysis_br_BrazilianAnalyzer.java,88,error,1
contrib_analyzers_common_src_java_org_apache_lucene_analysis_br_BrazilianAnalyzer.java,136,error,1
contrib_analyzers_common_src_java_org_apache_lucene_analysis_br_BrazilianAnalyzer.java,199,warning,2
contrib_analyzers_common_src_java_org_apache_lucene_analysis_br_BrazilianAnalyzer.java,220,error,1
contrib_analyzers_common_src_java_org_apache_lucene_analysis_br_BrazilianAnalyzer.java,193,error,1
contrib_analyzers_common_src_java_org_apache_lucene_analysis_br_BrazilianAnalyzer.java,123,warning,2
contrib_analyzers_common_src_java_org_apache_lucene_analysis_br_BrazilianAnalyzer.java,61,error,1
contrib_analyzers_common_src_java_org_apache_lucene_analysis_br_BrazilianAnalyzer.java,148,warning,2
contrib_analyzers_common_src_java_org_apache_lucene_analysis_br_BrazilianAnalyzer.java,173,warning,2
contrib_analyzers_common_src_java_org_apache_lucene_analysis_br_BrazilianAnalyzer.java,235,warning,2
contrib_analyzers_common_src_java_org_apache_lucene_analysis_br_BrazilianAnalyzer.java,3,error,1
contrib_analyzers_common_src_java_org_apache_lucene_analysis_br_BrazilianAnalyzer.java,97,warning,2
contrib_analyzers_common_src_java_org_apache_lucene_analysis_br_BrazilianAnalyzer.java,224,error,1
contrib_analyzers_common_src_java_org_apache_lucene_analysis_br_BrazilianAnalyzer.java,89,error,1
contrib_analyzers_common_src_java_org_apache_lucene_analysis_br_BrazilianAnalyzer.java,92,warning,2
contrib_analyzers_common_src_java_org_apache_lucene_analysis_br_BrazilianAnalyzer.java,229,warning,2
contrib_analyzers_common_src_java_org_apache_lucene_analysis_br_BrazilianAnalyzer.java,140,warning,2
contrib_analyzers_common_src_java_org_apache_lucene_analysis_br_BrazilianAnalyzer.java,204,error,1
contrib_analyzers_common_src_java_org_apache_lucene_analysis_br_BrazilianAnalyzer.java,152,warning,2
contrib_analyzers_common_src_java_org_apache_lucene_analysis_br_BrazilianAnalyzer.java,236,warning,2
contrib_analyzers_common_src_java_org_apache_lucene_analysis_br_BrazilianAnalyzer.java,182,warning,2
contrib_analyzers_common_src_java_org_apache_lucene_analysis_br_BrazilianAnalyzer.java,205,error,1
contrib_analyzers_common_src_java_org_apache_lucene_analysis_br_BrazilianAnalyzer.java,52,warning,2
contrib_analyzers_common_src_java_org_apache_lucene_analysis_br_BrazilianAnalyzer.java,85,warning,2
contrib_analyzers_common_src_java_org_apache_lucene_analysis_br_BrazilianAnalyzer.java,36,error,1
contrib_analyzers_common_src_java_org_apache_lucene_analysis_br_BrazilianAnalyzer.java,223,warning,2
contrib_analyzers_common_src_java_org_apache_lucene_analysis_br_BrazilianAnalyzer.java,232,error,1
contrib_analyzers_common_src_java_org_apache_lucene_analysis_br_BrazilianAnalyzer.java,84,error,1
contrib_analyzers_common_src_java_org_apache_lucene_analysis_br_BrazilianAnalyzer.java,231,warning,2
contrib_analyzers_common_src_java_org_apache_lucene_analysis_br_BrazilianAnalyzer.java,180,warning,2
contrib_analyzers_common_src_java_org_apache_lucene_analysis_br_BrazilianAnalyzer.java,71,error,1
contrib_analyzers_common_src_java_org_apache_lucene_analysis_br_BrazilianAnalyzer.java,196,error,1
contrib_analyzers_common_src_java_org_apache_lucene_analysis_br_BrazilianAnalyzer.java,189,warning,2
contrib_analyzers_common_src_java_org_apache_lucene_analysis_br_BrazilianAnalyzer.java,177,warning,2
contrib_analyzers_common_src_java_org_apache_lucene_analysis_br_BrazilianAnalyzer.java,103,warning,2
contrib_analyzers_common_src_java_org_apache_lucene_analysis_br_BrazilianAnalyzer.java,187,error,1
contrib_analyzers_common_src_java_org_apache_lucene_analysis_br_BrazilianAnalyzer.java,1,error,1
contrib_analyzers_common_src_java_org_apache_lucene_analysis_br_BrazilianAnalyzer.java,137,warning,2
contrib_analyzers_common_src_java_org_apache_lucene_analysis_br_BrazilianAnalyzer.java,67,error,1
contrib_analyzers_common_src_java_org_apache_lucene_analysis_br_BrazilianAnalyzer.java,72,error,1
contrib_analyzers_common_src_java_org_apache_lucene_analysis_br_BrazilianAnalyzer.java,112,warning,2
contrib_analyzers_common_src_java_org_apache_lucene_analysis_br_BrazilianAnalyzer.java,75,error,1
contrib_analyzers_common_src_java_org_apache_lucene_analysis_br_BrazilianAnalyzer.java,169,warning,2
contrib_analyzers_common_src_java_org_apache_lucene_analysis_br_BrazilianAnalyzer.java,181,warning,2
contrib_analyzers_common_src_java_org_apache_lucene_analysis_br_BrazilianAnalyzer.java,111,warning,2
contrib_analyzers_common_src_java_org_apache_lucene_analysis_br_BrazilianAnalyzer.java,114,error,1
contrib_analyzers_common_src_java_org_apache_lucene_analysis_br_BrazilianAnalyzer.java,195,error,1
contrib_analyzers_common_src_java_org_apache_lucene_analysis_br_BrazilianAnalyzer.java,213,warning,2
contrib_analyzers_common_src_java_org_apache_lucene_analysis_br_BrazilianAnalyzer.java,207,warning,2
contrib_analyzers_common_src_java_org_apache_lucene_analysis_br_BrazilianAnalyzer.java,211,error,1
contrib_analyzers_common_src_java_org_apache_lucene_analysis_br_BrazilianAnalyzer.java,69,error,1
contrib_analyzers_common_src_java_org_apache_lucene_analysis_br_BrazilianAnalyzer.java,165,warning,2
contrib_analyzers_common_src_java_org_apache_lucene_analysis_br_BrazilianAnalyzer.java,179,error,1
contrib_analyzers_common_src_java_org_apache_lucene_analysis_br_BrazilianAnalyzer.java,212,error,1
contrib_analyzers_common_src_java_org_apache_lucene_analysis_br_BrazilianAnalyzer.java,240,warning,2
contrib_analyzers_common_src_java_org_apache_lucene_analysis_br_BrazilianAnalyzer.java,163,warning,2
contrib_analyzers_common_src_java_org_apache_lucene_analysis_br_BrazilianAnalyzer.java,162,error,1
contrib_analyzers_common_src_java_org_apache_lucene_analysis_br_BrazilianAnalyzer.java,155,warning,2
contrib_analyzers_common_src_java_org_apache_lucene_analysis_br_BrazilianAnalyzer.java,64,error,1
contrib_analyzers_common_src_java_org_apache_lucene_analysis_br_BrazilianAnalyzer.java,66,error,1
contrib_analyzers_common_src_java_org_apache_lucene_analysis_br_BrazilianAnalyzer.java,160,warning,2
contrib_analyzers_common_src_java_org_apache_lucene_analysis_br_BrazilianAnalyzer.java,203,error,1
contrib_analyzers_common_src_java_org_apache_lucene_analysis_br_BrazilianAnalyzer.java,59,error,1
contrib_analyzers_common_src_java_org_apache_lucene_analysis_br_BrazilianAnalyzer.java,122,error,1
contrib_analyzers_common_src_java_org_apache_lucene_analysis_br_BrazilianAnalyzer.java,78,error,1
contrib_analyzers_common_src_java_org_apache_lucene_analysis_br_BrazilianAnalyzer.java,74,error,1
contrib_analyzers_common_src_java_org_apache_lucene_analysis_br_BrazilianAnalyzer.java,239,warning,2
contrib_analyzers_common_src_java_org_apache_lucene_analysis_br_BrazilianAnalyzer.java,219,error,1
contrib_analyzers_common_src_java_org_apache_lucene_analysis_br_BrazilianAnalyzer.java,156,warning,2
contrib_analyzers_common_src_java_org_apache_lucene_analysis_br_BrazilianAnalyzer.java,164,warning,2
contrib_analyzers_common_src_java_org_apache_lucene_analysis_br_BrazilianAnalyzer.java,60,error,1
contrib_analyzers_common_src_java_org_apache_lucene_analysis_br_BrazilianAnalyzer.java,70,error,1
contrib_analyzers_common_src_java_org_apache_lucene_analysis_br_BrazilianAnalyzer.java,171,error,1
contrib_analyzers_common_src_java_org_apache_lucene_analysis_br_BrazilianAnalyzer.java,154,error,1
contrib_analyzers_common_src_java_org_apache_lucene_analysis_br_BrazilianAnalyzer.java,200,error,1
contrib_analyzers_common_src_java_org_apache_lucene_analysis_br_BrazilianAnalyzer.java,227,warning,2
contrib_analyzers_common_src_java_org_apache_lucene_analysis_br_BrazilianAnalyzer.java,185,warning,2
contrib_analyzers_common_src_java_org_apache_lucene_analysis_br_BrazilianAnalyzer.java,234,warning,2
contrib_analyzers_common_src_java_org_apache_lucene_analysis_br_BrazilianAnalyzer.java,63,error,1
contrib_analyzers_common_src_java_org_apache_lucene_analysis_br_BrazilianAnalyzer.java,146,error,1
contrib_analyzers_common_src_java_org_apache_lucene_analysis_br_BrazilianAnalyzer.java,86,warning,2
contrib_analyzers_common_src_java_org_apache_lucene_analysis_br_BrazilianAnalyzer.java,228,warning,2
contrib_analyzers_common_src_java_org_apache_lucene_analysis_br_BrazilianAnalyzer.java,237,warning,2
contrib_analyzers_common_src_java_org_apache_lucene_analysis_br_BrazilianAnalyzer.java,172,error,1
contrib_analyzers_common_src_java_org_apache_lucene_analysis_br_BrazilianAnalyzer.java,144,warning,2
contrib_analyzers_common_src_java_org_apache_lucene_analysis_br_BrazilianAnalyzer.java,108,error,1
contrib_analyzers_common_src_java_org_apache_lucene_analysis_br_BrazilianAnalyzer.java,68,error,1
contrib_analyzers_common_src_java_org_apache_lucene_analysis_br_BrazilianAnalyzer.java,138,warning,2
contrib_analyzers_common_src_java_org_apache_lucene_analysis_br_BrazilianAnalyzer.java,29,warning,2
contrib_analyzers_common_src_java_org_apache_lucene_analysis_br_BrazilianAnalyzer.java,202,error,1
contrib_analyzers_common_src_java_org_apache_lucene_analysis_br_BrazilianAnalyzer.java,208,warning,2
contrib_analyzers_common_src_java_org_apache_lucene_analysis_br_BrazilianAnalyzer.java,238,warning,2
contrib_analyzers_common_src_java_org_apache_lucene_analysis_br_BrazilianAnalyzer.java,226,warning,2
contrib_analyzers_common_src_java_org_apache_lucene_analysis_br_BrazilianAnalyzer.java,201,error,1
contrib_analyzers_common_src_java_org_apache_lucene_analysis_br_BrazilianAnalyzer.java,225,warning,2
contrib_analyzers_common_src_java_org_apache_lucene_analysis_br_BrazilianAnalyzer.java,56,warning,2
contrib_analyzers_common_src_java_org_apache_lucene_analysis_br_BrazilianAnalyzer.java,82,warning,2
contrib_analyzers_common_src_java_org_apache_lucene_analysis_br_BrazilianAnalyzer.java,77,error,1
contrib_analyzers_common_src_java_org_apache_lucene_analysis_br_BrazilianAnalyzer.java,76,error,1
contrib_analyzers_common_src_java_org_apache_lucene_analysis_cn_ChineseFilter.java,89,warning,2
contrib_analyzers_common_src_java_org_apache_lucene_analysis_cn_ChineseFilter.java,70,warning,2
contrib_analyzers_common_src_java_org_apache_lucene_analysis_cn_ChineseFilter.java,23,warning,2
contrib_analyzers_common_src_java_org_apache_lucene_analysis_cn_ChineseFilter.java,100,warning,2
contrib_analyzers_common_src_java_org_apache_lucene_analysis_cn_ChineseFilter.java,95,warning,2
contrib_analyzers_common_src_java_org_apache_lucene_analysis_cn_ChineseFilter.java,81,warning,2
contrib_analyzers_common_src_java_org_apache_lucene_analysis_cn_ChineseFilter.java,54,warning,2
contrib_analyzers_common_src_java_org_apache_lucene_analysis_cn_ChineseFilter.java,101,warning,2
contrib_analyzers_common_src_java_org_apache_lucene_analysis_cn_ChineseFilter.java,52,warning,2
contrib_analyzers_common_src_java_org_apache_lucene_analysis_cn_ChineseFilter.java,63,error,1
contrib_analyzers_common_src_java_org_apache_lucene_analysis_cn_ChineseFilter.java,85,error,1
contrib_analyzers_common_src_java_org_apache_lucene_analysis_cn_ChineseFilter.java,55,warning,2
contrib_analyzers_common_src_java_org_apache_lucene_analysis_cn_ChineseFilter.java,79,error,1
contrib_analyzers_common_src_java_org_apache_lucene_analysis_cn_ChineseFilter.java,86,warning,2
contrib_analyzers_common_src_java_org_apache_lucene_analysis_cn_ChineseFilter.java,73,warning,2
contrib_analyzers_common_src_java_org_apache_lucene_analysis_cn_ChineseFilter.java,88,warning,2
contrib_analyzers_common_src_java_org_apache_lucene_analysis_cn_ChineseFilter.java,50,error,1
contrib_analyzers_common_src_java_org_apache_lucene_analysis_cn_ChineseFilter.java,64,warning,2
contrib_analyzers_common_src_java_org_apache_lucene_analysis_cn_ChineseFilter.java,66,warning,2
contrib_analyzers_common_src_java_org_apache_lucene_analysis_cn_ChineseFilter.java,53,warning,2
contrib_analyzers_common_src_java_org_apache_lucene_analysis_cn_ChineseFilter.java,97,warning,2
contrib_analyzers_common_src_java_org_apache_lucene_analysis_cn_ChineseFilter.java,68,warning,2
contrib_analyzers_common_src_java_org_apache_lucene_analysis_cn_ChineseFilter.java,59,error,1
contrib_analyzers_common_src_java_org_apache_lucene_analysis_cn_ChineseFilter.java,1,error,1
contrib_analyzers_common_src_java_org_apache_lucene_analysis_cn_ChineseFilter.java,78,warning,2
contrib_analyzers_common_src_java_org_apache_lucene_analysis_cn_ChineseFilter.java,51,warning,2
contrib_analyzers_common_src_java_org_apache_lucene_analysis_cn_ChineseFilter.java,74,error,1
contrib_analyzers_common_src_java_org_apache_lucene_analysis_cn_ChineseFilter.java,67,warning,2
contrib_analyzers_common_src_java_org_apache_lucene_analysis_cn_ChineseFilter.java,94,warning,2
contrib_analyzers_common_src_java_org_apache_lucene_analysis_cn_ChineseFilter.java,87,warning,2
contrib_analyzers_common_src_java_org_apache_lucene_analysis_cn_ChineseFilter.java,99,warning,2
contrib_analyzers_common_src_java_org_apache_lucene_analysis_cn_ChineseFilter.java,61,error,1
contrib_analyzers_common_src_java_org_apache_lucene_analysis_cn_ChineseFilter.java,46,warning,2
contrib_analyzers_common_src_java_org_apache_lucene_analysis_cn_ChineseFilter.java,75,warning,2
contrib_analyzers_common_src_java_org_apache_lucene_analysis_cn_ChineseFilter.java,82,warning,2
contrib_analyzers_common_src_java_org_apache_lucene_analysis_cn_ChineseFilter.java,3,error,1
src_java_org_apache_lucene_util_OpenBitSet.java,801,warning,2
src_java_org_apache_lucene_util_OpenBitSet.java,188,warning,2
src_java_org_apache_lucene_util_OpenBitSet.java,604,error,1
src_java_org_apache_lucene_util_OpenBitSet.java,707,error,1
src_java_org_apache_lucene_util_OpenBitSet.java,110,error,1
src_java_org_apache_lucene_util_OpenBitSet.java,708,warning,2
src_java_org_apache_lucene_util_OpenBitSet.java,399,warning,2
src_java_org_apache_lucene_util_OpenBitSet.java,696,warning,2
src_java_org_apache_lucene_util_OpenBitSet.java,387,error,1
src_java_org_apache_lucene_util_OpenBitSet.java,126,error,1
src_java_org_apache_lucene_util_OpenBitSet.java,291,error,1
src_java_org_apache_lucene_util_OpenBitSet.java,673,error,1
src_java_org_apache_lucene_util_OpenBitSet.java,562,error,1
src_java_org_apache_lucene_util_OpenBitSet.java,607,error,1
src_java_org_apache_lucene_util_OpenBitSet.java,161,error,1
src_java_org_apache_lucene_util_OpenBitSet.java,329,error,1
src_java_org_apache_lucene_util_OpenBitSet.java,518,warning,2
src_java_org_apache_lucene_util_OpenBitSet.java,647,error,1
src_java_org_apache_lucene_util_OpenBitSet.java,812,error,1
src_java_org_apache_lucene_util_OpenBitSet.java,547,warning,2
src_java_org_apache_lucene_util_OpenBitSet.java,404,error,1
src_java_org_apache_lucene_util_OpenBitSet.java,321,error,1
src_java_org_apache_lucene_util_OpenBitSet.java,186,error,1
src_java_org_apache_lucene_util_OpenBitSet.java,218,error,1
src_java_org_apache_lucene_util_OpenBitSet.java,807,error,1
src_java_org_apache_lucene_util_OpenBitSet.java,722,warning,2
src_java_org_apache_lucene_util_OpenBitSet.java,235,warning,2
src_java_org_apache_lucene_util_OpenBitSet.java,550,warning,2
src_java_org_apache_lucene_util_OpenBitSet.java,712,warning,2
src_java_org_apache_lucene_util_OpenBitSet.java,753,warning,2
src_java_org_apache_lucene_util_OpenBitSet.java,247,error,1
src_java_org_apache_lucene_util_OpenBitSet.java,459,error,1
src_java_org_apache_lucene_util_OpenBitSet.java,613,error,1
src_java_org_apache_lucene_util_OpenBitSet.java,270,error,1
src_java_org_apache_lucene_util_OpenBitSet.java,370,warning,2
src_java_org_apache_lucene_util_OpenBitSet.java,469,error,1
src_java_org_apache_lucene_util_OpenBitSet.java,407,warning,2
src_java_org_apache_lucene_util_OpenBitSet.java,362,warning,2
src_java_org_apache_lucene_util_OpenBitSet.java,55,error,1
src_java_org_apache_lucene_util_OpenBitSet.java,58,error,1
src_java_org_apache_lucene_util_OpenBitSet.java,285,error,1
src_java_org_apache_lucene_util_OpenBitSet.java,473,warning,2
src_java_org_apache_lucene_util_OpenBitSet.java,704,warning,2
src_java_org_apache_lucene_util_OpenBitSet.java,102,error,1
src_java_org_apache_lucene_util_OpenBitSet.java,486,error,1
src_java_org_apache_lucene_util_OpenBitSet.java,421,warning,2
src_java_org_apache_lucene_util_OpenBitSet.java,645,warning,2
src_java_org_apache_lucene_util_OpenBitSet.java,656,error,1
src_java_org_apache_lucene_util_OpenBitSet.java,451,error,1
src_java_org_apache_lucene_util_OpenBitSet.java,633,warning,2
src_java_org_apache_lucene_util_OpenBitSet.java,625,error,1
src_java_org_apache_lucene_util_OpenBitSet.java,462,warning,2
src_java_org_apache_lucene_util_OpenBitSet.java,306,error,1
src_java_org_apache_lucene_util_OpenBitSet.java,281,warning,2
src_java_org_apache_lucene_util_OpenBitSet.java,651,warning,2
src_java_org_apache_lucene_util_OpenBitSet.java,467,error,1
src_java_org_apache_lucene_util_OpenBitSet.java,710,warning,2
src_java_org_apache_lucene_util_OpenBitSet.java,582,warning,2
src_java_org_apache_lucene_util_OpenBitSet.java,568,warning,2
src_java_org_apache_lucene_util_OpenBitSet.java,614,warning,2
src_java_org_apache_lucene_util_OpenBitSet.java,556,warning,2
src_java_org_apache_lucene_util_OpenBitSet.java,793,error,1
src_java_org_apache_lucene_util_OpenBitSet.java,593,warning,2
src_java_org_apache_lucene_util_OpenBitSet.java,331,error,1
src_java_org_apache_lucene_util_OpenBitSet.java,181,error,1
src_java_org_apache_lucene_util_OpenBitSet.java,434,warning,2
src_java_org_apache_lucene_util_OpenBitSet.java,113,warning,2
src_java_org_apache_lucene_util_OpenBitSet.java,692,warning,2
src_java_org_apache_lucene_util_OpenBitSet.java,632,error,1
src_java_org_apache_lucene_util_OpenBitSet.java,422,warning,2
src_java_org_apache_lucene_util_OpenBitSet.java,798,error,1
src_java_org_apache_lucene_util_OpenBitSet.java,671,error,1
src_java_org_apache_lucene_util_OpenBitSet.java,175,warning,2
src_java_org_apache_lucene_util_OpenBitSet.java,576,error,1
src_java_org_apache_lucene_util_OpenBitSet.java,570,warning,2
src_java_org_apache_lucene_util_OpenBitSet.java,726,warning,2
src_java_org_apache_lucene_util_OpenBitSet.java,162,warning,2
src_java_org_apache_lucene_util_OpenBitSet.java,443,warning,2
src_java_org_apache_lucene_util_OpenBitSet.java,578,warning,2
src_java_org_apache_lucene_util_OpenBitSet.java,155,error,1
src_java_org_apache_lucene_util_OpenBitSet.java,401,warning,2
src_java_org_apache_lucene_util_OpenBitSet.java,440,error,1
src_java_org_apache_lucene_util_OpenBitSet.java,774,error,1
src_java_org_apache_lucene_util_OpenBitSet.java,678,error,1
src_java_org_apache_lucene_util_OpenBitSet.java,367,error,1
src_java_org_apache_lucene_util_OpenBitSet.java,176,warning,2
src_java_org_apache_lucene_util_OpenBitSet.java,630,warning,2
src_java_org_apache_lucene_util_OpenBitSet.java,738,warning,2
src_java_org_apache_lucene_util_OpenBitSet.java,258,warning,2
src_java_org_apache_lucene_util_OpenBitSet.java,396,warning,2
src_java_org_apache_lucene_util_OpenBitSet.java,516,error,1
src_java_org_apache_lucene_util_OpenBitSet.java,287,warning,2
src_java_org_apache_lucene_util_OpenBitSet.java,239,warning,2
src_java_org_apache_lucene_util_OpenBitSet.java,337,error,1
src_java_org_apache_lucene_util_OpenBitSet.java,694,error,1
src_java_org_apache_lucene_util_OpenBitSet.java,156,error,1
src_java_org_apache_lucene_util_OpenBitSet.java,352,warning,2
src_java_org_apache_lucene_util_OpenBitSet.java,164,warning,2
src_java_org_apache_lucene_util_OpenBitSet.java,685,warning,2
src_java_org_apache_lucene_util_OpenBitSet.java,730,error,1
src_java_org_apache_lucene_util_OpenBitSet.java,453,warning,2
src_java_org_apache_lucene_util_OpenBitSet.java,81,error,1
src_java_org_apache_lucene_util_OpenBitSet.java,185,error,1
src_java_org_apache_lucene_util_OpenBitSet.java,628,error,1
src_java_org_apache_lucene_util_OpenBitSet.java,256,error,1
src_java_org_apache_lucene_util_OpenBitSet.java,655,error,1
src_java_org_apache_lucene_util_OpenBitSet.java,346,error,1
src_java_org_apache_lucene_util_OpenBitSet.java,709,warning,2
src_java_org_apache_lucene_util_OpenBitSet.java,255,error,1
src_java_org_apache_lucene_util_OpenBitSet.java,676,warning,2
src_java_org_apache_lucene_util_OpenBitSet.java,795,warning,2
src_java_org_apache_lucene_util_OpenBitSet.java,661,error,1
src_java_org_apache_lucene_util_OpenBitSet.java,430,warning,2
src_java_org_apache_lucene_util_OpenBitSet.java,141,error,1
src_java_org_apache_lucene_util_OpenBitSet.java,756,error,1
src_java_org_apache_lucene_util_OpenBitSet.java,740,error,1
src_java_org_apache_lucene_util_OpenBitSet.java,444,warning,2
src_java_org_apache_lucene_util_OpenBitSet.java,374,error,1
src_java_org_apache_lucene_util_OpenBitSet.java,144,error,1
src_java_org_apache_lucene_util_OpenBitSet.java,420,warning,2
src_java_org_apache_lucene_util_OpenBitSet.java,260,warning,2
src_java_org_apache_lucene_util_OpenBitSet.java,279,warning,2
src_java_org_apache_lucene_util_OpenBitSet.java,428,error,1
src_java_org_apache_lucene_util_OpenBitSet.java,238,warning,2
src_java_org_apache_lucene_util_OpenBitSet.java,813,warning,2
src_java_org_apache_lucene_util_OpenBitSet.java,245,error,1
src_java_org_apache_lucene_util_OpenBitSet.java,734,error,1
src_java_org_apache_lucene_util_OpenBitSet.java,650,warning,2
src_java_org_apache_lucene_util_OpenBitSet.java,714,warning,2
src_java_org_apache_lucene_util_OpenBitSet.java,672,error,1
src_java_org_apache_lucene_util_OpenBitSet.java,664,warning,2
src_java_org_apache_lucene_util_OpenBitSet.java,316,warning,2
src_java_org_apache_lucene_util_OpenBitSet.java,82,error,1
src_java_org_apache_lucene_util_OpenBitSet.java,684,warning,2
src_java_org_apache_lucene_util_OpenBitSet.java,648,warning,2
src_java_org_apache_lucene_util_OpenBitSet.java,736,warning,2
src_java_org_apache_lucene_util_OpenBitSet.java,147,error,1
src_java_org_apache_lucene_util_OpenBitSet.java,637,warning,2
src_java_org_apache_lucene_util_OpenBitSet.java,786,warning,2
src_java_org_apache_lucene_util_OpenBitSet.java,90,warning,2
src_java_org_apache_lucene_util_OpenBitSet.java,595,warning,2
src_java_org_apache_lucene_util_OpenBitSet.java,450,error,1
src_java_org_apache_lucene_util_OpenBitSet.java,408,warning,2
src_java_org_apache_lucene_util_OpenBitSet.java,588,warning,2
src_java_org_apache_lucene_util_OpenBitSet.java,73,error,1
src_java_org_apache_lucene_util_OpenBitSet.java,635,warning,2
src_java_org_apache_lucene_util_OpenBitSet.java,797,error,1
src_java_org_apache_lucene_util_OpenBitSet.java,335,warning,2
src_java_org_apache_lucene_util_OpenBitSet.java,88,error,1
src_java_org_apache_lucene_util_OpenBitSet.java,293,error,1
src_java_org_apache_lucene_util_OpenBitSet.java,118,warning,2
src_java_org_apache_lucene_util_OpenBitSet.java,790,warning,2
src_java_org_apache_lucene_util_OpenBitSet.java,767,error,1
src_java_org_apache_lucene_util_OpenBitSet.java,356,warning,2
src_java_org_apache_lucene_util_OpenBitSet.java,727,warning,2
src_java_org_apache_lucene_util_OpenBitSet.java,666,error,1
src_java_org_apache_lucene_util_OpenBitSet.java,735,error,1
src_java_org_apache_lucene_util_OpenBitSet.java,439,error,1
src_java_org_apache_lucene_util_OpenBitSet.java,679,error,1
src_java_org_apache_lucene_util_OpenBitSet.java,89,warning,2
src_java_org_apache_lucene_util_OpenBitSet.java,605,warning,2
src_java_org_apache_lucene_util_OpenBitSet.java,581,warning,2
src_java_org_apache_lucene_util_OpenBitSet.java,752,warning,2
src_java_org_apache_lucene_util_OpenBitSet.java,159,error,1
src_java_org_apache_lucene_util_OpenBitSet.java,418,warning,2
src_java_org_apache_lucene_util_OpenBitSet.java,441,error,1
src_java_org_apache_lucene_util_OpenBitSet.java,549,error,1
src_java_org_apache_lucene_util_OpenBitSet.java,257,error,1
src_java_org_apache_lucene_util_OpenBitSet.java,236,error,1
src_java_org_apache_lucene_util_OpenBitSet.java,296,warning,2
src_java_org_apache_lucene_util_OpenBitSet.java,700,error,1
src_java_org_apache_lucene_util_OpenBitSet.java,743,warning,2
src_java_org_apache_lucene_util_OpenBitSet.java,280,warning,2
src_java_org_apache_lucene_util_OpenBitSet.java,766,warning,2
src_java_org_apache_lucene_util_OpenBitSet.java,295,error,1
src_java_org_apache_lucene_util_OpenBitSet.java,779,warning,2
src_java_org_apache_lucene_util_OpenBitSet.java,184,error,1
src_java_org_apache_lucene_util_OpenBitSet.java,417,error,1
src_java_org_apache_lucene_util_OpenBitSet.java,778,error,1
src_java_org_apache_lucene_util_OpenBitSet.java,189,warning,2
src_java_org_apache_lucene_util_OpenBitSet.java,357,warning,2
src_java_org_apache_lucene_util_OpenBitSet.java,294,error,1
src_java_org_apache_lucene_util_OpenBitSet.java,398,warning,2
src_java_org_apache_lucene_util_OpenBitSet.java,565,error,1
src_java_org_apache_lucene_util_OpenBitSet.java,603,error,1
src_java_org_apache_lucene_util_OpenBitSet.java,770,warning,2
src_java_org_apache_lucene_util_OpenBitSet.java,481,warning,2
src_java_org_apache_lucene_util_OpenBitSet.java,195,error,1
src_java_org_apache_lucene_util_OpenBitSet.java,332,error,1
src_java_org_apache_lucene_util_OpenBitSet.java,133,error,1
src_java_org_apache_lucene_util_OpenBitSet.java,690,error,1
src_java_org_apache_lucene_util_OpenBitSet.java,590,error,1
src_java_org_apache_lucene_util_OpenBitSet.java,742,warning,2
src_java_org_apache_lucene_util_OpenBitSet.java,249,warning,2
src_java_org_apache_lucene_util_OpenBitSet.java,626,warning,2
src_java_org_apache_lucene_util_OpenBitSet.java,429,error,1
src_java_org_apache_lucene_util_OpenBitSet.java,760,warning,2
src_java_org_apache_lucene_util_OpenBitSet.java,379,error,1
src_java_org_apache_lucene_util_OpenBitSet.java,334,warning,2
src_java_org_apache_lucene_util_OpenBitSet.java,567,error,1
src_java_org_apache_lucene_util_OpenBitSet.java,769,error,1
src_java_org_apache_lucene_util_OpenBitSet.java,406,warning,2
src_java_org_apache_lucene_util_OpenBitSet.java,38,error,1
src_java_org_apache_lucene_util_OpenBitSet.java,449,error,1
src_java_org_apache_lucene_util_OpenBitSet.java,780,error,1
src_java_org_apache_lucene_util_OpenBitSet.java,163,warning,2
src_java_org_apache_lucene_util_OpenBitSet.java,342,error,1
src_java_org_apache_lucene_util_OpenBitSet.java,472,warning,2
src_java_org_apache_lucene_util_OpenBitSet.java,594,warning,2
src_java_org_apache_lucene_util_OpenBitSet.java,482,warning,2
src_java_org_apache_lucene_util_OpenBitSet.java,368,warning,2
src_java_org_apache_lucene_util_OpenBitSet.java,94,error,1
src_java_org_apache_lucene_util_OpenBitSet.java,580,warning,2
src_java_org_apache_lucene_util_OpenBitSet.java,638,warning,2
src_java_org_apache_lucene_util_OpenBitSet.java,219,error,1
src_java_org_apache_lucene_util_OpenBitSet.java,471,warning,2
src_java_org_apache_lucene_util_OpenBitSet.java,720,error,1
src_java_org_apache_lucene_util_OpenBitSet.java,171,error,1
src_java_org_apache_lucene_util_OpenBitSet.java,773,error,1
src_java_org_apache_lucene_util_OpenBitSet.java,380,error,1
src_java_org_apache_lucene_util_OpenBitSet.java,702,warning,2
src_java_org_apache_lucene_util_OpenBitSet.java,461,warning,2
src_java_org_apache_lucene_util_OpenBitSet.java,369,warning,2
src_java_org_apache_lucene_util_OpenBitSet.java,602,error,1
src_java_org_apache_lucene_util_OpenBitSet.java,713,warning,2
src_java_org_apache_lucene_util_OpenBitSet.java,695,warning,2
src_java_org_apache_lucene_util_OpenBitSet.java,234,error,1
src_java_org_apache_lucene_util_OpenBitSet.java,616,warning,2
src_java_org_apache_lucene_util_OpenBitSet.java,460,warning,2
src_java_org_apache_lucene_util_OpenBitSet.java,233,error,1
src_java_org_apache_lucene_util_OpenBitSet.java,805,error,1
src_java_org_apache_lucene_util_OpenBitSet.java,86,warning,2
src_java_org_apache_lucene_util_OpenBitSet.java,751,warning,2
src_java_org_apache_lucene_util_OpenBitSet.java,353,error,1
src_java_org_apache_lucene_util_OpenBitSet.java,608,error,1
src_java_org_apache_lucene_util_OpenBitSet.java,548,warning,2
src_java_org_apache_lucene_util_OpenBitSet.java,697,warning,2
src_java_org_apache_lucene_util_OpenBitSet.java,686,warning,2
src_java_org_apache_lucene_util_OpenBitSet.java,80,warning,2
src_java_org_apache_lucene_util_OpenBitSet.java,699,error,1
src_java_org_apache_lucene_util_OpenBitSet.java,768,error,1
src_java_org_apache_lucene_util_OpenBitSet.java,569,warning,2
src_java_org_apache_lucene_util_OpenBitSet.java,669,warning,2
src_java_org_apache_lucene_util_OpenBitSet.java,658,warning,2
src_java_org_apache_lucene_util_OpenBitSet.java,307,warning,2
src_java_org_apache_lucene_util_OpenBitSet.java,397,warning,2
src_java_org_apache_lucene_util_OpenBitSet.java,323,error,1
src_java_org_apache_lucene_util_OpenBitSet.java,416,error,1
src_java_org_apache_lucene_util_OpenBitSet.java,268,error,1
src_java_org_apache_lucene_util_OpenBitSet.java,458,warning,2
src_java_org_apache_lucene_util_OpenBitSet.java,557,warning,2
src_java_org_apache_lucene_util_OpenBitSet.java,135,warning,2
src_java_org_apache_lucene_util_OpenBitSet.java,304,error,1
src_java_org_apache_lucene_util_OpenBitSet.java,345,error,1
src_java_org_apache_lucene_util_OpenBitSet.java,456,error,1
src_java_org_apache_lucene_util_OpenBitSet.java,149,error,1
src_java_org_apache_lucene_util_OpenBitSet.java,612,warning,2
src_java_org_apache_lucene_util_OpenBitSet.java,364,warning,2
src_java_org_apache_lucene_util_OpenBitSet.java,30,error,1
src_java_org_apache_lucene_util_OpenBitSet.java,759,error,1
src_java_org_apache_lucene_util_OpenBitSet.java,478,error,1
src_java_org_apache_lucene_util_OpenBitSet.java,643,error,1
src_java_org_apache_lucene_util_OpenBitSet.java,611,error,1
src_java_org_apache_lucene_util_OpenBitSet.java,199,warning,2
src_java_org_apache_lucene_util_OpenBitSet.java,811,warning,2
src_java_org_apache_lucene_util_OpenBitSet.java,433,warning,2
src_java_org_apache_lucene_util_OpenBitSet.java,737,warning,2
src_java_org_apache_lucene_util_OpenBitSet.java,721,warning,2
src_java_org_apache_lucene_util_OpenBitSet.java,262,error,1
src_java_org_apache_lucene_util_OpenBitSet.java,419,warning,2
src_java_org_apache_lucene_util_OpenBitSet.java,706,error,1
src_java_org_apache_lucene_util_OpenBitSet.java,705,warning,2
src_java_org_apache_lucene_util_OpenBitSet.java,23,warning,2
src_java_org_apache_lucene_util_OpenBitSet.java,115,error,1
src_java_org_apache_lucene_util_OpenBitSet.java,343,error,1
src_java_org_apache_lucene_util_OpenBitSet.java,787,error,1
src_java_org_apache_lucene_util_OpenBitSet.java,350,error,1
src_java_org_apache_lucene_util_OpenBitSet.java,298,warning,2
src_java_org_apache_lucene_util_OpenBitSet.java,454,warning,2
src_java_org_apache_lucene_util_OpenBitSet.java,217,error,1
src_java_org_apache_lucene_util_OpenBitSet.java,802,warning,2
src_java_org_apache_lucene_util_OpenBitSet.java,592,error,1
src_java_org_apache_lucene_util_OpenBitSet.java,668,warning,2
src_java_org_apache_lucene_util_OpenBitSet.java,103,warning,2
src_java_org_apache_lucene_util_OpenBitSet.java,371,warning,2
src_java_org_apache_lucene_util_OpenBitSet.java,725,error,1
src_java_org_apache_lucene_util_OpenBitSet.java,394,warning,2
src_java_org_apache_lucene_util_OpenBitSet.java,674,warning,2
src_java_org_apache_lucene_util_OpenBitSet.java,26,error,1
src_java_org_apache_lucene_util_OpenBitSet.java,67,error,1
src_java_org_apache_lucene_util_OpenBitSet.java,667,warning,2
src_java_org_apache_lucene_util_OpenBitSet.java,652,warning,2
src_java_org_apache_lucene_util_OpenBitSet.java,111,warning,2
src_java_org_apache_lucene_util_OpenBitSet.java,512,warning,2
src_java_org_apache_lucene_util_OpenBitSet.java,34,error,1
src_java_org_apache_lucene_util_OpenBitSet.java,322,error,1
src_java_org_apache_lucene_util_OpenBitSet.java,328,error,1
src_java_org_apache_lucene_util_OpenBitSet.java,609,warning,2
src_java_org_apache_lucene_util_OpenBitSet.java,657,warning,2
src_java_org_apache_lucene_util_OpenBitSet.java,507,error,1
src_java_org_apache_lucene_util_OpenBitSet.java,711,error,1
src_java_org_apache_lucene_util_OpenBitSet.java,183,error,1
src_java_org_apache_lucene_util_OpenBitSet.java,10,warning,2
src_java_org_apache_lucene_util_OpenBitSet.java,431,warning,2
src_java_org_apache_lucene_util_OpenBitSet.java,389,warning,2
src_java_org_apache_lucene_util_OpenBitSet.java,330,error,1
src_java_org_apache_lucene_util_OpenBitSet.java,654,error,1
src_java_org_apache_lucene_util_OpenBitSet.java,40,error,1
src_java_org_apache_lucene_util_OpenBitSet.java,479,error,1
src_java_org_apache_lucene_util_OpenBitSet.java,286,warning,2
src_java_org_apache_lucene_util_OpenBitSet.java,282,warning,2
src_java_org_apache_lucene_util_OpenBitSet.java,483,warning,2
src_java_org_apache_lucene_util_OpenBitSet.java,35,error,1
src_java_org_apache_lucene_util_OpenBitSet.java,662,warning,2
src_java_org_apache_lucene_util_OpenBitSet.java,506,warning,2
src_java_org_apache_lucene_util_OpenBitSet.java,292,error,1
src_java_org_apache_lucene_util_OpenBitSet.java,617,warning,2
src_java_org_apache_lucene_util_OpenBitSet.java,517,warning,2
src_java_org_apache_lucene_util_OpenBitSet.java,566,warning,2
src_java_org_apache_lucene_util_OpenBitSet.java,484,warning,2
src_java_org_apache_lucene_util_OpenBitSet.java,781,error,1
src_java_org_apache_lucene_util_OpenBitSet.java,731,warning,2
src_java_org_apache_lucene_util_OpenBitSet.java,683,error,1
src_java_org_apache_lucene_util_OpenBitSet.java,121,warning,2
src_java_org_apache_lucene_util_OpenBitSet.java,228,error,1
src_java_org_apache_lucene_util_OpenBitSet.java,427,error,1
src_java_org_apache_lucene_util_OpenBitSet.java,117,warning,2
src_java_org_apache_lucene_util_OpenBitSet.java,360,warning,2
src_java_org_apache_lucene_util_OpenBitSet.java,41,error,1
src_java_org_apache_lucene_util_OpenBitSet.java,587,error,1
src_java_org_apache_lucene_util_OpenBitSet.java,138,error,1
src_java_org_apache_lucene_util_OpenBitSet.java,788,warning,2
src_java_org_apache_lucene_util_OpenBitSet.java,491,error,1
src_java_org_apache_lucene_util_OpenBitSet.java,366,warning,2
src_java_org_apache_lucene_util_OpenBitSet.java,808,error,1
src_java_org_apache_lucene_util_OpenBitSet.java,499,error,1
src_java_org_apache_lucene_util_OpenBitSet.java,91,warning,2
src_java_org_apache_lucene_util_OpenBitSet.java,127,error,1
src_java_org_apache_lucene_util_OpenBitSet.java,174,error,1
src_java_org_apache_lucene_util_OpenBitSet.java,789,error,1
src_java_org_apache_lucene_util_OpenBitSet.java,750,error,1
src_java_org_apache_lucene_util_OpenBitSet.java,124,warning,2
src_java_org_apache_lucene_util_OpenBitSet.java,782,error,1
src_java_org_apache_lucene_util_OpenBitSet.java,198,warning,2
src_java_org_apache_lucene_util_OpenBitSet.java,220,error,1
src_java_org_apache_lucene_util_OpenBitSet.java,649,warning,2
src_java_org_apache_lucene_util_OpenBitSet.java,305,error,1
src_java_org_apache_lucene_util_OpenBitSet.java,509,warning,2
src_java_org_apache_lucene_util_OpenBitSet.java,390,error,1
src_java_org_apache_lucene_util_OpenBitSet.java,681,warning,2
src_java_org_apache_lucene_util_OpenBitSet.java,480,error,1
src_java_org_apache_lucene_util_OpenBitSet.java,564,warning,2
src_java_org_apache_lucene_util_OpenBitSet.java,277,error,1
src_java_org_apache_lucene_util_OpenBitSet.java,123,warning,2
src_java_org_apache_lucene_util_OpenBitSet.java,691,error,1
src_java_org_apache_lucene_util_OpenBitSet.java,194,error,1
src_java_org_apache_lucene_util_OpenBitSet.java,468,error,1
src_java_org_apache_lucene_util_OpenBitSet.java,754,warning,2
src_java_org_apache_lucene_util_OpenBitSet.java,405,warning,2
src_java_org_apache_lucene_util_OpenBitSet.java,267,error,1
src_java_org_apache_lucene_util_OpenBitSet.java,140,error,1
src_java_org_apache_lucene_util_OpenBitSet.java,701,error,1
src_java_org_apache_lucene_util_OpenBitSet.java,143,error,1
src_java_org_apache_lucene_util_OpenBitSet.java,775,warning,2
src_java_org_apache_lucene_util_OpenBitSet.java,52,error,1
src_java_org_apache_lucene_util_OpenBitSet.java,663,warning,2
src_java_org_apache_lucene_util_OpenBitSet.java,677,warning,2
src_java_org_apache_lucene_util_OpenBitSet.java,810,error,1
src_java_org_apache_lucene_util_OpenBitSet.java,739,error,1
src_java_org_apache_lucene_util_OpenBitSet.java,772,error,1
src_java_org_apache_lucene_util_OpenBitSet.java,577,warning,2
src_java_org_apache_lucene_util_OpenBitSet.java,622,error,1
src_java_org_apache_lucene_util_OpenBitSet.java,624,error,1
src_java_org_apache_lucene_util_OpenBitSet.java,492,error,1
src_java_org_apache_lucene_util_OpenBitSet.java,196,error,1
src_java_org_apache_lucene_util_OpenBitSet.java,246,error,1
src_java_org_apache_lucene_util_OpenBitSet.java,177,warning,2
src_java_org_apache_lucene_util_OpenBitSet.java,623,error,1
src_java_org_apache_lucene_util_OpenBitSet.java,187,warning,2
src_java_org_apache_lucene_util_OpenBitSet.java,1,error,1
src_java_org_apache_lucene_util_OpenBitSet.java,693,warning,2
src_java_org_apache_lucene_util_OpenBitSet.java,555,error,1
src_java_org_apache_lucene_util_OpenBitSet.java,137,error,1
src_java_org_apache_lucene_util_OpenBitSet.java,150,error,1
src_java_org_apache_lucene_util_OpenBitSet.java,112,warning,2
src_java_org_apache_lucene_util_OpenBitSet.java,170,error,1
src_java_org_apache_lucene_util_OpenBitSet.java,457,error,1
src_java_org_apache_lucene_util_OpenBitSet.java,660,error,1
src_java_org_apache_lucene_util_OpenBitSet.java,325,warning,2
src_java_org_apache_lucene_util_OpenBitSet.java,452,warning,2
src_java_org_apache_lucene_util_OpenBitSet.java,134,warning,2
src_java_org_apache_lucene_util_OpenBitSet.java,732,warning,2
src_java_org_apache_lucene_util_OpenBitSet.java,415,error,1
src_java_org_apache_lucene_util_OpenBitSet.java,682,warning,2
src_java_org_apache_lucene_util_OpenBitSet.java,93,error,1
src_java_org_apache_lucene_util_OpenBitSet.java,100,error,1
src_java_org_apache_lucene_util_OpenBitSet.java,579,error,1
src_java_org_apache_lucene_util_OpenBitSet.java,432,warning,2
src_java_org_apache_lucene_util_OpenBitSet.java,393,warning,2
src_java_org_apache_lucene_util_OpenBitSet.java,21,warning,2
src_java_org_apache_lucene_util_OpenBitSet.java,646,error,1
src_java_org_apache_lucene_util_OpenBitSet.java,783,warning,2
src_java_org_apache_lucene_util_OpenBitSet.java,221,warning,2
src_java_org_apache_lucene_util_OpenBitSet.java,799,warning,2
src_java_org_apache_lucene_util_OpenBitSet.java,361,warning,2
src_java_org_apache_lucene_util_OpenBitSet.java,514,warning,2
src_java_org_apache_lucene_util_OpenBitSet.java,741,warning,2
src_java_org_apache_lucene_util_OpenBitSet.java,634,error,1
src_java_org_apache_lucene_util_OpenBitSet.java,510,warning,2
src_java_org_apache_lucene_util_OpenBitSet.java,493,error,1
src_java_org_apache_lucene_util_OpenBitSet.java,809,warning,2
src_java_org_apache_lucene_util_OpenBitSet.java,274,error,1
src_java_org_apache_lucene_util_OpenBitSet.java,259,warning,2
src_java_org_apache_lucene_util_OpenBitSet.java,601,error,1
src_java_org_apache_lucene_util_OpenBitSet.java,563,warning,2
src_java_org_apache_lucene_util_OpenBitSet.java,497,error,1
src_java_org_apache_lucene_util_OpenBitSet.java,511,warning,2
src_java_org_apache_lucene_util_OpenBitSet.java,326,warning,2
src_java_org_apache_lucene_util_OpenBitSet.java,382,error,1
src_java_org_apache_lucene_util_OpenBitSet.java,297,warning,2
src_java_org_apache_lucene_util_OpenBitSet.java,250,warning,2
src_java_org_apache_lucene_util_OpenBitSet.java,70,error,1
src_java_org_apache_lucene_util_OpenBitSet.java,383,error,1
src_java_org_apache_lucene_util_OpenBitSet.java,589,warning,2
src_java_org_apache_lucene_util_OpenBitSet.java,95,warning,2
src_java_org_apache_lucene_util_OpenBitSet.java,248,warning,2
src_java_org_apache_lucene_util_OpenBitSet.java,403,warning,2
src_java_org_apache_lucene_util_OpenBitSet.java,784,error,1
src_java_org_apache_lucene_util_OpenBitSet.java,520,warning,2
src_java_org_apache_lucene_util_OpenBitSet.java,442,warning,2
src_java_org_apache_lucene_util_OpenBitSet.java,761,warning,2
src_java_org_apache_lucene_util_OpenBitSet.java,146,error,1
src_java_org_apache_lucene_util_OpenBitSet.java,629,error,1
src_java_org_apache_lucene_util_OpenBitSet.java,794,error,1
src_java_org_apache_lucene_util_OpenBitSet.java,237,warning,2
src_java_org_apache_lucene_util_OpenBitSet.java,8,warning,2
src_java_org_apache_lucene_util_OpenBitSet.java,359,warning,2
src_java_org_apache_lucene_util_OpenBitSet.java,276,warning,2
src_java_org_apache_lucene_util_OpenBitSet.java,308,warning,2
src_java_org_apache_lucene_util_OpenBitSet.java,284,warning,2
src_java_org_apache_lucene_util_OpenBitSet.java,521,warning,2
src_java_org_apache_lucene_util_OpenBitSet.java,591,warning,2
src_java_org_apache_lucene_util_OpenBitSet.java,470,warning,2
src_java_org_apache_lucene_util_OpenBitSet.java,333,warning,2
src_java_org_apache_lucene_util_OpenBitSet.java,197,warning,2
src_java_org_apache_lucene_util_OpenBitSet.java,324,warning,2
src_java_org_apache_lucene_util_OpenBitSet.java,46,warning,2
src_java_org_apache_lucene_util_OpenBitSet.java,680,warning,2
src_java_org_apache_lucene_index_DocumentsWriter.java,1339,warning,2
src_java_org_apache_lucene_index_DocumentsWriter.java,763,warning,2
src_java_org_apache_lucene_index_DocumentsWriter.java,533,error,1
src_java_org_apache_lucene_index_DocumentsWriter.java,110,warning,2
src_java_org_apache_lucene_index_DocumentsWriter.java,840,error,1
src_java_org_apache_lucene_index_DocumentsWriter.java,719,warning,2
src_java_org_apache_lucene_index_DocumentsWriter.java,387,error,1
src_java_org_apache_lucene_index_DocumentsWriter.java,126,error,1
src_java_org_apache_lucene_index_DocumentsWriter.java,1373,error,1
src_java_org_apache_lucene_index_DocumentsWriter.java,687,warning,2
src_java_org_apache_lucene_index_DocumentsWriter.java,1271,warning,2
src_java_org_apache_lucene_index_DocumentsWriter.java,291,warning,2
src_java_org_apache_lucene_index_DocumentsWriter.java,1344,warning,2
src_java_org_apache_lucene_index_DocumentsWriter.java,263,warning,2
src_java_org_apache_lucene_index_DocumentsWriter.java,288,error,1
src_java_org_apache_lucene_index_DocumentsWriter.java,935,warning,2
src_java_org_apache_lucene_index_DocumentsWriter.java,329,warning,2
src_java_org_apache_lucene_index_DocumentsWriter.java,1173,error,1
src_java_org_apache_lucene_index_DocumentsWriter.java,1290,error,1
src_java_org_apache_lucene_index_DocumentsWriter.java,1393,warning,2
src_java_org_apache_lucene_index_DocumentsWriter.java,547,error,1
src_java_org_apache_lucene_index_DocumentsWriter.java,807,warning,2
src_java_org_apache_lucene_index_DocumentsWriter.java,186,error,1
src_java_org_apache_lucene_index_DocumentsWriter.java,1268,warning,2
src_java_org_apache_lucene_index_DocumentsWriter.java,675,error,1
src_java_org_apache_lucene_index_DocumentsWriter.java,837,error,1
src_java_org_apache_lucene_index_DocumentsWriter.java,978,warning,2
src_java_org_apache_lucene_index_DocumentsWriter.java,550,error,1
src_java_org_apache_lucene_index_DocumentsWriter.java,1074,warning,2
src_java_org_apache_lucene_index_DocumentsWriter.java,1445,warning,2
src_java_org_apache_lucene_index_DocumentsWriter.java,1388,error,1
src_java_org_apache_lucene_index_DocumentsWriter.java,863,warning,2
src_java_org_apache_lucene_index_DocumentsWriter.java,1349,error,1
src_java_org_apache_lucene_index_DocumentsWriter.java,977,error,1
src_java_org_apache_lucene_index_DocumentsWriter.java,890,warning,2
src_java_org_apache_lucene_index_DocumentsWriter.java,844,warning,2
src_java_org_apache_lucene_index_DocumentsWriter.java,407,warning,2
src_java_org_apache_lucene_index_DocumentsWriter.java,362,error,1
src_java_org_apache_lucene_index_DocumentsWriter.java,58,warning,2
src_java_org_apache_lucene_index_DocumentsWriter.java,285,warning,2
src_java_org_apache_lucene_index_DocumentsWriter.java,473,warning,2
src_java_org_apache_lucene_index_DocumentsWriter.java,1318,error,1
src_java_org_apache_lucene_index_DocumentsWriter.java,744,warning,2
src_java_org_apache_lucene_index_DocumentsWriter.java,903,error,1
src_java_org_apache_lucene_index_DocumentsWriter.java,645,warning,2
src_java_org_apache_lucene_index_DocumentsWriter.java,656,warning,2
src_java_org_apache_lucene_index_DocumentsWriter.java,873,error,1
src_java_org_apache_lucene_index_DocumentsWriter.java,180,warning,2
src_java_org_apache_lucene_index_DocumentsWriter.java,462,warning,2
src_java_org_apache_lucene_index_DocumentsWriter.java,1125,warning,2
src_java_org_apache_lucene_index_DocumentsWriter.java,527,error,1
src_java_org_apache_lucene_index_DocumentsWriter.java,365,warning,2
src_java_org_apache_lucene_index_DocumentsWriter.java,1444,warning,2
src_java_org_apache_lucene_index_DocumentsWriter.java,843,warning,2
src_java_org_apache_lucene_index_DocumentsWriter.java,1084,warning,2
src_java_org_apache_lucene_index_DocumentsWriter.java,614,error,1
src_java_org_apache_lucene_index_DocumentsWriter.java,1413,warning,2
src_java_org_apache_lucene_index_DocumentsWriter.java,1509,warning,2
src_java_org_apache_lucene_index_DocumentsWriter.java,692,warning,2
src_java_org_apache_lucene_index_DocumentsWriter.java,1486,error,1
src_java_org_apache_lucene_index_DocumentsWriter.java,213,warning,2
src_java_org_apache_lucene_index_DocumentsWriter.java,632,warning,2
src_java_org_apache_lucene_index_DocumentsWriter.java,264,warning,2
src_java_org_apache_lucene_index_DocumentsWriter.java,1178,error,1
src_java_org_apache_lucene_index_DocumentsWriter.java,513,error,1
src_java_org_apache_lucene_index_DocumentsWriter.java,116,error,1
src_java_org_apache_lucene_index_DocumentsWriter.java,798,warning,2
src_java_org_apache_lucene_index_DocumentsWriter.java,528,warning,2
src_java_org_apache_lucene_index_DocumentsWriter.java,576,warning,2
src_java_org_apache_lucene_index_DocumentsWriter.java,822,warning,2
src_java_org_apache_lucene_index_DocumentsWriter.java,1071,warning,2
src_java_org_apache_lucene_index_DocumentsWriter.java,252,warning,2
src_java_org_apache_lucene_index_DocumentsWriter.java,954,warning,2
src_java_org_apache_lucene_index_DocumentsWriter.java,620,warning,2
src_java_org_apache_lucene_index_DocumentsWriter.java,319,error,1
src_java_org_apache_lucene_index_DocumentsWriter.java,162,warning,2
src_java_org_apache_lucene_index_DocumentsWriter.java,157,warning,2
src_java_org_apache_lucene_index_DocumentsWriter.java,310,error,1
src_java_org_apache_lucene_index_DocumentsWriter.java,401,error,1
src_java_org_apache_lucene_index_DocumentsWriter.java,828,warning,2
src_java_org_apache_lucene_index_DocumentsWriter.java,851,warning,2
src_java_org_apache_lucene_index_DocumentsWriter.java,1246,warning,2
src_java_org_apache_lucene_index_DocumentsWriter.java,396,error,1
src_java_org_apache_lucene_index_DocumentsWriter.java,516,warning,2
src_java_org_apache_lucene_index_DocumentsWriter.java,871,warning,2
src_java_org_apache_lucene_index_DocumentsWriter.java,991,error,1
src_java_org_apache_lucene_index_DocumentsWriter.java,1118,warning,2
src_java_org_apache_lucene_index_DocumentsWriter.java,352,warning,2
src_java_org_apache_lucene_index_DocumentsWriter.java,1335,error,1
src_java_org_apache_lucene_index_DocumentsWriter.java,685,error,1
src_java_org_apache_lucene_index_DocumentsWriter.java,81,warning,2
src_java_org_apache_lucene_index_DocumentsWriter.java,1346,warning,2
src_java_org_apache_lucene_index_DocumentsWriter.java,346,warning,2
src_java_org_apache_lucene_index_DocumentsWriter.java,423,warning,2
src_java_org_apache_lucene_index_DocumentsWriter.java,141,error,1
src_java_org_apache_lucene_index_DocumentsWriter.java,374,warning,2
src_java_org_apache_lucene_index_DocumentsWriter.java,1442,warning,2
src_java_org_apache_lucene_index_DocumentsWriter.java,1008,warning,2
src_java_org_apache_lucene_index_DocumentsWriter.java,420,error,1
src_java_org_apache_lucene_index_DocumentsWriter.java,202,error,1
src_java_org_apache_lucene_index_DocumentsWriter.java,222,error,1
src_java_org_apache_lucene_index_DocumentsWriter.java,1003,warning,2
src_java_org_apache_lucene_index_DocumentsWriter.java,1341,warning,2
src_java_org_apache_lucene_index_DocumentsWriter.java,245,error,1
src_java_org_apache_lucene_index_DocumentsWriter.java,226,error,1
src_java_org_apache_lucene_index_DocumentsWriter.java,714,warning,2
src_java_org_apache_lucene_index_DocumentsWriter.java,985,warning,2
src_java_org_apache_lucene_index_DocumentsWriter.java,664,error,1
src_java_org_apache_lucene_index_DocumentsWriter.java,1429,warning,2
src_java_org_apache_lucene_index_DocumentsWriter.java,648,error,1
src_java_org_apache_lucene_index_DocumentsWriter.java,273,error,1
src_java_org_apache_lucene_index_DocumentsWriter.java,736,warning,2
src_java_org_apache_lucene_index_DocumentsWriter.java,147,error,1
src_java_org_apache_lucene_index_DocumentsWriter.java,914,warning,2
src_java_org_apache_lucene_index_DocumentsWriter.java,1058,error,1
src_java_org_apache_lucene_index_DocumentsWriter.java,466,warning,2
src_java_org_apache_lucene_index_DocumentsWriter.java,842,warning,2
src_java_org_apache_lucene_index_DocumentsWriter.java,230,error,1
src_java_org_apache_lucene_index_DocumentsWriter.java,882,warning,2
src_java_org_apache_lucene_index_DocumentsWriter.java,408,warning,2
src_java_org_apache_lucene_index_DocumentsWriter.java,145,error,1
src_java_org_apache_lucene_index_DocumentsWriter.java,335,warning,2
src_java_org_apache_lucene_index_DocumentsWriter.java,797,warning,2
src_java_org_apache_lucene_index_DocumentsWriter.java,1123,error,1
src_java_org_apache_lucene_index_DocumentsWriter.java,881,warning,2
src_java_org_apache_lucene_index_DocumentsWriter.java,1001,warning,2
src_java_org_apache_lucene_index_DocumentsWriter.java,1027,warning,2
src_java_org_apache_lucene_index_DocumentsWriter.java,876,warning,2
src_java_org_apache_lucene_index_DocumentsWriter.java,1053,error,1
src_java_org_apache_lucene_index_DocumentsWriter.java,1218,error,1
src_java_org_apache_lucene_index_DocumentsWriter.java,378,warning,2
src_java_org_apache_lucene_index_DocumentsWriter.java,1097,warning,2
src_java_org_apache_lucene_index_DocumentsWriter.java,275,error,1
src_java_org_apache_lucene_index_DocumentsWriter.java,1269,warning,2
src_java_org_apache_lucene_index_DocumentsWriter.java,87,warning,2
src_java_org_apache_lucene_index_DocumentsWriter.java,584,warning,2
src_java_org_apache_lucene_index_DocumentsWriter.java,735,warning,2
src_java_org_apache_lucene_index_DocumentsWriter.java,1352,warning,2
src_java_org_apache_lucene_index_DocumentsWriter.java,971,warning,2
src_java_org_apache_lucene_index_DocumentsWriter.java,327,warning,2
src_java_org_apache_lucene_index_DocumentsWriter.java,3,error,1
src_java_org_apache_lucene_index_DocumentsWriter.java,679,warning,2
src_java_org_apache_lucene_index_DocumentsWriter.java,1121,warning,2
src_java_org_apache_lucene_index_DocumentsWriter.java,1407,warning,2
src_java_org_apache_lucene_index_DocumentsWriter.java,303,warning,2
src_java_org_apache_lucene_index_DocumentsWriter.java,1464,warning,2
src_java_org_apache_lucene_index_DocumentsWriter.java,418,warning,2
src_java_org_apache_lucene_index_DocumentsWriter.java,1236,warning,2
src_java_org_apache_lucene_index_DocumentsWriter.java,236,error,1
src_java_org_apache_lucene_index_DocumentsWriter.java,296,error,1
src_java_org_apache_lucene_index_DocumentsWriter.java,1375,warning,2
src_java_org_apache_lucene_index_DocumentsWriter.java,540,error,1
src_java_org_apache_lucene_index_DocumentsWriter.java,703,warning,2
src_java_org_apache_lucene_index_DocumentsWriter.java,858,warning,2
src_java_org_apache_lucene_index_DocumentsWriter.java,766,warning,2
src_java_org_apache_lucene_index_DocumentsWriter.java,1463,error,1
src_java_org_apache_lucene_index_DocumentsWriter.java,1427,warning,2
src_java_org_apache_lucene_index_DocumentsWriter.java,295,warning,2
src_java_org_apache_lucene_index_DocumentsWriter.java,639,warning,2
src_java_org_apache_lucene_index_DocumentsWriter.java,1431,warning,2
src_java_org_apache_lucene_index_DocumentsWriter.java,779,warning,2
src_java_org_apache_lucene_index_DocumentsWriter.java,1428,warning,2
src_java_org_apache_lucene_index_DocumentsWriter.java,1350,error,1
src_java_org_apache_lucene_index_DocumentsWriter.java,922,warning,2
src_java_org_apache_lucene_index_DocumentsWriter.java,778,warning,2
src_java_org_apache_lucene_index_DocumentsWriter.java,398,warning,2
src_java_org_apache_lucene_index_DocumentsWriter.java,565,error,1
src_java_org_apache_lucene_index_DocumentsWriter.java,728,warning,2
src_java_org_apache_lucene_index_DocumentsWriter.java,917,warning,2
src_java_org_apache_lucene_index_DocumentsWriter.java,603,warning,2
src_java_org_apache_lucene_index_DocumentsWriter.java,1495,warning,2
src_java_org_apache_lucene_index_DocumentsWriter.java,640,warning,2
src_java_org_apache_lucene_index_DocumentsWriter.java,1274,error,1
src_java_org_apache_lucene_index_DocumentsWriter.java,770,warning,2
src_java_org_apache_lucene_index_DocumentsWriter.java,1103,warning,2
src_java_org_apache_lucene_index_DocumentsWriter.java,1196,warning,2
src_java_org_apache_lucene_index_DocumentsWriter.java,1331,warning,2
src_java_org_apache_lucene_index_DocumentsWriter.java,195,error,1
src_java_org_apache_lucene_index_DocumentsWriter.java,522,warning,2
src_java_org_apache_lucene_index_DocumentsWriter.java,1286,error,1
src_java_org_apache_lucene_index_DocumentsWriter.java,590,error,1
src_java_org_apache_lucene_index_DocumentsWriter.java,742,warning,2
src_java_org_apache_lucene_index_DocumentsWriter.java,1220,warning,2
src_java_org_apache_lucene_index_DocumentsWriter.java,1363,warning,2
src_java_org_apache_lucene_index_DocumentsWriter.java,249,error,1
src_java_org_apache_lucene_index_DocumentsWriter.java,760,warning,2
src_java_org_apache_lucene_index_DocumentsWriter.java,1014,warning,2
src_java_org_apache_lucene_index_DocumentsWriter.java,1099,warning,2
src_java_org_apache_lucene_index_DocumentsWriter.java,1254,error,1
src_java_org_apache_lucene_index_DocumentsWriter.java,503,warning,2
src_java_org_apache_lucene_index_DocumentsWriter.java,379,warning,2
src_java_org_apache_lucene_index_DocumentsWriter.java,240,error,1
src_java_org_apache_lucene_index_DocumentsWriter.java,961,error,1
src_java_org_apache_lucene_index_DocumentsWriter.java,757,warning,2
src_java_org_apache_lucene_index_DocumentsWriter.java,888,error,1
src_java_org_apache_lucene_index_DocumentsWriter.java,1441,warning,2
src_java_org_apache_lucene_index_DocumentsWriter.java,482,warning,2
src_java_org_apache_lucene_index_DocumentsWriter.java,1207,warning,2
src_java_org_apache_lucene_index_DocumentsWriter.java,368,warning,2
src_java_org_apache_lucene_index_DocumentsWriter.java,1467,warning,2
src_java_org_apache_lucene_index_DocumentsWriter.java,515,warning,2
src_java_org_apache_lucene_index_DocumentsWriter.java,465,warning,2
src_java_org_apache_lucene_index_DocumentsWriter.java,945,warning,2
src_java_org_apache_lucene_index_DocumentsWriter.java,989,warning,2
src_java_org_apache_lucene_index_DocumentsWriter.java,171,warning,2
src_java_org_apache_lucene_index_DocumentsWriter.java,773,warning,2
src_java_org_apache_lucene_index_DocumentsWriter.java,200,error,1
src_java_org_apache_lucene_index_DocumentsWriter.java,1418,warning,2
src_java_org_apache_lucene_index_DocumentsWriter.java,369,warning,2
src_java_org_apache_lucene_index_DocumentsWriter.java,1387,error,1
src_java_org_apache_lucene_index_DocumentsWriter.java,713,warning,2
src_java_org_apache_lucene_index_DocumentsWriter.java,1075,warning,2
src_java_org_apache_lucene_index_DocumentsWriter.java,1022,warning,2
src_java_org_apache_lucene_index_DocumentsWriter.java,234,error,1
src_java_org_apache_lucene_index_DocumentsWriter.java,616,warning,2
src_java_org_apache_lucene_index_DocumentsWriter.java,946,warning,2
src_java_org_apache_lucene_index_DocumentsWriter.java,1177,error,1
src_java_org_apache_lucene_index_DocumentsWriter.java,436,warning,2
src_java_org_apache_lucene_index_DocumentsWriter.java,880,error,1
src_java_org_apache_lucene_index_DocumentsWriter.java,751,warning,2
src_java_org_apache_lucene_index_DocumentsWriter.java,1305,warning,2
src_java_org_apache_lucene_index_DocumentsWriter.java,608,warning,2
src_java_org_apache_lucene_index_DocumentsWriter.java,1233,error,1
src_java_org_apache_lucene_index_DocumentsWriter.java,1385,error,1
src_java_org_apache_lucene_index_DocumentsWriter.java,697,warning,2
src_java_org_apache_lucene_index_DocumentsWriter.java,631,warning,2
src_java_org_apache_lucene_index_DocumentsWriter.java,1367,warning,2
src_java_org_apache_lucene_index_DocumentsWriter.java,853,warning,2
src_java_org_apache_lucene_index_DocumentsWriter.java,848,error,1
src_java_org_apache_lucene_index_DocumentsWriter.java,1009,warning,2
src_java_org_apache_lucene_index_DocumentsWriter.java,502,warning,2
src_java_org_apache_lucene_index_DocumentsWriter.java,397,warning,2
src_java_org_apache_lucene_index_DocumentsWriter.java,1432,warning,2
src_java_org_apache_lucene_index_DocumentsWriter.java,932,error,1
src_java_org_apache_lucene_index_DocumentsWriter.java,151,error,1
src_java_org_apache_lucene_index_DocumentsWriter.java,688,error,1
src_java_org_apache_lucene_index_DocumentsWriter.java,1360,error,1
src_java_org_apache_lucene_index_DocumentsWriter.java,489,warning,2
src_java_org_apache_lucene_index_DocumentsWriter.java,345,error,1
src_java_org_apache_lucene_index_DocumentsWriter.java,376,warning,2
src_java_org_apache_lucene_index_DocumentsWriter.java,1473,warning,2
src_java_org_apache_lucene_index_DocumentsWriter.java,1338,error,1
src_java_org_apache_lucene_index_DocumentsWriter.java,456,warning,2
src_java_org_apache_lucene_index_DocumentsWriter.java,1155,error,1
src_java_org_apache_lucene_index_DocumentsWriter.java,210,error,1
src_java_org_apache_lucene_index_DocumentsWriter.java,125,error,1
src_java_org_apache_lucene_index_DocumentsWriter.java,612,error,1
src_java_org_apache_lucene_index_DocumentsWriter.java,392,warning,2
src_java_org_apache_lucene_index_DocumentsWriter.java,1089,warning,2
src_java_org_apache_lucene_index_DocumentsWriter.java,643,warning,2
src_java_org_apache_lucene_index_DocumentsWriter.java,611,error,1
src_java_org_apache_lucene_index_DocumentsWriter.java,477,warning,2
src_java_org_apache_lucene_index_DocumentsWriter.java,1457,error,1
src_java_org_apache_lucene_index_DocumentsWriter.java,375,warning,2
src_java_org_apache_lucene_index_DocumentsWriter.java,1062,warning,2
src_java_org_apache_lucene_index_DocumentsWriter.java,749,error,1
src_java_org_apache_lucene_index_DocumentsWriter.java,1130,error,1
src_java_org_apache_lucene_index_DocumentsWriter.java,1354,error,1
src_java_org_apache_lucene_index_DocumentsWriter.java,495,warning,2
src_java_org_apache_lucene_index_DocumentsWriter.java,262,warning,2
src_java_org_apache_lucene_index_DocumentsWriter.java,1292,warning,2
src_java_org_apache_lucene_index_DocumentsWriter.java,706,warning,2
src_java_org_apache_lucene_index_DocumentsWriter.java,1188,warning,2
src_java_org_apache_lucene_index_DocumentsWriter.java,1046,error,1
src_java_org_apache_lucene_index_DocumentsWriter.java,253,warning,2
src_java_org_apache_lucene_index_DocumentsWriter.java,115,error,1
src_java_org_apache_lucene_index_DocumentsWriter.java,816,warning,2
src_java_org_apache_lucene_index_DocumentsWriter.java,131,error,1
src_java_org_apache_lucene_index_DocumentsWriter.java,400,error,1
src_java_org_apache_lucene_index_DocumentsWriter.java,765,warning,2
src_java_org_apache_lucene_index_DocumentsWriter.java,787,warning,2
src_java_org_apache_lucene_index_DocumentsWriter.java,1252,warning,2
src_java_org_apache_lucene_index_DocumentsWriter.java,982,warning,2
src_java_org_apache_lucene_index_DocumentsWriter.java,1262,error,1
src_java_org_apache_lucene_index_DocumentsWriter.java,1096,warning,2
src_java_org_apache_lucene_index_DocumentsWriter.java,1111,error,1
src_java_org_apache_lucene_index_DocumentsWriter.java,215,warning,2
src_java_org_apache_lucene_index_DocumentsWriter.java,802,warning,2
src_java_org_apache_lucene_index_DocumentsWriter.java,592,warning,2
src_java_org_apache_lucene_index_DocumentsWriter.java,529,warning,2
src_java_org_apache_lucene_index_DocumentsWriter.java,1221,warning,2
src_java_org_apache_lucene_index_DocumentsWriter.java,1193,warning,2
src_java_org_apache_lucene_index_DocumentsWriter.java,1038,warning,2
src_java_org_apache_lucene_index_DocumentsWriter.java,962,warning,2
src_java_org_apache_lucene_index_DocumentsWriter.java,674,warning,2
src_java_org_apache_lucene_index_DocumentsWriter.java,1093,warning,2
src_java_org_apache_lucene_index_DocumentsWriter.java,214,warning,2
src_java_org_apache_lucene_index_DocumentsWriter.java,67,warning,2
src_java_org_apache_lucene_index_DocumentsWriter.java,351,error,1
src_java_org_apache_lucene_index_DocumentsWriter.java,1391,warning,2
src_java_org_apache_lucene_index_DocumentsWriter.java,1422,warning,2
src_java_org_apache_lucene_index_DocumentsWriter.java,1472,warning,2
src_java_org_apache_lucene_index_DocumentsWriter.java,652,warning,2
src_java_org_apache_lucene_index_DocumentsWriter.java,535,warning,2
src_java_org_apache_lucene_index_DocumentsWriter.java,1120,warning,2
src_java_org_apache_lucene_index_DocumentsWriter.java,512,warning,2
src_java_org_apache_lucene_index_DocumentsWriter.java,1503,warning,2
src_java_org_apache_lucene_index_DocumentsWriter.java,363,error,1
src_java_org_apache_lucene_index_DocumentsWriter.java,1114,warning,2
src_java_org_apache_lucene_index_DocumentsWriter.java,1028,warning,2
src_java_org_apache_lucene_index_DocumentsWriter.java,916,warning,2
src_java_org_apache_lucene_index_DocumentsWriter.java,385,warning,2
src_java_org_apache_lucene_index_DocumentsWriter.java,524,warning,2
src_java_org_apache_lucene_index_DocumentsWriter.java,507,warning,2
src_java_org_apache_lucene_index_DocumentsWriter.java,1430,warning,2
src_java_org_apache_lucene_index_DocumentsWriter.java,1401,error,1
src_java_org_apache_lucene_index_DocumentsWriter.java,1083,warning,2
src_java_org_apache_lucene_index_DocumentsWriter.java,389,error,1
src_java_org_apache_lucene_index_DocumentsWriter.java,504,warning,2
src_java_org_apache_lucene_index_DocumentsWriter.java,505,error,1
src_java_org_apache_lucene_index_DocumentsWriter.java,1002,warning,2
src_java_org_apache_lucene_index_DocumentsWriter.java,1381,error,1
src_java_org_apache_lucene_index_DocumentsWriter.java,455,warning,2
src_java_org_apache_lucene_index_DocumentsWriter.java,1204,warning,2
src_java_org_apache_lucene_index_DocumentsWriter.java,1190,error,1
src_java_org_apache_lucene_index_DocumentsWriter.java,483,warning,2
src_java_org_apache_lucene_index_DocumentsWriter.java,490,warning,2
src_java_org_apache_lucene_index_DocumentsWriter.java,1007,warning,2
src_java_org_apache_lucene_index_DocumentsWriter.java,867,error,1
src_java_org_apache_lucene_index_DocumentsWriter.java,1010,warning,2
src_java_org_apache_lucene_index_DocumentsWriter.java,534,warning,2
src_java_org_apache_lucene_index_DocumentsWriter.java,438,warning,2
src_java_org_apache_lucene_index_DocumentsWriter.java,517,warning,2
src_java_org_apache_lucene_index_DocumentsWriter.java,575,warning,2
src_java_org_apache_lucene_index_DocumentsWriter.java,290,error,1
src_java_org_apache_lucene_index_DocumentsWriter.java,121,error,1
src_java_org_apache_lucene_index_DocumentsWriter.java,278,warning,2
src_java_org_apache_lucene_index_DocumentsWriter.java,172,warning,2
src_java_org_apache_lucene_index_DocumentsWriter.java,427,warning,2
src_java_org_apache_lucene_index_DocumentsWriter.java,839,warning,2
src_java_org_apache_lucene_index_DocumentsWriter.java,317,warning,2
src_java_org_apache_lucene_index_DocumentsWriter.java,939,warning,2
src_java_org_apache_lucene_index_DocumentsWriter.java,1112,warning,2
src_java_org_apache_lucene_index_DocumentsWriter.java,1281,warning,2
src_java_org_apache_lucene_index_DocumentsWriter.java,318,warning,2
src_java_org_apache_lucene_index_DocumentsWriter.java,819,warning,2
src_java_org_apache_lucene_index_DocumentsWriter.java,1282,warning,2
src_java_org_apache_lucene_index_DocumentsWriter.java,1202,error,1
src_java_org_apache_lucene_index_DocumentsWriter.java,976,warning,2
src_java_org_apache_lucene_index_DocumentsWriter.java,788,warning,2
src_java_org_apache_lucene_index_DocumentsWriter.java,491,warning,2
src_java_org_apache_lucene_index_DocumentsWriter.java,600,warning,2
src_java_org_apache_lucene_index_DocumentsWriter.java,499,warning,2
src_java_org_apache_lucene_index_DocumentsWriter.java,875,error,1
src_java_org_apache_lucene_index_DocumentsWriter.java,1108,warning,2
src_java_org_apache_lucene_index_DocumentsWriter.java,261,error,1
src_java_org_apache_lucene_index_DocumentsWriter.java,1448,error,1
src_java_org_apache_lucene_index_DocumentsWriter.java,1088,error,1
src_java_org_apache_lucene_index_DocumentsWriter.java,1384,error,1
src_java_org_apache_lucene_index_DocumentsWriter.java,641,warning,2
src_java_org_apache_lucene_index_DocumentsWriter.java,1462,warning,2
src_java_org_apache_lucene_index_DocumentsWriter.java,789,warning,2
src_java_org_apache_lucene_index_DocumentsWriter.java,525,warning,2
src_java_org_apache_lucene_index_DocumentsWriter.java,1312,error,1
src_java_org_apache_lucene_index_DocumentsWriter.java,973,warning,2
src_java_org_apache_lucene_index_DocumentsWriter.java,1316,error,1
src_java_org_apache_lucene_index_DocumentsWriter.java,1484,warning,2
src_java_org_apache_lucene_index_DocumentsWriter.java,1481,warning,2
src_java_org_apache_lucene_index_DocumentsWriter.java,782,warning,2
src_java_org_apache_lucene_index_DocumentsWriter.java,1489,warning,2
src_java_org_apache_lucene_index_DocumentsWriter.java,198,error,1
src_java_org_apache_lucene_index_DocumentsWriter.java,536,warning,2
src_java_org_apache_lucene_index_DocumentsWriter.java,1135,error,1
src_java_org_apache_lucene_index_DocumentsWriter.java,1465,warning,2
src_java_org_apache_lucene_index_DocumentsWriter.java,1433,warning,2
src_java_org_apache_lucene_index_DocumentsWriter.java,1117,warning,2
src_java_org_apache_lucene_index_DocumentsWriter.java,277,warning,2
src_java_org_apache_lucene_index_DocumentsWriter.java,984,warning,2
src_java_org_apache_lucene_index_DocumentsWriter.java,384,warning,2
src_java_org_apache_lucene_index_DocumentsWriter.java,1219,warning,2
src_java_org_apache_lucene_index_DocumentsWriter.java,586,warning,2
src_java_org_apache_lucene_index_DocumentsWriter.java,405,warning,2
src_java_org_apache_lucene_index_DocumentsWriter.java,267,warning,2
src_java_org_apache_lucene_index_DocumentsWriter.java,909,warning,2
src_java_org_apache_lucene_index_DocumentsWriter.java,1449,warning,2
src_java_org_apache_lucene_index_DocumentsWriter.java,952,warning,2
src_java_org_apache_lucene_index_DocumentsWriter.java,701,warning,2
src_java_org_apache_lucene_index_DocumentsWriter.java,1176,warning,2
src_java_org_apache_lucene_index_DocumentsWriter.java,476,warning,2
src_java_org_apache_lucene_index_DocumentsWriter.java,1179,warning,2
src_java_org_apache_lucene_index_DocumentsWriter.java,677,error,1
src_java_org_apache_lucene_index_DocumentsWriter.java,739,warning,2
src_java_org_apache_lucene_index_DocumentsWriter.java,1211,error,1
src_java_org_apache_lucene_index_DocumentsWriter.java,1107,warning,2
src_java_org_apache_lucene_index_DocumentsWriter.java,1126,warning,2
src_java_org_apache_lucene_index_DocumentsWriter.java,492,warning,2
src_java_org_apache_lucene_index_DocumentsWriter.java,1137,error,1
src_java_org_apache_lucene_index_DocumentsWriter.java,636,warning,2
src_java_org_apache_lucene_index_DocumentsWriter.java,120,error,1
src_java_org_apache_lucene_index_DocumentsWriter.java,1043,warning,2
src_java_org_apache_lucene_index_DocumentsWriter.java,137,error,1
src_java_org_apache_lucene_index_DocumentsWriter.java,1308,warning,2
src_java_org_apache_lucene_index_DocumentsWriter.java,1466,warning,2
src_java_org_apache_lucene_index_DocumentsWriter.java,1081,error,1
src_java_org_apache_lucene_index_DocumentsWriter.java,169,error,1
src_java_org_apache_lucene_index_DocumentsWriter.java,1051,error,1
src_java_org_apache_lucene_index_DocumentsWriter.java,732,warning,2
src_java_org_apache_lucene_index_DocumentsWriter.java,415,error,1
src_java_org_apache_lucene_index_DocumentsWriter.java,1291,error,1
src_java_org_apache_lucene_index_DocumentsWriter.java,579,warning,2
src_java_org_apache_lucene_index_DocumentsWriter.java,585,error,1
src_java_org_apache_lucene_index_DocumentsWriter.java,1238,error,1
src_java_org_apache_lucene_index_DocumentsWriter.java,854,warning,2
src_java_org_apache_lucene_index_DocumentsWriter.java,689,warning,2
src_java_org_apache_lucene_index_DocumentsWriter.java,1167,error,1
src_java_org_apache_lucene_index_DocumentsWriter.java,783,warning,2
src_java_org_apache_lucene_index_DocumentsWriter.java,165,warning,2
src_java_org_apache_lucene_index_DocumentsWriter.java,979,warning,2
src_java_org_apache_lucene_index_DocumentsWriter.java,538,warning,2
src_java_org_apache_lucene_index_DocumentsWriter.java,179,warning,2
src_java_org_apache_lucene_index_DocumentsWriter.java,826,warning,2
src_java_org_apache_lucene_index_DocumentsWriter.java,598,warning,2
src_java_org_apache_lucene_index_DocumentsWriter.java,1405,error,1
src_java_org_apache_lucene_index_DocumentsWriter.java,799,warning,2
src_java_org_apache_lucene_index_DocumentsWriter.java,514,warning,2
src_java_org_apache_lucene_index_DocumentsWriter.java,741,warning,2
src_java_org_apache_lucene_index_DocumentsWriter.java,809,warning,2
src_java_org_apache_lucene_index_DocumentsWriter.java,887,error,1
src_java_org_apache_lucene_index_DocumentsWriter.java,1203,error,1
src_java_org_apache_lucene_index_DocumentsWriter.java,601,warning,2
src_java_org_apache_lucene_index_DocumentsWriter.java,309,error,1
src_java_org_apache_lucene_index_DocumentsWriter.java,1086,warning,2
src_java_org_apache_lucene_index_DocumentsWriter.java,315,warning,2
src_java_org_apache_lucene_index_DocumentsWriter.java,132,error,1
src_java_org_apache_lucene_index_DocumentsWriter.java,154,error,1
src_java_org_apache_lucene_index_DocumentsWriter.java,383,warning,2
src_java_org_apache_lucene_index_DocumentsWriter.java,998,warning,2
src_java_org_apache_lucene_index_DocumentsWriter.java,589,error,1
src_java_org_apache_lucene_index_DocumentsWriter.java,1025,warning,2
src_java_org_apache_lucene_index_DocumentsWriter.java,965,warning,2
src_java_org_apache_lucene_index_DocumentsWriter.java,823,warning,2
src_java_org_apache_lucene_index_DocumentsWriter.java,794,warning,2
src_java_org_apache_lucene_index_DocumentsWriter.java,1015,warning,2
src_java_org_apache_lucene_index_DocumentsWriter.java,832,warning,2
src_java_org_apache_lucene_index_DocumentsWriter.java,912,error,1
src_java_org_apache_lucene_index_DocumentsWriter.java,1239,warning,2
src_java_org_apache_lucene_index_DocumentsWriter.java,276,warning,2
src_java_org_apache_lucene_index_DocumentsWriter.java,284,error,1
src_java_org_apache_lucene_index_DocumentsWriter.java,521,warning,2
src_java_org_apache_lucene_index_DocumentsWriter.java,956,warning,2
src_java_org_apache_lucene_index_DocumentsWriter.java,1420,warning,2
src_java_org_apache_lucene_index_DocumentsWriter.java,539,error,1
src_java_org_apache_lucene_index_DocumentsWriter.java,994,warning,2
src_java_org_apache_lucene_index_DocumentsWriter.java,1487,error,1
src_java_org_apache_lucene_index_DocumentsWriter.java,680,error,1
src_java_org_apache_lucene_index_DocumentsWriter.java,801,warning,2
src_java_org_apache_lucene_index_DocumentsWriter.java,500,warning,2
src_java_org_apache_lucene_index_DocumentsWriter.java,999,warning,2
src_java_org_apache_lucene_index_DocumentsWriter.java,604,warning,2
src_java_org_apache_lucene_index_DocumentsWriter.java,931,error,1
src_java_org_apache_lucene_index_DocumentsWriter.java,707,warning,2
src_java_org_apache_lucene_index_DocumentsWriter.java,992,warning,2
src_java_org_apache_lucene_index_DocumentsWriter.java,949,warning,2
src_java_org_apache_lucene_index_DocumentsWriter.java,1471,warning,2
src_java_org_apache_lucene_index_DocumentsWriter.java,1347,warning,2
src_java_org_apache_lucene_index_DocumentsWriter.java,968,warning,2
src_java_org_apache_lucene_index_DocumentsWriter.java,518,warning,2
src_java_org_apache_lucene_index_DocumentsWriter.java,1251,warning,2
src_java_org_apache_lucene_index_DocumentsWriter.java,1416,warning,2
src_java_org_apache_lucene_index_DocumentsWriter.java,1105,warning,2
src_java_org_apache_lucene_index_DocumentsWriter.java,321,warning,2
src_java_org_apache_lucene_index_DocumentsWriter.java,218,error,1
src_java_org_apache_lucene_index_DocumentsWriter.java,148,error,1
src_java_org_apache_lucene_index_DocumentsWriter.java,235,error,1
src_java_org_apache_lucene_index_DocumentsWriter.java,1136,error,1
src_java_org_apache_lucene_index_DocumentsWriter.java,712,warning,2
src_java_org_apache_lucene_index_DocumentsWriter.java,1250,error,1
src_java_org_apache_lucene_index_DocumentsWriter.java,796,warning,2
src_java_org_apache_lucene_index_DocumentsWriter.java,1343,warning,2
src_java_org_apache_lucene_index_DocumentsWriter.java,247,error,1
src_java_org_apache_lucene_index_DocumentsWriter.java,883,warning,2
src_java_org_apache_lucene_index_DocumentsWriter.java,270,warning,2
src_java_org_apache_lucene_index_DocumentsWriter.java,1323,warning,2
src_java_org_apache_lucene_index_DocumentsWriter.java,1200,warning,2
src_java_org_apache_lucene_index_DocumentsWriter.java,486,warning,2
src_java_org_apache_lucene_index_DocumentsWriter.java,856,error,1
src_java_org_apache_lucene_index_DocumentsWriter.java,1383,error,1
src_java_org_apache_lucene_index_DocumentsWriter.java,874,warning,2
src_java_org_apache_lucene_index_DocumentsWriter.java,1451,warning,2
src_java_org_apache_lucene_index_DocumentsWriter.java,993,warning,2
src_java_org_apache_lucene_index_DocumentsWriter.java,633,warning,2
src_java_org_apache_lucene_index_DocumentsWriter.java,306,warning,2
src_java_org_apache_lucene_index_DocumentsWriter.java,1004,error,1
src_java_org_apache_lucene_index_DocumentsWriter.java,860,error,1
src_java_org_apache_lucene_index_DocumentsWriter.java,467,warning,2
src_java_org_apache_lucene_index_DocumentsWriter.java,974,warning,2
src_java_org_apache_lucene_index_DocumentsWriter.java,1215,error,1
src_java_org_apache_lucene_index_DocumentsWriter.java,313,warning,2
src_java_org_apache_lucene_index_DocumentsWriter.java,582,warning,2
src_java_org_apache_lucene_index_DocumentsWriter.java,568,warning,2
src_java_org_apache_lucene_index_DocumentsWriter.java,391,warning,2
src_java_org_apache_lucene_index_DocumentsWriter.java,755,warning,2
src_java_org_apache_lucene_index_DocumentsWriter.java,1197,warning,2
src_java_org_apache_lucene_index_DocumentsWriter.java,793,warning,2
src_java_org_apache_lucene_index_DocumentsWriter.java,331,warning,2
src_java_org_apache_lucene_index_DocumentsWriter.java,929,error,1
src_java_org_apache_lucene_index_DocumentsWriter.java,1310,error,1
src_java_org_apache_lucene_index_DocumentsWriter.java,181,warning,2
src_java_org_apache_lucene_index_DocumentsWriter.java,434,warning,2
src_java_org_apache_lucene_index_DocumentsWriter.java,817,warning,2
src_java_org_apache_lucene_index_DocumentsWriter.java,948,warning,2
src_java_org_apache_lucene_index_DocumentsWriter.java,846,error,1
src_java_org_apache_lucene_index_DocumentsWriter.java,1446,warning,2
src_java_org_apache_lucene_index_DocumentsWriter.java,113,error,1
src_java_org_apache_lucene_index_DocumentsWriter.java,1231,error,1
src_java_org_apache_lucene_index_DocumentsWriter.java,422,warning,2
src_java_org_apache_lucene_index_DocumentsWriter.java,207,error,1
src_java_org_apache_lucene_index_DocumentsWriter.java,1127,warning,2
src_java_org_apache_lucene_index_DocumentsWriter.java,1072,warning,2
src_java_org_apache_lucene_index_DocumentsWriter.java,1138,error,1
src_java_org_apache_lucene_index_DocumentsWriter.java,464,error,1
src_java_org_apache_lucene_index_DocumentsWriter.java,1026,error,1
src_java_org_apache_lucene_index_DocumentsWriter.java,570,warning,2
src_java_org_apache_lucene_index_DocumentsWriter.java,726,warning,2
src_java_org_apache_lucene_index_DocumentsWriter.java,1000,warning,2
src_java_org_apache_lucene_index_DocumentsWriter.java,1244,warning,2
src_java_org_apache_lucene_index_DocumentsWriter.java,1355,error,1
src_java_org_apache_lucene_index_DocumentsWriter.java,155,warning,2
src_java_org_apache_lucene_index_DocumentsWriter.java,1166,error,1
src_java_org_apache_lucene_index_DocumentsWriter.java,678,warning,2
src_java_org_apache_lucene_index_DocumentsWriter.java,367,warning,2
src_java_org_apache_lucene_index_DocumentsWriter.java,630,warning,2
src_java_org_apache_lucene_index_DocumentsWriter.java,738,warning,2
src_java_org_apache_lucene_index_DocumentsWriter.java,990,warning,2
src_java_org_apache_lucene_index_DocumentsWriter.java,1356,warning,2
src_java_org_apache_lucene_index_DocumentsWriter.java,156,warning,2
src_java_org_apache_lucene_index_DocumentsWriter.java,164,error,1
src_java_org_apache_lucene_index_DocumentsWriter.java,139,error,1
src_java_org_apache_lucene_index_DocumentsWriter.java,1150,error,1
src_java_org_apache_lucene_index_DocumentsWriter.java,1094,warning,2
src_java_org_apache_lucene_index_DocumentsWriter.java,185,warning,2
src_java_org_apache_lucene_index_DocumentsWriter.java,1437,warning,2
src_java_org_apache_lucene_index_DocumentsWriter.java,628,warning,2
src_java_org_apache_lucene_index_DocumentsWriter.java,256,warning,2
src_java_org_apache_lucene_index_DocumentsWriter.java,255,error,1
src_java_org_apache_lucene_index_DocumentsWriter.java,676,warning,2
src_java_org_apache_lucene_index_DocumentsWriter.java,795,warning,2
src_java_org_apache_lucene_index_DocumentsWriter.java,1082,warning,2
src_java_org_apache_lucene_index_DocumentsWriter.java,833,warning,2
src_java_org_apache_lucene_index_DocumentsWriter.java,1041,warning,2
src_java_org_apache_lucene_index_DocumentsWriter.java,756,warning,2
src_java_org_apache_lucene_index_DocumentsWriter.java,740,warning,2
src_java_org_apache_lucene_index_DocumentsWriter.java,144,error,1
src_java_org_apache_lucene_index_DocumentsWriter.java,1023,warning,2
src_java_org_apache_lucene_index_DocumentsWriter.java,1030,error,1
src_java_org_apache_lucene_index_DocumentsWriter.java,1056,warning,2
src_java_org_apache_lucene_index_DocumentsWriter.java,428,warning,2
src_java_org_apache_lucene_index_DocumentsWriter.java,650,warning,2
src_java_org_apache_lucene_index_DocumentsWriter.java,1169,error,1
src_java_org_apache_lucene_index_DocumentsWriter.java,1333,error,1
src_java_org_apache_lucene_index_DocumentsWriter.java,316,warning,2
src_java_org_apache_lucene_index_DocumentsWriter.java,1403,error,1
src_java_org_apache_lucene_index_DocumentsWriter.java,1320,error,1
src_java_org_apache_lucene_index_DocumentsWriter.java,1195,warning,2
src_java_org_apache_lucene_index_DocumentsWriter.java,1235,warning,2
src_java_org_apache_lucene_index_DocumentsWriter.java,637,warning,2
src_java_org_apache_lucene_index_DocumentsWriter.java,904,error,1
src_java_org_apache_lucene_index_DocumentsWriter.java,1325,warning,2
src_java_org_apache_lucene_index_DocumentsWriter.java,786,warning,2
src_java_org_apache_lucene_index_DocumentsWriter.java,1279,warning,2
src_java_org_apache_lucene_index_DocumentsWriter.java,884,warning,2
src_java_org_apache_lucene_index_DocumentsWriter.java,1068,error,1
src_java_org_apache_lucene_index_DocumentsWriter.java,1205,warning,2
src_java_org_apache_lucene_index_DocumentsWriter.java,588,error,1
src_java_org_apache_lucene_index_DocumentsWriter.java,777,warning,2
src_java_org_apache_lucene_index_DocumentsWriter.java,358,error,1
src_java_org_apache_lucene_index_DocumentsWriter.java,635,warning,2
src_java_org_apache_lucene_index_DocumentsWriter.java,964,warning,2
src_java_org_apache_lucene_index_DocumentsWriter.java,889,error,1
src_java_org_apache_lucene_index_DocumentsWriter.java,545,error,1
src_java_org_apache_lucene_index_DocumentsWriter.java,269,warning,2
src_java_org_apache_lucene_index_DocumentsWriter.java,718,warning,2
src_java_org_apache_lucene_index_DocumentsWriter.java,790,warning,2
src_java_org_apache_lucene_index_DocumentsWriter.java,767,warning,2
src_java_org_apache_lucene_index_DocumentsWriter.java,727,warning,2
src_java_org_apache_lucene_index_DocumentsWriter.java,439,warning,2
src_java_org_apache_lucene_index_DocumentsWriter.java,785,warning,2
src_java_org_apache_lucene_index_DocumentsWriter.java,289,warning,2
src_java_org_apache_lucene_index_DocumentsWriter.java,89,warning,2
src_java_org_apache_lucene_index_DocumentsWriter.java,426,warning,2
src_java_org_apache_lucene_index_DocumentsWriter.java,581,warning,2
src_java_org_apache_lucene_index_DocumentsWriter.java,752,warning,2
src_java_org_apache_lucene_index_DocumentsWriter.java,532,error,1
src_java_org_apache_lucene_index_DocumentsWriter.java,950,warning,2
src_java_org_apache_lucene_index_DocumentsWriter.java,918,warning,2
src_java_org_apache_lucene_index_DocumentsWriter.java,1361,warning,2
src_java_org_apache_lucene_index_DocumentsWriter.java,257,warning,2
src_java_org_apache_lucene_index_DocumentsWriter.java,265,warning,2
src_java_org_apache_lucene_index_DocumentsWriter.java,818,warning,2
src_java_org_apache_lucene_index_DocumentsWriter.java,1272,warning,2
src_java_org_apache_lucene_index_DocumentsWriter.java,1077,warning,2
src_java_org_apache_lucene_index_DocumentsWriter.java,908,error,1
src_java_org_apache_lucene_index_DocumentsWriter.java,417,warning,2
src_java_org_apache_lucene_index_DocumentsWriter.java,1319,error,1
src_java_org_apache_lucene_index_DocumentsWriter.java,1392,warning,2
src_java_org_apache_lucene_index_DocumentsWriter.java,1045,warning,2
src_java_org_apache_lucene_index_DocumentsWriter.java,294,error,1
src_java_org_apache_lucene_index_DocumentsWriter.java,519,warning,2
src_java_org_apache_lucene_index_DocumentsWriter.java,395,error,1
src_java_org_apache_lucene_index_DocumentsWriter.java,1132,error,1
src_java_org_apache_lucene_index_DocumentsWriter.java,865,warning,2
src_java_org_apache_lucene_index_DocumentsWriter.java,475,warning,2
src_java_org_apache_lucene_index_DocumentsWriter.java,1488,warning,2
src_java_org_apache_lucene_index_DocumentsWriter.java,1424,warning,2
src_java_org_apache_lucene_index_DocumentsWriter.java,1102,warning,2
src_java_org_apache_lucene_index_DocumentsWriter.java,133,error,1
src_java_org_apache_lucene_index_DocumentsWriter.java,690,warning,2
src_java_org_apache_lucene_index_DocumentsWriter.java,1504,warning,2
src_java_org_apache_lucene_index_DocumentsWriter.java,969,warning,2
src_java_org_apache_lucene_index_DocumentsWriter.java,626,error,1
src_java_org_apache_lucene_index_DocumentsWriter.java,1351,warning,2
src_java_org_apache_lucene_index_DocumentsWriter.java,1490,warning,2
src_java_org_apache_lucene_index_DocumentsWriter.java,926,error,1
src_java_org_apache_lucene_index_DocumentsWriter.java,334,error,1
src_java_org_apache_lucene_index_DocumentsWriter.java,769,warning,2
src_java_org_apache_lucene_index_DocumentsWriter.java,937,warning,2
src_java_org_apache_lucene_index_DocumentsWriter.java,1229,warning,2
src_java_org_apache_lucene_index_DocumentsWriter.java,1425,warning,2
src_java_org_apache_lucene_index_DocumentsWriter.java,1317,error,1
src_java_org_apache_lucene_index_DocumentsWriter.java,780,error,1
src_java_org_apache_lucene_index_DocumentsWriter.java,1267,warning,2
src_java_org_apache_lucene_index_DocumentsWriter.java,163,error,1
src_java_org_apache_lucene_index_DocumentsWriter.java,167,warning,2
src_java_org_apache_lucene_index_DocumentsWriter.java,472,warning,2
src_java_org_apache_lucene_index_DocumentsWriter.java,1370,warning,2
src_java_org_apache_lucene_index_DocumentsWriter.java,594,warning,2
src_java_org_apache_lucene_index_DocumentsWriter.java,1249,error,1
src_java_org_apache_lucene_index_DocumentsWriter.java,508,warning,2
src_java_org_apache_lucene_index_DocumentsWriter.java,1104,warning,2
src_java_org_apache_lucene_index_DocumentsWriter.java,241,error,1
src_java_org_apache_lucene_index_DocumentsWriter.java,312,warning,2
src_java_org_apache_lucene_index_DocumentsWriter.java,580,error,1
src_java_org_apache_lucene_index_DocumentsWriter.java,615,error,1
src_java_org_apache_lucene_index_DocumentsWriter.java,1122,warning,2
src_java_org_apache_lucene_index_DocumentsWriter.java,1206,warning,2
src_java_org_apache_lucene_index_DocumentsWriter.java,471,warning,2
src_java_org_apache_lucene_index_DocumentsWriter.java,1092,warning,2
src_java_org_apache_lucene_index_DocumentsWriter.java,862,error,1
src_java_org_apache_lucene_index_DocumentsWriter.java,380,warning,2
src_java_org_apache_lucene_index_DocumentsWriter.java,602,warning,2
src_java_org_apache_lucene_index_DocumentsWriter.java,283,warning,2
src_java_org_apache_lucene_index_DocumentsWriter.java,1098,warning,2
src_java_org_apache_lucene_index_DocumentsWriter.java,841,warning,2
src_java_org_apache_lucene_index_DocumentsWriter.java,924,error,1
src_java_org_apache_lucene_index_DocumentsWriter.java,1241,warning,2
src_java_org_apache_lucene_index_DocumentsWriter.java,1047,warning,2
src_java_org_apache_lucene_index_DocumentsWriter.java,1012,warning,2
src_java_org_apache_lucene_index_DocumentsWriter.java,460,warning,2
src_java_org_apache_lucene_index_DocumentsWriter.java,1031,warning,2
src_java_org_apache_lucene_index_DocumentsWriter.java,485,warning,2
src_java_org_apache_lucene_index_DocumentsWriter.java,997,warning,2
src_java_org_apache_lucene_index_DocumentsWriter.java,1357,warning,2
src_java_org_apache_lucene_index_DocumentsWriter.java,86,warning,2
src_java_org_apache_lucene_index_DocumentsWriter.java,119,error,1
src_java_org_apache_lucene_index_DocumentsWriter.java,336,warning,2
src_java_org_apache_lucene_index_DocumentsWriter.java,353,warning,2
src_java_org_apache_lucene_index_DocumentsWriter.java,852,warning,2
src_java_org_apache_lucene_index_DocumentsWriter.java,548,warning,2
src_java_org_apache_lucene_index_DocumentsWriter.java,1426,error,1
src_java_org_apache_lucene_index_DocumentsWriter.java,686,error,1
src_java_org_apache_lucene_index_DocumentsWriter.java,1396,error,1
src_java_org_apache_lucene_index_DocumentsWriter.java,1037,warning,2
src_java_org_apache_lucene_index_DocumentsWriter.java,669,warning,2
src_java_org_apache_lucene_index_DocumentsWriter.java,1168,error,1
src_java_org_apache_lucene_index_DocumentsWriter.java,208,warning,2
src_java_org_apache_lucene_index_DocumentsWriter.java,307,error,1
src_java_org_apache_lucene_index_DocumentsWriter.java,1036,error,1
src_java_org_apache_lucene_index_DocumentsWriter.java,1470,error,1
src_java_org_apache_lucene_index_DocumentsWriter.java,938,warning,2
src_java_org_apache_lucene_index_DocumentsWriter.java,1508,warning,2
src_java_org_apache_lucene_index_DocumentsWriter.java,268,warning,2
src_java_org_apache_lucene_index_DocumentsWriter.java,339,error,1
src_java_org_apache_lucene_index_DocumentsWriter.java,458,warning,2
src_java_org_apache_lucene_index_DocumentsWriter.java,1494,error,1
src_java_org_apache_lucene_index_DocumentsWriter.java,135,error,1
src_java_org_apache_lucene_index_DocumentsWriter.java,1264,error,1
src_java_org_apache_lucene_index_DocumentsWriter.java,857,warning,2
src_java_org_apache_lucene_index_DocumentsWriter.java,1109,warning,2
src_java_org_apache_lucene_index_DocumentsWriter.java,304,error,1
src_java_org_apache_lucene_index_DocumentsWriter.java,320,warning,2
src_java_org_apache_lucene_index_DocumentsWriter.java,424,warning,2
src_java_org_apache_lucene_index_DocumentsWriter.java,724,error,1
src_java_org_apache_lucene_index_DocumentsWriter.java,149,error,1
src_java_org_apache_lucene_index_DocumentsWriter.java,1129,error,1
src_java_org_apache_lucene_index_DocumentsWriter.java,254,warning,2
src_java_org_apache_lucene_index_DocumentsWriter.java,820,warning,2
src_java_org_apache_lucene_index_DocumentsWriter.java,30,warning,2
src_java_org_apache_lucene_index_DocumentsWriter.java,1406,error,1
src_java_org_apache_lucene_index_DocumentsWriter.java,869,warning,2
src_java_org_apache_lucene_index_DocumentsWriter.java,1212,error,1
src_java_org_apache_lucene_index_DocumentsWriter.java,759,error,1
src_java_org_apache_lucene_index_DocumentsWriter.java,199,error,1
src_java_org_apache_lucene_index_DocumentsWriter.java,644,warning,2
src_java_org_apache_lucene_index_DocumentsWriter.java,1230,error,1
src_java_org_apache_lucene_index_DocumentsWriter.java,831,error,1
src_java_org_apache_lucene_index_DocumentsWriter.java,1076,warning,2
src_java_org_apache_lucene_index_DocumentsWriter.java,891,warning,2
src_java_org_apache_lucene_index_DocumentsWriter.java,737,warning,2
src_java_org_apache_lucene_index_DocumentsWriter.java,1502,warning,2
src_java_org_apache_lucene_index_DocumentsWriter.java,1021,error,1
src_java_org_apache_lucene_index_DocumentsWriter.java,301,error,1
src_java_org_apache_lucene_index_DocumentsWriter.java,951,warning,2
src_java_org_apache_lucene_index_DocumentsWriter.java,705,warning,2
src_java_org_apache_lucene_index_DocumentsWriter.java,1091,warning,2
src_java_org_apache_lucene_index_DocumentsWriter.java,551,error,1
src_java_org_apache_lucene_index_DocumentsWriter.java,531,warning,2
src_java_org_apache_lucene_index_DocumentsWriter.java,1340,error,1
src_java_org_apache_lucene_index_DocumentsWriter.java,627,error,1
src_java_org_apache_lucene_index_DocumentsWriter.java,1115,warning,2
src_java_org_apache_lucene_index_DocumentsWriter.java,1042,warning,2
src_java_org_apache_lucene_index_DocumentsWriter.java,298,warning,2
src_java_org_apache_lucene_index_DocumentsWriter.java,849,warning,2
src_java_org_apache_lucene_index_DocumentsWriter.java,1213,error,1
src_java_org_apache_lucene_index_DocumentsWriter.java,454,warning,2
src_java_org_apache_lucene_index_DocumentsWriter.java,947,warning,2
src_java_org_apache_lucene_index_DocumentsWriter.java,836,error,1
src_java_org_apache_lucene_index_DocumentsWriter.java,1443,warning,2
src_java_org_apache_lucene_index_DocumentsWriter.java,1362,warning,2
src_java_org_apache_lucene_index_DocumentsWriter.java,988,warning,2
src_java_org_apache_lucene_index_DocumentsWriter.java,371,warning,2
src_java_org_apache_lucene_index_DocumentsWriter.java,725,warning,2
src_java_org_apache_lucene_index_DocumentsWriter.java,1399,error,1
src_java_org_apache_lucene_index_DocumentsWriter.java,1180,warning,2
src_java_org_apache_lucene_index_DocumentsWriter.java,1069,warning,2
src_java_org_apache_lucene_index_DocumentsWriter.java,541,error,1
src_java_org_apache_lucene_index_DocumentsWriter.java,501,warning,2
src_java_org_apache_lucene_index_DocumentsWriter.java,1409,warning,2
src_java_org_apache_lucene_index_DocumentsWriter.java,1414,warning,2
src_java_org_apache_lucene_index_DocumentsWriter.java,609,warning,2
src_java_org_apache_lucene_index_DocumentsWriter.java,930,error,1
src_java_org_apache_lucene_index_DocumentsWriter.java,657,warning,2
src_java_org_apache_lucene_index_DocumentsWriter.java,886,warning,2
src_java_org_apache_lucene_index_DocumentsWriter.java,1005,warning,2
src_java_org_apache_lucene_index_DocumentsWriter.java,1398,warning,2
src_java_org_apache_lucene_index_DocumentsWriter.java,1482,warning,2
src_java_org_apache_lucene_index_DocumentsWriter.java,1191,error,1
src_java_org_apache_lucene_index_DocumentsWriter.java,211,warning,2
src_java_org_apache_lucene_index_DocumentsWriter.java,596,warning,2
src_java_org_apache_lucene_index_DocumentsWriter.java,1369,warning,2
src_java_org_apache_lucene_index_DocumentsWriter.java,970,warning,2
src_java_org_apache_lucene_index_DocumentsWriter.java,1079,warning,2
src_java_org_apache_lucene_index_DocumentsWriter.java,711,warning,2
src_java_org_apache_lucene_index_DocumentsWriter.java,183,error,1
src_java_org_apache_lucene_index_DocumentsWriter.java,49,warning,2
src_java_org_apache_lucene_index_DocumentsWriter.java,878,warning,2
src_java_org_apache_lucene_index_DocumentsWriter.java,212,warning,2
src_java_org_apache_lucene_index_DocumentsWriter.java,381,warning,2
src_java_org_apache_lucene_index_DocumentsWriter.java,410,warning,2
src_java_org_apache_lucene_index_DocumentsWriter.java,906,warning,2
src_java_org_apache_lucene_index_DocumentsWriter.java,1493,warning,2
src_java_org_apache_lucene_index_DocumentsWriter.java,330,warning,2
src_java_org_apache_lucene_index_DocumentsWriter.java,654,warning,2
src_java_org_apache_lucene_index_DocumentsWriter.java,1507,warning,2
src_java_org_apache_lucene_index_DocumentsWriter.java,1085,warning,2
src_java_org_apache_lucene_index_DocumentsWriter.java,957,warning,2
src_java_org_apache_lucene_index_DocumentsWriter.java,1201,error,1
src_java_org_apache_lucene_index_DocumentsWriter.java,981,warning,2
src_java_org_apache_lucene_index_DocumentsWriter.java,286,warning,2
src_java_org_apache_lucene_index_DocumentsWriter.java,282,error,1
src_java_org_apache_lucene_index_DocumentsWriter.java,745,warning,2
src_java_org_apache_lucene_index_DocumentsWriter.java,1469,warning,2
src_java_org_apache_lucene_index_DocumentsWriter.java,1171,error,1
src_java_org_apache_lucene_index_DocumentsWriter.java,446,warning,2
src_java_org_apache_lucene_index_DocumentsWriter.java,921,warning,2
src_java_org_apache_lucene_index_DocumentsWriter.java,506,warning,2
src_java_org_apache_lucene_index_DocumentsWriter.java,292,warning,2
src_java_org_apache_lucene_index_DocumentsWriter.java,776,warning,2
src_java_org_apache_lucene_index_DocumentsWriter.java,437,warning,2
src_java_org_apache_lucene_index_DocumentsWriter.java,566,error,1
src_java_org_apache_lucene_index_DocumentsWriter.java,484,warning,2
src_java_org_apache_lucene_index_DocumentsWriter.java,806,warning,2
src_java_org_apache_lucene_index_DocumentsWriter.java,1243,error,1
src_java_org_apache_lucene_index_DocumentsWriter.java,731,warning,2
src_java_org_apache_lucene_index_DocumentsWriter.java,683,warning,2
src_java_org_apache_lucene_index_DocumentsWriter.java,1011,warning,2
src_java_org_apache_lucene_index_DocumentsWriter.java,572,warning,2
src_java_org_apache_lucene_index_DocumentsWriter.java,1181,warning,2
src_java_org_apache_lucene_index_DocumentsWriter.java,117,error,1
src_java_org_apache_lucene_index_DocumentsWriter.java,587,error,1
src_java_org_apache_lucene_index_DocumentsWriter.java,138,error,1
src_java_org_apache_lucene_index_DocumentsWriter.java,129,error,1
src_java_org_apache_lucene_index_DocumentsWriter.java,251,warning,2
src_java_org_apache_lucene_index_DocumentsWriter.java,877,warning,2
src_java_org_apache_lucene_index_DocumentsWriter.java,975,warning,2
src_java_org_apache_lucene_index_DocumentsWriter.java,913,warning,2
src_java_org_apache_lucene_index_DocumentsWriter.java,1192,error,1
src_java_org_apache_lucene_index_DocumentsWriter.java,1455,warning,2
src_java_org_apache_lucene_index_DocumentsWriter.java,166,warning,2
src_java_org_apache_lucene_index_DocumentsWriter.java,808,warning,2
src_java_org_apache_lucene_index_DocumentsWriter.java,1365,error,1
src_java_org_apache_lucene_index_DocumentsWriter.java,905,warning,2
src_java_org_apache_lucene_index_DocumentsWriter.java,498,warning,2
src_java_org_apache_lucene_index_DocumentsWriter.java,127,error,1
src_java_org_apache_lucene_index_DocumentsWriter.java,670,warning,2
src_java_org_apache_lucene_index_DocumentsWriter.java,1314,error,1
src_java_org_apache_lucene_index_DocumentsWriter.java,927,warning,2
src_java_org_apache_lucene_index_DocumentsWriter.java,413,warning,2
src_java_org_apache_lucene_index_DocumentsWriter.java,1386,error,1
src_java_org_apache_lucene_index_DocumentsWriter.java,750,warning,2
src_java_org_apache_lucene_index_DocumentsWriter.java,561,warning,2
src_java_org_apache_lucene_index_DocumentsWriter.java,1232,error,1
src_java_org_apache_lucene_index_DocumentsWriter.java,1359,error,1
src_java_org_apache_lucene_index_DocumentsWriter.java,893,warning,2
src_java_org_apache_lucene_index_DocumentsWriter.java,347,warning,2
src_java_org_apache_lucene_index_DocumentsWriter.java,1402,error,1
src_java_org_apache_lucene_index_DocumentsWriter.java,1106,warning,2
src_java_org_apache_lucene_index_DocumentsWriter.java,1342,error,1
src_java_org_apache_lucene_index_DocumentsWriter.java,653,warning,2
src_java_org_apache_lucene_index_DocumentsWriter.java,649,warning,2
src_java_org_apache_lucene_index_DocumentsWriter.java,305,error,1
src_java_org_apache_lucene_index_DocumentsWriter.java,681,warning,2
src_java_org_apache_lucene_index_DocumentsWriter.java,480,warning,2
src_java_org_apache_lucene_index_DocumentsWriter.java,1439,error,1
src_java_org_apache_lucene_index_DocumentsWriter.java,729,warning,2
src_java_org_apache_lucene_index_DocumentsWriter.java,193,error,1
src_java_org_apache_lucene_index_DocumentsWriter.java,868,warning,2
src_java_org_apache_lucene_index_DocumentsWriter.java,1372,error,1
src_java_org_apache_lucene_index_DocumentsWriter.java,691,warning,2
src_java_org_apache_lucene_index_DocumentsWriter.java,983,warning,2
src_java_org_apache_lucene_index_DocumentsWriter.java,870,warning,2
src_java_org_apache_lucene_index_DocumentsWriter.java,1315,error,1
src_java_org_apache_lucene_index_DocumentsWriter.java,1390,warning,2
src_java_org_apache_lucene_index_DocumentsWriter.java,1259,error,1
src_java_org_apache_lucene_index_DocumentsWriter.java,468,warning,2
src_java_org_apache_lucene_index_DocumentsWriter.java,920,warning,2
src_java_org_apache_lucene_index_DocumentsWriter.java,754,error,1
src_java_org_apache_lucene_index_DocumentsWriter.java,1434,warning,2
src_java_org_apache_lucene_index_DocumentsWriter.java,1436,warning,2
src_java_org_apache_lucene_index_DocumentsWriter.java,864,warning,2
src_java_org_apache_lucene_index_DocumentsWriter.java,546,warning,2
src_java_org_apache_lucene_index_DocumentsWriter.java,1024,error,1
src_java_org_apache_lucene_index_DocumentsWriter.java,143,warning,2
src_java_org_apache_lucene_index_DocumentsWriter.java,1013,warning,2
src_java_org_apache_lucene_index_DocumentsWriter.java,340,warning,2
src_java_org_apache_lucene_index_DocumentsWriter.java,311,error,1
src_java_org_apache_lucene_index_DocumentsWriter.java,810,warning,2
src_java_org_apache_lucene_index_DocumentsWriter.java,1260,error,1
src_java_org_apache_lucene_index_DocumentsWriter.java,827,warning,2
src_java_org_apache_lucene_index_DocumentsWriter.java,412,warning,2
src_java_org_apache_lucene_index_DocumentsWriter.java,577,warning,2
src_java_org_apache_lucene_index_DocumentsWriter.java,980,warning,2
src_java_org_apache_lucene_index_DocumentsWriter.java,933,error,1
src_java_org_apache_lucene_index_DocumentsWriter.java,1006,error,1
src_java_org_apache_lucene_index_DocumentsWriter.java,850,warning,2
src_java_org_apache_lucene_index_DocumentsWriter.java,543,warning,2
src_java_org_apache_lucene_index_DocumentsWriter.java,1285,error,1
src_java_org_apache_lucene_index_DocumentsWriter.java,902,error,1
src_java_org_apache_lucene_index_DocumentsWriter.java,1258,error,1
src_java_org_apache_lucene_index_DocumentsWriter.java,1,error,1
src_java_org_apache_lucene_index_DocumentsWriter.java,1070,warning,2
src_java_org_apache_lucene_index_DocumentsWriter.java,619,warning,2
src_java_org_apache_lucene_index_DocumentsWriter.java,1040,error,1
src_java_org_apache_lucene_index_DocumentsWriter.java,112,error,1
src_java_org_apache_lucene_index_DocumentsWriter.java,150,error,1
src_java_org_apache_lucene_index_DocumentsWriter.java,170,warning,2
src_java_org_apache_lucene_index_DocumentsWriter.java,457,warning,2
src_java_org_apache_lucene_index_DocumentsWriter.java,325,error,1
src_java_org_apache_lucene_index_DocumentsWriter.java,452,warning,2
src_java_org_apache_lucene_index_DocumentsWriter.java,271,warning,2
src_java_org_apache_lucene_index_DocumentsWriter.java,341,warning,2
src_java_org_apache_lucene_index_DocumentsWriter.java,1453,warning,2
src_java_org_apache_lucene_index_DocumentsWriter.java,1452,error,1
src_java_org_apache_lucene_index_DocumentsWriter.java,682,warning,2
src_java_org_apache_lucene_index_DocumentsWriter.java,100,warning,2
src_java_org_apache_lucene_index_DocumentsWriter.java,1505,warning,2
src_java_org_apache_lucene_index_DocumentsWriter.java,393,warning,2
src_java_org_apache_lucene_index_DocumentsWriter.java,1270,warning,2
src_java_org_apache_lucene_index_DocumentsWriter.java,646,warning,2
src_java_org_apache_lucene_index_DocumentsWriter.java,69,warning,2
src_java_org_apache_lucene_index_DocumentsWriter.java,835,error,1
src_java_org_apache_lucene_index_DocumentsWriter.java,1454,warning,2
src_java_org_apache_lucene_index_DocumentsWriter.java,377,warning,2
src_java_org_apache_lucene_index_DocumentsWriter.java,838,error,1
src_java_org_apache_lucene_index_DocumentsWriter.java,1394,warning,2
src_java_org_apache_lucene_index_DocumentsWriter.java,1417,warning,2
src_java_org_apache_lucene_index_DocumentsWriter.java,259,error,1
src_java_org_apache_lucene_index_DocumentsWriter.java,1162,error,1
src_java_org_apache_lucene_index_DocumentsWriter.java,563,warning,2
src_java_org_apache_lucene_index_DocumentsWriter.java,511,warning,2
src_java_org_apache_lucene_index_DocumentsWriter.java,861,warning,2
src_java_org_apache_lucene_index_DocumentsWriter.java,1468,warning,2
src_java_org_apache_lucene_index_DocumentsWriter.java,792,warning,2
src_java_org_apache_lucene_index_DocumentsWriter.java,326,warning,2
src_java_org_apache_lucene_index_DocumentsWriter.java,382,warning,2
src_java_org_apache_lucene_index_DocumentsWriter.java,297,warning,2
src_java_org_apache_lucene_index_DocumentsWriter.java,494,error,1
src_java_org_apache_lucene_index_DocumentsWriter.java,1035,error,1
src_java_org_apache_lucene_index_DocumentsWriter.java,250,warning,2
src_java_org_apache_lucene_index_DocumentsWriter.java,1189,warning,2
src_java_org_apache_lucene_index_DocumentsWriter.java,1421,warning,2
src_java_org_apache_lucene_index_DocumentsWriter.java,1491,warning,2
src_java_org_apache_lucene_index_DocumentsWriter.java,1321,error,1
src_java_org_apache_lucene_index_DocumentsWriter.java,784,warning,2
src_java_org_apache_lucene_index_DocumentsWriter.java,1461,warning,2
src_java_org_apache_lucene_index_DocumentsWriter.java,442,warning,2
src_java_org_apache_lucene_index_DocumentsWriter.java,487,warning,2
src_java_org_apache_lucene_index_DocumentsWriter.java,1400,error,1
src_java_org_apache_lucene_index_DocumentsWriter.java,448,warning,2
src_java_org_apache_lucene_index_DocumentsWriter.java,1273,error,1
src_java_org_apache_lucene_index_DocumentsWriter.java,146,error,1
src_java_org_apache_lucene_index_DocumentsWriter.java,1228,error,1
src_java_org_apache_lucene_index_DocumentsWriter.java,629,warning,2
src_java_org_apache_lucene_index_DocumentsWriter.java,488,warning,2
src_java_org_apache_lucene_index_DocumentsWriter.java,1287,warning,2
src_java_org_apache_lucene_index_DocumentsWriter.java,1450,warning,2
src_java_org_apache_lucene_index_DocumentsWriter.java,1336,error,1
src_java_org_apache_lucene_index_DocumentsWriter.java,308,error,1
src_java_org_apache_lucene_index_DocumentsWriter.java,1288,warning,2
src_java_org_apache_lucene_index_DocumentsWriter.java,591,warning,2
src_java_org_apache_lucene_index_DocumentsWriter.java,910,warning,2
src_java_org_apache_lucene_index_DocumentsWriter.java,733,warning,2
src_java_org_apache_lucene_index_DocumentsWriter.java,470,warning,2
src_java_org_apache_lucene_index_DocumentsWriter.java,302,warning,2
src_java_org_apache_lucene_index_DocumentsWriter.java,791,warning,2
src_java_org_apache_lucene_index_DocumentsWriter.java,1101,warning,2
src_java_org_apache_lucene_store_FileSwitchDirectory.java,114,warning,2
src_java_org_apache_lucene_store_FileSwitchDirectory.java,135,warning,2
src_java_org_apache_lucene_store_FileSwitchDirectory.java,134,warning,2
src_java_org_apache_lucene_store_FileSwitchDirectory.java,113,error,1
src_java_org_apache_lucene_store_FileSwitchDirectory.java,62,error,1
src_java_org_apache_lucene_store_FileSwitchDirectory.java,93,error,1
src_java_org_apache_lucene_store_FileSwitchDirectory.java,105,warning,2
src_java_org_apache_lucene_store_FileSwitchDirectory.java,100,warning,2
src_java_org_apache_lucene_store_FileSwitchDirectory.java,133,error,1
src_java_org_apache_lucene_store_FileSwitchDirectory.java,91,warning,2
src_java_org_apache_lucene_store_FileSwitchDirectory.java,110,warning,2
src_java_org_apache_lucene_store_FileSwitchDirectory.java,90,error,1
src_java_org_apache_lucene_store_FileSwitchDirectory.java,69,warning,2
src_java_org_apache_lucene_store_FileSwitchDirectory.java,45,warning,2
src_java_org_apache_lucene_store_FileSwitchDirectory.java,127,error,1
src_java_org_apache_lucene_store_FileSwitchDirectory.java,98,warning,2
src_java_org_apache_lucene_store_FileSwitchDirectory.java,125,warning,2
src_java_org_apache_lucene_store_FileSwitchDirectory.java,49,warning,2
src_java_org_apache_lucene_store_FileSwitchDirectory.java,48,warning,2
src_java_org_apache_lucene_store_FileSwitchDirectory.java,104,warning,2
src_java_org_apache_lucene_store_FileSwitchDirectory.java,65,warning,2
src_java_org_apache_lucene_store_FileSwitchDirectory.java,38,warning,2
src_java_org_apache_lucene_store_FileSwitchDirectory.java,124,warning,2
src_java_org_apache_lucene_store_FileSwitchDirectory.java,40,error,1
src_java_org_apache_lucene_store_FileSwitchDirectory.java,88,warning,2
src_java_org_apache_lucene_store_FileSwitchDirectory.java,64,warning,2
src_java_org_apache_lucene_store_FileSwitchDirectory.java,66,warning,2
src_java_org_apache_lucene_store_FileSwitchDirectory.java,53,error,1
src_java_org_apache_lucene_store_FileSwitchDirectory.java,59,warning,2
src_java_org_apache_lucene_store_FileSwitchDirectory.java,122,error,1
src_java_org_apache_lucene_store_FileSwitchDirectory.java,118,error,1
src_java_org_apache_lucene_store_FileSwitchDirectory.java,78,warning,2
src_java_org_apache_lucene_store_FileSwitchDirectory.java,74,error,1
src_java_org_apache_lucene_store_FileSwitchDirectory.java,94,warning,2
src_java_org_apache_lucene_store_FileSwitchDirectory.java,123,error,1
src_java_org_apache_lucene_store_FileSwitchDirectory.java,87,warning,2
src_java_org_apache_lucene_store_FileSwitchDirectory.java,109,warning,2
src_java_org_apache_lucene_store_FileSwitchDirectory.java,3,error,1
src_java_org_apache_lucene_store_FileSwitchDirectory.java,128,error,1
src_java_org_apache_lucene_store_FileSwitchDirectory.java,97,warning,2
src_java_org_apache_lucene_store_FileSwitchDirectory.java,42,error,1
src_java_org_apache_lucene_store_FileSwitchDirectory.java,132,error,1
src_java_org_apache_lucene_store_FileSwitchDirectory.java,130,warning,2
src_java_org_apache_lucene_store_FileSwitchDirectory.java,89,warning,2
src_java_org_apache_lucene_store_FileSwitchDirectory.java,60,warning,2
src_java_org_apache_lucene_store_FileSwitchDirectory.java,70,warning,2
src_java_org_apache_lucene_store_FileSwitchDirectory.java,115,warning,2
src_java_org_apache_lucene_store_FileSwitchDirectory.java,139,warning,2
src_java_org_apache_lucene_store_FileSwitchDirectory.java,107,error,1
src_java_org_apache_lucene_store_FileSwitchDirectory.java,140,warning,2
src_java_org_apache_lucene_store_FileSwitchDirectory.java,96,warning,2
src_java_org_apache_lucene_store_FileSwitchDirectory.java,95,warning,2
src_java_org_apache_lucene_store_FileSwitchDirectory.java,81,warning,2
src_java_org_apache_lucene_store_FileSwitchDirectory.java,54,warning,2
src_java_org_apache_lucene_store_FileSwitchDirectory.java,44,error,1
src_java_org_apache_lucene_store_FileSwitchDirectory.java,52,error,1
src_java_org_apache_lucene_store_FileSwitchDirectory.java,85,error,1
src_java_org_apache_lucene_store_FileSwitchDirectory.java,58,error,1
src_java_org_apache_lucene_store_FileSwitchDirectory.java,55,warning,2
src_java_org_apache_lucene_store_FileSwitchDirectory.java,79,warning,2
src_java_org_apache_lucene_store_FileSwitchDirectory.java,86,warning,2
src_java_org_apache_lucene_store_FileSwitchDirectory.java,102,error,1
src_java_org_apache_lucene_store_FileSwitchDirectory.java,119,warning,2
src_java_org_apache_lucene_store_FileSwitchDirectory.java,57,error,1
src_java_org_apache_lucene_store_FileSwitchDirectory.java,117,error,1
src_java_org_apache_lucene_store_FileSwitchDirectory.java,39,error,1
src_java_org_apache_lucene_store_FileSwitchDirectory.java,47,warning,2
src_java_org_apache_lucene_store_FileSwitchDirectory.java,71,warning,2
src_java_org_apache_lucene_store_FileSwitchDirectory.java,80,error,1
src_java_org_apache_lucene_store_FileSwitchDirectory.java,50,warning,2
src_java_org_apache_lucene_store_FileSwitchDirectory.java,103,error,1
src_java_org_apache_lucene_store_FileSwitchDirectory.java,108,error,1
src_java_org_apache_lucene_store_FileSwitchDirectory.java,41,error,1
src_java_org_apache_lucene_store_FileSwitchDirectory.java,68,warning,2
src_java_org_apache_lucene_store_FileSwitchDirectory.java,138,error,1
src_java_org_apache_lucene_store_FileSwitchDirectory.java,129,warning,2
src_java_org_apache_lucene_store_FileSwitchDirectory.java,120,warning,2
src_java_org_apache_lucene_store_FileSwitchDirectory.java,1,error,1
src_java_org_apache_lucene_store_FileSwitchDirectory.java,137,error,1
src_java_org_apache_lucene_store_FileSwitchDirectory.java,67,warning,2
src_java_org_apache_lucene_store_FileSwitchDirectory.java,72,warning,2
src_java_org_apache_lucene_store_FileSwitchDirectory.java,112,error,1
src_java_org_apache_lucene_store_FileSwitchDirectory.java,99,warning,2
src_java_org_apache_lucene_store_FileSwitchDirectory.java,46,warning,2
src_java_org_apache_lucene_store_FileSwitchDirectory.java,22,warning,2
src_java_org_apache_lucene_store_FileSwitchDirectory.java,82,warning,2
src_java_org_apache_lucene_store_FileSwitchDirectory.java,77,warning,2
src_java_org_apache_lucene_store_FileSwitchDirectory.java,76,warning,2
src_java_org_apache_lucene_index_TermsHashPerField.java,560,warning,2
src_java_org_apache_lucene_index_TermsHashPerField.java,151,warning,2
src_java_org_apache_lucene_index_TermsHashPerField.java,500,warning,2
src_java_org_apache_lucene_index_TermsHashPerField.java,533,warning,2
src_java_org_apache_lucene_index_TermsHashPerField.java,558,warning,2
src_java_org_apache_lucene_index_TermsHashPerField.java,496,warning,2
src_java_org_apache_lucene_index_TermsHashPerField.java,304,warning,2
src_java_org_apache_lucene_index_TermsHashPerField.java,110,error,1
src_java_org_apache_lucene_index_TermsHashPerField.java,345,warning,2
src_java_org_apache_lucene_index_TermsHashPerField.java,399,warning,2
src_java_org_apache_lucene_index_TermsHashPerField.java,320,error,1
src_java_org_apache_lucene_index_TermsHashPerField.java,37,error,1
src_java_org_apache_lucene_index_TermsHashPerField.java,424,warning,2
src_java_org_apache_lucene_index_TermsHashPerField.java,456,warning,2
src_java_org_apache_lucene_index_TermsHashPerField.java,372,error,1
src_java_org_apache_lucene_index_TermsHashPerField.java,210,error,1
src_java_org_apache_lucene_index_TermsHashPerField.java,98,warning,2
src_java_org_apache_lucene_index_TermsHashPerField.java,386,error,1
src_java_org_apache_lucene_index_TermsHashPerField.java,387,warning,2
src_java_org_apache_lucene_index_TermsHashPerField.java,126,warning,2
src_java_org_apache_lucene_index_TermsHashPerField.java,425,warning,2
src_java_org_apache_lucene_index_TermsHashPerField.java,125,warning,2
src_java_org_apache_lucene_index_TermsHashPerField.java,149,warning,2
src_java_org_apache_lucene_index_TermsHashPerField.java,254,warning,2
src_java_org_apache_lucene_index_TermsHashPerField.java,104,error,1
src_java_org_apache_lucene_index_TermsHashPerField.java,291,warning,2
src_java_org_apache_lucene_index_TermsHashPerField.java,65,error,1
src_java_org_apache_lucene_index_TermsHashPerField.java,364,warning,2
src_java_org_apache_lucene_index_TermsHashPerField.java,30,error,1
src_java_org_apache_lucene_index_TermsHashPerField.java,263,warning,2
src_java_org_apache_lucene_index_TermsHashPerField.java,392,warning,2
src_java_org_apache_lucene_index_TermsHashPerField.java,27,warning,2
src_java_org_apache_lucene_index_TermsHashPerField.java,288,warning,2
src_java_org_apache_lucene_index_TermsHashPerField.java,136,error,1
src_java_org_apache_lucene_index_TermsHashPerField.java,478,warning,2
src_java_org_apache_lucene_index_TermsHashPerField.java,199,warning,2
src_java_org_apache_lucene_index_TermsHashPerField.java,477,warning,2
src_java_org_apache_lucene_index_TermsHashPerField.java,329,error,1
src_java_org_apache_lucene_index_TermsHashPerField.java,518,warning,2
src_java_org_apache_lucene_index_TermsHashPerField.java,375,warning,2
src_java_org_apache_lucene_index_TermsHashPerField.java,553,warning,2
src_java_org_apache_lucene_index_TermsHashPerField.java,301,warning,2
src_java_org_apache_lucene_index_TermsHashPerField.java,495,error,1
src_java_org_apache_lucene_index_TermsHashPerField.java,547,error,1
src_java_org_apache_lucene_index_TermsHashPerField.java,321,warning,2
src_java_org_apache_lucene_index_TermsHashPerField.java,186,error,1
src_java_org_apache_lucene_index_TermsHashPerField.java,262,error,1
src_java_org_apache_lucene_index_TermsHashPerField.java,218,warning,2
src_java_org_apache_lucene_index_TermsHashPerField.java,148,warning,2
src_java_org_apache_lucene_index_TermsHashPerField.java,419,error,1
src_java_org_apache_lucene_index_TermsHashPerField.java,550,warning,2
src_java_org_apache_lucene_index_TermsHashPerField.java,128,warning,2
src_java_org_apache_lucene_index_TermsHashPerField.java,191,warning,2
src_java_org_apache_lucene_index_TermsHashPerField.java,523,error,1
src_java_org_apache_lucene_index_TermsHashPerField.java,551,warning,2
src_java_org_apache_lucene_index_TermsHashPerField.java,23,warning,2
src_java_org_apache_lucene_index_TermsHashPerField.java,253,error,1
src_java_org_apache_lucene_index_TermsHashPerField.java,115,error,1
src_java_org_apache_lucene_index_TermsHashPerField.java,531,warning,2
src_java_org_apache_lucene_index_TermsHashPerField.java,247,warning,2
src_java_org_apache_lucene_index_TermsHashPerField.java,400,warning,2
src_java_org_apache_lucene_index_TermsHashPerField.java,542,warning,2
src_java_org_apache_lucene_index_TermsHashPerField.java,205,error,1
src_java_org_apache_lucene_index_TermsHashPerField.java,55,warning,2
src_java_org_apache_lucene_index_TermsHashPerField.java,58,warning,2
src_java_org_apache_lucene_index_TermsHashPerField.java,454,warning,2
src_java_org_apache_lucene_index_TermsHashPerField.java,79,warning,2
src_java_org_apache_lucene_index_TermsHashPerField.java,473,warning,2
src_java_org_apache_lucene_index_TermsHashPerField.java,217,error,1
src_java_org_apache_lucene_index_TermsHashPerField.java,223,error,1
src_java_org_apache_lucene_index_TermsHashPerField.java,421,warning,2
src_java_org_apache_lucene_index_TermsHashPerField.java,39,error,1
src_java_org_apache_lucene_index_TermsHashPerField.java,231,warning,2
src_java_org_apache_lucene_index_TermsHashPerField.java,180,warning,2
src_java_org_apache_lucene_index_TermsHashPerField.java,71,error,1
src_java_org_apache_lucene_index_TermsHashPerField.java,529,warning,2
src_java_org_apache_lucene_index_TermsHashPerField.java,451,warning,2
src_java_org_apache_lucene_index_TermsHashPerField.java,178,warning,2
src_java_org_apache_lucene_index_TermsHashPerField.java,462,error,1
src_java_org_apache_lucene_index_TermsHashPerField.java,103,warning,2
src_java_org_apache_lucene_index_TermsHashPerField.java,281,warning,2
src_java_org_apache_lucene_index_TermsHashPerField.java,527,warning,2
src_java_org_apache_lucene_index_TermsHashPerField.java,313,error,1
src_java_org_apache_lucene_index_TermsHashPerField.java,394,warning,2
src_java_org_apache_lucene_index_TermsHashPerField.java,67,error,1
src_java_org_apache_lucene_index_TermsHashPerField.java,541,error,1
src_java_org_apache_lucene_index_TermsHashPerField.java,501,error,1
src_java_org_apache_lucene_index_TermsHashPerField.java,435,warning,2
src_java_org_apache_lucene_index_TermsHashPerField.java,192,warning,2
src_java_org_apache_lucene_index_TermsHashPerField.java,331,error,1
src_java_org_apache_lucene_index_TermsHashPerField.java,51,error,1
src_java_org_apache_lucene_index_TermsHashPerField.java,106,error,1
src_java_org_apache_lucene_index_TermsHashPerField.java,535,warning,2
src_java_org_apache_lucene_index_TermsHashPerField.java,512,warning,2
src_java_org_apache_lucene_index_TermsHashPerField.java,34,error,1
src_java_org_apache_lucene_index_TermsHashPerField.java,363,warning,2
src_java_org_apache_lucene_index_TermsHashPerField.java,32,error,1
src_java_org_apache_lucene_index_TermsHashPerField.java,113,warning,2
src_java_org_apache_lucene_index_TermsHashPerField.java,314,error,1
src_java_org_apache_lucene_index_TermsHashPerField.java,213,warning,2
src_java_org_apache_lucene_index_TermsHashPerField.java,422,warning,2
src_java_org_apache_lucene_index_TermsHashPerField.java,207,error,1
src_java_org_apache_lucene_index_TermsHashPerField.java,211,warning,2
src_java_org_apache_lucene_index_TermsHashPerField.java,264,error,1
src_java_org_apache_lucene_index_TermsHashPerField.java,116,error,1
src_java_org_apache_lucene_index_TermsHashPerField.java,507,error,1
src_java_org_apache_lucene_index_TermsHashPerField.java,49,error,1
src_java_org_apache_lucene_index_TermsHashPerField.java,183,error,1
src_java_org_apache_lucene_index_TermsHashPerField.java,175,warning,2
src_java_org_apache_lucene_index_TermsHashPerField.java,528,error,1
src_java_org_apache_lucene_index_TermsHashPerField.java,212,error,1
src_java_org_apache_lucene_index_TermsHashPerField.java,381,error,1
src_java_org_apache_lucene_index_TermsHashPerField.java,464,error,1
src_java_org_apache_lucene_index_TermsHashPerField.java,410,warning,2
src_java_org_apache_lucene_index_TermsHashPerField.java,389,warning,2
src_java_org_apache_lucene_index_TermsHashPerField.java,252,warning,2
src_java_org_apache_lucene_index_TermsHashPerField.java,330,warning,2
src_java_org_apache_lucene_index_TermsHashPerField.java,162,warning,2
src_java_org_apache_lucene_index_TermsHashPerField.java,31,error,1
src_java_org_apache_lucene_index_TermsHashPerField.java,157,warning,2
src_java_org_apache_lucene_index_TermsHashPerField.java,443,warning,2
src_java_org_apache_lucene_index_TermsHashPerField.java,66,error,1
src_java_org_apache_lucene_index_TermsHashPerField.java,505,error,1
src_java_org_apache_lucene_index_TermsHashPerField.java,310,warning,2
src_java_org_apache_lucene_index_TermsHashPerField.java,401,warning,2
src_java_org_apache_lucene_index_TermsHashPerField.java,440,error,1
src_java_org_apache_lucene_index_TermsHashPerField.java,59,warning,2
src_java_org_apache_lucene_index_TermsHashPerField.java,367,warning,2
src_java_org_apache_lucene_index_TermsHashPerField.java,258,warning,2
src_java_org_apache_lucene_index_TermsHashPerField.java,287,warning,2
src_java_org_apache_lucene_index_TermsHashPerField.java,463,warning,2
src_java_org_apache_lucene_index_TermsHashPerField.java,516,warning,2
src_java_org_apache_lucene_index_TermsHashPerField.java,337,warning,2
src_java_org_apache_lucene_index_TermsHashPerField.java,266,warning,2
src_java_org_apache_lucene_index_TermsHashPerField.java,554,warning,2
src_java_org_apache_lucene_index_TermsHashPerField.java,286,error,1
src_java_org_apache_lucene_index_TermsHashPerField.java,483,error,1
src_java_org_apache_lucene_index_TermsHashPerField.java,156,warning,2
src_java_org_apache_lucene_index_TermsHashPerField.java,42,error,1
src_java_org_apache_lucene_index_TermsHashPerField.java,164,warning,2
src_java_org_apache_lucene_index_TermsHashPerField.java,446,error,1
src_java_org_apache_lucene_index_TermsHashPerField.java,490,warning,2
src_java_org_apache_lucene_index_TermsHashPerField.java,227,error,1
src_java_org_apache_lucene_index_TermsHashPerField.java,139,warning,2
src_java_org_apache_lucene_index_TermsHashPerField.java,534,error,1
src_java_org_apache_lucene_index_TermsHashPerField.java,292,warning,2
src_java_org_apache_lucene_index_TermsHashPerField.java,453,error,1
src_java_org_apache_lucene_index_TermsHashPerField.java,81,warning,2
src_java_org_apache_lucene_index_TermsHashPerField.java,517,error,1
src_java_org_apache_lucene_index_TermsHashPerField.java,438,warning,2
src_java_org_apache_lucene_index_TermsHashPerField.java,54,error,1
src_java_org_apache_lucene_index_TermsHashPerField.java,256,warning,2
src_java_org_apache_lucene_index_TermsHashPerField.java,409,error,1
src_java_org_apache_lucene_index_TermsHashPerField.java,437,warning,2
src_java_org_apache_lucene_index_TermsHashPerField.java,484,error,1
src_java_org_apache_lucene_index_TermsHashPerField.java,290,warning,2
src_java_org_apache_lucene_index_TermsHashPerField.java,255,warning,2
src_java_org_apache_lucene_index_TermsHashPerField.java,423,warning,2
src_java_org_apache_lucene_index_TermsHashPerField.java,121,error,1
src_java_org_apache_lucene_index_TermsHashPerField.java,373,warning,2
src_java_org_apache_lucene_index_TermsHashPerField.java,172,warning,2
src_java_org_apache_lucene_index_TermsHashPerField.java,117,warning,2
src_java_org_apache_lucene_index_TermsHashPerField.java,360,warning,2
src_java_org_apache_lucene_index_TermsHashPerField.java,47,error,1
src_java_org_apache_lucene_index_TermsHashPerField.java,444,warning,2
src_java_org_apache_lucene_index_TermsHashPerField.java,374,warning,2
src_java_org_apache_lucene_index_TermsHashPerField.java,317,error,1
src_java_org_apache_lucene_index_TermsHashPerField.java,144,warning,2
src_java_org_apache_lucene_index_TermsHashPerField.java,41,error,1
src_java_org_apache_lucene_index_TermsHashPerField.java,138,error,1
src_java_org_apache_lucene_index_TermsHashPerField.java,552,warning,2
src_java_org_apache_lucene_index_TermsHashPerField.java,129,warning,2
src_java_org_apache_lucene_index_TermsHashPerField.java,428,error,1
src_java_org_apache_lucene_index_TermsHashPerField.java,222,warning,2
src_java_org_apache_lucene_index_TermsHashPerField.java,238,error,1
src_java_org_apache_lucene_index_TermsHashPerField.java,245,warning,2
src_java_org_apache_lucene_index_TermsHashPerField.java,318,warning,2
src_java_org_apache_lucene_index_TermsHashPerField.java,226,error,1
src_java_org_apache_lucene_index_TermsHashPerField.java,402,warning,2
src_java_org_apache_lucene_index_TermsHashPerField.java,56,warning,2
src_java_org_apache_lucene_index_TermsHashPerField.java,244,error,1
src_java_org_apache_lucene_index_TermsHashPerField.java,82,warning,2
src_java_org_apache_lucene_index_TermsHashPerField.java,76,warning,2
src_java_org_apache_lucene_index_TermsHashPerField.java,491,warning,2
src_java_org_apache_lucene_index_TermsHashPerField.java,366,error,1
src_java_org_apache_lucene_index_TermsHashPerField.java,499,error,1
src_java_org_apache_lucene_index_TermsHashPerField.java,62,warning,2
src_java_org_apache_lucene_index_TermsHashPerField.java,559,warning,2
src_java_org_apache_lucene_index_TermsHashPerField.java,105,warning,2
src_java_org_apache_lucene_index_TermsHashPerField.java,147,warning,2
src_java_org_apache_lucene_index_TermsHashPerField.java,91,warning,2
src_java_org_apache_lucene_index_TermsHashPerField.java,90,error,1
src_java_org_apache_lucene_index_TermsHashPerField.java,261,warning,2
src_java_org_apache_lucene_index_TermsHashPerField.java,498,error,1
src_java_org_apache_lucene_index_TermsHashPerField.java,168,warning,2
src_java_org_apache_lucene_index_TermsHashPerField.java,127,warning,2
src_java_org_apache_lucene_index_TermsHashPerField.java,466,warning,2
src_java_org_apache_lucene_index_TermsHashPerField.java,338,warning,2
src_java_org_apache_lucene_index_TermsHashPerField.java,174,warning,2
src_java_org_apache_lucene_index_TermsHashPerField.java,230,error,1
src_java_org_apache_lucene_index_TermsHashPerField.java,450,error,1
src_java_org_apache_lucene_index_TermsHashPerField.java,525,error,1
src_java_org_apache_lucene_index_TermsHashPerField.java,145,error,1
src_java_org_apache_lucene_index_TermsHashPerField.java,190,warning,2
src_java_org_apache_lucene_index_TermsHashPerField.java,561,warning,2
src_java_org_apache_lucene_index_TermsHashPerField.java,358,warning,2
src_java_org_apache_lucene_index_TermsHashPerField.java,335,warning,2
src_java_org_apache_lucene_index_TermsHashPerField.java,124,warning,2
src_java_org_apache_lucene_index_TermsHashPerField.java,536,error,1
src_java_org_apache_lucene_index_TermsHashPerField.java,378,warning,2
src_java_org_apache_lucene_index_TermsHashPerField.java,220,warning,2
src_java_org_apache_lucene_index_TermsHashPerField.java,300,error,1
src_java_org_apache_lucene_index_TermsHashPerField.java,509,error,1
src_java_org_apache_lucene_index_TermsHashPerField.java,480,error,1
src_java_org_apache_lucene_index_TermsHashPerField.java,384,warning,2
src_java_org_apache_lucene_index_TermsHashPerField.java,193,warning,2
src_java_org_apache_lucene_index_TermsHashPerField.java,87,warning,2
src_java_org_apache_lucene_index_TermsHashPerField.java,123,warning,2
src_java_org_apache_lucene_index_TermsHashPerField.java,61,warning,2
src_java_org_apache_lucene_index_TermsHashPerField.java,439,warning,2
src_java_org_apache_lucene_index_TermsHashPerField.java,327,warning,2
src_java_org_apache_lucene_index_TermsHashPerField.java,544,warning,2
src_java_org_apache_lucene_index_TermsHashPerField.java,3,error,1
src_java_org_apache_lucene_index_TermsHashPerField.java,97,warning,2
src_java_org_apache_lucene_index_TermsHashPerField.java,289,warning,2
src_java_org_apache_lucene_index_TermsHashPerField.java,89,warning,2
src_java_org_apache_lucene_index_TermsHashPerField.java,194,warning,2
src_java_org_apache_lucene_index_TermsHashPerField.java,224,warning,2
src_java_org_apache_lucene_index_TermsHashPerField.java,468,warning,2
src_java_org_apache_lucene_index_TermsHashPerField.java,405,warning,2
src_java_org_apache_lucene_index_TermsHashPerField.java,267,warning,2
src_java_org_apache_lucene_index_TermsHashPerField.java,532,warning,2
src_java_org_apache_lucene_index_TermsHashPerField.java,107,warning,2
src_java_org_apache_lucene_index_TermsHashPerField.java,140,warning,2
src_java_org_apache_lucene_index_TermsHashPerField.java,96,warning,2
src_java_org_apache_lucene_index_TermsHashPerField.java,33,error,1
src_java_org_apache_lucene_index_TermsHashPerField.java,159,warning,2
src_java_org_apache_lucene_index_TermsHashPerField.java,418,error,1
src_java_org_apache_lucene_index_TermsHashPerField.java,546,warning,2
src_java_org_apache_lucene_index_TermsHashPerField.java,549,warning,2
src_java_org_apache_lucene_index_TermsHashPerField.java,143,error,1
src_java_org_apache_lucene_index_TermsHashPerField.java,152,warning,2
src_java_org_apache_lucene_index_TermsHashPerField.java,257,warning,2
src_java_org_apache_lucene_index_TermsHashPerField.java,236,error,1
src_java_org_apache_lucene_index_TermsHashPerField.java,44,error,1
src_java_org_apache_lucene_index_TermsHashPerField.java,265,warning,2
src_java_org_apache_lucene_index_TermsHashPerField.java,340,warning,2
src_java_org_apache_lucene_index_TermsHashPerField.java,182,warning,2
src_java_org_apache_lucene_index_TermsHashPerField.java,540,error,1
src_java_org_apache_lucene_index_TermsHashPerField.java,52,error,1
src_java_org_apache_lucene_index_TermsHashPerField.java,476,error,1
src_java_org_apache_lucene_index_TermsHashPerField.java,85,error,1
src_java_org_apache_lucene_index_TermsHashPerField.java,311,warning,2
src_java_org_apache_lucene_index_TermsHashPerField.java,530,warning,2
src_java_org_apache_lucene_index_TermsHashPerField.java,184,warning,2
src_java_org_apache_lucene_index_TermsHashPerField.java,232,warning,2
src_java_org_apache_lucene_index_TermsHashPerField.java,84,error,1
src_java_org_apache_lucene_index_TermsHashPerField.java,537,warning,2
src_java_org_apache_lucene_index_TermsHashPerField.java,492,error,1
src_java_org_apache_lucene_index_TermsHashPerField.java,189,warning,2
src_java_org_apache_lucene_index_TermsHashPerField.java,196,warning,2
src_java_org_apache_lucene_index_TermsHashPerField.java,246,error,1
src_java_org_apache_lucene_index_TermsHashPerField.java,177,error,1
src_java_org_apache_lucene_index_TermsHashPerField.java,294,warning,2
src_java_org_apache_lucene_index_TermsHashPerField.java,120,warning,2
src_java_org_apache_lucene_index_TermsHashPerField.java,398,warning,2
src_java_org_apache_lucene_index_TermsHashPerField.java,519,warning,2
src_java_org_apache_lucene_index_TermsHashPerField.java,1,error,1
src_java_org_apache_lucene_index_TermsHashPerField.java,187,warning,2
src_java_org_apache_lucene_index_TermsHashPerField.java,83,warning,2
src_java_org_apache_lucene_index_TermsHashPerField.java,555,warning,2
src_java_org_apache_lucene_index_TermsHashPerField.java,137,warning,2
src_java_org_apache_lucene_index_TermsHashPerField.java,112,error,1
src_java_org_apache_lucene_index_TermsHashPerField.java,150,warning,2
src_java_org_apache_lucene_index_TermsHashPerField.java,170,warning,2
src_java_org_apache_lucene_index_TermsHashPerField.java,457,warning,2
src_java_org_apache_lucene_index_TermsHashPerField.java,325,warning,2
src_java_org_apache_lucene_index_TermsHashPerField.java,169,warning,2
src_java_org_apache_lucene_index_TermsHashPerField.java,114,warning,2
src_java_org_apache_lucene_index_TermsHashPerField.java,341,warning,2
src_java_org_apache_lucene_index_TermsHashPerField.java,272,error,1
src_java_org_apache_lucene_index_TermsHashPerField.java,481,error,1
src_java_org_apache_lucene_index_TermsHashPerField.java,195,warning,2
src_java_org_apache_lucene_index_TermsHashPerField.java,332,warning,2
src_java_org_apache_lucene_index_TermsHashPerField.java,93,warning,2
src_java_org_apache_lucene_index_TermsHashPerField.java,100,warning,2
src_java_org_apache_lucene_index_TermsHashPerField.java,432,warning,2
src_java_org_apache_lucene_index_TermsHashPerField.java,133,warning,2
src_java_org_apache_lucene_index_TermsHashPerField.java,249,error,1
src_java_org_apache_lucene_index_TermsHashPerField.java,69,warning,2
src_java_org_apache_lucene_index_TermsHashPerField.java,165,warning,2
src_java_org_apache_lucene_index_TermsHashPerField.java,429,warning,2
src_java_org_apache_lucene_index_TermsHashPerField.java,538,warning,2
src_java_org_apache_lucene_index_TermsHashPerField.java,48,error,1
src_java_org_apache_lucene_index_TermsHashPerField.java,503,warning,2
src_java_org_apache_lucene_index_TermsHashPerField.java,379,warning,2
src_java_org_apache_lucene_index_TermsHashPerField.java,240,warning,2
src_java_org_apache_lucene_index_TermsHashPerField.java,158,warning,2
src_java_org_apache_lucene_index_TermsHashPerField.java,221,error,1
src_java_org_apache_lucene_index_TermsHashPerField.java,377,error,1
src_java_org_apache_lucene_index_TermsHashPerField.java,339,warning,2
src_java_org_apache_lucene_index_TermsHashPerField.java,38,error,1
src_java_org_apache_lucene_index_TermsHashPerField.java,411,warning,2
src_java_org_apache_lucene_index_TermsHashPerField.java,474,warning,2
src_java_org_apache_lucene_index_TermsHashPerField.java,361,warning,2
src_java_org_apache_lucene_index_TermsHashPerField.java,514,warning,2
src_java_org_apache_lucene_index_TermsHashPerField.java,163,warning,2
src_java_org_apache_lucene_index_TermsHashPerField.java,510,warning,2
src_java_org_apache_lucene_index_TermsHashPerField.java,167,warning,2
src_java_org_apache_lucene_index_TermsHashPerField.java,355,warning,2
src_java_org_apache_lucene_index_TermsHashPerField.java,64,warning,2
src_java_org_apache_lucene_index_TermsHashPerField.java,493,warning,2
src_java_org_apache_lucene_index_TermsHashPerField.java,342,warning,2
src_java_org_apache_lucene_index_TermsHashPerField.java,472,warning,2
src_java_org_apache_lucene_index_TermsHashPerField.java,160,warning,2
src_java_org_apache_lucene_index_TermsHashPerField.java,447,error,1
src_java_org_apache_lucene_index_TermsHashPerField.java,368,error,1
src_java_org_apache_lucene_index_TermsHashPerField.java,259,warning,2
src_java_org_apache_lucene_index_TermsHashPerField.java,274,warning,2
src_java_org_apache_lucene_index_TermsHashPerField.java,122,warning,2
src_java_org_apache_lucene_index_TermsHashPerField.java,508,error,1
src_java_org_apache_lucene_index_TermsHashPerField.java,78,warning,2
src_java_org_apache_lucene_index_TermsHashPerField.java,511,warning,2
src_java_org_apache_lucene_index_TermsHashPerField.java,94,warning,2
src_java_org_apache_lucene_index_TermsHashPerField.java,219,warning,2
src_java_org_apache_lucene_index_TermsHashPerField.java,494,warning,2
src_java_org_apache_lucene_index_TermsHashPerField.java,465,warning,2
src_java_org_apache_lucene_index_TermsHashPerField.java,250,error,1
src_java_org_apache_lucene_index_TermsHashPerField.java,471,warning,2
src_java_org_apache_lucene_index_TermsHashPerField.java,132,warning,2
src_java_org_apache_lucene_index_TermsHashPerField.java,60,warning,2
src_java_org_apache_lucene_index_TermsHashPerField.java,171,warning,2
src_java_org_apache_lucene_index_TermsHashPerField.java,380,error,1
src_java_org_apache_lucene_index_TermsHashPerField.java,200,warning,2
src_java_org_apache_lucene_index_TermsHashPerField.java,154,warning,2
src_java_org_apache_lucene_index_TermsHashPerField.java,383,error,1
src_java_org_apache_lucene_index_TermsHashPerField.java,369,error,1
src_java_org_apache_lucene_index_TermsHashPerField.java,283,warning,2
src_java_org_apache_lucene_index_TermsHashPerField.java,95,warning,2
src_java_org_apache_lucene_index_TermsHashPerField.java,243,error,1
src_java_org_apache_lucene_index_TermsHashPerField.java,403,warning,2
src_java_org_apache_lucene_index_TermsHashPerField.java,101,warning,2
src_java_org_apache_lucene_index_TermsHashPerField.java,487,warning,2
src_java_org_apache_lucene_index_TermsHashPerField.java,63,error,1
src_java_org_apache_lucene_index_TermsHashPerField.java,460,warning,2
src_java_org_apache_lucene_index_TermsHashPerField.java,485,warning,2
src_java_org_apache_lucene_index_TermsHashPerField.java,436,warning,2
src_java_org_apache_lucene_index_TermsHashPerField.java,146,warning,2
src_java_org_apache_lucene_index_TermsHashPerField.java,86,warning,2
src_java_org_apache_lucene_index_TermsHashPerField.java,488,warning,2
src_java_org_apache_lucene_index_TermsHashPerField.java,119,warning,2
src_java_org_apache_lucene_index_TermsHashPerField.java,57,warning,2
src_java_org_apache_lucene_index_TermsHashPerField.java,548,warning,2
src_java_org_apache_lucene_index_TermsHashPerField.java,50,error,1
src_java_org_apache_lucene_index_TermsHashPerField.java,359,warning,2
src_java_org_apache_lucene_index_TermsHashPerField.java,142,error,1
src_java_org_apache_lucene_index_TermsHashPerField.java,276,warning,2
src_java_org_apache_lucene_index_TermsHashPerField.java,108,warning,2
src_java_org_apache_lucene_index_TermsHashPerField.java,68,warning,2
src_java_org_apache_lucene_index_TermsHashPerField.java,29,error,1
src_java_org_apache_lucene_index_TermsHashPerField.java,208,warning,2
src_java_org_apache_lucene_index_TermsHashPerField.java,470,warning,2
src_java_org_apache_lucene_index_TermsHashPerField.java,502,warning,2
src_java_org_apache_lucene_index_TermsHashPerField.java,354,error,1
src_java_org_apache_lucene_index_TermsHashPerField.java,333,warning,2
src_java_org_apache_lucene_index_TermsHashPerField.java,397,error,1
src_java_org_apache_lucene_index_TermsHashPerField.java,307,warning,2
src_java_org_apache_lucene_index_TermsHashPerField.java,539,error,1
src_java_org_apache_lucene_index_TermsHashPerField.java,197,warning,2
src_java_org_apache_lucene_index_TermsHashPerField.java,225,error,1
src_java_org_apache_lucene_index_TermsHashPerField.java,201,warning,2
src_java_org_apache_lucene_index_TermsHashPerField.java,99,error,1
src_java_org_apache_lucene_index_TermsHashPerField.java,323,warning,2
src_java_org_apache_lucene_index_TermsHashPerField.java,46,error,1
src_java_org_apache_lucene_index_TermsHashPerField.java,324,warning,2
src_java_org_apache_lucene_index_TermsHashPerField.java,242,warning,2
src_java_org_apache_lucene_index_TermsHashPerField.java,458,warning,2
src_java_org_apache_lucene_index_TermsHashPerField.java,77,error,1
src_java_org_apache_lucene_index_TermsHashPerField.java,557,warning,2
src_java_org_apache_lucene_store_Directory.java,114,error,1
src_java_org_apache_lucene_store_Directory.java,135,warning,2
src_java_org_apache_lucene_store_Directory.java,188,error,1
src_java_org_apache_lucene_store_Directory.java,195,warning,2
src_java_org_apache_lucene_store_Directory.java,100,warning,2
src_java_org_apache_lucene_store_Directory.java,105,error,1
src_java_org_apache_lucene_store_Directory.java,147,warning,2
src_java_org_apache_lucene_store_Directory.java,213,error,1
src_java_org_apache_lucene_store_Directory.java,133,error,1
src_java_org_apache_lucene_store_Directory.java,21,warning,2
src_java_org_apache_lucene_store_Directory.java,207,warning,2
src_java_org_apache_lucene_store_Directory.java,206,warning,2
src_java_org_apache_lucene_store_Directory.java,211,warning,2
src_java_org_apache_lucene_store_Directory.java,69,warning,2
src_java_org_apache_lucene_store_Directory.java,116,warning,2
src_java_org_apache_lucene_store_Directory.java,210,error,1
src_java_org_apache_lucene_store_Directory.java,98,error,1
src_java_org_apache_lucene_store_Directory.java,183,warning,2
src_java_org_apache_lucene_store_Directory.java,212,warning,2
src_java_org_apache_lucene_store_Directory.java,145,error,1
src_java_org_apache_lucene_store_Directory.java,65,warning,2
src_java_org_apache_lucene_store_Directory.java,158,warning,2
src_java_org_apache_lucene_store_Directory.java,73,warning,2
src_java_org_apache_lucene_store_Directory.java,157,error,1
src_java_org_apache_lucene_store_Directory.java,88,error,1
src_java_org_apache_lucene_store_Directory.java,216,warning,2
src_java_org_apache_lucene_store_Directory.java,64,error,1
src_java_org_apache_lucene_store_Directory.java,136,warning,2
src_java_org_apache_lucene_store_Directory.java,53,error,1
src_java_org_apache_lucene_store_Directory.java,199,warning,2
src_java_org_apache_lucene_store_Directory.java,220,warning,2
src_java_org_apache_lucene_store_Directory.java,203,warning,2
src_java_org_apache_lucene_store_Directory.java,122,warning,2
src_java_org_apache_lucene_store_Directory.java,78,error,1
src_java_org_apache_lucene_store_Directory.java,118,warning,2
src_java_org_apache_lucene_store_Directory.java,209,warning,2
src_java_org_apache_lucene_store_Directory.java,43,error,1
src_java_org_apache_lucene_store_Directory.java,193,warning,2
src_java_org_apache_lucene_store_Directory.java,218,error,1
src_java_org_apache_lucene_store_Directory.java,186,warning,2
src_java_org_apache_lucene_store_Directory.java,61,warning,2
src_java_org_apache_lucene_store_Directory.java,219,warning,2
src_java_org_apache_lucene_store_Directory.java,3,error,1
src_java_org_apache_lucene_store_Directory.java,89,warning,2
src_java_org_apache_lucene_store_Directory.java,60,error,1
src_java_org_apache_lucene_store_Directory.java,191,warning,2
src_java_org_apache_lucene_store_Directory.java,35,warning,2
src_java_org_apache_lucene_store_Directory.java,23,warning,2
src_java_org_apache_lucene_store_Directory.java,115,warning,2
src_java_org_apache_lucene_store_Directory.java,200,warning,2
src_java_org_apache_lucene_store_Directory.java,107,warning,2
src_java_org_apache_lucene_store_Directory.java,227,warning,2
src_java_org_apache_lucene_store_Directory.java,159,warning,2
src_java_org_apache_lucene_store_Directory.java,185,warning,2
src_java_org_apache_lucene_store_Directory.java,204,warning,2
src_java_org_apache_lucene_store_Directory.java,205,warning,2
src_java_org_apache_lucene_store_Directory.java,85,error,1
src_java_org_apache_lucene_store_Directory.java,79,warning,2
src_java_org_apache_lucene_store_Directory.java,121,warning,2
src_java_org_apache_lucene_store_Directory.java,217,warning,2
src_java_org_apache_lucene_store_Directory.java,146,warning,2
src_java_org_apache_lucene_store_Directory.java,228,warning,2
src_java_org_apache_lucene_store_Directory.java,215,warning,2
src_java_org_apache_lucene_store_Directory.java,57,warning,2
src_java_org_apache_lucene_store_Directory.java,117,warning,2
src_java_org_apache_lucene_store_Directory.java,47,error,1
src_java_org_apache_lucene_store_Directory.java,180,error,1
src_java_org_apache_lucene_store_Directory.java,178,warning,2
src_java_org_apache_lucene_store_Directory.java,189,warning,2
src_java_org_apache_lucene_store_Directory.java,177,error,1
src_java_org_apache_lucene_store_Directory.java,103,warning,2
src_java_org_apache_lucene_store_Directory.java,41,warning,2
src_java_org_apache_lucene_store_Directory.java,68,error,1
src_java_org_apache_lucene_store_Directory.java,29,warning,2
src_java_org_apache_lucene_store_Directory.java,1,error,1
src_java_org_apache_lucene_store_Directory.java,202,error,1
src_java_org_apache_lucene_store_Directory.java,222,warning,2
src_java_org_apache_lucene_store_Directory.java,214,warning,2
src_java_org_apache_lucene_store_Directory.java,226,error,1
src_java_org_apache_lucene_store_Directory.java,137,warning,2
src_java_org_apache_lucene_store_Directory.java,197,warning,2
src_java_org_apache_lucene_store_Directory.java,72,error,1
src_java_org_apache_lucene_store_Directory.java,192,warning,2
src_java_org_apache_lucene_store_Directory.java,112,warning,2
src_java_org_apache_lucene_store_Directory.java,201,warning,2
src_java_org_apache_lucene_store_Directory.java,225,warning,2
src_java_org_apache_lucene_store_Directory.java,99,warning,2
src_java_org_apache_lucene_store_Directory.java,56,error,1
src_java_org_apache_lucene_store_Directory.java,181,warning,2
src_java_org_apache_lucene_store_Directory.java,51,warning,2
src_java_org_apache_lucene_store_Directory.java,106,warning,2
contrib_spellchecker_src_java_org_apache_lucene_search_spell_SpellChecker.java,151,warning,2
contrib_spellchecker_src_java_org_apache_lucene_search_spell_SpellChecker.java,188,warning,2
contrib_spellchecker_src_java_org_apache_lucene_search_spell_SpellChecker.java,110,warning,2
contrib_spellchecker_src_java_org_apache_lucene_search_spell_SpellChecker.java,399,warning,2
contrib_spellchecker_src_java_org_apache_lucene_search_spell_SpellChecker.java,372,warning,2
contrib_spellchecker_src_java_org_apache_lucene_search_spell_SpellChecker.java,125,warning,2
contrib_spellchecker_src_java_org_apache_lucene_search_spell_SpellChecker.java,254,warning,2
contrib_spellchecker_src_java_org_apache_lucene_search_spell_SpellChecker.java,387,error,1
contrib_spellchecker_src_java_org_apache_lucene_search_spell_SpellChecker.java,104,warning,2
contrib_spellchecker_src_java_org_apache_lucene_search_spell_SpellChecker.java,291,warning,2
contrib_spellchecker_src_java_org_apache_lucene_search_spell_SpellChecker.java,364,error,1
contrib_spellchecker_src_java_org_apache_lucene_search_spell_SpellChecker.java,263,warning,2
contrib_spellchecker_src_java_org_apache_lucene_search_spell_SpellChecker.java,392,warning,2
contrib_spellchecker_src_java_org_apache_lucene_search_spell_SpellChecker.java,288,error,1
contrib_spellchecker_src_java_org_apache_lucene_search_spell_SpellChecker.java,329,warning,2
contrib_spellchecker_src_java_org_apache_lucene_search_spell_SpellChecker.java,375,warning,2
contrib_spellchecker_src_java_org_apache_lucene_search_spell_SpellChecker.java,209,warning,2
contrib_spellchecker_src_java_org_apache_lucene_search_spell_SpellChecker.java,301,warning,2
contrib_spellchecker_src_java_org_apache_lucene_search_spell_SpellChecker.java,299,warning,2
contrib_spellchecker_src_java_org_apache_lucene_search_spell_SpellChecker.java,404,warning,2
contrib_spellchecker_src_java_org_apache_lucene_search_spell_SpellChecker.java,186,warning,2
contrib_spellchecker_src_java_org_apache_lucene_search_spell_SpellChecker.java,148,warning,2
contrib_spellchecker_src_java_org_apache_lucene_search_spell_SpellChecker.java,173,warning,2
contrib_spellchecker_src_java_org_apache_lucene_search_spell_SpellChecker.java,109,error,1
contrib_spellchecker_src_java_org_apache_lucene_search_spell_SpellChecker.java,130,error,1
contrib_spellchecker_src_java_org_apache_lucene_search_spell_SpellChecker.java,191,warning,2
contrib_spellchecker_src_java_org_apache_lucene_search_spell_SpellChecker.java,23,warning,2
contrib_spellchecker_src_java_org_apache_lucene_search_spell_SpellChecker.java,229,warning,2
contrib_spellchecker_src_java_org_apache_lucene_search_spell_SpellChecker.java,253,warning,2
contrib_spellchecker_src_java_org_apache_lucene_search_spell_SpellChecker.java,115,warning,2
contrib_spellchecker_src_java_org_apache_lucene_search_spell_SpellChecker.java,247,warning,2
contrib_spellchecker_src_java_org_apache_lucene_search_spell_SpellChecker.java,131,warning,2
contrib_spellchecker_src_java_org_apache_lucene_search_spell_SpellChecker.java,343,warning,2
contrib_spellchecker_src_java_org_apache_lucene_search_spell_SpellChecker.java,400,warning,2
contrib_spellchecker_src_java_org_apache_lucene_search_spell_SpellChecker.java,270,warning,2
contrib_spellchecker_src_java_org_apache_lucene_search_spell_SpellChecker.java,370,warning,2
contrib_spellchecker_src_java_org_apache_lucene_search_spell_SpellChecker.java,350,warning,2
contrib_spellchecker_src_java_org_apache_lucene_search_spell_SpellChecker.java,407,warning,2
contrib_spellchecker_src_java_org_apache_lucene_search_spell_SpellChecker.java,205,warning,2
contrib_spellchecker_src_java_org_apache_lucene_search_spell_SpellChecker.java,217,error,1
contrib_spellchecker_src_java_org_apache_lucene_search_spell_SpellChecker.java,215,warning,2
contrib_spellchecker_src_java_org_apache_lucene_search_spell_SpellChecker.java,180,warning,2
contrib_spellchecker_src_java_org_apache_lucene_search_spell_SpellChecker.java,178,error,1
contrib_spellchecker_src_java_org_apache_lucene_search_spell_SpellChecker.java,103,warning,2
contrib_spellchecker_src_java_org_apache_lucene_search_spell_SpellChecker.java,371,error,1
contrib_spellchecker_src_java_org_apache_lucene_search_spell_SpellChecker.java,306,warning,2
contrib_spellchecker_src_java_org_apache_lucene_search_spell_SpellChecker.java,365,warning,2
contrib_spellchecker_src_java_org_apache_lucene_search_spell_SpellChecker.java,394,error,1
contrib_spellchecker_src_java_org_apache_lucene_search_spell_SpellChecker.java,313,warning,2
contrib_spellchecker_src_java_org_apache_lucene_search_spell_SpellChecker.java,214,warning,2
contrib_spellchecker_src_java_org_apache_lucene_search_spell_SpellChecker.java,391,warning,2
contrib_spellchecker_src_java_org_apache_lucene_search_spell_SpellChecker.java,67,error,1
contrib_spellchecker_src_java_org_apache_lucene_search_spell_SpellChecker.java,351,warning,2
contrib_spellchecker_src_java_org_apache_lucene_search_spell_SpellChecker.java,192,warning,2
contrib_spellchecker_src_java_org_apache_lucene_search_spell_SpellChecker.java,75,error,1
contrib_spellchecker_src_java_org_apache_lucene_search_spell_SpellChecker.java,181,warning,2
contrib_spellchecker_src_java_org_apache_lucene_search_spell_SpellChecker.java,106,error,1
contrib_spellchecker_src_java_org_apache_lucene_search_spell_SpellChecker.java,111,warning,2
contrib_spellchecker_src_java_org_apache_lucene_search_spell_SpellChecker.java,322,warning,2
contrib_spellchecker_src_java_org_apache_lucene_search_spell_SpellChecker.java,363,error,1
contrib_spellchecker_src_java_org_apache_lucene_search_spell_SpellChecker.java,328,error,1
contrib_spellchecker_src_java_org_apache_lucene_search_spell_SpellChecker.java,113,warning,2
contrib_spellchecker_src_java_org_apache_lucene_search_spell_SpellChecker.java,314,warning,2
contrib_spellchecker_src_java_org_apache_lucene_search_spell_SpellChecker.java,213,warning,2
contrib_spellchecker_src_java_org_apache_lucene_search_spell_SpellChecker.java,207,warning,2
contrib_spellchecker_src_java_org_apache_lucene_search_spell_SpellChecker.java,385,warning,2
contrib_spellchecker_src_java_org_apache_lucene_search_spell_SpellChecker.java,211,warning,2
contrib_spellchecker_src_java_org_apache_lucene_search_spell_SpellChecker.java,264,warning,2
contrib_spellchecker_src_java_org_apache_lucene_search_spell_SpellChecker.java,116,warning,2
contrib_spellchecker_src_java_org_apache_lucene_search_spell_SpellChecker.java,183,error,1
contrib_spellchecker_src_java_org_apache_lucene_search_spell_SpellChecker.java,175,warning,2
contrib_spellchecker_src_java_org_apache_lucene_search_spell_SpellChecker.java,381,error,1
contrib_spellchecker_src_java_org_apache_lucene_search_spell_SpellChecker.java,212,warning,2
contrib_spellchecker_src_java_org_apache_lucene_search_spell_SpellChecker.java,410,warning,2
contrib_spellchecker_src_java_org_apache_lucene_search_spell_SpellChecker.java,389,error,1
contrib_spellchecker_src_java_org_apache_lucene_search_spell_SpellChecker.java,252,warning,2
contrib_spellchecker_src_java_org_apache_lucene_search_spell_SpellChecker.java,330,warning,2
contrib_spellchecker_src_java_org_apache_lucene_search_spell_SpellChecker.java,157,error,1
contrib_spellchecker_src_java_org_apache_lucene_search_spell_SpellChecker.java,401,warning,2
contrib_spellchecker_src_java_org_apache_lucene_search_spell_SpellChecker.java,367,error,1
contrib_spellchecker_src_java_org_apache_lucene_search_spell_SpellChecker.java,258,warning,2
contrib_spellchecker_src_java_org_apache_lucene_search_spell_SpellChecker.java,396,warning,2
contrib_spellchecker_src_java_org_apache_lucene_search_spell_SpellChecker.java,239,warning,2
contrib_spellchecker_src_java_org_apache_lucene_search_spell_SpellChecker.java,337,error,1
contrib_spellchecker_src_java_org_apache_lucene_search_spell_SpellChecker.java,286,error,1
contrib_spellchecker_src_java_org_apache_lucene_search_spell_SpellChecker.java,227,warning,2
contrib_spellchecker_src_java_org_apache_lucene_search_spell_SpellChecker.java,292,warning,2
contrib_spellchecker_src_java_org_apache_lucene_search_spell_SpellChecker.java,185,error,1
contrib_spellchecker_src_java_org_apache_lucene_search_spell_SpellChecker.java,409,warning,2
contrib_spellchecker_src_java_org_apache_lucene_search_spell_SpellChecker.java,290,warning,2
contrib_spellchecker_src_java_org_apache_lucene_search_spell_SpellChecker.java,346,warning,2
contrib_spellchecker_src_java_org_apache_lucene_search_spell_SpellChecker.java,255,warning,2
contrib_spellchecker_src_java_org_apache_lucene_search_spell_SpellChecker.java,121,warning,2
contrib_spellchecker_src_java_org_apache_lucene_search_spell_SpellChecker.java,278,error,1
contrib_spellchecker_src_java_org_apache_lucene_search_spell_SpellChecker.java,373,warning,2
contrib_spellchecker_src_java_org_apache_lucene_search_spell_SpellChecker.java,172,warning,2
contrib_spellchecker_src_java_org_apache_lucene_search_spell_SpellChecker.java,117,warning,2
contrib_spellchecker_src_java_org_apache_lucene_search_spell_SpellChecker.java,360,warning,2
contrib_spellchecker_src_java_org_apache_lucene_search_spell_SpellChecker.java,374,warning,2
contrib_spellchecker_src_java_org_apache_lucene_search_spell_SpellChecker.java,317,warning,2
contrib_spellchecker_src_java_org_apache_lucene_search_spell_SpellChecker.java,388,warning,2
contrib_spellchecker_src_java_org_apache_lucene_search_spell_SpellChecker.java,279,error,1
contrib_spellchecker_src_java_org_apache_lucene_search_spell_SpellChecker.java,260,warning,2
contrib_spellchecker_src_java_org_apache_lucene_search_spell_SpellChecker.java,202,warning,2
contrib_spellchecker_src_java_org_apache_lucene_search_spell_SpellChecker.java,222,warning,2
contrib_spellchecker_src_java_org_apache_lucene_search_spell_SpellChecker.java,238,warning,2
contrib_spellchecker_src_java_org_apache_lucene_search_spell_SpellChecker.java,245,warning,2
contrib_spellchecker_src_java_org_apache_lucene_search_spell_SpellChecker.java,318,warning,2
contrib_spellchecker_src_java_org_apache_lucene_search_spell_SpellChecker.java,226,warning,2
contrib_spellchecker_src_java_org_apache_lucene_search_spell_SpellChecker.java,402,warning,2
contrib_spellchecker_src_java_org_apache_lucene_search_spell_SpellChecker.java,316,error,1
contrib_spellchecker_src_java_org_apache_lucene_search_spell_SpellChecker.java,62,warning,2
contrib_spellchecker_src_java_org_apache_lucene_search_spell_SpellChecker.java,273,warning,2
contrib_spellchecker_src_java_org_apache_lucene_search_spell_SpellChecker.java,147,warning,2
contrib_spellchecker_src_java_org_apache_lucene_search_spell_SpellChecker.java,91,warning,2
contrib_spellchecker_src_java_org_apache_lucene_search_spell_SpellChecker.java,90,warning,2
contrib_spellchecker_src_java_org_apache_lucene_search_spell_SpellChecker.java,261,warning,2
contrib_spellchecker_src_java_org_apache_lucene_search_spell_SpellChecker.java,127,error,1
contrib_spellchecker_src_java_org_apache_lucene_search_spell_SpellChecker.java,174,error,1
contrib_spellchecker_src_java_org_apache_lucene_search_spell_SpellChecker.java,338,warning,2
contrib_spellchecker_src_java_org_apache_lucene_search_spell_SpellChecker.java,408,warning,2
contrib_spellchecker_src_java_org_apache_lucene_search_spell_SpellChecker.java,190,warning,2
contrib_spellchecker_src_java_org_apache_lucene_search_spell_SpellChecker.java,73,error,1
contrib_spellchecker_src_java_org_apache_lucene_search_spell_SpellChecker.java,124,warning,2
contrib_spellchecker_src_java_org_apache_lucene_search_spell_SpellChecker.java,293,warning,2
contrib_spellchecker_src_java_org_apache_lucene_search_spell_SpellChecker.java,347,warning,2
contrib_spellchecker_src_java_org_apache_lucene_search_spell_SpellChecker.java,198,warning,2
contrib_spellchecker_src_java_org_apache_lucene_search_spell_SpellChecker.java,378,error,1
contrib_spellchecker_src_java_org_apache_lucene_search_spell_SpellChecker.java,269,error,1
contrib_spellchecker_src_java_org_apache_lucene_search_spell_SpellChecker.java,220,warning,2
contrib_spellchecker_src_java_org_apache_lucene_search_spell_SpellChecker.java,390,warning,2
contrib_spellchecker_src_java_org_apache_lucene_search_spell_SpellChecker.java,356,warning,2
contrib_spellchecker_src_java_org_apache_lucene_search_spell_SpellChecker.java,384,warning,2
contrib_spellchecker_src_java_org_apache_lucene_search_spell_SpellChecker.java,123,error,1
contrib_spellchecker_src_java_org_apache_lucene_search_spell_SpellChecker.java,87,warning,2
contrib_spellchecker_src_java_org_apache_lucene_search_spell_SpellChecker.java,327,error,1
contrib_spellchecker_src_java_org_apache_lucene_search_spell_SpellChecker.java,3,error,1
contrib_spellchecker_src_java_org_apache_lucene_search_spell_SpellChecker.java,194,warning,2
contrib_spellchecker_src_java_org_apache_lucene_search_spell_SpellChecker.java,289,warning,2
contrib_spellchecker_src_java_org_apache_lucene_search_spell_SpellChecker.java,89,error,1
contrib_spellchecker_src_java_org_apache_lucene_search_spell_SpellChecker.java,92,warning,2
contrib_spellchecker_src_java_org_apache_lucene_search_spell_SpellChecker.java,405,warning,2
contrib_spellchecker_src_java_org_apache_lucene_search_spell_SpellChecker.java,107,warning,2
contrib_spellchecker_src_java_org_apache_lucene_search_spell_SpellChecker.java,303,warning,2
contrib_spellchecker_src_java_org_apache_lucene_search_spell_SpellChecker.java,96,warning,2
contrib_spellchecker_src_java_org_apache_lucene_search_spell_SpellChecker.java,152,warning,2
contrib_spellchecker_src_java_org_apache_lucene_search_spell_SpellChecker.java,204,warning,2
contrib_spellchecker_src_java_org_apache_lucene_search_spell_SpellChecker.java,280,warning,2
contrib_spellchecker_src_java_org_apache_lucene_search_spell_SpellChecker.java,295,warning,2
contrib_spellchecker_src_java_org_apache_lucene_search_spell_SpellChecker.java,184,warning,2
contrib_spellchecker_src_java_org_apache_lucene_search_spell_SpellChecker.java,232,warning,2
contrib_spellchecker_src_java_org_apache_lucene_search_spell_SpellChecker.java,196,warning,2
contrib_spellchecker_src_java_org_apache_lucene_search_spell_SpellChecker.java,246,warning,2
contrib_spellchecker_src_java_org_apache_lucene_search_spell_SpellChecker.java,177,error,1
contrib_spellchecker_src_java_org_apache_lucene_search_spell_SpellChecker.java,294,warning,2
contrib_spellchecker_src_java_org_apache_lucene_search_spell_SpellChecker.java,120,warning,2
contrib_spellchecker_src_java_org_apache_lucene_search_spell_SpellChecker.java,187,error,1
contrib_spellchecker_src_java_org_apache_lucene_search_spell_SpellChecker.java,398,warning,2
contrib_spellchecker_src_java_org_apache_lucene_search_spell_SpellChecker.java,1,error,1
contrib_spellchecker_src_java_org_apache_lucene_search_spell_SpellChecker.java,395,warning,2
contrib_spellchecker_src_java_org_apache_lucene_search_spell_SpellChecker.java,137,error,1
contrib_spellchecker_src_java_org_apache_lucene_search_spell_SpellChecker.java,72,warning,2
contrib_spellchecker_src_java_org_apache_lucene_search_spell_SpellChecker.java,150,error,1
contrib_spellchecker_src_java_org_apache_lucene_search_spell_SpellChecker.java,170,error,1
contrib_spellchecker_src_java_org_apache_lucene_search_spell_SpellChecker.java,325,warning,2
contrib_spellchecker_src_java_org_apache_lucene_search_spell_SpellChecker.java,169,warning,2
contrib_spellchecker_src_java_org_apache_lucene_search_spell_SpellChecker.java,114,warning,2
contrib_spellchecker_src_java_org_apache_lucene_search_spell_SpellChecker.java,271,warning,2
contrib_spellchecker_src_java_org_apache_lucene_search_spell_SpellChecker.java,341,warning,2
contrib_spellchecker_src_java_org_apache_lucene_search_spell_SpellChecker.java,272,warning,2
contrib_spellchecker_src_java_org_apache_lucene_search_spell_SpellChecker.java,332,warning,2
contrib_spellchecker_src_java_org_apache_lucene_search_spell_SpellChecker.java,69,error,1
contrib_spellchecker_src_java_org_apache_lucene_search_spell_SpellChecker.java,249,warning,2
contrib_spellchecker_src_java_org_apache_lucene_search_spell_SpellChecker.java,48,error,1
contrib_spellchecker_src_java_org_apache_lucene_search_spell_SpellChecker.java,379,error,1
contrib_spellchecker_src_java_org_apache_lucene_search_spell_SpellChecker.java,334,warning,2
contrib_spellchecker_src_java_org_apache_lucene_search_spell_SpellChecker.java,240,warning,2
contrib_spellchecker_src_java_org_apache_lucene_search_spell_SpellChecker.java,377,error,1
contrib_spellchecker_src_java_org_apache_lucene_search_spell_SpellChecker.java,406,warning,2
contrib_spellchecker_src_java_org_apache_lucene_search_spell_SpellChecker.java,411,warning,2
contrib_spellchecker_src_java_org_apache_lucene_search_spell_SpellChecker.java,361,warning,2
contrib_spellchecker_src_java_org_apache_lucene_search_spell_SpellChecker.java,355,warning,2
contrib_spellchecker_src_java_org_apache_lucene_search_spell_SpellChecker.java,64,error,1
contrib_spellchecker_src_java_org_apache_lucene_search_spell_SpellChecker.java,342,warning,2
contrib_spellchecker_src_java_org_apache_lucene_search_spell_SpellChecker.java,368,error,1
contrib_spellchecker_src_java_org_apache_lucene_search_spell_SpellChecker.java,259,warning,2
contrib_spellchecker_src_java_org_apache_lucene_search_spell_SpellChecker.java,78,error,1
contrib_spellchecker_src_java_org_apache_lucene_search_spell_SpellChecker.java,94,error,1
contrib_spellchecker_src_java_org_apache_lucene_search_spell_SpellChecker.java,312,warning,2
contrib_spellchecker_src_java_org_apache_lucene_search_spell_SpellChecker.java,382,error,1
contrib_spellchecker_src_java_org_apache_lucene_search_spell_SpellChecker.java,250,warning,2
contrib_spellchecker_src_java_org_apache_lucene_search_spell_SpellChecker.java,132,warning,2
contrib_spellchecker_src_java_org_apache_lucene_search_spell_SpellChecker.java,171,warning,2
contrib_spellchecker_src_java_org_apache_lucene_search_spell_SpellChecker.java,380,warning,2
contrib_spellchecker_src_java_org_apache_lucene_search_spell_SpellChecker.java,200,warning,2
contrib_spellchecker_src_java_org_apache_lucene_search_spell_SpellChecker.java,383,warning,2
contrib_spellchecker_src_java_org_apache_lucene_search_spell_SpellChecker.java,369,error,1
contrib_spellchecker_src_java_org_apache_lucene_search_spell_SpellChecker.java,95,warning,2
contrib_spellchecker_src_java_org_apache_lucene_search_spell_SpellChecker.java,243,warning,2
contrib_spellchecker_src_java_org_apache_lucene_search_spell_SpellChecker.java,248,warning,2
contrib_spellchecker_src_java_org_apache_lucene_search_spell_SpellChecker.java,403,error,1
contrib_spellchecker_src_java_org_apache_lucene_search_spell_SpellChecker.java,234,warning,2
contrib_spellchecker_src_java_org_apache_lucene_search_spell_SpellChecker.java,233,warning,2
contrib_spellchecker_src_java_org_apache_lucene_search_spell_SpellChecker.java,86,warning,2
contrib_spellchecker_src_java_org_apache_lucene_search_spell_SpellChecker.java,237,error,1
contrib_spellchecker_src_java_org_apache_lucene_search_spell_SpellChecker.java,119,error,1
contrib_spellchecker_src_java_org_apache_lucene_search_spell_SpellChecker.java,336,warning,2
contrib_spellchecker_src_java_org_apache_lucene_search_spell_SpellChecker.java,57,warning,2
contrib_spellchecker_src_java_org_apache_lucene_search_spell_SpellChecker.java,80,error,1
contrib_spellchecker_src_java_org_apache_lucene_search_spell_SpellChecker.java,50,error,1
contrib_spellchecker_src_java_org_apache_lucene_search_spell_SpellChecker.java,348,warning,2
contrib_spellchecker_src_java_org_apache_lucene_search_spell_SpellChecker.java,308,warning,2
contrib_spellchecker_src_java_org_apache_lucene_search_spell_SpellChecker.java,284,warning,2
contrib_spellchecker_src_java_org_apache_lucene_search_spell_SpellChecker.java,108,warning,2
contrib_spellchecker_src_java_org_apache_lucene_search_spell_SpellChecker.java,208,warning,2
contrib_spellchecker_src_java_org_apache_lucene_search_spell_SpellChecker.java,354,warning,2
contrib_spellchecker_src_java_org_apache_lucene_search_spell_SpellChecker.java,333,warning,2
contrib_spellchecker_src_java_org_apache_lucene_search_spell_SpellChecker.java,307,warning,2
contrib_spellchecker_src_java_org_apache_lucene_search_spell_SpellChecker.java,397,warning,2
contrib_spellchecker_src_java_org_apache_lucene_search_spell_SpellChecker.java,201,warning,2
contrib_spellchecker_src_java_org_apache_lucene_search_spell_SpellChecker.java,225,warning,2
contrib_spellchecker_src_java_org_apache_lucene_search_spell_SpellChecker.java,302,error,1
contrib_spellchecker_src_java_org_apache_lucene_search_spell_SpellChecker.java,242,warning,2
contrib_spellchecker_src_java_org_apache_lucene_search_spell_SpellChecker.java,339,warning,2
src_java_org_apache_lucene_index_AllTermDocs.java,32,warning,2
src_java_org_apache_lucene_index_AllTermDocs.java,62,warning,2
src_java_org_apache_lucene_index_AllTermDocs.java,24,error,1
src_java_org_apache_lucene_index_AllTermDocs.java,21,warning,2
src_java_org_apache_lucene_index_AllTermDocs.java,69,warning,2
src_java_org_apache_lucene_index_AllTermDocs.java,37,warning,2
src_java_org_apache_lucene_index_AllTermDocs.java,45,warning,2
src_java_org_apache_lucene_index_AllTermDocs.java,49,warning,2
src_java_org_apache_lucene_index_AllTermDocs.java,48,warning,2
src_java_org_apache_lucene_index_AllTermDocs.java,65,warning,2
src_java_org_apache_lucene_index_AllTermDocs.java,10,warning,2
src_java_org_apache_lucene_index_AllTermDocs.java,30,warning,2
src_java_org_apache_lucene_index_AllTermDocs.java,38,warning,2
src_java_org_apache_lucene_index_AllTermDocs.java,73,error,1
src_java_org_apache_lucene_index_AllTermDocs.java,31,warning,2
src_java_org_apache_lucene_index_AllTermDocs.java,40,warning,2
src_java_org_apache_lucene_index_AllTermDocs.java,64,warning,2
src_java_org_apache_lucene_index_AllTermDocs.java,66,warning,2
src_java_org_apache_lucene_index_AllTermDocs.java,53,warning,2
src_java_org_apache_lucene_index_AllTermDocs.java,59,error,1
src_java_org_apache_lucene_index_AllTermDocs.java,78,warning,2
src_java_org_apache_lucene_index_AllTermDocs.java,51,warning,2
src_java_org_apache_lucene_index_AllTermDocs.java,74,warning,2
src_java_org_apache_lucene_index_AllTermDocs.java,43,error,1
src_java_org_apache_lucene_index_AllTermDocs.java,61,warning,2
src_java_org_apache_lucene_index_AllTermDocs.java,35,error,1
src_java_org_apache_lucene_index_AllTermDocs.java,60,warning,2
src_java_org_apache_lucene_index_AllTermDocs.java,70,warning,2
src_java_org_apache_lucene_index_AllTermDocs.java,23,warning,2
src_java_org_apache_lucene_index_AllTermDocs.java,33,warning,2
src_java_org_apache_lucene_index_AllTermDocs.java,28,error,1
src_java_org_apache_lucene_index_AllTermDocs.java,81,warning,2
src_java_org_apache_lucene_index_AllTermDocs.java,25,error,1
src_java_org_apache_lucene_index_AllTermDocs.java,44,warning,2
src_java_org_apache_lucene_index_AllTermDocs.java,52,warning,2
src_java_org_apache_lucene_index_AllTermDocs.java,63,warning,2
src_java_org_apache_lucene_index_AllTermDocs.java,85,warning,2
src_java_org_apache_lucene_index_AllTermDocs.java,55,warning,2
src_java_org_apache_lucene_index_AllTermDocs.java,79,warning,2
src_java_org_apache_lucene_index_AllTermDocs.java,36,error,1
src_java_org_apache_lucene_index_AllTermDocs.java,57,warning,2
src_java_org_apache_lucene_index_AllTermDocs.java,8,warning,2
src_java_org_apache_lucene_index_AllTermDocs.java,39,warning,2
src_java_org_apache_lucene_index_AllTermDocs.java,84,warning,2
src_java_org_apache_lucene_index_AllTermDocs.java,47,warning,2
src_java_org_apache_lucene_index_AllTermDocs.java,71,warning,2
src_java_org_apache_lucene_index_AllTermDocs.java,80,warning,2
src_java_org_apache_lucene_index_AllTermDocs.java,41,warning,2
src_java_org_apache_lucene_index_AllTermDocs.java,68,warning,2
src_java_org_apache_lucene_index_AllTermDocs.java,29,warning,2
src_java_org_apache_lucene_index_AllTermDocs.java,1,error,1
src_java_org_apache_lucene_index_AllTermDocs.java,26,error,1
src_java_org_apache_lucene_index_AllTermDocs.java,67,warning,2
src_java_org_apache_lucene_index_AllTermDocs.java,56,error,1
src_java_org_apache_lucene_index_AllTermDocs.java,75,warning,2
src_java_org_apache_lucene_index_AllTermDocs.java,82,warning,2
src_java_org_apache_lucene_index_AllTermDocs.java,77,warning,2
src_java_org_apache_lucene_index_AllTermDocs.java,76,warning,2
src_java_org_apache_lucene_analysis_StopAnalyzer.java,114,error,1
src_java_org_apache_lucene_analysis_StopAnalyzer.java,32,warning,2
src_java_org_apache_lucene_analysis_StopAnalyzer.java,62,warning,2
src_java_org_apache_lucene_analysis_StopAnalyzer.java,113,warning,2
src_java_org_apache_lucene_analysis_StopAnalyzer.java,93,warning,2
src_java_org_apache_lucene_analysis_StopAnalyzer.java,105,warning,2
src_java_org_apache_lucene_analysis_StopAnalyzer.java,91,warning,2
src_java_org_apache_lucene_analysis_StopAnalyzer.java,110,warning,2
src_java_org_apache_lucene_analysis_StopAnalyzer.java,90,error,1
src_java_org_apache_lucene_analysis_StopAnalyzer.java,45,warning,2
src_java_org_apache_lucene_analysis_StopAnalyzer.java,116,warning,2
src_java_org_apache_lucene_analysis_StopAnalyzer.java,98,error,1
src_java_org_apache_lucene_analysis_StopAnalyzer.java,49,warning,2
src_java_org_apache_lucene_analysis_StopAnalyzer.java,48,warning,2
src_java_org_apache_lucene_analysis_StopAnalyzer.java,104,error,1
src_java_org_apache_lucene_analysis_StopAnalyzer.java,65,warning,2
src_java_org_apache_lucene_analysis_StopAnalyzer.java,27,warning,2
src_java_org_apache_lucene_analysis_StopAnalyzer.java,73,warning,2
src_java_org_apache_lucene_analysis_StopAnalyzer.java,40,error,1
src_java_org_apache_lucene_analysis_StopAnalyzer.java,64,error,1
src_java_org_apache_lucene_analysis_StopAnalyzer.java,66,error,1
src_java_org_apache_lucene_analysis_StopAnalyzer.java,53,warning,2
src_java_org_apache_lucene_analysis_StopAnalyzer.java,78,warning,2
src_java_org_apache_lucene_analysis_StopAnalyzer.java,51,warning,2
src_java_org_apache_lucene_analysis_StopAnalyzer.java,74,error,1
src_java_org_apache_lucene_analysis_StopAnalyzer.java,43,error,1
src_java_org_apache_lucene_analysis_StopAnalyzer.java,87,warning,2
src_java_org_apache_lucene_analysis_StopAnalyzer.java,109,warning,2
src_java_org_apache_lucene_analysis_StopAnalyzer.java,3,error,1
src_java_org_apache_lucene_analysis_StopAnalyzer.java,97,error,1
src_java_org_apache_lucene_analysis_StopAnalyzer.java,70,warning,2
src_java_org_apache_lucene_analysis_StopAnalyzer.java,92,error,1
src_java_org_apache_lucene_analysis_StopAnalyzer.java,115,warning,2
src_java_org_apache_lucene_analysis_StopAnalyzer.java,107,error,1
src_java_org_apache_lucene_analysis_StopAnalyzer.java,96,warning,2
src_java_org_apache_lucene_analysis_StopAnalyzer.java,81,error,1
src_java_org_apache_lucene_analysis_StopAnalyzer.java,25,warning,2
src_java_org_apache_lucene_analysis_StopAnalyzer.java,52,warning,2
src_java_org_apache_lucene_analysis_StopAnalyzer.java,55,warning,2
src_java_org_apache_lucene_analysis_StopAnalyzer.java,58,warning,2
src_java_org_apache_lucene_analysis_StopAnalyzer.java,102,error,1
src_java_org_apache_lucene_analysis_StopAnalyzer.java,57,warning,2
src_java_org_apache_lucene_analysis_StopAnalyzer.java,117,warning,2
src_java_org_apache_lucene_analysis_StopAnalyzer.java,39,warning,2
src_java_org_apache_lucene_analysis_StopAnalyzer.java,84,warning,2
src_java_org_apache_lucene_analysis_StopAnalyzer.java,47,warning,2
src_java_org_apache_lucene_analysis_StopAnalyzer.java,50,warning,2
src_java_org_apache_lucene_analysis_StopAnalyzer.java,103,error,1
src_java_org_apache_lucene_analysis_StopAnalyzer.java,108,warning,2
src_java_org_apache_lucene_analysis_StopAnalyzer.java,41,error,1
src_java_org_apache_lucene_analysis_StopAnalyzer.java,29,error,1
src_java_org_apache_lucene_analysis_StopAnalyzer.java,1,error,1
src_java_org_apache_lucene_analysis_StopAnalyzer.java,83,error,1
src_java_org_apache_lucene_analysis_StopAnalyzer.java,67,warning,2
src_java_org_apache_lucene_analysis_StopAnalyzer.java,72,error,1
src_java_org_apache_lucene_analysis_StopAnalyzer.java,112,error,1
src_java_org_apache_lucene_analysis_StopAnalyzer.java,99,warning,2
src_java_org_apache_lucene_analysis_StopAnalyzer.java,56,warning,2
src_java_org_apache_lucene_analysis_StopAnalyzer.java,75,warning,2
src_java_org_apache_lucene_analysis_StopAnalyzer.java,82,warning,2
src_java_org_apache_lucene_analysis_StopAnalyzer.java,106,warning,2
src_java_org_apache_lucene_analysis_StopAnalyzer.java,111,warning,2
contrib_analyzers_common_src_java_org_apache_lucene_analysis_compound_DictionaryCompoundWordTokenFilter.java,114,warning,2
contrib_analyzers_common_src_java_org_apache_lucene_analysis_compound_DictionaryCompoundWordTokenFilter.java,113,error,1
contrib_analyzers_common_src_java_org_apache_lucene_analysis_compound_DictionaryCompoundWordTokenFilter.java,62,error,1
contrib_analyzers_common_src_java_org_apache_lucene_analysis_compound_DictionaryCompoundWordTokenFilter.java,93,error,1
contrib_analyzers_common_src_java_org_apache_lucene_analysis_compound_DictionaryCompoundWordTokenFilter.java,100,warning,2
contrib_analyzers_common_src_java_org_apache_lucene_analysis_compound_DictionaryCompoundWordTokenFilter.java,105,warning,2
contrib_analyzers_common_src_java_org_apache_lucene_analysis_compound_DictionaryCompoundWordTokenFilter.java,24,error,1
contrib_analyzers_common_src_java_org_apache_lucene_analysis_compound_DictionaryCompoundWordTokenFilter.java,91,error,1
contrib_analyzers_common_src_java_org_apache_lucene_analysis_compound_DictionaryCompoundWordTokenFilter.java,110,warning,2
contrib_analyzers_common_src_java_org_apache_lucene_analysis_compound_DictionaryCompoundWordTokenFilter.java,69,warning,2
contrib_analyzers_common_src_java_org_apache_lucene_analysis_compound_DictionaryCompoundWordTokenFilter.java,45,error,1
contrib_analyzers_common_src_java_org_apache_lucene_analysis_compound_DictionaryCompoundWordTokenFilter.java,116,warning,2
contrib_analyzers_common_src_java_org_apache_lucene_analysis_compound_DictionaryCompoundWordTokenFilter.java,98,warning,2
contrib_analyzers_common_src_java_org_apache_lucene_analysis_compound_DictionaryCompoundWordTokenFilter.java,48,warning,2
contrib_analyzers_common_src_java_org_apache_lucene_analysis_compound_DictionaryCompoundWordTokenFilter.java,104,warning,2
contrib_analyzers_common_src_java_org_apache_lucene_analysis_compound_DictionaryCompoundWordTokenFilter.java,65,error,1
contrib_analyzers_common_src_java_org_apache_lucene_analysis_compound_DictionaryCompoundWordTokenFilter.java,88,warning,2
contrib_analyzers_common_src_java_org_apache_lucene_analysis_compound_DictionaryCompoundWordTokenFilter.java,66,warning,2
contrib_analyzers_common_src_java_org_apache_lucene_analysis_compound_DictionaryCompoundWordTokenFilter.java,59,warning,2
contrib_analyzers_common_src_java_org_apache_lucene_analysis_compound_DictionaryCompoundWordTokenFilter.java,94,error,1
contrib_analyzers_common_src_java_org_apache_lucene_analysis_compound_DictionaryCompoundWordTokenFilter.java,87,warning,2
contrib_analyzers_common_src_java_org_apache_lucene_analysis_compound_DictionaryCompoundWordTokenFilter.java,109,error,1
contrib_analyzers_common_src_java_org_apache_lucene_analysis_compound_DictionaryCompoundWordTokenFilter.java,3,error,1
contrib_analyzers_common_src_java_org_apache_lucene_analysis_compound_DictionaryCompoundWordTokenFilter.java,97,warning,2
contrib_analyzers_common_src_java_org_apache_lucene_analysis_compound_DictionaryCompoundWordTokenFilter.java,89,warning,2
contrib_analyzers_common_src_java_org_apache_lucene_analysis_compound_DictionaryCompoundWordTokenFilter.java,35,error,1
contrib_analyzers_common_src_java_org_apache_lucene_analysis_compound_DictionaryCompoundWordTokenFilter.java,23,warning,2
contrib_analyzers_common_src_java_org_apache_lucene_analysis_compound_DictionaryCompoundWordTokenFilter.java,115,warning,2
contrib_analyzers_common_src_java_org_apache_lucene_analysis_compound_DictionaryCompoundWordTokenFilter.java,107,warning,2
contrib_analyzers_common_src_java_org_apache_lucene_analysis_compound_DictionaryCompoundWordTokenFilter.java,96,error,1
contrib_analyzers_common_src_java_org_apache_lucene_analysis_compound_DictionaryCompoundWordTokenFilter.java,28,error,1
contrib_analyzers_common_src_java_org_apache_lucene_analysis_compound_DictionaryCompoundWordTokenFilter.java,95,error,1
contrib_analyzers_common_src_java_org_apache_lucene_analysis_compound_DictionaryCompoundWordTokenFilter.java,81,error,1
contrib_analyzers_common_src_java_org_apache_lucene_analysis_compound_DictionaryCompoundWordTokenFilter.java,101,error,1
contrib_analyzers_common_src_java_org_apache_lucene_analysis_compound_DictionaryCompoundWordTokenFilter.java,55,error,1
contrib_analyzers_common_src_java_org_apache_lucene_analysis_compound_DictionaryCompoundWordTokenFilter.java,79,error,1
contrib_analyzers_common_src_java_org_apache_lucene_analysis_compound_DictionaryCompoundWordTokenFilter.java,102,error,1
contrib_analyzers_common_src_java_org_apache_lucene_analysis_compound_DictionaryCompoundWordTokenFilter.java,36,warning,2
contrib_analyzers_common_src_java_org_apache_lucene_analysis_compound_DictionaryCompoundWordTokenFilter.java,57,warning,2
contrib_analyzers_common_src_java_org_apache_lucene_analysis_compound_DictionaryCompoundWordTokenFilter.java,117,warning,2
contrib_analyzers_common_src_java_org_apache_lucene_analysis_compound_DictionaryCompoundWordTokenFilter.java,84,error,1
contrib_analyzers_common_src_java_org_apache_lucene_analysis_compound_DictionaryCompoundWordTokenFilter.java,47,error,1
contrib_analyzers_common_src_java_org_apache_lucene_analysis_compound_DictionaryCompoundWordTokenFilter.java,80,error,1
contrib_analyzers_common_src_java_org_apache_lucene_analysis_compound_DictionaryCompoundWordTokenFilter.java,50,warning,2
contrib_analyzers_common_src_java_org_apache_lucene_analysis_compound_DictionaryCompoundWordTokenFilter.java,103,error,1
contrib_analyzers_common_src_java_org_apache_lucene_analysis_compound_DictionaryCompoundWordTokenFilter.java,108,warning,2
contrib_analyzers_common_src_java_org_apache_lucene_analysis_compound_DictionaryCompoundWordTokenFilter.java,1,error,1
contrib_analyzers_common_src_java_org_apache_lucene_analysis_compound_DictionaryCompoundWordTokenFilter.java,67,warning,2
contrib_analyzers_common_src_java_org_apache_lucene_analysis_compound_DictionaryCompoundWordTokenFilter.java,72,error,1
contrib_analyzers_common_src_java_org_apache_lucene_analysis_compound_DictionaryCompoundWordTokenFilter.java,112,warning,2
contrib_analyzers_common_src_java_org_apache_lucene_analysis_compound_DictionaryCompoundWordTokenFilter.java,99,error,1
contrib_analyzers_common_src_java_org_apache_lucene_analysis_compound_DictionaryCompoundWordTokenFilter.java,46,error,1
contrib_analyzers_common_src_java_org_apache_lucene_analysis_compound_DictionaryCompoundWordTokenFilter.java,56,warning,2
contrib_analyzers_common_src_java_org_apache_lucene_analysis_compound_DictionaryCompoundWordTokenFilter.java,82,warning,2
contrib_analyzers_common_src_java_org_apache_lucene_analysis_compound_DictionaryCompoundWordTokenFilter.java,106,error,1
contrib_analyzers_common_src_java_org_apache_lucene_analysis_compound_DictionaryCompoundWordTokenFilter.java,111,warning,2
contrib_spatial_src_java_org_apache_lucene_spatial_tier_CartesianPolyFilterBuilder.java,114,warning,2
contrib_spatial_src_java_org_apache_lucene_spatial_tier_CartesianPolyFilterBuilder.java,135,warning,2
contrib_spatial_src_java_org_apache_lucene_spatial_tier_CartesianPolyFilterBuilder.java,151,warning,2
contrib_spatial_src_java_org_apache_lucene_spatial_tier_CartesianPolyFilterBuilder.java,62,warning,2
contrib_spatial_src_java_org_apache_lucene_spatial_tier_CartesianPolyFilterBuilder.java,93,warning,2
contrib_spatial_src_java_org_apache_lucene_spatial_tier_CartesianPolyFilterBuilder.java,100,warning,2
contrib_spatial_src_java_org_apache_lucene_spatial_tier_CartesianPolyFilterBuilder.java,133,error,1
contrib_spatial_src_java_org_apache_lucene_spatial_tier_CartesianPolyFilterBuilder.java,91,warning,2
contrib_spatial_src_java_org_apache_lucene_spatial_tier_CartesianPolyFilterBuilder.java,110,error,1
contrib_spatial_src_java_org_apache_lucene_spatial_tier_CartesianPolyFilterBuilder.java,69,error,1
contrib_spatial_src_java_org_apache_lucene_spatial_tier_CartesianPolyFilterBuilder.java,90,warning,2
contrib_spatial_src_java_org_apache_lucene_spatial_tier_CartesianPolyFilterBuilder.java,45,error,1
contrib_spatial_src_java_org_apache_lucene_spatial_tier_CartesianPolyFilterBuilder.java,37,warning,2
contrib_spatial_src_java_org_apache_lucene_spatial_tier_CartesianPolyFilterBuilder.java,127,error,1
contrib_spatial_src_java_org_apache_lucene_spatial_tier_CartesianPolyFilterBuilder.java,98,error,1
contrib_spatial_src_java_org_apache_lucene_spatial_tier_CartesianPolyFilterBuilder.java,149,warning,2
contrib_spatial_src_java_org_apache_lucene_spatial_tier_CartesianPolyFilterBuilder.java,126,error,1
contrib_spatial_src_java_org_apache_lucene_spatial_tier_CartesianPolyFilterBuilder.java,49,warning,2
contrib_spatial_src_java_org_apache_lucene_spatial_tier_CartesianPolyFilterBuilder.java,48,error,1
contrib_spatial_src_java_org_apache_lucene_spatial_tier_CartesianPolyFilterBuilder.java,104,warning,2
contrib_spatial_src_java_org_apache_lucene_spatial_tier_CartesianPolyFilterBuilder.java,65,warning,2
contrib_spatial_src_java_org_apache_lucene_spatial_tier_CartesianPolyFilterBuilder.java,158,warning,2
contrib_spatial_src_java_org_apache_lucene_spatial_tier_CartesianPolyFilterBuilder.java,10,warning,2
contrib_spatial_src_java_org_apache_lucene_spatial_tier_CartesianPolyFilterBuilder.java,27,warning,2
contrib_spatial_src_java_org_apache_lucene_spatial_tier_CartesianPolyFilterBuilder.java,73,warning,2
contrib_spatial_src_java_org_apache_lucene_spatial_tier_CartesianPolyFilterBuilder.java,124,error,1
contrib_spatial_src_java_org_apache_lucene_spatial_tier_CartesianPolyFilterBuilder.java,157,warning,2
contrib_spatial_src_java_org_apache_lucene_spatial_tier_CartesianPolyFilterBuilder.java,155,error,1
contrib_spatial_src_java_org_apache_lucene_spatial_tier_CartesianPolyFilterBuilder.java,64,warning,2
contrib_spatial_src_java_org_apache_lucene_spatial_tier_CartesianPolyFilterBuilder.java,53,error,1
contrib_spatial_src_java_org_apache_lucene_spatial_tier_CartesianPolyFilterBuilder.java,59,warning,2
contrib_spatial_src_java_org_apache_lucene_spatial_tier_CartesianPolyFilterBuilder.java,78,error,1
contrib_spatial_src_java_org_apache_lucene_spatial_tier_CartesianPolyFilterBuilder.java,74,warning,2
contrib_spatial_src_java_org_apache_lucene_spatial_tier_CartesianPolyFilterBuilder.java,94,warning,2
contrib_spatial_src_java_org_apache_lucene_spatial_tier_CartesianPolyFilterBuilder.java,43,error,1
contrib_spatial_src_java_org_apache_lucene_spatial_tier_CartesianPolyFilterBuilder.java,123,error,1
contrib_spatial_src_java_org_apache_lucene_spatial_tier_CartesianPolyFilterBuilder.java,61,warning,2
contrib_spatial_src_java_org_apache_lucene_spatial_tier_CartesianPolyFilterBuilder.java,148,warning,2
contrib_spatial_src_java_org_apache_lucene_spatial_tier_CartesianPolyFilterBuilder.java,109,error,1
contrib_spatial_src_java_org_apache_lucene_spatial_tier_CartesianPolyFilterBuilder.java,97,warning,2
contrib_spatial_src_java_org_apache_lucene_spatial_tier_CartesianPolyFilterBuilder.java,128,error,1
contrib_spatial_src_java_org_apache_lucene_spatial_tier_CartesianPolyFilterBuilder.java,130,error,1
contrib_spatial_src_java_org_apache_lucene_spatial_tier_CartesianPolyFilterBuilder.java,89,error,1
contrib_spatial_src_java_org_apache_lucene_spatial_tier_CartesianPolyFilterBuilder.java,156,warning,2
contrib_spatial_src_java_org_apache_lucene_spatial_tier_CartesianPolyFilterBuilder.java,70,warning,2
contrib_spatial_src_java_org_apache_lucene_spatial_tier_CartesianPolyFilterBuilder.java,92,warning,2
contrib_spatial_src_java_org_apache_lucene_spatial_tier_CartesianPolyFilterBuilder.java,23,warning,2
contrib_spatial_src_java_org_apache_lucene_spatial_tier_CartesianPolyFilterBuilder.java,154,error,1
contrib_spatial_src_java_org_apache_lucene_spatial_tier_CartesianPolyFilterBuilder.java,115,warning,2
contrib_spatial_src_java_org_apache_lucene_spatial_tier_CartesianPolyFilterBuilder.java,140,error,1
contrib_spatial_src_java_org_apache_lucene_spatial_tier_CartesianPolyFilterBuilder.java,107,warning,2
contrib_spatial_src_java_org_apache_lucene_spatial_tier_CartesianPolyFilterBuilder.java,96,warning,2
contrib_spatial_src_java_org_apache_lucene_spatial_tier_CartesianPolyFilterBuilder.java,33,warning,2
contrib_spatial_src_java_org_apache_lucene_spatial_tier_CartesianPolyFilterBuilder.java,28,warning,2
contrib_spatial_src_java_org_apache_lucene_spatial_tier_CartesianPolyFilterBuilder.java,95,error,1
contrib_spatial_src_java_org_apache_lucene_spatial_tier_CartesianPolyFilterBuilder.java,81,error,1
contrib_spatial_src_java_org_apache_lucene_spatial_tier_CartesianPolyFilterBuilder.java,152,warning,2
contrib_spatial_src_java_org_apache_lucene_spatial_tier_CartesianPolyFilterBuilder.java,54,warning,2
contrib_spatial_src_java_org_apache_lucene_spatial_tier_CartesianPolyFilterBuilder.java,101,warning,2
contrib_spatial_src_java_org_apache_lucene_spatial_tier_CartesianPolyFilterBuilder.java,52,error,1
contrib_spatial_src_java_org_apache_lucene_spatial_tier_CartesianPolyFilterBuilder.java,63,warning,2
contrib_spatial_src_java_org_apache_lucene_spatial_tier_CartesianPolyFilterBuilder.java,55,warning,2
contrib_spatial_src_java_org_apache_lucene_spatial_tier_CartesianPolyFilterBuilder.java,58,warning,2
contrib_spatial_src_java_org_apache_lucene_spatial_tier_CartesianPolyFilterBuilder.java,79,warning,2
contrib_spatial_src_java_org_apache_lucene_spatial_tier_CartesianPolyFilterBuilder.java,121,error,1
contrib_spatial_src_java_org_apache_lucene_spatial_tier_CartesianPolyFilterBuilder.java,57,error,1
contrib_spatial_src_java_org_apache_lucene_spatial_tier_CartesianPolyFilterBuilder.java,117,warning,2
contrib_spatial_src_java_org_apache_lucene_spatial_tier_CartesianPolyFilterBuilder.java,8,warning,2
contrib_spatial_src_java_org_apache_lucene_spatial_tier_CartesianPolyFilterBuilder.java,141,warning,2
contrib_spatial_src_java_org_apache_lucene_spatial_tier_CartesianPolyFilterBuilder.java,71,warning,2
contrib_spatial_src_java_org_apache_lucene_spatial_tier_CartesianPolyFilterBuilder.java,50,warning,2
contrib_spatial_src_java_org_apache_lucene_spatial_tier_CartesianPolyFilterBuilder.java,144,warning,2
contrib_spatial_src_java_org_apache_lucene_spatial_tier_CartesianPolyFilterBuilder.java,68,warning,2
contrib_spatial_src_java_org_apache_lucene_spatial_tier_CartesianPolyFilterBuilder.java,129,warning,2
contrib_spatial_src_java_org_apache_lucene_spatial_tier_CartesianPolyFilterBuilder.java,120,error,1
contrib_spatial_src_java_org_apache_lucene_spatial_tier_CartesianPolyFilterBuilder.java,29,warning,2
contrib_spatial_src_java_org_apache_lucene_spatial_tier_CartesianPolyFilterBuilder.java,1,error,1
contrib_spatial_src_java_org_apache_lucene_spatial_tier_CartesianPolyFilterBuilder.java,137,error,1
contrib_spatial_src_java_org_apache_lucene_spatial_tier_CartesianPolyFilterBuilder.java,67,warning,2
contrib_spatial_src_java_org_apache_lucene_spatial_tier_CartesianPolyFilterBuilder.java,72,warning,2
contrib_spatial_src_java_org_apache_lucene_spatial_tier_CartesianPolyFilterBuilder.java,150,warning,2
contrib_spatial_src_java_org_apache_lucene_spatial_tier_CartesianPolyFilterBuilder.java,99,error,1
contrib_spatial_src_java_org_apache_lucene_spatial_tier_CartesianPolyFilterBuilder.java,46,error,1
contrib_spatial_src_java_org_apache_lucene_spatial_tier_CartesianPolyFilterBuilder.java,56,warning,2
contrib_spatial_src_java_org_apache_lucene_spatial_tier_CartesianPolyFilterBuilder.java,82,warning,2
contrib_spatial_src_java_org_apache_lucene_spatial_tier_CartesianPolyFilterBuilder.java,106,warning,2
src_java_org_apache_lucene_analysis_CharArraySet.java,135,warning,2
src_java_org_apache_lucene_analysis_CharArraySet.java,151,warning,2
src_java_org_apache_lucene_analysis_CharArraySet.java,188,error,1
src_java_org_apache_lucene_analysis_CharArraySet.java,304,error,1
src_java_org_apache_lucene_analysis_CharArraySet.java,206,error,1
src_java_org_apache_lucene_analysis_CharArraySet.java,110,warning,2
src_java_org_apache_lucene_analysis_CharArraySet.java,376,warning,2
src_java_org_apache_lucene_analysis_CharArraySet.java,320,error,1
src_java_org_apache_lucene_analysis_CharArraySet.java,372,warning,2
src_java_org_apache_lucene_analysis_CharArraySet.java,210,warning,2
src_java_org_apache_lucene_analysis_CharArraySet.java,98,warning,2
src_java_org_apache_lucene_analysis_CharArraySet.java,149,error,1
src_java_org_apache_lucene_analysis_CharArraySet.java,125,warning,2
src_java_org_apache_lucene_analysis_CharArraySet.java,126,warning,2
src_java_org_apache_lucene_analysis_CharArraySet.java,386,warning,2
src_java_org_apache_lucene_analysis_CharArraySet.java,387,warning,2
src_java_org_apache_lucene_analysis_CharArraySet.java,104,warning,2
src_java_org_apache_lucene_analysis_CharArraySet.java,291,error,1
src_java_org_apache_lucene_analysis_CharArraySet.java,65,warning,2
src_java_org_apache_lucene_analysis_CharArraySet.java,364,warning,2
src_java_org_apache_lucene_analysis_CharArraySet.java,136,warning,2
src_java_org_apache_lucene_analysis_CharArraySet.java,53,error,1
src_java_org_apache_lucene_analysis_CharArraySet.java,161,warning,2
src_java_org_apache_lucene_analysis_CharArraySet.java,199,warning,2
src_java_org_apache_lucene_analysis_CharArraySet.java,329,error,1
src_java_org_apache_lucene_analysis_CharArraySet.java,375,error,1
src_java_org_apache_lucene_analysis_CharArraySet.java,209,warning,2
src_java_org_apache_lucene_analysis_CharArraySet.java,301,warning,2
src_java_org_apache_lucene_analysis_CharArraySet.java,321,error,1
src_java_org_apache_lucene_analysis_CharArraySet.java,186,warning,2
src_java_org_apache_lucene_analysis_CharArraySet.java,218,warning,2
src_java_org_apache_lucene_analysis_CharArraySet.java,148,error,1
src_java_org_apache_lucene_analysis_CharArraySet.java,173,warning,2
src_java_org_apache_lucene_analysis_CharArraySet.java,235,error,1
src_java_org_apache_lucene_analysis_CharArraySet.java,109,warning,2
src_java_org_apache_lucene_analysis_CharArraySet.java,253,warning,2
src_java_org_apache_lucene_analysis_CharArraySet.java,115,warning,2
src_java_org_apache_lucene_analysis_CharArraySet.java,247,error,1
src_java_org_apache_lucene_analysis_CharArraySet.java,343,error,1
src_java_org_apache_lucene_analysis_CharArraySet.java,270,error,1
src_java_org_apache_lucene_analysis_CharArraySet.java,370,error,1
src_java_org_apache_lucene_analysis_CharArraySet.java,205,error,1
src_java_org_apache_lucene_analysis_CharArraySet.java,298,warning,2
src_java_org_apache_lucene_analysis_CharArraySet.java,362,warning,2
src_java_org_apache_lucene_analysis_CharArraySet.java,55,error,1
src_java_org_apache_lucene_analysis_CharArraySet.java,58,error,1
src_java_org_apache_lucene_analysis_CharArraySet.java,79,warning,2
src_java_org_apache_lucene_analysis_CharArraySet.java,217,error,1
src_java_org_apache_lucene_analysis_CharArraySet.java,102,error,1
src_java_org_apache_lucene_analysis_CharArraySet.java,215,warning,2
src_java_org_apache_lucene_analysis_CharArraySet.java,223,warning,2
src_java_org_apache_lucene_analysis_CharArraySet.java,231,warning,2
src_java_org_apache_lucene_analysis_CharArraySet.java,180,warning,2
src_java_org_apache_lucene_analysis_CharArraySet.java,71,warning,2
src_java_org_apache_lucene_analysis_CharArraySet.java,178,warning,2
src_java_org_apache_lucene_analysis_CharArraySet.java,103,error,1
src_java_org_apache_lucene_analysis_CharArraySet.java,306,warning,2
src_java_org_apache_lucene_analysis_CharArraySet.java,371,warning,2
src_java_org_apache_lucene_analysis_CharArraySet.java,365,error,1
src_java_org_apache_lucene_analysis_CharArraySet.java,313,error,1
src_java_org_apache_lucene_analysis_CharArraySet.java,214,warning,2
src_java_org_apache_lucene_analysis_CharArraySet.java,67,warning,2
src_java_org_apache_lucene_analysis_CharArraySet.java,192,error,1
src_java_org_apache_lucene_analysis_CharArraySet.java,331,warning,2
src_java_org_apache_lucene_analysis_CharArraySet.java,181,warning,2
src_java_org_apache_lucene_analysis_CharArraySet.java,51,error,1
src_java_org_apache_lucene_analysis_CharArraySet.java,106,warning,2
src_java_org_apache_lucene_analysis_CharArraySet.java,111,error,1
src_java_org_apache_lucene_analysis_CharArraySet.java,322,warning,2
src_java_org_apache_lucene_analysis_CharArraySet.java,113,warning,2
src_java_org_apache_lucene_analysis_CharArraySet.java,314,warning,2
src_java_org_apache_lucene_analysis_CharArraySet.java,213,warning,2
src_java_org_apache_lucene_analysis_CharArraySet.java,385,error,1
src_java_org_apache_lucene_analysis_CharArraySet.java,207,warning,2
src_java_org_apache_lucene_analysis_CharArraySet.java,116,warning,2
src_java_org_apache_lucene_analysis_CharArraySet.java,49,error,1
src_java_org_apache_lucene_analysis_CharArraySet.java,175,error,1
src_java_org_apache_lucene_analysis_CharArraySet.java,183,warning,2
src_java_org_apache_lucene_analysis_CharArraySet.java,212,error,1
src_java_org_apache_lucene_analysis_CharArraySet.java,381,warning,2
src_java_org_apache_lucene_analysis_CharArraySet.java,252,warning,2
src_java_org_apache_lucene_analysis_CharArraySet.java,330,warning,2
src_java_org_apache_lucene_analysis_CharArraySet.java,162,warning,2
src_java_org_apache_lucene_analysis_CharArraySet.java,157,error,1
src_java_org_apache_lucene_analysis_CharArraySet.java,153,error,1
src_java_org_apache_lucene_analysis_CharArraySet.java,155,warning,2
src_java_org_apache_lucene_analysis_CharArraySet.java,66,warning,2
src_java_org_apache_lucene_analysis_CharArraySet.java,310,warning,2
src_java_org_apache_lucene_analysis_CharArraySet.java,176,error,1
src_java_org_apache_lucene_analysis_CharArraySet.java,59,warning,2
src_java_org_apache_lucene_analysis_CharArraySet.java,367,warning,2
src_java_org_apache_lucene_analysis_CharArraySet.java,239,error,1
src_java_org_apache_lucene_analysis_CharArraySet.java,266,error,1
src_java_org_apache_lucene_analysis_CharArraySet.java,156,warning,2
src_java_org_apache_lucene_analysis_CharArraySet.java,35,warning,2
src_java_org_apache_lucene_analysis_CharArraySet.java,139,warning,2
src_java_org_apache_lucene_analysis_CharArraySet.java,292,warning,2
src_java_org_apache_lucene_analysis_CharArraySet.java,185,warning,2
src_java_org_apache_lucene_analysis_CharArraySet.java,290,error,1
src_java_org_apache_lucene_analysis_CharArraySet.java,121,warning,2
src_java_org_apache_lucene_analysis_CharArraySet.java,228,error,1
src_java_org_apache_lucene_analysis_CharArraySet.java,278,warning,2
src_java_org_apache_lucene_analysis_CharArraySet.java,172,warning,2
src_java_org_apache_lucene_analysis_CharArraySet.java,360,error,1
src_java_org_apache_lucene_analysis_CharArraySet.java,141,error,1
src_java_org_apache_lucene_analysis_CharArraySet.java,47,error,1
src_java_org_apache_lucene_analysis_CharArraySet.java,374,warning,2
src_java_org_apache_lucene_analysis_CharArraySet.java,317,warning,2
src_java_org_apache_lucene_analysis_CharArraySet.java,138,warning,2
src_java_org_apache_lucene_analysis_CharArraySet.java,388,warning,2
src_java_org_apache_lucene_analysis_CharArraySet.java,251,warning,2
src_java_org_apache_lucene_analysis_CharArraySet.java,202,error,1
src_java_org_apache_lucene_analysis_CharArraySet.java,238,error,1
src_java_org_apache_lucene_analysis_CharArraySet.java,222,warning,2
src_java_org_apache_lucene_analysis_CharArraySet.java,245,warning,2
src_java_org_apache_lucene_analysis_CharArraySet.java,318,warning,2
src_java_org_apache_lucene_analysis_CharArraySet.java,9,error,1
src_java_org_apache_lucene_analysis_CharArraySet.java,316,error,1
src_java_org_apache_lucene_analysis_CharArraySet.java,56,warning,2
src_java_org_apache_lucene_analysis_CharArraySet.java,244,warning,2
src_java_org_apache_lucene_analysis_CharArraySet.java,82,error,1
src_java_org_apache_lucene_analysis_CharArraySet.java,76,error,1
src_java_org_apache_lucene_analysis_CharArraySet.java,166,warning,2
src_java_org_apache_lucene_analysis_CharArraySet.java,366,warning,2
src_java_org_apache_lucene_analysis_CharArraySet.java,344,warning,2
src_java_org_apache_lucene_analysis_CharArraySet.java,105,error,1
src_java_org_apache_lucene_analysis_CharArraySet.java,91,warning,2
src_java_org_apache_lucene_analysis_CharArraySet.java,90,warning,2
src_java_org_apache_lucene_analysis_CharArraySet.java,168,warning,2
src_java_org_apache_lucene_analysis_CharArraySet.java,338,error,1
src_java_org_apache_lucene_analysis_CharArraySet.java,174,warning,2
src_java_org_apache_lucene_analysis_CharArraySet.java,230,warning,2
src_java_org_apache_lucene_analysis_CharArraySet.java,145,warning,2
src_java_org_apache_lucene_analysis_CharArraySet.java,190,warning,2
src_java_org_apache_lucene_analysis_CharArraySet.java,73,warning,2
src_java_org_apache_lucene_analysis_CharArraySet.java,335,warning,2
src_java_org_apache_lucene_analysis_CharArraySet.java,124,error,1
src_java_org_apache_lucene_analysis_CharArraySet.java,88,warning,2
src_java_org_apache_lucene_analysis_CharArraySet.java,216,error,1
src_java_org_apache_lucene_analysis_CharArraySet.java,293,error,1
src_java_org_apache_lucene_analysis_CharArraySet.java,347,warning,2
src_java_org_apache_lucene_analysis_CharArraySet.java,198,warning,2
src_java_org_apache_lucene_analysis_CharArraySet.java,269,warning,2
src_java_org_apache_lucene_analysis_CharArraySet.java,220,error,1
src_java_org_apache_lucene_analysis_CharArraySet.java,305,error,1
src_java_org_apache_lucene_analysis_CharArraySet.java,118,error,1
src_java_org_apache_lucene_analysis_CharArraySet.java,277,warning,2
src_java_org_apache_lucene_analysis_CharArraySet.java,384,warning,2
src_java_org_apache_lucene_analysis_CharArraySet.java,193,warning,2
src_java_org_apache_lucene_analysis_CharArraySet.java,87,error,1
src_java_org_apache_lucene_analysis_CharArraySet.java,123,error,1
src_java_org_apache_lucene_analysis_CharArraySet.java,61,warning,2
src_java_org_apache_lucene_analysis_CharArraySet.java,327,warning,2
src_java_org_apache_lucene_analysis_CharArraySet.java,97,warning,2
src_java_org_apache_lucene_analysis_CharArraySet.java,194,warning,2
src_java_org_apache_lucene_analysis_CharArraySet.java,224,warning,2
src_java_org_apache_lucene_analysis_CharArraySet.java,89,error,1
src_java_org_apache_lucene_analysis_CharArraySet.java,92,error,1
src_java_org_apache_lucene_analysis_CharArraySet.java,267,warning,2
src_java_org_apache_lucene_analysis_CharArraySet.java,107,warning,2
src_java_org_apache_lucene_analysis_CharArraySet.java,303,warning,2
src_java_org_apache_lucene_analysis_CharArraySet.java,96,warning,2
src_java_org_apache_lucene_analysis_CharArraySet.java,159,warning,2
src_java_org_apache_lucene_analysis_CharArraySet.java,152,error,1
src_java_org_apache_lucene_analysis_CharArraySet.java,143,warning,2
src_java_org_apache_lucene_analysis_CharArraySet.java,204,warning,2
src_java_org_apache_lucene_analysis_CharArraySet.java,265,error,1
src_java_org_apache_lucene_analysis_CharArraySet.java,236,warning,2
src_java_org_apache_lucene_analysis_CharArraySet.java,296,warning,2
src_java_org_apache_lucene_analysis_CharArraySet.java,340,warning,2
src_java_org_apache_lucene_analysis_CharArraySet.java,311,warning,2
src_java_org_apache_lucene_analysis_CharArraySet.java,85,warning,2
src_java_org_apache_lucene_analysis_CharArraySet.java,295,error,1
src_java_org_apache_lucene_analysis_CharArraySet.java,184,error,1
src_java_org_apache_lucene_analysis_CharArraySet.java,84,warning,2
src_java_org_apache_lucene_analysis_CharArraySet.java,189,warning,2
src_java_org_apache_lucene_analysis_CharArraySet.java,357,warning,2
src_java_org_apache_lucene_analysis_CharArraySet.java,177,warning,2
src_java_org_apache_lucene_analysis_CharArraySet.java,294,warning,2
src_java_org_apache_lucene_analysis_CharArraySet.java,120,warning,2
src_java_org_apache_lucene_analysis_CharArraySet.java,1,error,1
src_java_org_apache_lucene_analysis_CharArraySet.java,83,error,1
src_java_org_apache_lucene_analysis_CharArraySet.java,137,error,1
src_java_org_apache_lucene_analysis_CharArraySet.java,72,warning,2
src_java_org_apache_lucene_analysis_CharArraySet.java,112,warning,2
src_java_org_apache_lucene_analysis_CharArraySet.java,150,warning,2
src_java_org_apache_lucene_analysis_CharArraySet.java,170,error,1
src_java_org_apache_lucene_analysis_CharArraySet.java,325,warning,2
src_java_org_apache_lucene_analysis_CharArraySet.java,169,warning,2
src_java_org_apache_lucene_analysis_CharArraySet.java,5,error,1
src_java_org_apache_lucene_analysis_CharArraySet.java,114,warning,2
src_java_org_apache_lucene_analysis_CharArraySet.java,134,error,1
src_java_org_apache_lucene_analysis_CharArraySet.java,271,warning,2
src_java_org_apache_lucene_analysis_CharArraySet.java,341,warning,2
src_java_org_apache_lucene_analysis_CharArraySet.java,195,warning,2
src_java_org_apache_lucene_analysis_CharArraySet.java,93,warning,2
src_java_org_apache_lucene_analysis_CharArraySet.java,100,warning,2
src_java_org_apache_lucene_analysis_CharArraySet.java,133,error,1
src_java_org_apache_lucene_analysis_CharArraySet.java,69,error,1
src_java_org_apache_lucene_analysis_CharArraySet.java,165,error,1
src_java_org_apache_lucene_analysis_CharArraySet.java,249,warning,2
src_java_org_apache_lucene_analysis_CharArraySet.java,179,warning,2
src_java_org_apache_lucene_analysis_CharArraySet.java,48,error,1
src_java_org_apache_lucene_analysis_CharArraySet.java,334,warning,2
src_java_org_apache_lucene_analysis_CharArraySet.java,379,warning,2
src_java_org_apache_lucene_analysis_CharArraySet.java,240,warning,2
src_java_org_apache_lucene_analysis_CharArraySet.java,158,error,1
src_java_org_apache_lucene_analysis_CharArraySet.java,221,error,1
src_java_org_apache_lucene_analysis_CharArraySet.java,377,warning,2
src_java_org_apache_lucene_analysis_CharArraySet.java,361,warning,2
src_java_org_apache_lucene_analysis_CharArraySet.java,163,warning,2
src_java_org_apache_lucene_analysis_CharArraySet.java,167,error,1
src_java_org_apache_lucene_analysis_CharArraySet.java,64,error,1
src_java_org_apache_lucene_analysis_CharArraySet.java,160,warning,2
src_java_org_apache_lucene_analysis_CharArraySet.java,203,warning,2
src_java_org_apache_lucene_analysis_CharArraySet.java,78,error,1
src_java_org_apache_lucene_analysis_CharArraySet.java,74,warning,2
src_java_org_apache_lucene_analysis_CharArraySet.java,241,error,1
src_java_org_apache_lucene_analysis_CharArraySet.java,94,warning,2
src_java_org_apache_lucene_analysis_CharArraySet.java,312,warning,2
src_java_org_apache_lucene_analysis_CharArraySet.java,382,warning,2
src_java_org_apache_lucene_analysis_CharArraySet.java,297,warning,2
src_java_org_apache_lucene_analysis_CharArraySet.java,219,warning,2
src_java_org_apache_lucene_analysis_CharArraySet.java,250,error,1
src_java_org_apache_lucene_analysis_CharArraySet.java,132,error,1
src_java_org_apache_lucene_analysis_CharArraySet.java,70,error,1
src_java_org_apache_lucene_analysis_CharArraySet.java,60,warning,2
src_java_org_apache_lucene_analysis_CharArraySet.java,171,error,1
src_java_org_apache_lucene_analysis_CharArraySet.java,380,error,1
src_java_org_apache_lucene_analysis_CharArraySet.java,154,warning,2
src_java_org_apache_lucene_analysis_CharArraySet.java,200,warning,2
src_java_org_apache_lucene_analysis_CharArraySet.java,369,warning,2
src_java_org_apache_lucene_analysis_CharArraySet.java,95,error,1
src_java_org_apache_lucene_analysis_CharArraySet.java,243,warning,2
src_java_org_apache_lucene_analysis_CharArraySet.java,248,error,1
src_java_org_apache_lucene_analysis_CharArraySet.java,63,error,1
src_java_org_apache_lucene_analysis_CharArraySet.java,233,error,1
src_java_org_apache_lucene_analysis_CharArraySet.java,146,warning,2
src_java_org_apache_lucene_analysis_CharArraySet.java,119,error,1
src_java_org_apache_lucene_analysis_CharArraySet.java,336,warning,2
src_java_org_apache_lucene_analysis_CharArraySet.java,57,warning,2
src_java_org_apache_lucene_analysis_CharArraySet.java,80,warning,2
src_java_org_apache_lucene_analysis_CharArraySet.java,50,error,1
src_java_org_apache_lucene_analysis_CharArraySet.java,359,error,1
src_java_org_apache_lucene_analysis_CharArraySet.java,348,warning,2
src_java_org_apache_lucene_analysis_CharArraySet.java,142,warning,2
src_java_org_apache_lucene_analysis_CharArraySet.java,308,warning,2
src_java_org_apache_lucene_analysis_CharArraySet.java,108,error,1
src_java_org_apache_lucene_analysis_CharArraySet.java,208,warning,2
src_java_org_apache_lucene_analysis_CharArraySet.java,333,error,1
src_java_org_apache_lucene_analysis_CharArraySet.java,307,warning,2
src_java_org_apache_lucene_analysis_CharArraySet.java,197,error,1
src_java_org_apache_lucene_analysis_CharArraySet.java,201,error,1
src_java_org_apache_lucene_analysis_CharArraySet.java,225,warning,2
src_java_org_apache_lucene_analysis_CharArraySet.java,99,warning,2
src_java_org_apache_lucene_analysis_CharArraySet.java,323,warning,2
src_java_org_apache_lucene_analysis_CharArraySet.java,46,warning,2
src_java_org_apache_lucene_analysis_CharArraySet.java,242,warning,2
src_java_org_apache_lucene_analysis_CharArraySet.java,268,error,1
src_java_org_apache_lucene_analysis_CharArraySet.java,339,error,1
src_java_org_apache_lucene_analysis_CharArraySet.java,324,warning,2
src_java_org_apache_lucene_analysis_standard_StandardAnalyzer.java,34,warning,2
src_java_org_apache_lucene_analysis_standard_StandardAnalyzer.java,135,error,1
src_java_org_apache_lucene_analysis_standard_StandardAnalyzer.java,114,warning,2
src_java_org_apache_lucene_analysis_standard_StandardAnalyzer.java,113,error,1
src_java_org_apache_lucene_analysis_standard_StandardAnalyzer.java,62,error,1
src_java_org_apache_lucene_analysis_standard_StandardAnalyzer.java,93,warning,2
src_java_org_apache_lucene_analysis_standard_StandardAnalyzer.java,100,warning,2
src_java_org_apache_lucene_analysis_standard_StandardAnalyzer.java,105,warning,2
src_java_org_apache_lucene_analysis_standard_StandardAnalyzer.java,147,warning,2
src_java_org_apache_lucene_analysis_standard_StandardAnalyzer.java,24,warning,2
src_java_org_apache_lucene_analysis_standard_StandardAnalyzer.java,133,warning,2
src_java_org_apache_lucene_analysis_standard_StandardAnalyzer.java,110,error,1
src_java_org_apache_lucene_analysis_standard_StandardAnalyzer.java,90,warning,2
src_java_org_apache_lucene_analysis_standard_StandardAnalyzer.java,116,error,1
src_java_org_apache_lucene_analysis_standard_StandardAnalyzer.java,98,warning,2
src_java_org_apache_lucene_analysis_standard_StandardAnalyzer.java,125,warning,2
src_java_org_apache_lucene_analysis_standard_StandardAnalyzer.java,149,warning,2
src_java_org_apache_lucene_analysis_standard_StandardAnalyzer.java,126,warning,2
src_java_org_apache_lucene_analysis_standard_StandardAnalyzer.java,48,warning,2
src_java_org_apache_lucene_analysis_standard_StandardAnalyzer.java,104,warning,2
src_java_org_apache_lucene_analysis_standard_StandardAnalyzer.java,145,warning,2
src_java_org_apache_lucene_analysis_standard_StandardAnalyzer.java,73,error,1
src_java_org_apache_lucene_analysis_standard_StandardAnalyzer.java,124,error,1
src_java_org_apache_lucene_analysis_standard_StandardAnalyzer.java,157,warning,2
src_java_org_apache_lucene_analysis_standard_StandardAnalyzer.java,40,error,1
src_java_org_apache_lucene_analysis_standard_StandardAnalyzer.java,153,warning,2
src_java_org_apache_lucene_analysis_standard_StandardAnalyzer.java,155,warning,2
src_java_org_apache_lucene_analysis_standard_StandardAnalyzer.java,136,error,1
src_java_org_apache_lucene_analysis_standard_StandardAnalyzer.java,64,warning,2
src_java_org_apache_lucene_analysis_standard_StandardAnalyzer.java,160,warning,2
src_java_org_apache_lucene_analysis_standard_StandardAnalyzer.java,74,warning,2
src_java_org_apache_lucene_analysis_standard_StandardAnalyzer.java,94,warning,2
src_java_org_apache_lucene_analysis_standard_StandardAnalyzer.java,43,warning,2
src_java_org_apache_lucene_analysis_standard_StandardAnalyzer.java,148,warning,2
src_java_org_apache_lucene_analysis_standard_StandardAnalyzer.java,109,error,1
src_java_org_apache_lucene_analysis_standard_StandardAnalyzer.java,3,error,1
src_java_org_apache_lucene_analysis_standard_StandardAnalyzer.java,128,warning,2
src_java_org_apache_lucene_analysis_standard_StandardAnalyzer.java,132,warning,2
src_java_org_apache_lucene_analysis_standard_StandardAnalyzer.java,70,error,1
src_java_org_apache_lucene_analysis_standard_StandardAnalyzer.java,60,warning,2
src_java_org_apache_lucene_analysis_standard_StandardAnalyzer.java,92,error,1
src_java_org_apache_lucene_analysis_standard_StandardAnalyzer.java,23,warning,2
src_java_org_apache_lucene_analysis_standard_StandardAnalyzer.java,154,warning,2
src_java_org_apache_lucene_analysis_standard_StandardAnalyzer.java,131,error,1
src_java_org_apache_lucene_analysis_standard_StandardAnalyzer.java,159,warning,2
src_java_org_apache_lucene_analysis_standard_StandardAnalyzer.java,81,warning,2
src_java_org_apache_lucene_analysis_standard_StandardAnalyzer.java,25,warning,2
src_java_org_apache_lucene_analysis_standard_StandardAnalyzer.java,143,warning,2
src_java_org_apache_lucene_analysis_standard_StandardAnalyzer.java,152,warning,2
src_java_org_apache_lucene_analysis_standard_StandardAnalyzer.java,54,warning,2
src_java_org_apache_lucene_analysis_standard_StandardAnalyzer.java,44,error,1
src_java_org_apache_lucene_analysis_standard_StandardAnalyzer.java,101,warning,2
src_java_org_apache_lucene_analysis_standard_StandardAnalyzer.java,52,error,1
src_java_org_apache_lucene_analysis_standard_StandardAnalyzer.java,63,warning,2
src_java_org_apache_lucene_analysis_standard_StandardAnalyzer.java,85,warning,2
src_java_org_apache_lucene_analysis_standard_StandardAnalyzer.java,55,error,1
src_java_org_apache_lucene_analysis_standard_StandardAnalyzer.java,146,warning,2
src_java_org_apache_lucene_analysis_standard_StandardAnalyzer.java,102,warning,2
src_java_org_apache_lucene_analysis_standard_StandardAnalyzer.java,84,warning,2
src_java_org_apache_lucene_analysis_standard_StandardAnalyzer.java,141,warning,2
src_java_org_apache_lucene_analysis_standard_StandardAnalyzer.java,71,warning,2
src_java_org_apache_lucene_analysis_standard_StandardAnalyzer.java,50,error,1
src_java_org_apache_lucene_analysis_standard_StandardAnalyzer.java,142,warning,2
src_java_org_apache_lucene_analysis_standard_StandardAnalyzer.java,103,warning,2
src_java_org_apache_lucene_analysis_standard_StandardAnalyzer.java,20,error,1
src_java_org_apache_lucene_analysis_standard_StandardAnalyzer.java,108,warning,2
src_java_org_apache_lucene_analysis_standard_StandardAnalyzer.java,144,warning,2
src_java_org_apache_lucene_analysis_standard_StandardAnalyzer.java,68,warning,2
src_java_org_apache_lucene_analysis_standard_StandardAnalyzer.java,1,error,1
src_java_org_apache_lucene_analysis_standard_StandardAnalyzer.java,83,error,1
src_java_org_apache_lucene_analysis_standard_StandardAnalyzer.java,26,warning,2
src_java_org_apache_lucene_analysis_standard_StandardAnalyzer.java,76,warning,2
src_java_org_apache_lucene_analysis_standard_StandardAnalyzer.java,137,warning,2
src_java_org_apache_lucene_analysis_standard_StandardAnalyzer.java,72,warning,2
src_java_org_apache_lucene_analysis_standard_StandardAnalyzer.java,150,warning,2
src_java_org_apache_lucene_analysis_standard_StandardAnalyzer.java,99,error,1
src_java_org_apache_lucene_analysis_standard_StandardAnalyzer.java,75,warning,2
src_java_org_apache_lucene_analysis_standard_StandardAnalyzer.java,106,warning,2
src_java_org_apache_lucene_analysis_standard_StandardAnalyzer.java,111,warning,2
contrib_analyzers_common_src_java_org_apache_lucene_analysis_fa_PersianAnalyzer.java,135,warning,2
contrib_analyzers_common_src_java_org_apache_lucene_analysis_fa_PersianAnalyzer.java,93,warning,2
contrib_analyzers_common_src_java_org_apache_lucene_analysis_fa_PersianAnalyzer.java,105,warning,2
contrib_analyzers_common_src_java_org_apache_lucene_analysis_fa_PersianAnalyzer.java,100,warning,2
contrib_analyzers_common_src_java_org_apache_lucene_analysis_fa_PersianAnalyzer.java,147,warning,2
contrib_analyzers_common_src_java_org_apache_lucene_analysis_fa_PersianAnalyzer.java,207,warning,2
contrib_analyzers_common_src_java_org_apache_lucene_analysis_fa_PersianAnalyzer.java,110,error,1
contrib_analyzers_common_src_java_org_apache_lucene_analysis_fa_PersianAnalyzer.java,69,warning,2
contrib_analyzers_common_src_java_org_apache_lucene_analysis_fa_PersianAnalyzer.java,168,error,1
contrib_analyzers_common_src_java_org_apache_lucene_analysis_fa_PersianAnalyzer.java,116,error,1
contrib_analyzers_common_src_java_org_apache_lucene_analysis_fa_PersianAnalyzer.java,98,warning,2
contrib_analyzers_common_src_java_org_apache_lucene_analysis_fa_PersianAnalyzer.java,183,error,1
contrib_analyzers_common_src_java_org_apache_lucene_analysis_fa_PersianAnalyzer.java,48,warning,2
contrib_analyzers_common_src_java_org_apache_lucene_analysis_fa_PersianAnalyzer.java,104,warning,2
contrib_analyzers_common_src_java_org_apache_lucene_analysis_fa_PersianAnalyzer.java,212,error,1
contrib_analyzers_common_src_java_org_apache_lucene_analysis_fa_PersianAnalyzer.java,145,error,1
contrib_analyzers_common_src_java_org_apache_lucene_analysis_fa_PersianAnalyzer.java,73,warning,2
contrib_analyzers_common_src_java_org_apache_lucene_analysis_fa_PersianAnalyzer.java,167,warning,2
contrib_analyzers_common_src_java_org_apache_lucene_analysis_fa_PersianAnalyzer.java,88,warning,2
contrib_analyzers_common_src_java_org_apache_lucene_analysis_fa_PersianAnalyzer.java,216,warning,2
contrib_analyzers_common_src_java_org_apache_lucene_analysis_fa_PersianAnalyzer.java,155,warning,2
contrib_analyzers_common_src_java_org_apache_lucene_analysis_fa_PersianAnalyzer.java,199,warning,2
contrib_analyzers_common_src_java_org_apache_lucene_analysis_fa_PersianAnalyzer.java,198,error,1
contrib_analyzers_common_src_java_org_apache_lucene_analysis_fa_PersianAnalyzer.java,203,warning,2
contrib_analyzers_common_src_java_org_apache_lucene_analysis_fa_PersianAnalyzer.java,118,warning,2
contrib_analyzers_common_src_java_org_apache_lucene_analysis_fa_PersianAnalyzer.java,94,warning,2
contrib_analyzers_common_src_java_org_apache_lucene_analysis_fa_PersianAnalyzer.java,43,error,1
contrib_analyzers_common_src_java_org_apache_lucene_analysis_fa_PersianAnalyzer.java,87,warning,2
contrib_analyzers_common_src_java_org_apache_lucene_analysis_fa_PersianAnalyzer.java,186,warning,2
contrib_analyzers_common_src_java_org_apache_lucene_analysis_fa_PersianAnalyzer.java,218,warning,2
contrib_analyzers_common_src_java_org_apache_lucene_analysis_fa_PersianAnalyzer.java,173,warning,2
contrib_analyzers_common_src_java_org_apache_lucene_analysis_fa_PersianAnalyzer.java,219,warning,2
contrib_analyzers_common_src_java_org_apache_lucene_analysis_fa_PersianAnalyzer.java,3,error,1
contrib_analyzers_common_src_java_org_apache_lucene_analysis_fa_PersianAnalyzer.java,128,error,1
contrib_analyzers_common_src_java_org_apache_lucene_analysis_fa_PersianAnalyzer.java,97,warning,2
contrib_analyzers_common_src_java_org_apache_lucene_analysis_fa_PersianAnalyzer.java,130,warning,2
contrib_analyzers_common_src_java_org_apache_lucene_analysis_fa_PersianAnalyzer.java,89,warning,2
contrib_analyzers_common_src_java_org_apache_lucene_analysis_fa_PersianAnalyzer.java,156,warning,2
contrib_analyzers_common_src_java_org_apache_lucene_analysis_fa_PersianAnalyzer.java,92,warning,2
contrib_analyzers_common_src_java_org_apache_lucene_analysis_fa_PersianAnalyzer.java,171,warning,2
contrib_analyzers_common_src_java_org_apache_lucene_analysis_fa_PersianAnalyzer.java,154,error,1
contrib_analyzers_common_src_java_org_apache_lucene_analysis_fa_PersianAnalyzer.java,139,warning,2
contrib_analyzers_common_src_java_org_apache_lucene_analysis_fa_PersianAnalyzer.java,107,warning,2
contrib_analyzers_common_src_java_org_apache_lucene_analysis_fa_PersianAnalyzer.java,200,warning,2
contrib_analyzers_common_src_java_org_apache_lucene_analysis_fa_PersianAnalyzer.java,96,warning,2
contrib_analyzers_common_src_java_org_apache_lucene_analysis_fa_PersianAnalyzer.java,131,warning,2
contrib_analyzers_common_src_java_org_apache_lucene_analysis_fa_PersianAnalyzer.java,169,warning,2
contrib_analyzers_common_src_java_org_apache_lucene_analysis_fa_PersianAnalyzer.java,185,error,1
contrib_analyzers_common_src_java_org_apache_lucene_analysis_fa_PersianAnalyzer.java,143,warning,2
contrib_analyzers_common_src_java_org_apache_lucene_analysis_fa_PersianAnalyzer.java,152,warning,2
contrib_analyzers_common_src_java_org_apache_lucene_analysis_fa_PersianAnalyzer.java,204,warning,2
contrib_analyzers_common_src_java_org_apache_lucene_analysis_fa_PersianAnalyzer.java,44,error,1
contrib_analyzers_common_src_java_org_apache_lucene_analysis_fa_PersianAnalyzer.java,181,warning,2
contrib_analyzers_common_src_java_org_apache_lucene_analysis_fa_PersianAnalyzer.java,205,warning,2
contrib_analyzers_common_src_java_org_apache_lucene_analysis_fa_PersianAnalyzer.java,52,warning,2
contrib_analyzers_common_src_java_org_apache_lucene_analysis_fa_PersianAnalyzer.java,63,warning,2
contrib_analyzers_common_src_java_org_apache_lucene_analysis_fa_PersianAnalyzer.java,58,error,1
contrib_analyzers_common_src_java_org_apache_lucene_analysis_fa_PersianAnalyzer.java,79,error,1
contrib_analyzers_common_src_java_org_apache_lucene_analysis_fa_PersianAnalyzer.java,146,warning,2
contrib_analyzers_common_src_java_org_apache_lucene_analysis_fa_PersianAnalyzer.java,217,warning,2
contrib_analyzers_common_src_java_org_apache_lucene_analysis_fa_PersianAnalyzer.java,86,warning,2
contrib_analyzers_common_src_java_org_apache_lucene_analysis_fa_PersianAnalyzer.java,102,warning,2
contrib_analyzers_common_src_java_org_apache_lucene_analysis_fa_PersianAnalyzer.java,215,warning,2
contrib_analyzers_common_src_java_org_apache_lucene_analysis_fa_PersianAnalyzer.java,117,warning,2
contrib_analyzers_common_src_java_org_apache_lucene_analysis_fa_PersianAnalyzer.java,184,error,1
contrib_analyzers_common_src_java_org_apache_lucene_analysis_fa_PersianAnalyzer.java,84,error,1
contrib_analyzers_common_src_java_org_apache_lucene_analysis_fa_PersianAnalyzer.java,180,warning,2
contrib_analyzers_common_src_java_org_apache_lucene_analysis_fa_PersianAnalyzer.java,178,error,1
contrib_analyzers_common_src_java_org_apache_lucene_analysis_fa_PersianAnalyzer.java,108,warning,2
contrib_analyzers_common_src_java_org_apache_lucene_analysis_fa_PersianAnalyzer.java,138,warning,2
contrib_analyzers_common_src_java_org_apache_lucene_analysis_fa_PersianAnalyzer.java,129,warning,2
contrib_analyzers_common_src_java_org_apache_lucene_analysis_fa_PersianAnalyzer.java,120,error,1
contrib_analyzers_common_src_java_org_apache_lucene_analysis_fa_PersianAnalyzer.java,29,warning,2
contrib_analyzers_common_src_java_org_apache_lucene_analysis_fa_PersianAnalyzer.java,1,error,1
contrib_analyzers_common_src_java_org_apache_lucene_analysis_fa_PersianAnalyzer.java,202,warning,2
contrib_analyzers_common_src_java_org_apache_lucene_analysis_fa_PersianAnalyzer.java,83,error,1
contrib_analyzers_common_src_java_org_apache_lucene_analysis_fa_PersianAnalyzer.java,214,warning,2
contrib_analyzers_common_src_java_org_apache_lucene_analysis_fa_PersianAnalyzer.java,137,error,1
contrib_analyzers_common_src_java_org_apache_lucene_analysis_fa_PersianAnalyzer.java,197,warning,2
contrib_analyzers_common_src_java_org_apache_lucene_analysis_fa_PersianAnalyzer.java,201,warning,2
contrib_analyzers_common_src_java_org_apache_lucene_analysis_fa_PersianAnalyzer.java,99,warning,2
contrib_analyzers_common_src_java_org_apache_lucene_analysis_fa_PersianAnalyzer.java,170,warning,2
contrib_analyzers_common_src_java_org_apache_lucene_analysis_fa_PersianAnalyzer.java,75,error,1
contrib_analyzers_common_src_java_org_apache_lucene_analysis_fa_PersianAnalyzer.java,77,warning,2
contrib_analyzers_common_src_java_org_apache_lucene_analysis_fa_PersianAnalyzer.java,106,warning,2
contrib_analyzers_common_src_java_org_apache_lucene_analysis_fa_PersianAnalyzer.java,76,warning,2
contrib_analyzers_common_src_java_org_apache_lucene_analysis_miscellaneous_PatternAnalyzer.java,135,warning,2
contrib_analyzers_common_src_java_org_apache_lucene_analysis_miscellaneous_PatternAnalyzer.java,304,warning,2
contrib_analyzers_common_src_java_org_apache_lucene_analysis_miscellaneous_PatternAnalyzer.java,110,warning,2
contrib_analyzers_common_src_java_org_apache_lucene_analysis_miscellaneous_PatternAnalyzer.java,206,warning,2
contrib_analyzers_common_src_java_org_apache_lucene_analysis_miscellaneous_PatternAnalyzer.java,345,warning,2
contrib_analyzers_common_src_java_org_apache_lucene_analysis_miscellaneous_PatternAnalyzer.java,399,warning,2
contrib_analyzers_common_src_java_org_apache_lucene_analysis_miscellaneous_PatternAnalyzer.java,424,warning,2
contrib_analyzers_common_src_java_org_apache_lucene_analysis_miscellaneous_PatternAnalyzer.java,456,warning,2
contrib_analyzers_common_src_java_org_apache_lucene_analysis_miscellaneous_PatternAnalyzer.java,372,warning,2
contrib_analyzers_common_src_java_org_apache_lucene_analysis_miscellaneous_PatternAnalyzer.java,210,error,1
contrib_analyzers_common_src_java_org_apache_lucene_analysis_miscellaneous_PatternAnalyzer.java,125,error,1
contrib_analyzers_common_src_java_org_apache_lucene_analysis_miscellaneous_PatternAnalyzer.java,386,error,1
contrib_analyzers_common_src_java_org_apache_lucene_analysis_miscellaneous_PatternAnalyzer.java,387,error,1
contrib_analyzers_common_src_java_org_apache_lucene_analysis_miscellaneous_PatternAnalyzer.java,98,warning,2
contrib_analyzers_common_src_java_org_apache_lucene_analysis_miscellaneous_PatternAnalyzer.java,254,warning,2
contrib_analyzers_common_src_java_org_apache_lucene_analysis_miscellaneous_PatternAnalyzer.java,104,warning,2
contrib_analyzers_common_src_java_org_apache_lucene_analysis_miscellaneous_PatternAnalyzer.java,291,warning,2
contrib_analyzers_common_src_java_org_apache_lucene_analysis_miscellaneous_PatternAnalyzer.java,364,error,1
contrib_analyzers_common_src_java_org_apache_lucene_analysis_miscellaneous_PatternAnalyzer.java,263,error,1
contrib_analyzers_common_src_java_org_apache_lucene_analysis_miscellaneous_PatternAnalyzer.java,392,error,1
contrib_analyzers_common_src_java_org_apache_lucene_analysis_miscellaneous_PatternAnalyzer.java,478,error,1
contrib_analyzers_common_src_java_org_apache_lucene_analysis_miscellaneous_PatternAnalyzer.java,53,error,1
contrib_analyzers_common_src_java_org_apache_lucene_analysis_miscellaneous_PatternAnalyzer.java,199,error,1
contrib_analyzers_common_src_java_org_apache_lucene_analysis_miscellaneous_PatternAnalyzer.java,329,error,1
contrib_analyzers_common_src_java_org_apache_lucene_analysis_miscellaneous_PatternAnalyzer.java,433,error,1
contrib_analyzers_common_src_java_org_apache_lucene_analysis_miscellaneous_PatternAnalyzer.java,301,warning,2
contrib_analyzers_common_src_java_org_apache_lucene_analysis_miscellaneous_PatternAnalyzer.java,299,warning,2
contrib_analyzers_common_src_java_org_apache_lucene_analysis_miscellaneous_PatternAnalyzer.java,404,warning,2
contrib_analyzers_common_src_java_org_apache_lucene_analysis_miscellaneous_PatternAnalyzer.java,173,warning,2
contrib_analyzers_common_src_java_org_apache_lucene_analysis_miscellaneous_PatternAnalyzer.java,109,warning,2
contrib_analyzers_common_src_java_org_apache_lucene_analysis_miscellaneous_PatternAnalyzer.java,349,warning,2
contrib_analyzers_common_src_java_org_apache_lucene_analysis_miscellaneous_PatternAnalyzer.java,191,warning,2
contrib_analyzers_common_src_java_org_apache_lucene_analysis_miscellaneous_PatternAnalyzer.java,229,warning,2
contrib_analyzers_common_src_java_org_apache_lucene_analysis_miscellaneous_PatternAnalyzer.java,253,warning,2
contrib_analyzers_common_src_java_org_apache_lucene_analysis_miscellaneous_PatternAnalyzer.java,115,warning,2
contrib_analyzers_common_src_java_org_apache_lucene_analysis_miscellaneous_PatternAnalyzer.java,247,warning,2
contrib_analyzers_common_src_java_org_apache_lucene_analysis_miscellaneous_PatternAnalyzer.java,459,warning,2
contrib_analyzers_common_src_java_org_apache_lucene_analysis_miscellaneous_PatternAnalyzer.java,343,error,1
contrib_analyzers_common_src_java_org_apache_lucene_analysis_miscellaneous_PatternAnalyzer.java,400,warning,2
contrib_analyzers_common_src_java_org_apache_lucene_analysis_miscellaneous_PatternAnalyzer.java,270,error,1
contrib_analyzers_common_src_java_org_apache_lucene_analysis_miscellaneous_PatternAnalyzer.java,350,warning,2
contrib_analyzers_common_src_java_org_apache_lucene_analysis_miscellaneous_PatternAnalyzer.java,407,warning,2
contrib_analyzers_common_src_java_org_apache_lucene_analysis_miscellaneous_PatternAnalyzer.java,205,warning,2
contrib_analyzers_common_src_java_org_apache_lucene_analysis_miscellaneous_PatternAnalyzer.java,298,warning,2
contrib_analyzers_common_src_java_org_apache_lucene_analysis_miscellaneous_PatternAnalyzer.java,362,warning,2
contrib_analyzers_common_src_java_org_apache_lucene_analysis_miscellaneous_PatternAnalyzer.java,454,warning,2
contrib_analyzers_common_src_java_org_apache_lucene_analysis_miscellaneous_PatternAnalyzer.java,79,warning,2
contrib_analyzers_common_src_java_org_apache_lucene_analysis_miscellaneous_PatternAnalyzer.java,285,error,1
contrib_analyzers_common_src_java_org_apache_lucene_analysis_miscellaneous_PatternAnalyzer.java,102,warning,2
contrib_analyzers_common_src_java_org_apache_lucene_analysis_miscellaneous_PatternAnalyzer.java,486,warning,2
contrib_analyzers_common_src_java_org_apache_lucene_analysis_miscellaneous_PatternAnalyzer.java,223,warning,2
contrib_analyzers_common_src_java_org_apache_lucene_analysis_miscellaneous_PatternAnalyzer.java,421,warning,2
contrib_analyzers_common_src_java_org_apache_lucene_analysis_miscellaneous_PatternAnalyzer.java,39,error,1
contrib_analyzers_common_src_java_org_apache_lucene_analysis_miscellaneous_PatternAnalyzer.java,231,warning,2
contrib_analyzers_common_src_java_org_apache_lucene_analysis_miscellaneous_PatternAnalyzer.java,451,warning,2
contrib_analyzers_common_src_java_org_apache_lucene_analysis_miscellaneous_PatternAnalyzer.java,462,error,1
contrib_analyzers_common_src_java_org_apache_lucene_analysis_miscellaneous_PatternAnalyzer.java,103,warning,2
contrib_analyzers_common_src_java_org_apache_lucene_analysis_miscellaneous_PatternAnalyzer.java,306,warning,2
contrib_analyzers_common_src_java_org_apache_lucene_analysis_miscellaneous_PatternAnalyzer.java,281,error,1
contrib_analyzers_common_src_java_org_apache_lucene_analysis_miscellaneous_PatternAnalyzer.java,371,warning,2
contrib_analyzers_common_src_java_org_apache_lucene_analysis_miscellaneous_PatternAnalyzer.java,365,warning,2
contrib_analyzers_common_src_java_org_apache_lucene_analysis_miscellaneous_PatternAnalyzer.java,313,error,1
contrib_analyzers_common_src_java_org_apache_lucene_analysis_miscellaneous_PatternAnalyzer.java,391,error,1
contrib_analyzers_common_src_java_org_apache_lucene_analysis_miscellaneous_PatternAnalyzer.java,67,warning,2
contrib_analyzers_common_src_java_org_apache_lucene_analysis_miscellaneous_PatternAnalyzer.java,351,warning,2
contrib_analyzers_common_src_java_org_apache_lucene_analysis_miscellaneous_PatternAnalyzer.java,331,error,1
contrib_analyzers_common_src_java_org_apache_lucene_analysis_miscellaneous_PatternAnalyzer.java,75,error,1
contrib_analyzers_common_src_java_org_apache_lucene_analysis_miscellaneous_PatternAnalyzer.java,106,warning,2
contrib_analyzers_common_src_java_org_apache_lucene_analysis_miscellaneous_PatternAnalyzer.java,111,warning,2
contrib_analyzers_common_src_java_org_apache_lucene_analysis_miscellaneous_PatternAnalyzer.java,363,warning,2
contrib_analyzers_common_src_java_org_apache_lucene_analysis_miscellaneous_PatternAnalyzer.java,328,error,1
contrib_analyzers_common_src_java_org_apache_lucene_analysis_miscellaneous_PatternAnalyzer.java,113,warning,2
contrib_analyzers_common_src_java_org_apache_lucene_analysis_miscellaneous_PatternAnalyzer.java,314,warning,2
contrib_analyzers_common_src_java_org_apache_lucene_analysis_miscellaneous_PatternAnalyzer.java,422,warning,2
contrib_analyzers_common_src_java_org_apache_lucene_analysis_miscellaneous_PatternAnalyzer.java,264,error,1
contrib_analyzers_common_src_java_org_apache_lucene_analysis_miscellaneous_PatternAnalyzer.java,116,warning,2
contrib_analyzers_common_src_java_org_apache_lucene_analysis_miscellaneous_PatternAnalyzer.java,175,warning,2
contrib_analyzers_common_src_java_org_apache_lucene_analysis_miscellaneous_PatternAnalyzer.java,464,warning,2
contrib_analyzers_common_src_java_org_apache_lucene_analysis_miscellaneous_PatternAnalyzer.java,389,error,1
contrib_analyzers_common_src_java_org_apache_lucene_analysis_miscellaneous_PatternAnalyzer.java,330,error,1
contrib_analyzers_common_src_java_org_apache_lucene_analysis_miscellaneous_PatternAnalyzer.java,252,warning,2
contrib_analyzers_common_src_java_org_apache_lucene_analysis_miscellaneous_PatternAnalyzer.java,162,error,1
contrib_analyzers_common_src_java_org_apache_lucene_analysis_miscellaneous_PatternAnalyzer.java,443,error,1
contrib_analyzers_common_src_java_org_apache_lucene_analysis_miscellaneous_PatternAnalyzer.java,40,error,1
contrib_analyzers_common_src_java_org_apache_lucene_analysis_miscellaneous_PatternAnalyzer.java,455,warning,2
contrib_analyzers_common_src_java_org_apache_lucene_analysis_miscellaneous_PatternAnalyzer.java,396,warning,2
contrib_analyzers_common_src_java_org_apache_lucene_analysis_miscellaneous_PatternAnalyzer.java,463,warning,2
contrib_analyzers_common_src_java_org_apache_lucene_analysis_miscellaneous_PatternAnalyzer.java,337,warning,2
contrib_analyzers_common_src_java_org_apache_lucene_analysis_miscellaneous_PatternAnalyzer.java,266,warning,2
contrib_analyzers_common_src_java_org_apache_lucene_analysis_miscellaneous_PatternAnalyzer.java,282,warning,2
contrib_analyzers_common_src_java_org_apache_lucene_analysis_miscellaneous_PatternAnalyzer.java,483,warning,2
contrib_analyzers_common_src_java_org_apache_lucene_analysis_miscellaneous_PatternAnalyzer.java,352,warning,2
contrib_analyzers_common_src_java_org_apache_lucene_analysis_miscellaneous_PatternAnalyzer.java,164,warning,2
contrib_analyzers_common_src_java_org_apache_lucene_analysis_miscellaneous_PatternAnalyzer.java,446,warning,2
contrib_analyzers_common_src_java_org_apache_lucene_analysis_miscellaneous_PatternAnalyzer.java,227,warning,2
contrib_analyzers_common_src_java_org_apache_lucene_analysis_miscellaneous_PatternAnalyzer.java,139,error,1
contrib_analyzers_common_src_java_org_apache_lucene_analysis_miscellaneous_PatternAnalyzer.java,292,error,1
contrib_analyzers_common_src_java_org_apache_lucene_analysis_miscellaneous_PatternAnalyzer.java,81,warning,2
contrib_analyzers_common_src_java_org_apache_lucene_analysis_miscellaneous_PatternAnalyzer.java,438,warning,2
contrib_analyzers_common_src_java_org_apache_lucene_analysis_miscellaneous_PatternAnalyzer.java,54,warning,2
contrib_analyzers_common_src_java_org_apache_lucene_analysis_miscellaneous_PatternAnalyzer.java,409,warning,2
contrib_analyzers_common_src_java_org_apache_lucene_analysis_miscellaneous_PatternAnalyzer.java,290,error,1
contrib_analyzers_common_src_java_org_apache_lucene_analysis_miscellaneous_PatternAnalyzer.java,346,warning,2
contrib_analyzers_common_src_java_org_apache_lucene_analysis_miscellaneous_PatternAnalyzer.java,423,warning,2
contrib_analyzers_common_src_java_org_apache_lucene_analysis_miscellaneous_PatternAnalyzer.java,228,warning,2
contrib_analyzers_common_src_java_org_apache_lucene_analysis_miscellaneous_PatternAnalyzer.java,373,warning,2
contrib_analyzers_common_src_java_org_apache_lucene_analysis_miscellaneous_PatternAnalyzer.java,427,error,1
contrib_analyzers_common_src_java_org_apache_lucene_analysis_miscellaneous_PatternAnalyzer.java,172,warning,2
contrib_analyzers_common_src_java_org_apache_lucene_analysis_miscellaneous_PatternAnalyzer.java,117,warning,2
contrib_analyzers_common_src_java_org_apache_lucene_analysis_miscellaneous_PatternAnalyzer.java,360,warning,2
contrib_analyzers_common_src_java_org_apache_lucene_analysis_miscellaneous_PatternAnalyzer.java,141,error,1
contrib_analyzers_common_src_java_org_apache_lucene_analysis_miscellaneous_PatternAnalyzer.java,444,warning,2
contrib_analyzers_common_src_java_org_apache_lucene_analysis_miscellaneous_PatternAnalyzer.java,374,warning,2
contrib_analyzers_common_src_java_org_apache_lucene_analysis_miscellaneous_PatternAnalyzer.java,138,error,1
contrib_analyzers_common_src_java_org_apache_lucene_analysis_miscellaneous_PatternAnalyzer.java,388,error,1
contrib_analyzers_common_src_java_org_apache_lucene_analysis_miscellaneous_PatternAnalyzer.java,279,error,1
contrib_analyzers_common_src_java_org_apache_lucene_analysis_miscellaneous_PatternAnalyzer.java,420,warning,2
contrib_analyzers_common_src_java_org_apache_lucene_analysis_miscellaneous_PatternAnalyzer.java,202,error,1
contrib_analyzers_common_src_java_org_apache_lucene_analysis_miscellaneous_PatternAnalyzer.java,222,error,1
contrib_analyzers_common_src_java_org_apache_lucene_analysis_miscellaneous_PatternAnalyzer.java,226,warning,2
contrib_analyzers_common_src_java_org_apache_lucene_analysis_miscellaneous_PatternAnalyzer.java,402,warning,2
contrib_analyzers_common_src_java_org_apache_lucene_analysis_miscellaneous_PatternAnalyzer.java,244,error,1
contrib_analyzers_common_src_java_org_apache_lucene_analysis_miscellaneous_PatternAnalyzer.java,82,warning,2
contrib_analyzers_common_src_java_org_apache_lucene_analysis_miscellaneous_PatternAnalyzer.java,76,warning,2
contrib_analyzers_common_src_java_org_apache_lucene_analysis_miscellaneous_PatternAnalyzer.java,166,error,1
contrib_analyzers_common_src_java_org_apache_lucene_analysis_miscellaneous_PatternAnalyzer.java,366,warning,2
contrib_analyzers_common_src_java_org_apache_lucene_analysis_miscellaneous_PatternAnalyzer.java,344,warning,2
contrib_analyzers_common_src_java_org_apache_lucene_analysis_miscellaneous_PatternAnalyzer.java,105,warning,2
contrib_analyzers_common_src_java_org_apache_lucene_analysis_miscellaneous_PatternAnalyzer.java,91,warning,2
contrib_analyzers_common_src_java_org_apache_lucene_analysis_miscellaneous_PatternAnalyzer.java,90,warning,2
contrib_analyzers_common_src_java_org_apache_lucene_analysis_miscellaneous_PatternAnalyzer.java,261,warning,2
contrib_analyzers_common_src_java_org_apache_lucene_analysis_miscellaneous_PatternAnalyzer.java,466,warning,2
contrib_analyzers_common_src_java_org_apache_lucene_analysis_miscellaneous_PatternAnalyzer.java,174,warning,2
contrib_analyzers_common_src_java_org_apache_lucene_analysis_miscellaneous_PatternAnalyzer.java,338,warning,2
contrib_analyzers_common_src_java_org_apache_lucene_analysis_miscellaneous_PatternAnalyzer.java,230,warning,2
contrib_analyzers_common_src_java_org_apache_lucene_analysis_miscellaneous_PatternAnalyzer.java,413,warning,2
contrib_analyzers_common_src_java_org_apache_lucene_analysis_miscellaneous_PatternAnalyzer.java,408,warning,2
contrib_analyzers_common_src_java_org_apache_lucene_analysis_miscellaneous_PatternAnalyzer.java,190,error,1
contrib_analyzers_common_src_java_org_apache_lucene_analysis_miscellaneous_PatternAnalyzer.java,358,warning,2
contrib_analyzers_common_src_java_org_apache_lucene_analysis_miscellaneous_PatternAnalyzer.java,73,warning,2
contrib_analyzers_common_src_java_org_apache_lucene_analysis_miscellaneous_PatternAnalyzer.java,335,error,1
contrib_analyzers_common_src_java_org_apache_lucene_analysis_miscellaneous_PatternAnalyzer.java,124,warning,2
contrib_analyzers_common_src_java_org_apache_lucene_analysis_miscellaneous_PatternAnalyzer.java,88,warning,2
contrib_analyzers_common_src_java_org_apache_lucene_analysis_miscellaneous_PatternAnalyzer.java,293,warning,2
contrib_analyzers_common_src_java_org_apache_lucene_analysis_miscellaneous_PatternAnalyzer.java,347,warning,2
contrib_analyzers_common_src_java_org_apache_lucene_analysis_miscellaneous_PatternAnalyzer.java,198,warning,2
contrib_analyzers_common_src_java_org_apache_lucene_analysis_miscellaneous_PatternAnalyzer.java,269,error,1
contrib_analyzers_common_src_java_org_apache_lucene_analysis_miscellaneous_PatternAnalyzer.java,220,error,1
contrib_analyzers_common_src_java_org_apache_lucene_analysis_miscellaneous_PatternAnalyzer.java,300,warning,2
contrib_analyzers_common_src_java_org_apache_lucene_analysis_miscellaneous_PatternAnalyzer.java,305,warning,2
contrib_analyzers_common_src_java_org_apache_lucene_analysis_miscellaneous_PatternAnalyzer.java,275,error,1
contrib_analyzers_common_src_java_org_apache_lucene_analysis_miscellaneous_PatternAnalyzer.java,390,error,1
contrib_analyzers_common_src_java_org_apache_lucene_analysis_miscellaneous_PatternAnalyzer.java,480,error,1
contrib_analyzers_common_src_java_org_apache_lucene_analysis_miscellaneous_PatternAnalyzer.java,277,warning,2
contrib_analyzers_common_src_java_org_apache_lucene_analysis_miscellaneous_PatternAnalyzer.java,384,warning,2
contrib_analyzers_common_src_java_org_apache_lucene_analysis_miscellaneous_PatternAnalyzer.java,193,warning,2
contrib_analyzers_common_src_java_org_apache_lucene_analysis_miscellaneous_PatternAnalyzer.java,87,warning,2
contrib_analyzers_common_src_java_org_apache_lucene_analysis_miscellaneous_PatternAnalyzer.java,439,warning,2
contrib_analyzers_common_src_java_org_apache_lucene_analysis_miscellaneous_PatternAnalyzer.java,327,error,1
contrib_analyzers_common_src_java_org_apache_lucene_analysis_miscellaneous_PatternAnalyzer.java,3,error,1
contrib_analyzers_common_src_java_org_apache_lucene_analysis_miscellaneous_PatternAnalyzer.java,97,warning,2
contrib_analyzers_common_src_java_org_apache_lucene_analysis_miscellaneous_PatternAnalyzer.java,194,warning,2
contrib_analyzers_common_src_java_org_apache_lucene_analysis_miscellaneous_PatternAnalyzer.java,89,warning,2
contrib_analyzers_common_src_java_org_apache_lucene_analysis_miscellaneous_PatternAnalyzer.java,426,warning,2
contrib_analyzers_common_src_java_org_apache_lucene_analysis_miscellaneous_PatternAnalyzer.java,92,warning,2
contrib_analyzers_common_src_java_org_apache_lucene_analysis_miscellaneous_PatternAnalyzer.java,267,error,1
contrib_analyzers_common_src_java_org_apache_lucene_analysis_miscellaneous_PatternAnalyzer.java,107,warning,2
contrib_analyzers_common_src_java_org_apache_lucene_analysis_miscellaneous_PatternAnalyzer.java,303,warning,2
contrib_analyzers_common_src_java_org_apache_lucene_analysis_miscellaneous_PatternAnalyzer.java,96,warning,2
contrib_analyzers_common_src_java_org_apache_lucene_analysis_miscellaneous_PatternAnalyzer.java,418,warning,2
contrib_analyzers_common_src_java_org_apache_lucene_analysis_miscellaneous_PatternAnalyzer.java,441,warning,2
contrib_analyzers_common_src_java_org_apache_lucene_analysis_miscellaneous_PatternAnalyzer.java,296,warning,2
contrib_analyzers_common_src_java_org_apache_lucene_analysis_miscellaneous_PatternAnalyzer.java,280,error,1
contrib_analyzers_common_src_java_org_apache_lucene_analysis_miscellaneous_PatternAnalyzer.java,311,warning,2
contrib_analyzers_common_src_java_org_apache_lucene_analysis_miscellaneous_PatternAnalyzer.java,476,warning,2
contrib_analyzers_common_src_java_org_apache_lucene_analysis_miscellaneous_PatternAnalyzer.java,85,warning,2
contrib_analyzers_common_src_java_org_apache_lucene_analysis_miscellaneous_PatternAnalyzer.java,412,warning,2
contrib_analyzers_common_src_java_org_apache_lucene_analysis_miscellaneous_PatternAnalyzer.java,417,warning,2
contrib_analyzers_common_src_java_org_apache_lucene_analysis_miscellaneous_PatternAnalyzer.java,84,warning,2
contrib_analyzers_common_src_java_org_apache_lucene_analysis_miscellaneous_PatternAnalyzer.java,196,error,1
contrib_analyzers_common_src_java_org_apache_lucene_analysis_miscellaneous_PatternAnalyzer.java,357,warning,2
contrib_analyzers_common_src_java_org_apache_lucene_analysis_miscellaneous_PatternAnalyzer.java,246,warning,2
contrib_analyzers_common_src_java_org_apache_lucene_analysis_miscellaneous_PatternAnalyzer.java,294,warning,2
contrib_analyzers_common_src_java_org_apache_lucene_analysis_miscellaneous_PatternAnalyzer.java,187,error,1
contrib_analyzers_common_src_java_org_apache_lucene_analysis_miscellaneous_PatternAnalyzer.java,398,warning,2
contrib_analyzers_common_src_java_org_apache_lucene_analysis_miscellaneous_PatternAnalyzer.java,1,error,1
contrib_analyzers_common_src_java_org_apache_lucene_analysis_miscellaneous_PatternAnalyzer.java,395,error,1
contrib_analyzers_common_src_java_org_apache_lucene_analysis_miscellaneous_PatternAnalyzer.java,83,warning,2
contrib_analyzers_common_src_java_org_apache_lucene_analysis_miscellaneous_PatternAnalyzer.java,137,error,1
contrib_analyzers_common_src_java_org_apache_lucene_analysis_miscellaneous_PatternAnalyzer.java,72,error,1
contrib_analyzers_common_src_java_org_apache_lucene_analysis_miscellaneous_PatternAnalyzer.java,112,warning,2
contrib_analyzers_common_src_java_org_apache_lucene_analysis_miscellaneous_PatternAnalyzer.java,325,warning,2
contrib_analyzers_common_src_java_org_apache_lucene_analysis_miscellaneous_PatternAnalyzer.java,169,error,1
contrib_analyzers_common_src_java_org_apache_lucene_analysis_miscellaneous_PatternAnalyzer.java,452,error,1
contrib_analyzers_common_src_java_org_apache_lucene_analysis_miscellaneous_PatternAnalyzer.java,114,warning,2
contrib_analyzers_common_src_java_org_apache_lucene_analysis_miscellaneous_PatternAnalyzer.java,271,warning,2
contrib_analyzers_common_src_java_org_apache_lucene_analysis_miscellaneous_PatternAnalyzer.java,134,warning,2
contrib_analyzers_common_src_java_org_apache_lucene_analysis_miscellaneous_PatternAnalyzer.java,341,warning,2
contrib_analyzers_common_src_java_org_apache_lucene_analysis_miscellaneous_PatternAnalyzer.java,272,warning,2
contrib_analyzers_common_src_java_org_apache_lucene_analysis_miscellaneous_PatternAnalyzer.java,481,warning,2
contrib_analyzers_common_src_java_org_apache_lucene_analysis_miscellaneous_PatternAnalyzer.java,415,warning,2
contrib_analyzers_common_src_java_org_apache_lucene_analysis_miscellaneous_PatternAnalyzer.java,195,warning,2
contrib_analyzers_common_src_java_org_apache_lucene_analysis_miscellaneous_PatternAnalyzer.java,332,error,1
contrib_analyzers_common_src_java_org_apache_lucene_analysis_miscellaneous_PatternAnalyzer.java,93,warning,2
contrib_analyzers_common_src_java_org_apache_lucene_analysis_miscellaneous_PatternAnalyzer.java,100,warning,2
contrib_analyzers_common_src_java_org_apache_lucene_analysis_miscellaneous_PatternAnalyzer.java,393,error,1
contrib_analyzers_common_src_java_org_apache_lucene_analysis_miscellaneous_PatternAnalyzer.java,69,error,1
contrib_analyzers_common_src_java_org_apache_lucene_analysis_miscellaneous_PatternAnalyzer.java,249,error,1
contrib_analyzers_common_src_java_org_apache_lucene_analysis_miscellaneous_PatternAnalyzer.java,429,error,1
contrib_analyzers_common_src_java_org_apache_lucene_analysis_miscellaneous_PatternAnalyzer.java,48,warning,2
contrib_analyzers_common_src_java_org_apache_lucene_analysis_miscellaneous_PatternAnalyzer.java,240,warning,2
contrib_analyzers_common_src_java_org_apache_lucene_analysis_miscellaneous_PatternAnalyzer.java,158,error,1
contrib_analyzers_common_src_java_org_apache_lucene_analysis_miscellaneous_PatternAnalyzer.java,221,warning,2
contrib_analyzers_common_src_java_org_apache_lucene_analysis_miscellaneous_PatternAnalyzer.java,339,warning,2
contrib_analyzers_common_src_java_org_apache_lucene_analysis_miscellaneous_PatternAnalyzer.java,406,warning,2
contrib_analyzers_common_src_java_org_apache_lucene_analysis_miscellaneous_PatternAnalyzer.java,411,warning,2
contrib_analyzers_common_src_java_org_apache_lucene_analysis_miscellaneous_PatternAnalyzer.java,449,warning,2
contrib_analyzers_common_src_java_org_apache_lucene_analysis_miscellaneous_PatternAnalyzer.java,361,warning,2
contrib_analyzers_common_src_java_org_apache_lucene_analysis_miscellaneous_PatternAnalyzer.java,163,error,1
contrib_analyzers_common_src_java_org_apache_lucene_analysis_miscellaneous_PatternAnalyzer.java,167,error,1
contrib_analyzers_common_src_java_org_apache_lucene_analysis_miscellaneous_PatternAnalyzer.java,355,warning,2
contrib_analyzers_common_src_java_org_apache_lucene_analysis_miscellaneous_PatternAnalyzer.java,342,error,1
contrib_analyzers_common_src_java_org_apache_lucene_analysis_miscellaneous_PatternAnalyzer.java,203,warning,2
contrib_analyzers_common_src_java_org_apache_lucene_analysis_miscellaneous_PatternAnalyzer.java,482,warning,2
contrib_analyzers_common_src_java_org_apache_lucene_analysis_miscellaneous_PatternAnalyzer.java,447,warning,2
contrib_analyzers_common_src_java_org_apache_lucene_analysis_miscellaneous_PatternAnalyzer.java,274,error,1
contrib_analyzers_common_src_java_org_apache_lucene_analysis_miscellaneous_PatternAnalyzer.java,368,warning,2
contrib_analyzers_common_src_java_org_apache_lucene_analysis_miscellaneous_PatternAnalyzer.java,78,warning,2
contrib_analyzers_common_src_java_org_apache_lucene_analysis_miscellaneous_PatternAnalyzer.java,309,warning,2
contrib_analyzers_common_src_java_org_apache_lucene_analysis_miscellaneous_PatternAnalyzer.java,445,warning,2
contrib_analyzers_common_src_java_org_apache_lucene_analysis_miscellaneous_PatternAnalyzer.java,241,error,1
contrib_analyzers_common_src_java_org_apache_lucene_analysis_miscellaneous_PatternAnalyzer.java,94,warning,2
contrib_analyzers_common_src_java_org_apache_lucene_analysis_miscellaneous_PatternAnalyzer.java,312,warning,2
contrib_analyzers_common_src_java_org_apache_lucene_analysis_miscellaneous_PatternAnalyzer.java,315,warning,2
contrib_analyzers_common_src_java_org_apache_lucene_analysis_miscellaneous_PatternAnalyzer.java,297,warning,2
contrib_analyzers_common_src_java_org_apache_lucene_analysis_miscellaneous_PatternAnalyzer.java,219,warning,2
contrib_analyzers_common_src_java_org_apache_lucene_analysis_miscellaneous_PatternAnalyzer.java,250,error,1
contrib_analyzers_common_src_java_org_apache_lucene_analysis_miscellaneous_PatternAnalyzer.java,70,warning,2
contrib_analyzers_common_src_java_org_apache_lucene_analysis_miscellaneous_PatternAnalyzer.java,171,warning,2
contrib_analyzers_common_src_java_org_apache_lucene_analysis_miscellaneous_PatternAnalyzer.java,200,warning,2
contrib_analyzers_common_src_java_org_apache_lucene_analysis_miscellaneous_PatternAnalyzer.java,369,error,1
contrib_analyzers_common_src_java_org_apache_lucene_analysis_miscellaneous_PatternAnalyzer.java,95,warning,2
contrib_analyzers_common_src_java_org_apache_lucene_analysis_miscellaneous_PatternAnalyzer.java,243,error,1
contrib_analyzers_common_src_java_org_apache_lucene_analysis_miscellaneous_PatternAnalyzer.java,248,warning,2
contrib_analyzers_common_src_java_org_apache_lucene_analysis_miscellaneous_PatternAnalyzer.java,442,warning,2
contrib_analyzers_common_src_java_org_apache_lucene_analysis_miscellaneous_PatternAnalyzer.java,101,warning,2
contrib_analyzers_common_src_java_org_apache_lucene_analysis_miscellaneous_PatternAnalyzer.java,487,warning,2
contrib_analyzers_common_src_java_org_apache_lucene_analysis_miscellaneous_PatternAnalyzer.java,448,warning,2
contrib_analyzers_common_src_java_org_apache_lucene_analysis_miscellaneous_PatternAnalyzer.java,460,warning,2
contrib_analyzers_common_src_java_org_apache_lucene_analysis_miscellaneous_PatternAnalyzer.java,485,warning,2
contrib_analyzers_common_src_java_org_apache_lucene_analysis_miscellaneous_PatternAnalyzer.java,146,error,1
contrib_analyzers_common_src_java_org_apache_lucene_analysis_miscellaneous_PatternAnalyzer.java,86,warning,2
contrib_analyzers_common_src_java_org_apache_lucene_analysis_miscellaneous_PatternAnalyzer.java,488,warning,2
contrib_analyzers_common_src_java_org_apache_lucene_analysis_miscellaneous_PatternAnalyzer.java,336,warning,2
contrib_analyzers_common_src_java_org_apache_lucene_analysis_miscellaneous_PatternAnalyzer.java,353,warning,2
contrib_analyzers_common_src_java_org_apache_lucene_analysis_miscellaneous_PatternAnalyzer.java,80,warning,2
contrib_analyzers_common_src_java_org_apache_lucene_analysis_miscellaneous_PatternAnalyzer.java,359,error,1
contrib_analyzers_common_src_java_org_apache_lucene_analysis_miscellaneous_PatternAnalyzer.java,348,warning,2
contrib_analyzers_common_src_java_org_apache_lucene_analysis_miscellaneous_PatternAnalyzer.java,276,warning,2
contrib_analyzers_common_src_java_org_apache_lucene_analysis_miscellaneous_PatternAnalyzer.java,308,warning,2
contrib_analyzers_common_src_java_org_apache_lucene_analysis_miscellaneous_PatternAnalyzer.java,108,warning,2
contrib_analyzers_common_src_java_org_apache_lucene_analysis_miscellaneous_PatternAnalyzer.java,29,warning,2
contrib_analyzers_common_src_java_org_apache_lucene_analysis_miscellaneous_PatternAnalyzer.java,354,warning,2
contrib_analyzers_common_src_java_org_apache_lucene_analysis_miscellaneous_PatternAnalyzer.java,333,error,1
contrib_analyzers_common_src_java_org_apache_lucene_analysis_miscellaneous_PatternAnalyzer.java,307,warning,2
contrib_analyzers_common_src_java_org_apache_lucene_analysis_miscellaneous_PatternAnalyzer.java,397,warning,2
contrib_analyzers_common_src_java_org_apache_lucene_analysis_miscellaneous_PatternAnalyzer.java,197,warning,2
contrib_analyzers_common_src_java_org_apache_lucene_analysis_miscellaneous_PatternAnalyzer.java,201,warning,2
contrib_analyzers_common_src_java_org_apache_lucene_analysis_miscellaneous_PatternAnalyzer.java,225,warning,2
contrib_analyzers_common_src_java_org_apache_lucene_analysis_miscellaneous_PatternAnalyzer.java,99,warning,2
contrib_analyzers_common_src_java_org_apache_lucene_analysis_miscellaneous_PatternAnalyzer.java,302,warning,2
contrib_analyzers_common_src_java_org_apache_lucene_analysis_miscellaneous_PatternAnalyzer.java,242,error,1
contrib_analyzers_common_src_java_org_apache_lucene_analysis_miscellaneous_PatternAnalyzer.java,268,error,1
contrib_analyzers_common_src_java_org_apache_lucene_analysis_miscellaneous_PatternAnalyzer.java,458,error,1
contrib_analyzers_common_src_java_org_apache_lucene_analysis_miscellaneous_PatternAnalyzer.java,416,warning,2
contrib_analyzers_common_src_java_org_apache_lucene_analysis_miscellaneous_PatternAnalyzer.java,77,warning,2
contrib_analyzers_common_src_java_org_apache_lucene_analysis_de_GermanAnalyzer.java,135,error,1
contrib_analyzers_common_src_java_org_apache_lucene_analysis_de_GermanAnalyzer.java,188,warning,2
contrib_analyzers_common_src_java_org_apache_lucene_analysis_de_GermanAnalyzer.java,62,warning,2
contrib_analyzers_common_src_java_org_apache_lucene_analysis_de_GermanAnalyzer.java,206,warning,2
contrib_analyzers_common_src_java_org_apache_lucene_analysis_de_GermanAnalyzer.java,210,error,1
contrib_analyzers_common_src_java_org_apache_lucene_analysis_de_GermanAnalyzer.java,174,error,1
contrib_analyzers_common_src_java_org_apache_lucene_analysis_de_GermanAnalyzer.java,230,warning,2
contrib_analyzers_common_src_java_org_apache_lucene_analysis_de_GermanAnalyzer.java,145,warning,2
contrib_analyzers_common_src_java_org_apache_lucene_analysis_de_GermanAnalyzer.java,65,warning,2
contrib_analyzers_common_src_java_org_apache_lucene_analysis_de_GermanAnalyzer.java,190,warning,2
contrib_analyzers_common_src_java_org_apache_lucene_analysis_de_GermanAnalyzer.java,73,warning,2
contrib_analyzers_common_src_java_org_apache_lucene_analysis_de_GermanAnalyzer.java,136,warning,2
contrib_analyzers_common_src_java_org_apache_lucene_analysis_de_GermanAnalyzer.java,161,error,1
contrib_analyzers_common_src_java_org_apache_lucene_analysis_de_GermanAnalyzer.java,199,warning,2
contrib_analyzers_common_src_java_org_apache_lucene_analysis_de_GermanAnalyzer.java,220,error,1
contrib_analyzers_common_src_java_org_apache_lucene_analysis_de_GermanAnalyzer.java,2,warning,2
contrib_analyzers_common_src_java_org_apache_lucene_analysis_de_GermanAnalyzer.java,193,error,1
contrib_analyzers_common_src_java_org_apache_lucene_analysis_de_GermanAnalyzer.java,4,error,1
contrib_analyzers_common_src_java_org_apache_lucene_analysis_de_GermanAnalyzer.java,123,error,1
contrib_analyzers_common_src_java_org_apache_lucene_analysis_de_GermanAnalyzer.java,87,warning,2
contrib_analyzers_common_src_java_org_apache_lucene_analysis_de_GermanAnalyzer.java,61,error,1
contrib_analyzers_common_src_java_org_apache_lucene_analysis_de_GermanAnalyzer.java,235,warning,2
contrib_analyzers_common_src_java_org_apache_lucene_analysis_de_GermanAnalyzer.java,109,warning,2
contrib_analyzers_common_src_java_org_apache_lucene_analysis_de_GermanAnalyzer.java,224,error,1
contrib_analyzers_common_src_java_org_apache_lucene_analysis_de_GermanAnalyzer.java,229,warning,2
contrib_analyzers_common_src_java_org_apache_lucene_analysis_de_GermanAnalyzer.java,107,error,1
contrib_analyzers_common_src_java_org_apache_lucene_analysis_de_GermanAnalyzer.java,159,warning,2
contrib_analyzers_common_src_java_org_apache_lucene_analysis_de_GermanAnalyzer.java,152,error,1
contrib_analyzers_common_src_java_org_apache_lucene_analysis_de_GermanAnalyzer.java,204,error,1
contrib_analyzers_common_src_java_org_apache_lucene_analysis_de_GermanAnalyzer.java,236,warning,2
contrib_analyzers_common_src_java_org_apache_lucene_analysis_de_GermanAnalyzer.java,85,error,1
contrib_analyzers_common_src_java_org_apache_lucene_analysis_de_GermanAnalyzer.java,58,warning,2
contrib_analyzers_common_src_java_org_apache_lucene_analysis_de_GermanAnalyzer.java,223,warning,2
contrib_analyzers_common_src_java_org_apache_lucene_analysis_de_GermanAnalyzer.java,232,warning,2
contrib_analyzers_common_src_java_org_apache_lucene_analysis_de_GermanAnalyzer.java,84,error,1
contrib_analyzers_common_src_java_org_apache_lucene_analysis_de_GermanAnalyzer.java,180,warning,2
contrib_analyzers_common_src_java_org_apache_lucene_analysis_de_GermanAnalyzer.java,71,warning,2
contrib_analyzers_common_src_java_org_apache_lucene_analysis_de_GermanAnalyzer.java,178,error,1
contrib_analyzers_common_src_java_org_apache_lucene_analysis_de_GermanAnalyzer.java,196,error,1
contrib_analyzers_common_src_java_org_apache_lucene_analysis_de_GermanAnalyzer.java,189,warning,2
contrib_analyzers_common_src_java_org_apache_lucene_analysis_de_GermanAnalyzer.java,246,warning,2
contrib_analyzers_common_src_java_org_apache_lucene_analysis_de_GermanAnalyzer.java,120,warning,2
contrib_analyzers_common_src_java_org_apache_lucene_analysis_de_GermanAnalyzer.java,187,error,1
contrib_analyzers_common_src_java_org_apache_lucene_analysis_de_GermanAnalyzer.java,1,error,1
contrib_analyzers_common_src_java_org_apache_lucene_analysis_de_GermanAnalyzer.java,137,warning,2
contrib_analyzers_common_src_java_org_apache_lucene_analysis_de_GermanAnalyzer.java,67,warning,2
contrib_analyzers_common_src_java_org_apache_lucene_analysis_de_GermanAnalyzer.java,72,warning,2
contrib_analyzers_common_src_java_org_apache_lucene_analysis_de_GermanAnalyzer.java,150,warning,2
contrib_analyzers_common_src_java_org_apache_lucene_analysis_de_GermanAnalyzer.java,170,warning,2
contrib_analyzers_common_src_java_org_apache_lucene_analysis_de_GermanAnalyzer.java,169,error,1
contrib_analyzers_common_src_java_org_apache_lucene_analysis_de_GermanAnalyzer.java,181,warning,2
contrib_analyzers_common_src_java_org_apache_lucene_analysis_de_GermanAnalyzer.java,111,error,1
contrib_analyzers_common_src_java_org_apache_lucene_analysis_de_GermanAnalyzer.java,134,warning,2
contrib_analyzers_common_src_java_org_apache_lucene_analysis_de_GermanAnalyzer.java,195,error,1
contrib_analyzers_common_src_java_org_apache_lucene_analysis_de_GermanAnalyzer.java,93,warning,2
contrib_analyzers_common_src_java_org_apache_lucene_analysis_de_GermanAnalyzer.java,213,warning,2
contrib_analyzers_common_src_java_org_apache_lucene_analysis_de_GermanAnalyzer.java,133,error,1
contrib_analyzers_common_src_java_org_apache_lucene_analysis_de_GermanAnalyzer.java,207,warning,2
contrib_analyzers_common_src_java_org_apache_lucene_analysis_de_GermanAnalyzer.java,211,error,1
contrib_analyzers_common_src_java_org_apache_lucene_analysis_de_GermanAnalyzer.java,69,warning,2
contrib_analyzers_common_src_java_org_apache_lucene_analysis_de_GermanAnalyzer.java,179,warning,2
contrib_analyzers_common_src_java_org_apache_lucene_analysis_de_GermanAnalyzer.java,212,error,1
contrib_analyzers_common_src_java_org_apache_lucene_analysis_de_GermanAnalyzer.java,240,warning,2
contrib_analyzers_common_src_java_org_apache_lucene_analysis_de_GermanAnalyzer.java,38,error,1
contrib_analyzers_common_src_java_org_apache_lucene_analysis_de_GermanAnalyzer.java,163,warning,2
contrib_analyzers_common_src_java_org_apache_lucene_analysis_de_GermanAnalyzer.java,162,warning,2
contrib_analyzers_common_src_java_org_apache_lucene_analysis_de_GermanAnalyzer.java,167,warning,2
contrib_analyzers_common_src_java_org_apache_lucene_analysis_de_GermanAnalyzer.java,153,warning,2
contrib_analyzers_common_src_java_org_apache_lucene_analysis_de_GermanAnalyzer.java,155,warning,2
contrib_analyzers_common_src_java_org_apache_lucene_analysis_de_GermanAnalyzer.java,64,warning,2
contrib_analyzers_common_src_java_org_apache_lucene_analysis_de_GermanAnalyzer.java,66,warning,2
contrib_analyzers_common_src_java_org_apache_lucene_analysis_de_GermanAnalyzer.java,203,warning,2
contrib_analyzers_common_src_java_org_apache_lucene_analysis_de_GermanAnalyzer.java,176,warning,2
contrib_analyzers_common_src_java_org_apache_lucene_analysis_de_GermanAnalyzer.java,78,warning,2
contrib_analyzers_common_src_java_org_apache_lucene_analysis_de_GermanAnalyzer.java,241,warning,2
contrib_analyzers_common_src_java_org_apache_lucene_analysis_de_GermanAnalyzer.java,219,error,1
contrib_analyzers_common_src_java_org_apache_lucene_analysis_de_GermanAnalyzer.java,70,warning,2
contrib_analyzers_common_src_java_org_apache_lucene_analysis_de_GermanAnalyzer.java,171,warning,2
contrib_analyzers_common_src_java_org_apache_lucene_analysis_de_GermanAnalyzer.java,200,error,1
contrib_analyzers_common_src_java_org_apache_lucene_analysis_de_GermanAnalyzer.java,81,warning,2
contrib_analyzers_common_src_java_org_apache_lucene_analysis_de_GermanAnalyzer.java,185,warning,2
contrib_analyzers_common_src_java_org_apache_lucene_analysis_de_GermanAnalyzer.java,243,warning,2
contrib_analyzers_common_src_java_org_apache_lucene_analysis_de_GermanAnalyzer.java,54,warning,2
contrib_analyzers_common_src_java_org_apache_lucene_analysis_de_GermanAnalyzer.java,234,warning,2
contrib_analyzers_common_src_java_org_apache_lucene_analysis_de_GermanAnalyzer.java,101,error,1
contrib_analyzers_common_src_java_org_apache_lucene_analysis_de_GermanAnalyzer.java,63,warning,2
contrib_analyzers_common_src_java_org_apache_lucene_analysis_de_GermanAnalyzer.java,233,warning,2
contrib_analyzers_common_src_java_org_apache_lucene_analysis_de_GermanAnalyzer.java,121,warning,2
contrib_analyzers_common_src_java_org_apache_lucene_analysis_de_GermanAnalyzer.java,146,warning,2
contrib_analyzers_common_src_java_org_apache_lucene_analysis_de_GermanAnalyzer.java,86,warning,2
contrib_analyzers_common_src_java_org_apache_lucene_analysis_de_GermanAnalyzer.java,237,warning,2
contrib_analyzers_common_src_java_org_apache_lucene_analysis_de_GermanAnalyzer.java,119,error,1
contrib_analyzers_common_src_java_org_apache_lucene_analysis_de_GermanAnalyzer.java,172,warning,2
contrib_analyzers_common_src_java_org_apache_lucene_analysis_de_GermanAnalyzer.java,47,error,1
contrib_analyzers_common_src_java_org_apache_lucene_analysis_de_GermanAnalyzer.java,80,error,1
contrib_analyzers_common_src_java_org_apache_lucene_analysis_de_GermanAnalyzer.java,142,warning,2
contrib_analyzers_common_src_java_org_apache_lucene_analysis_de_GermanAnalyzer.java,144,error,1
contrib_analyzers_common_src_java_org_apache_lucene_analysis_de_GermanAnalyzer.java,108,warning,2
contrib_analyzers_common_src_java_org_apache_lucene_analysis_de_GermanAnalyzer.java,68,warning,2
contrib_analyzers_common_src_java_org_apache_lucene_analysis_de_GermanAnalyzer.java,138,warning,2
contrib_analyzers_common_src_java_org_apache_lucene_analysis_de_GermanAnalyzer.java,29,warning,2
contrib_analyzers_common_src_java_org_apache_lucene_analysis_de_GermanAnalyzer.java,202,warning,2
contrib_analyzers_common_src_java_org_apache_lucene_analysis_de_GermanAnalyzer.java,238,error,1
contrib_analyzers_common_src_java_org_apache_lucene_analysis_de_GermanAnalyzer.java,208,warning,2
contrib_analyzers_common_src_java_org_apache_lucene_analysis_de_GermanAnalyzer.java,245,warning,2
contrib_analyzers_common_src_java_org_apache_lucene_analysis_de_GermanAnalyzer.java,201,warning,2
contrib_analyzers_common_src_java_org_apache_lucene_analysis_de_GermanAnalyzer.java,225,warning,2
contrib_analyzers_common_src_java_org_apache_lucene_analysis_de_GermanAnalyzer.java,99,warning,2
contrib_analyzers_common_src_java_org_apache_lucene_analysis_de_GermanAnalyzer.java,242,warning,2
contrib_analyzers_common_src_java_org_apache_lucene_analysis_de_GermanAnalyzer.java,244,warning,2
contrib_analyzers_common_src_java_org_apache_lucene_analysis_de_GermanAnalyzer.java,82,warning,2
contrib_analyzers_common_src_java_org_apache_lucene_analysis_de_GermanAnalyzer.java,76,error,1
contrib_analyzers_common_src_java_org_apache_lucene_analysis_nl_DutchAnalyzer.java,188,error,1
contrib_analyzers_common_src_java_org_apache_lucene_analysis_nl_DutchAnalyzer.java,62,warning,2
contrib_analyzers_common_src_java_org_apache_lucene_analysis_nl_DutchAnalyzer.java,91,warning,2
contrib_analyzers_common_src_java_org_apache_lucene_analysis_nl_DutchAnalyzer.java,110,warning,2
contrib_analyzers_common_src_java_org_apache_lucene_analysis_nl_DutchAnalyzer.java,206,warning,2
contrib_analyzers_common_src_java_org_apache_lucene_analysis_nl_DutchAnalyzer.java,261,warning,2
contrib_analyzers_common_src_java_org_apache_lucene_analysis_nl_DutchAnalyzer.java,37,warning,2
contrib_analyzers_common_src_java_org_apache_lucene_analysis_nl_DutchAnalyzer.java,210,warning,2
contrib_analyzers_common_src_java_org_apache_lucene_analysis_nl_DutchAnalyzer.java,98,error,1
contrib_analyzers_common_src_java_org_apache_lucene_analysis_nl_DutchAnalyzer.java,149,warning,2
contrib_analyzers_common_src_java_org_apache_lucene_analysis_nl_DutchAnalyzer.java,254,warning,2
contrib_analyzers_common_src_java_org_apache_lucene_analysis_nl_DutchAnalyzer.java,65,error,1
contrib_analyzers_common_src_java_org_apache_lucene_analysis_nl_DutchAnalyzer.java,263,warning,2
contrib_analyzers_common_src_java_org_apache_lucene_analysis_nl_DutchAnalyzer.java,190,warning,2
contrib_analyzers_common_src_java_org_apache_lucene_analysis_nl_DutchAnalyzer.java,161,warning,2
contrib_analyzers_common_src_java_org_apache_lucene_analysis_nl_DutchAnalyzer.java,198,error,1
contrib_analyzers_common_src_java_org_apache_lucene_analysis_nl_DutchAnalyzer.java,118,error,1
contrib_analyzers_common_src_java_org_apache_lucene_analysis_nl_DutchAnalyzer.java,209,warning,2
contrib_analyzers_common_src_java_org_apache_lucene_analysis_nl_DutchAnalyzer.java,193,error,1
contrib_analyzers_common_src_java_org_apache_lucene_analysis_nl_DutchAnalyzer.java,123,warning,2
contrib_analyzers_common_src_java_org_apache_lucene_analysis_nl_DutchAnalyzer.java,186,warning,2
contrib_analyzers_common_src_java_org_apache_lucene_analysis_nl_DutchAnalyzer.java,218,warning,2
contrib_analyzers_common_src_java_org_apache_lucene_analysis_nl_DutchAnalyzer.java,61,warning,2
contrib_analyzers_common_src_java_org_apache_lucene_analysis_nl_DutchAnalyzer.java,173,warning,2
contrib_analyzers_common_src_java_org_apache_lucene_analysis_nl_DutchAnalyzer.java,262,warning,2
contrib_analyzers_common_src_java_org_apache_lucene_analysis_nl_DutchAnalyzer.java,109,warning,2
contrib_analyzers_common_src_java_org_apache_lucene_analysis_nl_DutchAnalyzer.java,3,error,1
contrib_analyzers_common_src_java_org_apache_lucene_analysis_nl_DutchAnalyzer.java,128,warning,2
contrib_analyzers_common_src_java_org_apache_lucene_analysis_nl_DutchAnalyzer.java,194,warning,2
contrib_analyzers_common_src_java_org_apache_lucene_analysis_nl_DutchAnalyzer.java,224,warning,2
contrib_analyzers_common_src_java_org_apache_lucene_analysis_nl_DutchAnalyzer.java,191,warning,2
contrib_analyzers_common_src_java_org_apache_lucene_analysis_nl_DutchAnalyzer.java,229,warning,2
contrib_analyzers_common_src_java_org_apache_lucene_analysis_nl_DutchAnalyzer.java,267,warning,2
contrib_analyzers_common_src_java_org_apache_lucene_analysis_nl_DutchAnalyzer.java,115,warning,2
contrib_analyzers_common_src_java_org_apache_lucene_analysis_nl_DutchAnalyzer.java,107,warning,2
contrib_analyzers_common_src_java_org_apache_lucene_analysis_nl_DutchAnalyzer.java,247,warning,2
contrib_analyzers_common_src_java_org_apache_lucene_analysis_nl_DutchAnalyzer.java,96,warning,2
contrib_analyzers_common_src_java_org_apache_lucene_analysis_nl_DutchAnalyzer.java,33,warning,2
contrib_analyzers_common_src_java_org_apache_lucene_analysis_nl_DutchAnalyzer.java,159,warning,2
contrib_analyzers_common_src_java_org_apache_lucene_analysis_nl_DutchAnalyzer.java,28,error,1
contrib_analyzers_common_src_java_org_apache_lucene_analysis_nl_DutchAnalyzer.java,143,error,1
contrib_analyzers_common_src_java_org_apache_lucene_analysis_nl_DutchAnalyzer.java,152,error,1
contrib_analyzers_common_src_java_org_apache_lucene_analysis_nl_DutchAnalyzer.java,204,warning,2
contrib_analyzers_common_src_java_org_apache_lucene_analysis_nl_DutchAnalyzer.java,257,warning,2
contrib_analyzers_common_src_java_org_apache_lucene_analysis_nl_DutchAnalyzer.java,265,warning,2
contrib_analyzers_common_src_java_org_apache_lucene_analysis_nl_DutchAnalyzer.java,182,warning,2
contrib_analyzers_common_src_java_org_apache_lucene_analysis_nl_DutchAnalyzer.java,205,warning,2
contrib_analyzers_common_src_java_org_apache_lucene_analysis_nl_DutchAnalyzer.java,85,warning,2
contrib_analyzers_common_src_java_org_apache_lucene_analysis_nl_DutchAnalyzer.java,55,warning,2
contrib_analyzers_common_src_java_org_apache_lucene_analysis_nl_DutchAnalyzer.java,58,warning,2
contrib_analyzers_common_src_java_org_apache_lucene_analysis_nl_DutchAnalyzer.java,79,warning,2
contrib_analyzers_common_src_java_org_apache_lucene_analysis_nl_DutchAnalyzer.java,36,warning,2
contrib_analyzers_common_src_java_org_apache_lucene_analysis_nl_DutchAnalyzer.java,223,warning,2
contrib_analyzers_common_src_java_org_apache_lucene_analysis_nl_DutchAnalyzer.java,232,error,1
contrib_analyzers_common_src_java_org_apache_lucene_analysis_nl_DutchAnalyzer.java,39,warning,2
contrib_analyzers_common_src_java_org_apache_lucene_analysis_nl_DutchAnalyzer.java,84,warning,2
contrib_analyzers_common_src_java_org_apache_lucene_analysis_nl_DutchAnalyzer.java,231,error,1
contrib_analyzers_common_src_java_org_apache_lucene_analysis_nl_DutchAnalyzer.java,180,warning,2
contrib_analyzers_common_src_java_org_apache_lucene_analysis_nl_DutchAnalyzer.java,71,warning,2
contrib_analyzers_common_src_java_org_apache_lucene_analysis_nl_DutchAnalyzer.java,189,warning,2
contrib_analyzers_common_src_java_org_apache_lucene_analysis_nl_DutchAnalyzer.java,196,warning,2
contrib_analyzers_common_src_java_org_apache_lucene_analysis_nl_DutchAnalyzer.java,246,warning,2
contrib_analyzers_common_src_java_org_apache_lucene_analysis_nl_DutchAnalyzer.java,177,warning,2
contrib_analyzers_common_src_java_org_apache_lucene_analysis_nl_DutchAnalyzer.java,120,warning,2
contrib_analyzers_common_src_java_org_apache_lucene_analysis_nl_DutchAnalyzer.java,1,error,1
contrib_analyzers_common_src_java_org_apache_lucene_analysis_nl_DutchAnalyzer.java,83,warning,2
contrib_analyzers_common_src_java_org_apache_lucene_analysis_nl_DutchAnalyzer.java,67,error,1
contrib_analyzers_common_src_java_org_apache_lucene_analysis_nl_DutchAnalyzer.java,72,warning,2
contrib_analyzers_common_src_java_org_apache_lucene_analysis_nl_DutchAnalyzer.java,192,warning,2
contrib_analyzers_common_src_java_org_apache_lucene_analysis_nl_DutchAnalyzer.java,112,warning,2
contrib_analyzers_common_src_java_org_apache_lucene_analysis_nl_DutchAnalyzer.java,170,error,1
contrib_analyzers_common_src_java_org_apache_lucene_analysis_nl_DutchAnalyzer.java,75,warning,2
contrib_analyzers_common_src_java_org_apache_lucene_analysis_nl_DutchAnalyzer.java,181,warning,2
contrib_analyzers_common_src_java_org_apache_lucene_analysis_nl_DutchAnalyzer.java,106,error,1
contrib_analyzers_common_src_java_org_apache_lucene_analysis_nl_DutchAnalyzer.java,111,warning,2
contrib_analyzers_common_src_java_org_apache_lucene_analysis_nl_DutchAnalyzer.java,114,error,1
contrib_analyzers_common_src_java_org_apache_lucene_analysis_nl_DutchAnalyzer.java,34,warning,2
contrib_analyzers_common_src_java_org_apache_lucene_analysis_nl_DutchAnalyzer.java,134,warning,2
contrib_analyzers_common_src_java_org_apache_lucene_analysis_nl_DutchAnalyzer.java,32,warning,2
contrib_analyzers_common_src_java_org_apache_lucene_analysis_nl_DutchAnalyzer.java,195,warning,2
contrib_analyzers_common_src_java_org_apache_lucene_analysis_nl_DutchAnalyzer.java,133,warning,2
contrib_analyzers_common_src_java_org_apache_lucene_analysis_nl_DutchAnalyzer.java,207,warning,2
contrib_analyzers_common_src_java_org_apache_lucene_analysis_nl_DutchAnalyzer.java,211,warning,2
contrib_analyzers_common_src_java_org_apache_lucene_analysis_nl_DutchAnalyzer.java,264,warning,2
contrib_analyzers_common_src_java_org_apache_lucene_analysis_nl_DutchAnalyzer.java,69,error,1
contrib_analyzers_common_src_java_org_apache_lucene_analysis_nl_DutchAnalyzer.java,116,warning,2
contrib_analyzers_common_src_java_org_apache_lucene_analysis_nl_DutchAnalyzer.java,179,error,1
contrib_analyzers_common_src_java_org_apache_lucene_analysis_nl_DutchAnalyzer.java,48,error,1
contrib_analyzers_common_src_java_org_apache_lucene_analysis_nl_DutchAnalyzer.java,158,error,1
contrib_analyzers_common_src_java_org_apache_lucene_analysis_nl_DutchAnalyzer.java,221,warning,2
contrib_analyzers_common_src_java_org_apache_lucene_analysis_nl_DutchAnalyzer.java,38,warning,2
contrib_analyzers_common_src_java_org_apache_lucene_analysis_nl_DutchAnalyzer.java,252,warning,2
contrib_analyzers_common_src_java_org_apache_lucene_analysis_nl_DutchAnalyzer.java,162,warning,2
contrib_analyzers_common_src_java_org_apache_lucene_analysis_nl_DutchAnalyzer.java,31,warning,2
contrib_analyzers_common_src_java_org_apache_lucene_analysis_nl_DutchAnalyzer.java,157,warning,2
contrib_analyzers_common_src_java_org_apache_lucene_analysis_nl_DutchAnalyzer.java,167,warning,2
contrib_analyzers_common_src_java_org_apache_lucene_analysis_nl_DutchAnalyzer.java,155,warning,2
contrib_analyzers_common_src_java_org_apache_lucene_analysis_nl_DutchAnalyzer.java,64,error,1
contrib_analyzers_common_src_java_org_apache_lucene_analysis_nl_DutchAnalyzer.java,66,error,1
contrib_analyzers_common_src_java_org_apache_lucene_analysis_nl_DutchAnalyzer.java,160,warning,2
contrib_analyzers_common_src_java_org_apache_lucene_analysis_nl_DutchAnalyzer.java,203,error,1
contrib_analyzers_common_src_java_org_apache_lucene_analysis_nl_DutchAnalyzer.java,259,error,1
contrib_analyzers_common_src_java_org_apache_lucene_analysis_nl_DutchAnalyzer.java,122,warning,2
contrib_analyzers_common_src_java_org_apache_lucene_analysis_nl_DutchAnalyzer.java,78,warning,2
contrib_analyzers_common_src_java_org_apache_lucene_analysis_nl_DutchAnalyzer.java,258,warning,2
contrib_analyzers_common_src_java_org_apache_lucene_analysis_nl_DutchAnalyzer.java,241,warning,2
contrib_analyzers_common_src_java_org_apache_lucene_analysis_nl_DutchAnalyzer.java,266,warning,2
contrib_analyzers_common_src_java_org_apache_lucene_analysis_nl_DutchAnalyzer.java,219,warning,2
contrib_analyzers_common_src_java_org_apache_lucene_analysis_nl_DutchAnalyzer.java,156,warning,2
contrib_analyzers_common_src_java_org_apache_lucene_analysis_nl_DutchAnalyzer.java,132,error,1
contrib_analyzers_common_src_java_org_apache_lucene_analysis_nl_DutchAnalyzer.java,60,error,1
contrib_analyzers_common_src_java_org_apache_lucene_analysis_nl_DutchAnalyzer.java,35,warning,2
contrib_analyzers_common_src_java_org_apache_lucene_analysis_nl_DutchAnalyzer.java,70,warning,2
contrib_analyzers_common_src_java_org_apache_lucene_analysis_nl_DutchAnalyzer.java,171,warning,2
contrib_analyzers_common_src_java_org_apache_lucene_analysis_nl_DutchAnalyzer.java,154,warning,2
contrib_analyzers_common_src_java_org_apache_lucene_analysis_nl_DutchAnalyzer.java,139,warning,2
contrib_analyzers_common_src_java_org_apache_lucene_analysis_nl_DutchAnalyzer.java,227,warning,2
contrib_analyzers_common_src_java_org_apache_lucene_analysis_nl_DutchAnalyzer.java,81,error,1
contrib_analyzers_common_src_java_org_apache_lucene_analysis_nl_DutchAnalyzer.java,256,warning,2
contrib_analyzers_common_src_java_org_apache_lucene_analysis_nl_DutchAnalyzer.java,234,warning,2
contrib_analyzers_common_src_java_org_apache_lucene_analysis_nl_DutchAnalyzer.java,63,error,1
contrib_analyzers_common_src_java_org_apache_lucene_analysis_nl_DutchAnalyzer.java,255,warning,2
contrib_analyzers_common_src_java_org_apache_lucene_analysis_nl_DutchAnalyzer.java,233,error,1
contrib_analyzers_common_src_java_org_apache_lucene_analysis_nl_DutchAnalyzer.java,121,warning,2
contrib_analyzers_common_src_java_org_apache_lucene_analysis_nl_DutchAnalyzer.java,228,warning,2
contrib_analyzers_common_src_java_org_apache_lucene_analysis_nl_DutchAnalyzer.java,119,warning,2
contrib_analyzers_common_src_java_org_apache_lucene_analysis_nl_DutchAnalyzer.java,172,warning,2
contrib_analyzers_common_src_java_org_apache_lucene_analysis_nl_DutchAnalyzer.java,142,error,1
contrib_analyzers_common_src_java_org_apache_lucene_analysis_nl_DutchAnalyzer.java,144,warning,2
contrib_analyzers_common_src_java_org_apache_lucene_analysis_nl_DutchAnalyzer.java,108,warning,2
contrib_analyzers_common_src_java_org_apache_lucene_analysis_nl_DutchAnalyzer.java,68,warning,2
contrib_analyzers_common_src_java_org_apache_lucene_analysis_nl_DutchAnalyzer.java,129,warning,2
contrib_analyzers_common_src_java_org_apache_lucene_analysis_nl_DutchAnalyzer.java,251,warning,2
contrib_analyzers_common_src_java_org_apache_lucene_analysis_nl_DutchAnalyzer.java,222,error,1
contrib_analyzers_common_src_java_org_apache_lucene_analysis_nl_DutchAnalyzer.java,208,error,1
contrib_analyzers_common_src_java_org_apache_lucene_analysis_nl_DutchAnalyzer.java,245,error,1
contrib_analyzers_common_src_java_org_apache_lucene_analysis_nl_DutchAnalyzer.java,225,error,1
contrib_analyzers_common_src_java_org_apache_lucene_analysis_nl_DutchAnalyzer.java,99,error,1
contrib_analyzers_common_src_java_org_apache_lucene_analysis_nl_DutchAnalyzer.java,46,error,1
contrib_analyzers_common_src_java_org_apache_lucene_analysis_nl_DutchAnalyzer.java,242,warning,2
contrib_analyzers_common_src_java_org_apache_lucene_analysis_nl_DutchAnalyzer.java,244,warning,2
contrib_analyzers_common_src_java_org_apache_lucene_analysis_nl_DutchAnalyzer.java,82,error,1
contrib_analyzers_common_src_java_org_apache_lucene_analysis_nl_DutchAnalyzer.java,77,error,1
src_java_org_apache_lucene_search_payloads_MinPayloadFunction.java,34,warning,2
src_java_org_apache_lucene_search_payloads_MinPayloadFunction.java,42,warning,2
src_java_org_apache_lucene_search_payloads_MinPayloadFunction.java,32,error,1
src_java_org_apache_lucene_search_payloads_MinPayloadFunction.java,33,warning,2
src_java_org_apache_lucene_search_payloads_MinPayloadFunction.java,28,warning,2
src_java_org_apache_lucene_search_payloads_MinPayloadFunction.java,24,warning,2
src_java_org_apache_lucene_search_payloads_MinPayloadFunction.java,44,error,1
src_java_org_apache_lucene_search_payloads_MinPayloadFunction.java,45,error,1
src_java_org_apache_lucene_search_payloads_MinPayloadFunction.java,52,warning,2
src_java_org_apache_lucene_search_payloads_MinPayloadFunction.java,49,warning,2
src_java_org_apache_lucene_search_payloads_MinPayloadFunction.java,48,error,1
src_java_org_apache_lucene_search_payloads_MinPayloadFunction.java,38,warning,2
src_java_org_apache_lucene_search_payloads_MinPayloadFunction.java,36,error,1
src_java_org_apache_lucene_search_payloads_MinPayloadFunction.java,27,error,1
src_java_org_apache_lucene_search_payloads_MinPayloadFunction.java,39,warning,2
src_java_org_apache_lucene_search_payloads_MinPayloadFunction.java,31,error,1
src_java_org_apache_lucene_search_payloads_MinPayloadFunction.java,47,warning,2
src_java_org_apache_lucene_search_payloads_MinPayloadFunction.java,40,warning,2
src_java_org_apache_lucene_search_payloads_MinPayloadFunction.java,50,error,1
src_java_org_apache_lucene_search_payloads_MinPayloadFunction.java,53,warning,2
src_java_org_apache_lucene_search_payloads_MinPayloadFunction.java,20,error,1
src_java_org_apache_lucene_search_payloads_MinPayloadFunction.java,41,warning,2
src_java_org_apache_lucene_search_payloads_MinPayloadFunction.java,29,warning,2
src_java_org_apache_lucene_search_payloads_MinPayloadFunction.java,1,error,1
src_java_org_apache_lucene_search_payloads_MinPayloadFunction.java,26,error,1
src_java_org_apache_lucene_search_payloads_MinPayloadFunction.java,46,error,1
src_java_org_apache_lucene_search_payloads_MinPayloadFunction.java,51,warning,2
src_java_org_apache_lucene_search_payloads_MinPayloadFunction.java,3,error,1
contrib_analyzers_common_src_java_org_apache_lucene_analysis_ar_ArabicAnalyzer.java,114,error,1
contrib_analyzers_common_src_java_org_apache_lucene_analysis_ar_ArabicAnalyzer.java,134,warning,2
contrib_analyzers_common_src_java_org_apache_lucene_analysis_ar_ArabicAnalyzer.java,195,error,1
contrib_analyzers_common_src_java_org_apache_lucene_analysis_ar_ArabicAnalyzer.java,93,warning,2
contrib_analyzers_common_src_java_org_apache_lucene_analysis_ar_ArabicAnalyzer.java,100,warning,2
contrib_analyzers_common_src_java_org_apache_lucene_analysis_ar_ArabicAnalyzer.java,133,warning,2
contrib_analyzers_common_src_java_org_apache_lucene_analysis_ar_ArabicAnalyzer.java,91,warning,2
contrib_analyzers_common_src_java_org_apache_lucene_analysis_ar_ArabicAnalyzer.java,207,warning,2
contrib_analyzers_common_src_java_org_apache_lucene_analysis_ar_ArabicAnalyzer.java,110,warning,2
contrib_analyzers_common_src_java_org_apache_lucene_analysis_ar_ArabicAnalyzer.java,206,warning,2
contrib_analyzers_common_src_java_org_apache_lucene_analysis_ar_ArabicAnalyzer.java,165,error,1
contrib_analyzers_common_src_java_org_apache_lucene_analysis_ar_ArabicAnalyzer.java,90,warning,2
contrib_analyzers_common_src_java_org_apache_lucene_analysis_ar_ArabicAnalyzer.java,211,warning,2
contrib_analyzers_common_src_java_org_apache_lucene_analysis_ar_ArabicAnalyzer.java,168,warning,2
contrib_analyzers_common_src_java_org_apache_lucene_analysis_ar_ArabicAnalyzer.java,210,warning,2
contrib_analyzers_common_src_java_org_apache_lucene_analysis_ar_ArabicAnalyzer.java,98,warning,2
contrib_analyzers_common_src_java_org_apache_lucene_analysis_ar_ArabicAnalyzer.java,149,warning,2
contrib_analyzers_common_src_java_org_apache_lucene_analysis_ar_ArabicAnalyzer.java,179,warning,2
contrib_analyzers_common_src_java_org_apache_lucene_analysis_ar_ArabicAnalyzer.java,183,error,1
contrib_analyzers_common_src_java_org_apache_lucene_analysis_ar_ArabicAnalyzer.java,174,error,1
contrib_analyzers_common_src_java_org_apache_lucene_analysis_ar_ArabicAnalyzer.java,175,error,1
contrib_analyzers_common_src_java_org_apache_lucene_analysis_ar_ArabicAnalyzer.java,104,warning,2
contrib_analyzers_common_src_java_org_apache_lucene_analysis_ar_ArabicAnalyzer.java,212,warning,2
contrib_analyzers_common_src_java_org_apache_lucene_analysis_ar_ArabicAnalyzer.java,158,warning,2
contrib_analyzers_common_src_java_org_apache_lucene_analysis_ar_ArabicAnalyzer.java,190,error,1
contrib_analyzers_common_src_java_org_apache_lucene_analysis_ar_ArabicAnalyzer.java,73,warning,2
contrib_analyzers_common_src_java_org_apache_lucene_analysis_ar_ArabicAnalyzer.java,162,error,1
contrib_analyzers_common_src_java_org_apache_lucene_analysis_ar_ArabicAnalyzer.java,157,error,1
contrib_analyzers_common_src_java_org_apache_lucene_analysis_ar_ArabicAnalyzer.java,88,error,1
contrib_analyzers_common_src_java_org_apache_lucene_analysis_ar_ArabicAnalyzer.java,153,error,1
contrib_analyzers_common_src_java_org_apache_lucene_analysis_ar_ArabicAnalyzer.java,40,warning,2
contrib_analyzers_common_src_java_org_apache_lucene_analysis_ar_ArabicAnalyzer.java,199,warning,2
contrib_analyzers_common_src_java_org_apache_lucene_analysis_ar_ArabicAnalyzer.java,198,warning,2
contrib_analyzers_common_src_java_org_apache_lucene_analysis_ar_ArabicAnalyzer.java,203,error,1
contrib_analyzers_common_src_java_org_apache_lucene_analysis_ar_ArabicAnalyzer.java,176,error,1
contrib_analyzers_common_src_java_org_apache_lucene_analysis_ar_ArabicAnalyzer.java,59,warning,2
contrib_analyzers_common_src_java_org_apache_lucene_analysis_ar_ArabicAnalyzer.java,209,warning,2
contrib_analyzers_common_src_java_org_apache_lucene_analysis_ar_ArabicAnalyzer.java,87,error,1
contrib_analyzers_common_src_java_org_apache_lucene_analysis_ar_ArabicAnalyzer.java,123,error,1
contrib_analyzers_common_src_java_org_apache_lucene_analysis_ar_ArabicAnalyzer.java,148,error,1
contrib_analyzers_common_src_java_org_apache_lucene_analysis_ar_ArabicAnalyzer.java,173,error,1
contrib_analyzers_common_src_java_org_apache_lucene_analysis_ar_ArabicAnalyzer.java,109,warning,2
contrib_analyzers_common_src_java_org_apache_lucene_analysis_ar_ArabicAnalyzer.java,3,error,1
contrib_analyzers_common_src_java_org_apache_lucene_analysis_ar_ArabicAnalyzer.java,156,error,1
contrib_analyzers_common_src_java_org_apache_lucene_analysis_ar_ArabicAnalyzer.java,97,warning,2
contrib_analyzers_common_src_java_org_apache_lucene_analysis_ar_ArabicAnalyzer.java,164,error,1
contrib_analyzers_common_src_java_org_apache_lucene_analysis_ar_ArabicAnalyzer.java,60,error,1
contrib_analyzers_common_src_java_org_apache_lucene_analysis_ar_ArabicAnalyzer.java,70,error,1
contrib_analyzers_common_src_java_org_apache_lucene_analysis_ar_ArabicAnalyzer.java,191,error,1
contrib_analyzers_common_src_java_org_apache_lucene_analysis_ar_ArabicAnalyzer.java,194,warning,2
contrib_analyzers_common_src_java_org_apache_lucene_analysis_ar_ArabicAnalyzer.java,92,warning,2
contrib_analyzers_common_src_java_org_apache_lucene_analysis_ar_ArabicAnalyzer.java,132,warning,2
contrib_analyzers_common_src_java_org_apache_lucene_analysis_ar_ArabicAnalyzer.java,171,warning,2
contrib_analyzers_common_src_java_org_apache_lucene_analysis_ar_ArabicAnalyzer.java,154,warning,2
contrib_analyzers_common_src_java_org_apache_lucene_analysis_ar_ArabicAnalyzer.java,200,warning,2
contrib_analyzers_common_src_java_org_apache_lucene_analysis_ar_ArabicAnalyzer.java,140,error,1
contrib_analyzers_common_src_java_org_apache_lucene_analysis_ar_ArabicAnalyzer.java,131,error,1
contrib_analyzers_common_src_java_org_apache_lucene_analysis_ar_ArabicAnalyzer.java,169,error,1
contrib_analyzers_common_src_java_org_apache_lucene_analysis_ar_ArabicAnalyzer.java,96,warning,2
contrib_analyzers_common_src_java_org_apache_lucene_analysis_ar_ArabicAnalyzer.java,81,warning,2
contrib_analyzers_common_src_java_org_apache_lucene_analysis_ar_ArabicAnalyzer.java,182,error,1
contrib_analyzers_common_src_java_org_apache_lucene_analysis_ar_ArabicAnalyzer.java,205,warning,2
contrib_analyzers_common_src_java_org_apache_lucene_analysis_ar_ArabicAnalyzer.java,101,warning,2
contrib_analyzers_common_src_java_org_apache_lucene_analysis_ar_ArabicAnalyzer.java,63,error,1
contrib_analyzers_common_src_java_org_apache_lucene_analysis_ar_ArabicAnalyzer.java,55,warning,2
contrib_analyzers_common_src_java_org_apache_lucene_analysis_ar_ArabicAnalyzer.java,79,error,1
contrib_analyzers_common_src_java_org_apache_lucene_analysis_ar_ArabicAnalyzer.java,121,warning,2
contrib_analyzers_common_src_java_org_apache_lucene_analysis_ar_ArabicAnalyzer.java,146,warning,2
contrib_analyzers_common_src_java_org_apache_lucene_analysis_ar_ArabicAnalyzer.java,102,warning,2
contrib_analyzers_common_src_java_org_apache_lucene_analysis_ar_ArabicAnalyzer.java,119,error,1
contrib_analyzers_common_src_java_org_apache_lucene_analysis_ar_ArabicAnalyzer.java,117,error,1
contrib_analyzers_common_src_java_org_apache_lucene_analysis_ar_ArabicAnalyzer.java,184,warning,2
contrib_analyzers_common_src_java_org_apache_lucene_analysis_ar_ArabicAnalyzer.java,141,error,1
contrib_analyzers_common_src_java_org_apache_lucene_analysis_ar_ArabicAnalyzer.java,71,warning,2
contrib_analyzers_common_src_java_org_apache_lucene_analysis_ar_ArabicAnalyzer.java,178,warning,2
contrib_analyzers_common_src_java_org_apache_lucene_analysis_ar_ArabicAnalyzer.java,80,warning,2
contrib_analyzers_common_src_java_org_apache_lucene_analysis_ar_ArabicAnalyzer.java,196,warning,2
contrib_analyzers_common_src_java_org_apache_lucene_analysis_ar_ArabicAnalyzer.java,142,warning,2
contrib_analyzers_common_src_java_org_apache_lucene_analysis_ar_ArabicAnalyzer.java,103,warning,2
contrib_analyzers_common_src_java_org_apache_lucene_analysis_ar_ArabicAnalyzer.java,108,warning,2
contrib_analyzers_common_src_java_org_apache_lucene_analysis_ar_ArabicAnalyzer.java,68,warning,2
contrib_analyzers_common_src_java_org_apache_lucene_analysis_ar_ArabicAnalyzer.java,138,warning,2
contrib_analyzers_common_src_java_org_apache_lucene_analysis_ar_ArabicAnalyzer.java,120,warning,2
contrib_analyzers_common_src_java_org_apache_lucene_analysis_ar_ArabicAnalyzer.java,29,warning,2
contrib_analyzers_common_src_java_org_apache_lucene_analysis_ar_ArabicAnalyzer.java,1,error,1
contrib_analyzers_common_src_java_org_apache_lucene_analysis_ar_ArabicAnalyzer.java,208,warning,2
contrib_analyzers_common_src_java_org_apache_lucene_analysis_ar_ArabicAnalyzer.java,83,error,1
contrib_analyzers_common_src_java_org_apache_lucene_analysis_ar_ArabicAnalyzer.java,197,warning,2
contrib_analyzers_common_src_java_org_apache_lucene_analysis_ar_ArabicAnalyzer.java,201,warning,2
contrib_analyzers_common_src_java_org_apache_lucene_analysis_ar_ArabicAnalyzer.java,112,warning,2
contrib_analyzers_common_src_java_org_apache_lucene_analysis_ar_ArabicAnalyzer.java,150,warning,2
contrib_analyzers_common_src_java_org_apache_lucene_analysis_ar_ArabicAnalyzer.java,170,error,1
contrib_analyzers_common_src_java_org_apache_lucene_analysis_ar_ArabicAnalyzer.java,46,warning,2
contrib_analyzers_common_src_java_org_apache_lucene_analysis_ar_ArabicAnalyzer.java,181,error,1
contrib_analyzers_common_src_java_org_apache_lucene_analysis_ar_ArabicAnalyzer.java,77,warning,2
contrib_analyzers_common_src_java_org_apache_lucene_analysis_ar_ArabicAnalyzer.java,106,warning,2
contrib_analyzers_common_src_java_org_apache_lucene_analysis_ar_ArabicAnalyzer.java,111,warning,2
contrib_spatial_src_java_org_apache_lucene_spatial_tier_Shape.java,8,warning,2
contrib_spatial_src_java_org_apache_lucene_spatial_tier_Shape.java,34,error,1
contrib_spatial_src_java_org_apache_lucene_spatial_tier_Shape.java,42,error,1
contrib_spatial_src_java_org_apache_lucene_spatial_tier_Shape.java,35,warning,2
contrib_spatial_src_java_org_apache_lucene_spatial_tier_Shape.java,39,warning,2
contrib_spatial_src_java_org_apache_lucene_spatial_tier_Shape.java,31,error,1
contrib_spatial_src_java_org_apache_lucene_spatial_tier_Shape.java,32,error,1
contrib_spatial_src_java_org_apache_lucene_spatial_tier_Shape.java,47,warning,2
contrib_spatial_src_java_org_apache_lucene_spatial_tier_Shape.java,40,warning,2
contrib_spatial_src_java_org_apache_lucene_spatial_tier_Shape.java,50,error,1
contrib_spatial_src_java_org_apache_lucene_spatial_tier_Shape.java,25,warning,2
contrib_spatial_src_java_org_apache_lucene_spatial_tier_Shape.java,44,warning,2
contrib_spatial_src_java_org_apache_lucene_spatial_tier_Shape.java,29,error,1
contrib_spatial_src_java_org_apache_lucene_spatial_tier_Shape.java,1,error,1
contrib_spatial_src_java_org_apache_lucene_spatial_tier_Shape.java,52,warning,2
contrib_spatial_src_java_org_apache_lucene_spatial_tier_Shape.java,43,warning,2
contrib_spatial_src_java_org_apache_lucene_spatial_tier_Shape.java,48,warning,2
contrib_spatial_src_java_org_apache_lucene_spatial_tier_Shape.java,46,error,1
contrib_spatial_src_java_org_apache_lucene_spatial_tier_Shape.java,10,warning,2
contrib_spatial_src_java_org_apache_lucene_spatial_tier_Shape.java,51,warning,2
contrib_spatial_src_java_org_apache_lucene_spatial_tier_Shape.java,38,error,1
contrib_spatial_src_java_org_apache_lucene_spatial_tier_Shape.java,36,warning,2
src_java_org_apache_lucene_util_AttributeSource.java,135,warning,2
src_java_org_apache_lucene_util_AttributeSource.java,151,warning,2
src_java_org_apache_lucene_util_AttributeSource.java,188,error,1
src_java_org_apache_lucene_util_AttributeSource.java,304,warning,2
src_java_org_apache_lucene_util_AttributeSource.java,110,warning,2
src_java_org_apache_lucene_util_AttributeSource.java,376,warning,2
src_java_org_apache_lucene_util_AttributeSource.java,399,warning,2
src_java_org_apache_lucene_util_AttributeSource.java,424,warning,2
src_java_org_apache_lucene_util_AttributeSource.java,456,warning,2
src_java_org_apache_lucene_util_AttributeSource.java,372,warning,2
src_java_org_apache_lucene_util_AttributeSource.java,149,warning,2
src_java_org_apache_lucene_util_AttributeSource.java,387,warning,2
src_java_org_apache_lucene_util_AttributeSource.java,425,warning,2
src_java_org_apache_lucene_util_AttributeSource.java,65,warning,2
src_java_org_apache_lucene_util_AttributeSource.java,263,warning,2
src_java_org_apache_lucene_util_AttributeSource.java,392,warning,2
src_java_org_apache_lucene_util_AttributeSource.java,27,warning,2
src_java_org_apache_lucene_util_AttributeSource.java,288,warning,2
src_java_org_apache_lucene_util_AttributeSource.java,136,warning,2
src_java_org_apache_lucene_util_AttributeSource.java,161,warning,2
src_java_org_apache_lucene_util_AttributeSource.java,199,warning,2
src_java_org_apache_lucene_util_AttributeSource.java,375,warning,2
src_java_org_apache_lucene_util_AttributeSource.java,433,warning,2
src_java_org_apache_lucene_util_AttributeSource.java,209,warning,2
src_java_org_apache_lucene_util_AttributeSource.java,301,warning,2
src_java_org_apache_lucene_util_AttributeSource.java,299,warning,2
src_java_org_apache_lucene_util_AttributeSource.java,404,warning,2
src_java_org_apache_lucene_util_AttributeSource.java,186,error,1
src_java_org_apache_lucene_util_AttributeSource.java,262,error,1
src_java_org_apache_lucene_util_AttributeSource.java,148,warning,2
src_java_org_apache_lucene_util_AttributeSource.java,173,error,1
src_java_org_apache_lucene_util_AttributeSource.java,235,warning,2
src_java_org_apache_lucene_util_AttributeSource.java,109,warning,2
src_java_org_apache_lucene_util_AttributeSource.java,128,warning,2
src_java_org_apache_lucene_util_AttributeSource.java,191,error,1
src_java_org_apache_lucene_util_AttributeSource.java,229,error,1
src_java_org_apache_lucene_util_AttributeSource.java,23,warning,2
src_java_org_apache_lucene_util_AttributeSource.java,253,error,1
src_java_org_apache_lucene_util_AttributeSource.java,247,error,1
src_java_org_apache_lucene_util_AttributeSource.java,459,warning,2
src_java_org_apache_lucene_util_AttributeSource.java,343,warning,2
src_java_org_apache_lucene_util_AttributeSource.java,400,warning,2
src_java_org_apache_lucene_util_AttributeSource.java,25,warning,2
src_java_org_apache_lucene_util_AttributeSource.java,370,warning,2
src_java_org_apache_lucene_util_AttributeSource.java,407,warning,2
src_java_org_apache_lucene_util_AttributeSource.java,298,warning,2
src_java_org_apache_lucene_util_AttributeSource.java,58,error,1
src_java_org_apache_lucene_util_AttributeSource.java,454,error,1
src_java_org_apache_lucene_util_AttributeSource.java,79,warning,2
src_java_org_apache_lucene_util_AttributeSource.java,285,warning,2
src_java_org_apache_lucene_util_AttributeSource.java,215,warning,2
src_java_org_apache_lucene_util_AttributeSource.java,71,warning,2
src_java_org_apache_lucene_util_AttributeSource.java,178,error,1
src_java_org_apache_lucene_util_AttributeSource.java,451,warning,2
src_java_org_apache_lucene_util_AttributeSource.java,371,error,1
src_java_org_apache_lucene_util_AttributeSource.java,281,warning,2
src_java_org_apache_lucene_util_AttributeSource.java,365,warning,2
src_java_org_apache_lucene_util_AttributeSource.java,313,warning,2
src_java_org_apache_lucene_util_AttributeSource.java,394,warning,2
src_java_org_apache_lucene_util_AttributeSource.java,26,warning,2
src_java_org_apache_lucene_util_AttributeSource.java,214,warning,2
src_java_org_apache_lucene_util_AttributeSource.java,67,error,1
src_java_org_apache_lucene_util_AttributeSource.java,351,error,1
src_java_org_apache_lucene_util_AttributeSource.java,331,warning,2
src_java_org_apache_lucene_util_AttributeSource.java,181,error,1
src_java_org_apache_lucene_util_AttributeSource.java,75,warning,2
src_java_org_apache_lucene_util_AttributeSource.java,106,error,1
src_java_org_apache_lucene_util_AttributeSource.java,111,warning,2
src_java_org_apache_lucene_util_AttributeSource.java,363,error,1
src_java_org_apache_lucene_util_AttributeSource.java,113,warning,2
src_java_org_apache_lucene_util_AttributeSource.java,328,warning,2
src_java_org_apache_lucene_util_AttributeSource.java,314,warning,2
src_java_org_apache_lucene_util_AttributeSource.java,213,warning,2
src_java_org_apache_lucene_util_AttributeSource.java,24,warning,2
src_java_org_apache_lucene_util_AttributeSource.java,422,warning,2
src_java_org_apache_lucene_util_AttributeSource.java,207,warning,2
src_java_org_apache_lucene_util_AttributeSource.java,385,warning,2
src_java_org_apache_lucene_util_AttributeSource.java,211,warning,2
src_java_org_apache_lucene_util_AttributeSource.java,264,warning,2
src_java_org_apache_lucene_util_AttributeSource.java,116,error,1
src_java_org_apache_lucene_util_AttributeSource.java,212,warning,2
src_java_org_apache_lucene_util_AttributeSource.java,381,warning,2
src_java_org_apache_lucene_util_AttributeSource.java,410,warning,2
src_java_org_apache_lucene_util_AttributeSource.java,431,warning,2
src_java_org_apache_lucene_util_AttributeSource.java,389,warning,2
src_java_org_apache_lucene_util_AttributeSource.java,330,warning,2
src_java_org_apache_lucene_util_AttributeSource.java,319,warning,2
src_java_org_apache_lucene_util_AttributeSource.java,157,warning,2
src_java_org_apache_lucene_util_AttributeSource.java,40,warning,2
src_java_org_apache_lucene_util_AttributeSource.java,153,warning,2
src_java_org_apache_lucene_util_AttributeSource.java,155,warning,2
src_java_org_apache_lucene_util_AttributeSource.java,66,warning,2
src_java_org_apache_lucene_util_AttributeSource.java,310,warning,2
src_java_org_apache_lucene_util_AttributeSource.java,401,warning,2
src_java_org_apache_lucene_util_AttributeSource.java,440,error,1
src_java_org_apache_lucene_util_AttributeSource.java,176,error,1
src_java_org_apache_lucene_util_AttributeSource.java,367,warning,2
src_java_org_apache_lucene_util_AttributeSource.java,258,error,1
src_java_org_apache_lucene_util_AttributeSource.java,455,error,1
src_java_org_apache_lucene_util_AttributeSource.java,239,error,1
src_java_org_apache_lucene_util_AttributeSource.java,266,warning,2
src_java_org_apache_lucene_util_AttributeSource.java,286,warning,2
src_java_org_apache_lucene_util_AttributeSource.java,282,warning,2
src_java_org_apache_lucene_util_AttributeSource.java,156,error,1
src_java_org_apache_lucene_util_AttributeSource.java,352,error,1
src_java_org_apache_lucene_util_AttributeSource.java,164,warning,2
src_java_org_apache_lucene_util_AttributeSource.java,446,warning,2
src_java_org_apache_lucene_util_AttributeSource.java,227,warning,2
src_java_org_apache_lucene_util_AttributeSource.java,139,error,1
src_java_org_apache_lucene_util_AttributeSource.java,292,error,1
src_java_org_apache_lucene_util_AttributeSource.java,81,warning,2
src_java_org_apache_lucene_util_AttributeSource.java,185,warning,2
src_java_org_apache_lucene_util_AttributeSource.java,438,error,1
src_java_org_apache_lucene_util_AttributeSource.java,54,error,1
src_java_org_apache_lucene_util_AttributeSource.java,256,error,1
src_java_org_apache_lucene_util_AttributeSource.java,409,warning,2
src_java_org_apache_lucene_util_AttributeSource.java,437,error,1
src_java_org_apache_lucene_util_AttributeSource.java,290,warning,2
src_java_org_apache_lucene_util_AttributeSource.java,423,warning,2
src_java_org_apache_lucene_util_AttributeSource.java,121,warning,2
src_java_org_apache_lucene_util_AttributeSource.java,228,warning,2
src_java_org_apache_lucene_util_AttributeSource.java,373,warning,2
src_java_org_apache_lucene_util_AttributeSource.java,430,warning,2
src_java_org_apache_lucene_util_AttributeSource.java,172,error,1
src_java_org_apache_lucene_util_AttributeSource.java,427,warning,2
src_java_org_apache_lucene_util_AttributeSource.java,360,warning,2
src_java_org_apache_lucene_util_AttributeSource.java,444,warning,2
src_java_org_apache_lucene_util_AttributeSource.java,144,warning,2
src_java_org_apache_lucene_util_AttributeSource.java,317,warning,2
src_java_org_apache_lucene_util_AttributeSource.java,388,warning,2
src_java_org_apache_lucene_util_AttributeSource.java,420,error,1
src_java_org_apache_lucene_util_AttributeSource.java,129,warning,2
src_java_org_apache_lucene_util_AttributeSource.java,279,warning,2
src_java_org_apache_lucene_util_AttributeSource.java,428,error,1
src_java_org_apache_lucene_util_AttributeSource.java,202,warning,2
src_java_org_apache_lucene_util_AttributeSource.java,238,error,1
src_java_org_apache_lucene_util_AttributeSource.java,318,warning,2
src_java_org_apache_lucene_util_AttributeSource.java,226,warning,2
src_java_org_apache_lucene_util_AttributeSource.java,402,warning,2
src_java_org_apache_lucene_util_AttributeSource.java,316,warning,2
src_java_org_apache_lucene_util_AttributeSource.java,56,warning,2
src_java_org_apache_lucene_util_AttributeSource.java,22,warning,2
src_java_org_apache_lucene_util_AttributeSource.java,82,warning,2
src_java_org_apache_lucene_util_AttributeSource.java,76,warning,2
src_java_org_apache_lucene_util_AttributeSource.java,366,warning,2
src_java_org_apache_lucene_util_AttributeSource.java,62,warning,2
src_java_org_apache_lucene_util_AttributeSource.java,147,warning,2
src_java_org_apache_lucene_util_AttributeSource.java,91,error,1
src_java_org_apache_lucene_util_AttributeSource.java,90,error,1
src_java_org_apache_lucene_util_AttributeSource.java,168,warning,2
src_java_org_apache_lucene_util_AttributeSource.java,127,error,1
src_java_org_apache_lucene_util_AttributeSource.java,174,error,1
src_java_org_apache_lucene_util_AttributeSource.java,338,error,1
src_java_org_apache_lucene_util_AttributeSource.java,450,warning,2
src_java_org_apache_lucene_util_AttributeSource.java,413,warning,2
src_java_org_apache_lucene_util_AttributeSource.java,408,warning,2
src_java_org_apache_lucene_util_AttributeSource.java,145,warning,2
src_java_org_apache_lucene_util_AttributeSource.java,190,warning,2
src_java_org_apache_lucene_util_AttributeSource.java,358,warning,2
src_java_org_apache_lucene_util_AttributeSource.java,73,error,1
src_java_org_apache_lucene_util_AttributeSource.java,216,warning,2
src_java_org_apache_lucene_util_AttributeSource.java,198,warning,2
src_java_org_apache_lucene_util_AttributeSource.java,378,error,1
src_java_org_apache_lucene_util_AttributeSource.java,300,warning,2
src_java_org_apache_lucene_util_AttributeSource.java,275,warning,2
src_java_org_apache_lucene_util_AttributeSource.java,390,warning,2
src_java_org_apache_lucene_util_AttributeSource.java,118,error,1
src_java_org_apache_lucene_util_AttributeSource.java,277,error,1
src_java_org_apache_lucene_util_AttributeSource.java,356,error,1
src_java_org_apache_lucene_util_AttributeSource.java,384,warning,2
src_java_org_apache_lucene_util_AttributeSource.java,87,warning,2
src_java_org_apache_lucene_util_AttributeSource.java,327,warning,2
src_java_org_apache_lucene_util_AttributeSource.java,97,error,1
src_java_org_apache_lucene_util_AttributeSource.java,3,error,1
src_java_org_apache_lucene_util_AttributeSource.java,224,error,1
src_java_org_apache_lucene_util_AttributeSource.java,194,warning,2
src_java_org_apache_lucene_util_AttributeSource.java,289,warning,2
src_java_org_apache_lucene_util_AttributeSource.java,426,warning,2
src_java_org_apache_lucene_util_AttributeSource.java,92,error,1
src_java_org_apache_lucene_util_AttributeSource.java,405,warning,2
src_java_org_apache_lucene_util_AttributeSource.java,267,warning,2
src_java_org_apache_lucene_util_AttributeSource.java,107,warning,2
src_java_org_apache_lucene_util_AttributeSource.java,303,warning,2
src_java_org_apache_lucene_util_AttributeSource.java,159,warning,2
src_java_org_apache_lucene_util_AttributeSource.java,418,warning,2
src_java_org_apache_lucene_util_AttributeSource.java,441,warning,2
src_java_org_apache_lucene_util_AttributeSource.java,143,warning,2
src_java_org_apache_lucene_util_AttributeSource.java,152,warning,2
src_java_org_apache_lucene_util_AttributeSource.java,204,warning,2
src_java_org_apache_lucene_util_AttributeSource.java,257,error,1
src_java_org_apache_lucene_util_AttributeSource.java,265,error,1
src_java_org_apache_lucene_util_AttributeSource.java,44,error,1
src_java_org_apache_lucene_util_AttributeSource.java,236,warning,2
src_java_org_apache_lucene_util_AttributeSource.java,296,warning,2
src_java_org_apache_lucene_util_AttributeSource.java,52,error,1
src_java_org_apache_lucene_util_AttributeSource.java,311,warning,2
src_java_org_apache_lucene_util_AttributeSource.java,85,warning,2
src_java_org_apache_lucene_util_AttributeSource.java,295,warning,2
src_java_org_apache_lucene_util_AttributeSource.java,412,warning,2
src_java_org_apache_lucene_util_AttributeSource.java,184,error,1
src_java_org_apache_lucene_util_AttributeSource.java,232,warning,2
src_java_org_apache_lucene_util_AttributeSource.java,84,warning,2
src_java_org_apache_lucene_util_AttributeSource.java,417,warning,2
src_java_org_apache_lucene_util_AttributeSource.java,357,error,1
src_java_org_apache_lucene_util_AttributeSource.java,189,warning,2
src_java_org_apache_lucene_util_AttributeSource.java,196,warning,2
src_java_org_apache_lucene_util_AttributeSource.java,177,error,1
src_java_org_apache_lucene_util_AttributeSource.java,294,warning,2
src_java_org_apache_lucene_util_AttributeSource.java,120,error,1
src_java_org_apache_lucene_util_AttributeSource.java,187,warning,2
src_java_org_apache_lucene_util_AttributeSource.java,398,warning,2
src_java_org_apache_lucene_util_AttributeSource.java,1,error,1
src_java_org_apache_lucene_util_AttributeSource.java,83,warning,2
src_java_org_apache_lucene_util_AttributeSource.java,112,warning,2
src_java_org_apache_lucene_util_AttributeSource.java,170,warning,2
src_java_org_apache_lucene_util_AttributeSource.java,325,error,1
src_java_org_apache_lucene_util_AttributeSource.java,169,warning,2
src_java_org_apache_lucene_util_AttributeSource.java,414,warning,2
src_java_org_apache_lucene_util_AttributeSource.java,134,error,1
src_java_org_apache_lucene_util_AttributeSource.java,272,warning,2
src_java_org_apache_lucene_util_AttributeSource.java,415,warning,2
src_java_org_apache_lucene_util_AttributeSource.java,195,warning,2
src_java_org_apache_lucene_util_AttributeSource.java,332,warning,2
src_java_org_apache_lucene_util_AttributeSource.java,100,warning,2
src_java_org_apache_lucene_util_AttributeSource.java,432,warning,2
src_java_org_apache_lucene_util_AttributeSource.java,393,warning,2
src_java_org_apache_lucene_util_AttributeSource.java,69,error,1
src_java_org_apache_lucene_util_AttributeSource.java,165,warning,2
src_java_org_apache_lucene_util_AttributeSource.java,249,warning,2
src_java_org_apache_lucene_util_AttributeSource.java,429,warning,2
src_java_org_apache_lucene_util_AttributeSource.java,179,error,1
src_java_org_apache_lucene_util_AttributeSource.java,48,error,1
src_java_org_apache_lucene_util_AttributeSource.java,379,error,1
src_java_org_apache_lucene_util_AttributeSource.java,334,warning,2
src_java_org_apache_lucene_util_AttributeSource.java,240,warning,2
src_java_org_apache_lucene_util_AttributeSource.java,158,warning,2
src_java_org_apache_lucene_util_AttributeSource.java,406,error,1
src_java_org_apache_lucene_util_AttributeSource.java,411,warning,2
src_java_org_apache_lucene_util_AttributeSource.java,449,error,1
src_java_org_apache_lucene_util_AttributeSource.java,361,warning,2
src_java_org_apache_lucene_util_AttributeSource.java,163,warning,2
src_java_org_apache_lucene_util_AttributeSource.java,167,warning,2
src_java_org_apache_lucene_util_AttributeSource.java,355,warning,2
src_java_org_apache_lucene_util_AttributeSource.java,64,warning,2
src_java_org_apache_lucene_util_AttributeSource.java,160,warning,2
src_java_org_apache_lucene_util_AttributeSource.java,203,warning,2
src_java_org_apache_lucene_util_AttributeSource.java,447,warning,2
src_java_org_apache_lucene_util_AttributeSource.java,259,error,1
src_java_org_apache_lucene_util_AttributeSource.java,368,warning,2
src_java_org_apache_lucene_util_AttributeSource.java,122,warning,2
src_java_org_apache_lucene_util_AttributeSource.java,78,error,1
src_java_org_apache_lucene_util_AttributeSource.java,74,error,1
src_java_org_apache_lucene_util_AttributeSource.java,445,warning,2
src_java_org_apache_lucene_util_AttributeSource.java,241,warning,2
src_java_org_apache_lucene_util_AttributeSource.java,94,error,1
src_java_org_apache_lucene_util_AttributeSource.java,312,warning,2
src_java_org_apache_lucene_util_AttributeSource.java,315,warning,2
src_java_org_apache_lucene_util_AttributeSource.java,326,warning,2
src_java_org_apache_lucene_util_AttributeSource.java,382,warning,2
src_java_org_apache_lucene_util_AttributeSource.java,297,warning,2
src_java_org_apache_lucene_util_AttributeSource.java,60,error,1
src_java_org_apache_lucene_util_AttributeSource.java,70,warning,2
src_java_org_apache_lucene_util_AttributeSource.java,380,warning,2
src_java_org_apache_lucene_util_AttributeSource.java,200,warning,2
src_java_org_apache_lucene_util_AttributeSource.java,369,warning,2
src_java_org_apache_lucene_util_AttributeSource.java,248,warning,2
src_java_org_apache_lucene_util_AttributeSource.java,403,warning,2
src_java_org_apache_lucene_util_AttributeSource.java,234,warning,2
src_java_org_apache_lucene_util_AttributeSource.java,101,warning,2
src_java_org_apache_lucene_util_AttributeSource.java,63,error,1
src_java_org_apache_lucene_util_AttributeSource.java,448,warning,2
src_java_org_apache_lucene_util_AttributeSource.java,233,error,1
src_java_org_apache_lucene_util_AttributeSource.java,146,warning,2
src_java_org_apache_lucene_util_AttributeSource.java,86,warning,2
src_java_org_apache_lucene_util_AttributeSource.java,119,error,1
src_java_org_apache_lucene_util_AttributeSource.java,57,error,1
src_java_org_apache_lucene_util_AttributeSource.java,80,error,1
src_java_org_apache_lucene_util_AttributeSource.java,359,warning,2
src_java_org_apache_lucene_util_AttributeSource.java,142,error,1
src_java_org_apache_lucene_util_AttributeSource.java,276,error,1
src_java_org_apache_lucene_util_AttributeSource.java,284,warning,2
src_java_org_apache_lucene_util_AttributeSource.java,108,warning,2
src_java_org_apache_lucene_util_AttributeSource.java,68,warning,2
src_java_org_apache_lucene_util_AttributeSource.java,29,error,1
src_java_org_apache_lucene_util_AttributeSource.java,354,warning,2
src_java_org_apache_lucene_util_AttributeSource.java,333,warning,2
src_java_org_apache_lucene_util_AttributeSource.java,397,warning,2
src_java_org_apache_lucene_util_AttributeSource.java,197,error,1
src_java_org_apache_lucene_util_AttributeSource.java,201,warning,2
src_java_org_apache_lucene_util_AttributeSource.java,225,warning,2
src_java_org_apache_lucene_util_AttributeSource.java,99,warning,2
src_java_org_apache_lucene_util_AttributeSource.java,46,error,1
src_java_org_apache_lucene_util_AttributeSource.java,416,error,1
src_java_org_apache_lucene_util_AttributeSource.java,268,warning,2
src_java_org_apache_lucene_util_AttributeSource.java,458,warning,2
src_java_org_apache_lucene_util_AttributeSource.java,302,warning,2
src_java_org_apache_lucene_util_AttributeSource.java,77,warning,2
contrib_queryparser_src_java_org_apache_lucene_queryParser_core_nodes_QueryNodeImpl.java,166,error,1
contrib_queryparser_src_java_org_apache_lucene_queryParser_core_nodes_QueryNodeImpl.java,151,warning,2
contrib_queryparser_src_java_org_apache_lucene_queryParser_core_nodes_QueryNodeImpl.java,147,warning,2
contrib_queryparser_src_java_org_apache_lucene_queryParser_core_nodes_QueryNodeImpl.java,91,warning,2
contrib_queryparser_src_java_org_apache_lucene_queryParser_core_nodes_QueryNodeImpl.java,206,error,1
contrib_queryparser_src_java_org_apache_lucene_queryParser_core_nodes_QueryNodeImpl.java,110,warning,2
contrib_queryparser_src_java_org_apache_lucene_queryParser_core_nodes_QueryNodeImpl.java,90,warning,2
contrib_queryparser_src_java_org_apache_lucene_queryParser_core_nodes_QueryNodeImpl.java,45,error,1
contrib_queryparser_src_java_org_apache_lucene_queryParser_core_nodes_QueryNodeImpl.java,168,warning,2
contrib_queryparser_src_java_org_apache_lucene_queryParser_core_nodes_QueryNodeImpl.java,127,warning,2
contrib_queryparser_src_java_org_apache_lucene_queryParser_core_nodes_QueryNodeImpl.java,125,warning,2
contrib_queryparser_src_java_org_apache_lucene_queryParser_core_nodes_QueryNodeImpl.java,149,warning,2
contrib_queryparser_src_java_org_apache_lucene_queryParser_core_nodes_QueryNodeImpl.java,126,warning,2
contrib_queryparser_src_java_org_apache_lucene_queryParser_core_nodes_QueryNodeImpl.java,174,warning,2
contrib_queryparser_src_java_org_apache_lucene_queryParser_core_nodes_QueryNodeImpl.java,104,warning,2
contrib_queryparser_src_java_org_apache_lucene_queryParser_core_nodes_QueryNodeImpl.java,65,warning,2
contrib_queryparser_src_java_org_apache_lucene_queryParser_core_nodes_QueryNodeImpl.java,73,warning,2
contrib_queryparser_src_java_org_apache_lucene_queryParser_core_nodes_QueryNodeImpl.java,124,warning,2
contrib_queryparser_src_java_org_apache_lucene_queryParser_core_nodes_QueryNodeImpl.java,216,warning,2
contrib_queryparser_src_java_org_apache_lucene_queryParser_core_nodes_QueryNodeImpl.java,136,warning,2
contrib_queryparser_src_java_org_apache_lucene_queryParser_core_nodes_QueryNodeImpl.java,53,warning,2
contrib_queryparser_src_java_org_apache_lucene_queryParser_core_nodes_QueryNodeImpl.java,199,error,1
contrib_queryparser_src_java_org_apache_lucene_queryParser_core_nodes_QueryNodeImpl.java,198,warning,2
contrib_queryparser_src_java_org_apache_lucene_queryParser_core_nodes_QueryNodeImpl.java,87,error,1
contrib_queryparser_src_java_org_apache_lucene_queryParser_core_nodes_QueryNodeImpl.java,123,warning,2
contrib_queryparser_src_java_org_apache_lucene_queryParser_core_nodes_QueryNodeImpl.java,218,warning,2
contrib_queryparser_src_java_org_apache_lucene_queryParser_core_nodes_QueryNodeImpl.java,61,warning,2
contrib_queryparser_src_java_org_apache_lucene_queryParser_core_nodes_QueryNodeImpl.java,148,warning,2
contrib_queryparser_src_java_org_apache_lucene_queryParser_core_nodes_QueryNodeImpl.java,173,warning,2
contrib_queryparser_src_java_org_apache_lucene_queryParser_core_nodes_QueryNodeImpl.java,3,error,1
contrib_queryparser_src_java_org_apache_lucene_queryParser_core_nodes_QueryNodeImpl.java,97,warning,2
contrib_queryparser_src_java_org_apache_lucene_queryParser_core_nodes_QueryNodeImpl.java,128,warning,2
contrib_queryparser_src_java_org_apache_lucene_queryParser_core_nodes_QueryNodeImpl.java,89,warning,2
contrib_queryparser_src_java_org_apache_lucene_queryParser_core_nodes_QueryNodeImpl.java,224,warning,2
contrib_queryparser_src_java_org_apache_lucene_queryParser_core_nodes_QueryNodeImpl.java,92,warning,2
contrib_queryparser_src_java_org_apache_lucene_queryParser_core_nodes_QueryNodeImpl.java,115,error,1
contrib_queryparser_src_java_org_apache_lucene_queryParser_core_nodes_QueryNodeImpl.java,107,warning,2
contrib_queryparser_src_java_org_apache_lucene_queryParser_core_nodes_QueryNodeImpl.java,140,warning,2
contrib_queryparser_src_java_org_apache_lucene_queryParser_core_nodes_QueryNodeImpl.java,131,warning,2
contrib_queryparser_src_java_org_apache_lucene_queryParser_core_nodes_QueryNodeImpl.java,33,warning,2
contrib_queryparser_src_java_org_apache_lucene_queryParser_core_nodes_QueryNodeImpl.java,159,warning,2
contrib_queryparser_src_java_org_apache_lucene_queryParser_core_nodes_QueryNodeImpl.java,143,warning,2
contrib_queryparser_src_java_org_apache_lucene_queryParser_core_nodes_QueryNodeImpl.java,152,warning,2
contrib_queryparser_src_java_org_apache_lucene_queryParser_core_nodes_QueryNodeImpl.java,204,warning,2
contrib_queryparser_src_java_org_apache_lucene_queryParser_core_nodes_QueryNodeImpl.java,182,warning,2
contrib_queryparser_src_java_org_apache_lucene_queryParser_core_nodes_QueryNodeImpl.java,52,warning,2
contrib_queryparser_src_java_org_apache_lucene_queryParser_core_nodes_QueryNodeImpl.java,85,warning,2
contrib_queryparser_src_java_org_apache_lucene_queryParser_core_nodes_QueryNodeImpl.java,58,error,1
contrib_queryparser_src_java_org_apache_lucene_queryParser_core_nodes_QueryNodeImpl.java,79,warning,2
contrib_queryparser_src_java_org_apache_lucene_queryParser_core_nodes_QueryNodeImpl.java,102,warning,2
contrib_queryparser_src_java_org_apache_lucene_queryParser_core_nodes_QueryNodeImpl.java,215,warning,2
contrib_queryparser_src_java_org_apache_lucene_queryParser_core_nodes_QueryNodeImpl.java,184,error,1
contrib_queryparser_src_java_org_apache_lucene_queryParser_core_nodes_QueryNodeImpl.java,39,error,1
contrib_queryparser_src_java_org_apache_lucene_queryParser_core_nodes_QueryNodeImpl.java,84,warning,2
contrib_queryparser_src_java_org_apache_lucene_queryParser_core_nodes_QueryNodeImpl.java,180,error,1
contrib_queryparser_src_java_org_apache_lucene_queryParser_core_nodes_QueryNodeImpl.java,178,warning,2
contrib_queryparser_src_java_org_apache_lucene_queryParser_core_nodes_QueryNodeImpl.java,189,error,1
contrib_queryparser_src_java_org_apache_lucene_queryParser_core_nodes_QueryNodeImpl.java,196,error,1
contrib_queryparser_src_java_org_apache_lucene_queryParser_core_nodes_QueryNodeImpl.java,177,warning,2
contrib_queryparser_src_java_org_apache_lucene_queryParser_core_nodes_QueryNodeImpl.java,120,warning,2
contrib_queryparser_src_java_org_apache_lucene_queryParser_core_nodes_QueryNodeImpl.java,187,error,1
contrib_queryparser_src_java_org_apache_lucene_queryParser_core_nodes_QueryNodeImpl.java,1,error,1
contrib_queryparser_src_java_org_apache_lucene_queryParser_core_nodes_QueryNodeImpl.java,83,error,1
contrib_queryparser_src_java_org_apache_lucene_queryParser_core_nodes_QueryNodeImpl.java,26,warning,2
contrib_queryparser_src_java_org_apache_lucene_queryParser_core_nodes_QueryNodeImpl.java,137,warning,2
contrib_queryparser_src_java_org_apache_lucene_queryParser_core_nodes_QueryNodeImpl.java,72,warning,2
contrib_queryparser_src_java_org_apache_lucene_queryParser_core_nodes_QueryNodeImpl.java,112,warning,2
contrib_queryparser_src_java_org_apache_lucene_queryParser_core_nodes_QueryNodeImpl.java,150,warning,2
contrib_queryparser_src_java_org_apache_lucene_queryParser_core_nodes_QueryNodeImpl.java,170,error,1
contrib_queryparser_src_java_org_apache_lucene_queryParser_core_nodes_QueryNodeImpl.java,75,warning,2
contrib_queryparser_src_java_org_apache_lucene_queryParser_core_nodes_QueryNodeImpl.java,181,warning,2
contrib_queryparser_src_java_org_apache_lucene_queryParser_core_nodes_QueryNodeImpl.java,111,warning,2
contrib_queryparser_src_java_org_apache_lucene_queryParser_core_nodes_QueryNodeImpl.java,134,error,1
contrib_queryparser_src_java_org_apache_lucene_queryParser_core_nodes_QueryNodeImpl.java,113,warning,2
contrib_queryparser_src_java_org_apache_lucene_queryParser_core_nodes_QueryNodeImpl.java,93,warning,2
contrib_queryparser_src_java_org_apache_lucene_queryParser_core_nodes_QueryNodeImpl.java,100,warning,2
contrib_queryparser_src_java_org_apache_lucene_queryParser_core_nodes_QueryNodeImpl.java,213,warning,2
contrib_queryparser_src_java_org_apache_lucene_queryParser_core_nodes_QueryNodeImpl.java,116,warning,2
contrib_queryparser_src_java_org_apache_lucene_queryParser_core_nodes_QueryNodeImpl.java,49,warning,2
contrib_queryparser_src_java_org_apache_lucene_queryParser_core_nodes_QueryNodeImpl.java,158,error,1
contrib_queryparser_src_java_org_apache_lucene_queryParser_core_nodes_QueryNodeImpl.java,163,warning,2
contrib_queryparser_src_java_org_apache_lucene_queryParser_core_nodes_QueryNodeImpl.java,162,error,1
contrib_queryparser_src_java_org_apache_lucene_queryParser_core_nodes_QueryNodeImpl.java,167,warning,2
contrib_queryparser_src_java_org_apache_lucene_queryParser_core_nodes_QueryNodeImpl.java,155,warning,2
contrib_queryparser_src_java_org_apache_lucene_queryParser_core_nodes_QueryNodeImpl.java,66,warning,2
contrib_queryparser_src_java_org_apache_lucene_queryParser_core_nodes_QueryNodeImpl.java,160,warning,2
contrib_queryparser_src_java_org_apache_lucene_queryParser_core_nodes_QueryNodeImpl.java,203,warning,2
contrib_queryparser_src_java_org_apache_lucene_queryParser_core_nodes_QueryNodeImpl.java,176,error,1
contrib_queryparser_src_java_org_apache_lucene_queryParser_core_nodes_QueryNodeImpl.java,78,warning,2
contrib_queryparser_src_java_org_apache_lucene_queryParser_core_nodes_QueryNodeImpl.java,43,error,1
contrib_queryparser_src_java_org_apache_lucene_queryParser_core_nodes_QueryNodeImpl.java,156,warning,2
contrib_queryparser_src_java_org_apache_lucene_queryParser_core_nodes_QueryNodeImpl.java,132,warning,2
contrib_queryparser_src_java_org_apache_lucene_queryParser_core_nodes_QueryNodeImpl.java,70,error,1
contrib_queryparser_src_java_org_apache_lucene_queryParser_core_nodes_QueryNodeImpl.java,35,warning,2
contrib_queryparser_src_java_org_apache_lucene_queryParser_core_nodes_QueryNodeImpl.java,60,warning,2
contrib_queryparser_src_java_org_apache_lucene_queryParser_core_nodes_QueryNodeImpl.java,164,warning,2
contrib_queryparser_src_java_org_apache_lucene_queryParser_core_nodes_QueryNodeImpl.java,154,error,1
contrib_queryparser_src_java_org_apache_lucene_queryParser_core_nodes_QueryNodeImpl.java,139,error,1
contrib_queryparser_src_java_org_apache_lucene_queryParser_core_nodes_QueryNodeImpl.java,200,warning,2
contrib_queryparser_src_java_org_apache_lucene_queryParser_core_nodes_QueryNodeImpl.java,95,warning,2
contrib_queryparser_src_java_org_apache_lucene_queryParser_core_nodes_QueryNodeImpl.java,81,warning,2
contrib_queryparser_src_java_org_apache_lucene_queryParser_core_nodes_QueryNodeImpl.java,54,warning,2
contrib_queryparser_src_java_org_apache_lucene_queryParser_core_nodes_QueryNodeImpl.java,63,warning,2
contrib_queryparser_src_java_org_apache_lucene_queryParser_core_nodes_QueryNodeImpl.java,172,error,1
contrib_queryparser_src_java_org_apache_lucene_queryParser_core_nodes_QueryNodeImpl.java,117,warning,2
contrib_queryparser_src_java_org_apache_lucene_queryParser_core_nodes_QueryNodeImpl.java,141,warning,2
contrib_queryparser_src_java_org_apache_lucene_queryParser_core_nodes_QueryNodeImpl.java,47,error,1
contrib_queryparser_src_java_org_apache_lucene_queryParser_core_nodes_QueryNodeImpl.java,50,warning,2
contrib_queryparser_src_java_org_apache_lucene_queryParser_core_nodes_QueryNodeImpl.java,41,error,1
contrib_queryparser_src_java_org_apache_lucene_queryParser_core_nodes_QueryNodeImpl.java,68,warning,2
contrib_queryparser_src_java_org_apache_lucene_queryParser_core_nodes_QueryNodeImpl.java,129,warning,2
contrib_queryparser_src_java_org_apache_lucene_queryParser_core_nodes_QueryNodeImpl.java,29,error,1
contrib_queryparser_src_java_org_apache_lucene_queryParser_core_nodes_QueryNodeImpl.java,222,error,1
contrib_queryparser_src_java_org_apache_lucene_queryParser_core_nodes_QueryNodeImpl.java,202,warning,2
contrib_queryparser_src_java_org_apache_lucene_queryParser_core_nodes_QueryNodeImpl.java,208,warning,2
contrib_queryparser_src_java_org_apache_lucene_queryParser_core_nodes_QueryNodeImpl.java,197,error,1
contrib_queryparser_src_java_org_apache_lucene_queryParser_core_nodes_QueryNodeImpl.java,201,error,1
contrib_queryparser_src_java_org_apache_lucene_queryParser_core_nodes_QueryNodeImpl.java,225,warning,2
contrib_queryparser_src_java_org_apache_lucene_queryParser_core_nodes_QueryNodeImpl.java,56,warning,2
contrib_queryparser_src_java_org_apache_lucene_queryParser_core_nodes_QueryNodeImpl.java,77,warning,2
contrib_snowball_src_java_org_apache_lucene_analysis_snowball_SnowballAnalyzer.java,62,warning,2
contrib_snowball_src_java_org_apache_lucene_analysis_snowball_SnowballAnalyzer.java,93,warning,2
contrib_snowball_src_java_org_apache_lucene_analysis_snowball_SnowballAnalyzer.java,100,warning,2
contrib_snowball_src_java_org_apache_lucene_analysis_snowball_SnowballAnalyzer.java,24,warning,2
contrib_snowball_src_java_org_apache_lucene_analysis_snowball_SnowballAnalyzer.java,21,error,1
contrib_snowball_src_java_org_apache_lucene_analysis_snowball_SnowballAnalyzer.java,91,warning,2
contrib_snowball_src_java_org_apache_lucene_analysis_snowball_SnowballAnalyzer.java,69,warning,2
contrib_snowball_src_java_org_apache_lucene_analysis_snowball_SnowballAnalyzer.java,90,warning,2
contrib_snowball_src_java_org_apache_lucene_analysis_snowball_SnowballAnalyzer.java,45,warning,2
contrib_snowball_src_java_org_apache_lucene_analysis_snowball_SnowballAnalyzer.java,98,warning,2
contrib_snowball_src_java_org_apache_lucene_analysis_snowball_SnowballAnalyzer.java,48,warning,2
contrib_snowball_src_java_org_apache_lucene_analysis_snowball_SnowballAnalyzer.java,104,warning,2
contrib_snowball_src_java_org_apache_lucene_analysis_snowball_SnowballAnalyzer.java,65,error,1
contrib_snowball_src_java_org_apache_lucene_analysis_snowball_SnowballAnalyzer.java,30,warning,2
contrib_snowball_src_java_org_apache_lucene_analysis_snowball_SnowballAnalyzer.java,38,warning,2
contrib_snowball_src_java_org_apache_lucene_analysis_snowball_SnowballAnalyzer.java,73,error,1
contrib_snowball_src_java_org_apache_lucene_analysis_snowball_SnowballAnalyzer.java,40,error,1
contrib_snowball_src_java_org_apache_lucene_analysis_snowball_SnowballAnalyzer.java,64,error,1
contrib_snowball_src_java_org_apache_lucene_analysis_snowball_SnowballAnalyzer.java,53,warning,2
contrib_snowball_src_java_org_apache_lucene_analysis_snowball_SnowballAnalyzer.java,59,warning,2
contrib_snowball_src_java_org_apache_lucene_analysis_snowball_SnowballAnalyzer.java,74,warning,2
contrib_snowball_src_java_org_apache_lucene_analysis_snowball_SnowballAnalyzer.java,94,warning,2
contrib_snowball_src_java_org_apache_lucene_analysis_snowball_SnowballAnalyzer.java,87,warning,2
contrib_snowball_src_java_org_apache_lucene_analysis_snowball_SnowballAnalyzer.java,61,warning,2
contrib_snowball_src_java_org_apache_lucene_analysis_snowball_SnowballAnalyzer.java,3,error,1
contrib_snowball_src_java_org_apache_lucene_analysis_snowball_SnowballAnalyzer.java,89,warning,2
contrib_snowball_src_java_org_apache_lucene_analysis_snowball_SnowballAnalyzer.java,60,error,1
contrib_snowball_src_java_org_apache_lucene_analysis_snowball_SnowballAnalyzer.java,92,warning,2
contrib_snowball_src_java_org_apache_lucene_analysis_snowball_SnowballAnalyzer.java,96,error,1
contrib_snowball_src_java_org_apache_lucene_analysis_snowball_SnowballAnalyzer.java,95,error,1
contrib_snowball_src_java_org_apache_lucene_analysis_snowball_SnowballAnalyzer.java,81,warning,2
contrib_snowball_src_java_org_apache_lucene_analysis_snowball_SnowballAnalyzer.java,25,warning,2
contrib_snowball_src_java_org_apache_lucene_analysis_snowball_SnowballAnalyzer.java,54,warning,2
contrib_snowball_src_java_org_apache_lucene_analysis_snowball_SnowballAnalyzer.java,44,error,1
contrib_snowball_src_java_org_apache_lucene_analysis_snowball_SnowballAnalyzer.java,101,warning,2
contrib_snowball_src_java_org_apache_lucene_analysis_snowball_SnowballAnalyzer.java,52,warning,2
contrib_snowball_src_java_org_apache_lucene_analysis_snowball_SnowballAnalyzer.java,63,warning,2
contrib_snowball_src_java_org_apache_lucene_analysis_snowball_SnowballAnalyzer.java,79,warning,2
contrib_snowball_src_java_org_apache_lucene_analysis_snowball_SnowballAnalyzer.java,86,warning,2
contrib_snowball_src_java_org_apache_lucene_analysis_snowball_SnowballAnalyzer.java,102,warning,2
contrib_snowball_src_java_org_apache_lucene_analysis_snowball_SnowballAnalyzer.java,39,error,1
contrib_snowball_src_java_org_apache_lucene_analysis_snowball_SnowballAnalyzer.java,47,warning,2
contrib_snowball_src_java_org_apache_lucene_analysis_snowball_SnowballAnalyzer.java,71,error,1
contrib_snowball_src_java_org_apache_lucene_analysis_snowball_SnowballAnalyzer.java,80,error,1
contrib_snowball_src_java_org_apache_lucene_analysis_snowball_SnowballAnalyzer.java,103,warning,2
contrib_snowball_src_java_org_apache_lucene_analysis_snowball_SnowballAnalyzer.java,20,error,1
contrib_snowball_src_java_org_apache_lucene_analysis_snowball_SnowballAnalyzer.java,41,error,1
contrib_snowball_src_java_org_apache_lucene_analysis_snowball_SnowballAnalyzer.java,68,warning,2
contrib_snowball_src_java_org_apache_lucene_analysis_snowball_SnowballAnalyzer.java,1,error,1
contrib_snowball_src_java_org_apache_lucene_analysis_snowball_SnowballAnalyzer.java,26,warning,2
contrib_snowball_src_java_org_apache_lucene_analysis_snowball_SnowballAnalyzer.java,67,warning,2
contrib_snowball_src_java_org_apache_lucene_analysis_snowball_SnowballAnalyzer.java,82,warning,2
contrib_snowball_src_java_org_apache_lucene_analysis_snowball_SnowballAnalyzer.java,72,error,1
contrib_snowball_src_java_org_apache_lucene_analysis_snowball_SnowballAnalyzer.java,99,warning,2
contrib_snowball_src_java_org_apache_lucene_analysis_snowball_SnowballAnalyzer.java,46,warning,2
contrib_snowball_src_java_org_apache_lucene_analysis_snowball_SnowballAnalyzer.java,56,error,1
contrib_snowball_src_java_org_apache_lucene_analysis_snowball_SnowballAnalyzer.java,51,error,1
contrib_snowball_src_java_org_apache_lucene_analysis_snowball_SnowballAnalyzer.java,76,error,1
contrib_analyzers_common_src_java_org_apache_lucene_analysis_compound_HyphenationCompoundWordTokenFilter.java,166,warning,2
contrib_analyzers_common_src_java_org_apache_lucene_analysis_compound_HyphenationCompoundWordTokenFilter.java,188,warning,2
contrib_analyzers_common_src_java_org_apache_lucene_analysis_compound_HyphenationCompoundWordTokenFilter.java,62,warning,2
contrib_analyzers_common_src_java_org_apache_lucene_analysis_compound_HyphenationCompoundWordTokenFilter.java,105,warning,2
contrib_analyzers_common_src_java_org_apache_lucene_analysis_compound_HyphenationCompoundWordTokenFilter.java,147,warning,2
contrib_analyzers_common_src_java_org_apache_lucene_analysis_compound_HyphenationCompoundWordTokenFilter.java,206,warning,2
contrib_analyzers_common_src_java_org_apache_lucene_analysis_compound_HyphenationCompoundWordTokenFilter.java,45,warning,2
contrib_analyzers_common_src_java_org_apache_lucene_analysis_compound_HyphenationCompoundWordTokenFilter.java,168,warning,2
contrib_analyzers_common_src_java_org_apache_lucene_analysis_compound_HyphenationCompoundWordTokenFilter.java,210,warning,2
contrib_analyzers_common_src_java_org_apache_lucene_analysis_compound_HyphenationCompoundWordTokenFilter.java,149,warning,2
contrib_analyzers_common_src_java_org_apache_lucene_analysis_compound_HyphenationCompoundWordTokenFilter.java,174,warning,2
contrib_analyzers_common_src_java_org_apache_lucene_analysis_compound_HyphenationCompoundWordTokenFilter.java,104,error,1
contrib_analyzers_common_src_java_org_apache_lucene_analysis_compound_HyphenationCompoundWordTokenFilter.java,145,warning,2
contrib_analyzers_common_src_java_org_apache_lucene_analysis_compound_HyphenationCompoundWordTokenFilter.java,190,warning,2
contrib_analyzers_common_src_java_org_apache_lucene_analysis_compound_HyphenationCompoundWordTokenFilter.java,27,error,1
contrib_analyzers_common_src_java_org_apache_lucene_analysis_compound_HyphenationCompoundWordTokenFilter.java,73,warning,2
contrib_analyzers_common_src_java_org_apache_lucene_analysis_compound_HyphenationCompoundWordTokenFilter.java,216,error,1
contrib_analyzers_common_src_java_org_apache_lucene_analysis_compound_HyphenationCompoundWordTokenFilter.java,136,error,1
contrib_analyzers_common_src_java_org_apache_lucene_analysis_compound_HyphenationCompoundWordTokenFilter.java,198,warning,2
contrib_analyzers_common_src_java_org_apache_lucene_analysis_compound_HyphenationCompoundWordTokenFilter.java,220,warning,2
contrib_analyzers_common_src_java_org_apache_lucene_analysis_compound_HyphenationCompoundWordTokenFilter.java,118,error,1
contrib_analyzers_common_src_java_org_apache_lucene_analysis_compound_HyphenationCompoundWordTokenFilter.java,209,warning,2
contrib_analyzers_common_src_java_org_apache_lucene_analysis_compound_HyphenationCompoundWordTokenFilter.java,193,warning,2
contrib_analyzers_common_src_java_org_apache_lucene_analysis_compound_HyphenationCompoundWordTokenFilter.java,123,error,1
contrib_analyzers_common_src_java_org_apache_lucene_analysis_compound_HyphenationCompoundWordTokenFilter.java,87,warning,2
contrib_analyzers_common_src_java_org_apache_lucene_analysis_compound_HyphenationCompoundWordTokenFilter.java,186,warning,2
contrib_analyzers_common_src_java_org_apache_lucene_analysis_compound_HyphenationCompoundWordTokenFilter.java,61,warning,2
contrib_analyzers_common_src_java_org_apache_lucene_analysis_compound_HyphenationCompoundWordTokenFilter.java,218,warning,2
contrib_analyzers_common_src_java_org_apache_lucene_analysis_compound_HyphenationCompoundWordTokenFilter.java,109,warning,2
contrib_analyzers_common_src_java_org_apache_lucene_analysis_compound_HyphenationCompoundWordTokenFilter.java,3,error,1
contrib_analyzers_common_src_java_org_apache_lucene_analysis_compound_HyphenationCompoundWordTokenFilter.java,128,warning,2
contrib_analyzers_common_src_java_org_apache_lucene_analysis_compound_HyphenationCompoundWordTokenFilter.java,130,error,1
contrib_analyzers_common_src_java_org_apache_lucene_analysis_compound_HyphenationCompoundWordTokenFilter.java,89,warning,2
contrib_analyzers_common_src_java_org_apache_lucene_analysis_compound_HyphenationCompoundWordTokenFilter.java,191,warning,2
contrib_analyzers_common_src_java_org_apache_lucene_analysis_compound_HyphenationCompoundWordTokenFilter.java,194,warning,2
contrib_analyzers_common_src_java_org_apache_lucene_analysis_compound_HyphenationCompoundWordTokenFilter.java,131,warning,2
contrib_analyzers_common_src_java_org_apache_lucene_analysis_compound_HyphenationCompoundWordTokenFilter.java,159,warning,2
contrib_analyzers_common_src_java_org_apache_lucene_analysis_compound_HyphenationCompoundWordTokenFilter.java,143,error,1
contrib_analyzers_common_src_java_org_apache_lucene_analysis_compound_HyphenationCompoundWordTokenFilter.java,152,error,1
contrib_analyzers_common_src_java_org_apache_lucene_analysis_compound_HyphenationCompoundWordTokenFilter.java,204,warning,2
contrib_analyzers_common_src_java_org_apache_lucene_analysis_compound_HyphenationCompoundWordTokenFilter.java,182,warning,2
contrib_analyzers_common_src_java_org_apache_lucene_analysis_compound_HyphenationCompoundWordTokenFilter.java,205,warning,2
contrib_analyzers_common_src_java_org_apache_lucene_analysis_compound_HyphenationCompoundWordTokenFilter.java,85,warning,2
contrib_analyzers_common_src_java_org_apache_lucene_analysis_compound_HyphenationCompoundWordTokenFilter.java,58,error,1
contrib_analyzers_common_src_java_org_apache_lucene_analysis_compound_HyphenationCompoundWordTokenFilter.java,217,warning,2
contrib_analyzers_common_src_java_org_apache_lucene_analysis_compound_HyphenationCompoundWordTokenFilter.java,102,error,1
contrib_analyzers_common_src_java_org_apache_lucene_analysis_compound_HyphenationCompoundWordTokenFilter.java,215,warning,2
contrib_analyzers_common_src_java_org_apache_lucene_analysis_compound_HyphenationCompoundWordTokenFilter.java,84,error,1
contrib_analyzers_common_src_java_org_apache_lucene_analysis_compound_HyphenationCompoundWordTokenFilter.java,180,warning,2
contrib_analyzers_common_src_java_org_apache_lucene_analysis_compound_HyphenationCompoundWordTokenFilter.java,71,error,1
contrib_analyzers_common_src_java_org_apache_lucene_analysis_compound_HyphenationCompoundWordTokenFilter.java,189,warning,2
contrib_analyzers_common_src_java_org_apache_lucene_analysis_compound_HyphenationCompoundWordTokenFilter.java,196,warning,2
contrib_analyzers_common_src_java_org_apache_lucene_analysis_compound_HyphenationCompoundWordTokenFilter.java,103,error,1
contrib_analyzers_common_src_java_org_apache_lucene_analysis_compound_HyphenationCompoundWordTokenFilter.java,120,warning,2
contrib_analyzers_common_src_java_org_apache_lucene_analysis_compound_HyphenationCompoundWordTokenFilter.java,187,warning,2
contrib_analyzers_common_src_java_org_apache_lucene_analysis_compound_HyphenationCompoundWordTokenFilter.java,1,error,1
contrib_analyzers_common_src_java_org_apache_lucene_analysis_compound_HyphenationCompoundWordTokenFilter.java,83,error,1
contrib_analyzers_common_src_java_org_apache_lucene_analysis_compound_HyphenationCompoundWordTokenFilter.java,26,warning,2
contrib_analyzers_common_src_java_org_apache_lucene_analysis_compound_HyphenationCompoundWordTokenFilter.java,214,warning,2
contrib_analyzers_common_src_java_org_apache_lucene_analysis_compound_HyphenationCompoundWordTokenFilter.java,72,warning,2
contrib_analyzers_common_src_java_org_apache_lucene_analysis_compound_HyphenationCompoundWordTokenFilter.java,192,warning,2
contrib_analyzers_common_src_java_org_apache_lucene_analysis_compound_HyphenationCompoundWordTokenFilter.java,150,warning,2
contrib_analyzers_common_src_java_org_apache_lucene_analysis_compound_HyphenationCompoundWordTokenFilter.java,170,warning,2
contrib_analyzers_common_src_java_org_apache_lucene_analysis_compound_HyphenationCompoundWordTokenFilter.java,169,warning,2
contrib_analyzers_common_src_java_org_apache_lucene_analysis_compound_HyphenationCompoundWordTokenFilter.java,181,warning,2
contrib_analyzers_common_src_java_org_apache_lucene_analysis_compound_HyphenationCompoundWordTokenFilter.java,106,warning,2
contrib_analyzers_common_src_java_org_apache_lucene_analysis_compound_HyphenationCompoundWordTokenFilter.java,111,error,1
contrib_analyzers_common_src_java_org_apache_lucene_analysis_compound_HyphenationCompoundWordTokenFilter.java,34,error,1
contrib_analyzers_common_src_java_org_apache_lucene_analysis_compound_HyphenationCompoundWordTokenFilter.java,134,warning,2
contrib_analyzers_common_src_java_org_apache_lucene_analysis_compound_HyphenationCompoundWordTokenFilter.java,195,warning,2
contrib_analyzers_common_src_java_org_apache_lucene_analysis_compound_HyphenationCompoundWordTokenFilter.java,93,error,1
contrib_analyzers_common_src_java_org_apache_lucene_analysis_compound_HyphenationCompoundWordTokenFilter.java,213,warning,2
contrib_analyzers_common_src_java_org_apache_lucene_analysis_compound_HyphenationCompoundWordTokenFilter.java,207,warning,2
contrib_analyzers_common_src_java_org_apache_lucene_analysis_compound_HyphenationCompoundWordTokenFilter.java,211,warning,2
contrib_analyzers_common_src_java_org_apache_lucene_analysis_compound_HyphenationCompoundWordTokenFilter.java,165,warning,2
contrib_analyzers_common_src_java_org_apache_lucene_analysis_compound_HyphenationCompoundWordTokenFilter.java,116,warning,2
contrib_analyzers_common_src_java_org_apache_lucene_analysis_compound_HyphenationCompoundWordTokenFilter.java,175,warning,2
contrib_analyzers_common_src_java_org_apache_lucene_analysis_compound_HyphenationCompoundWordTokenFilter.java,212,warning,2
contrib_analyzers_common_src_java_org_apache_lucene_analysis_compound_HyphenationCompoundWordTokenFilter.java,158,warning,2
contrib_analyzers_common_src_java_org_apache_lucene_analysis_compound_HyphenationCompoundWordTokenFilter.java,163,error,1
contrib_analyzers_common_src_java_org_apache_lucene_analysis_compound_HyphenationCompoundWordTokenFilter.java,162,warning,2
contrib_analyzers_common_src_java_org_apache_lucene_analysis_compound_HyphenationCompoundWordTokenFilter.java,167,warning,2
contrib_analyzers_common_src_java_org_apache_lucene_analysis_compound_HyphenationCompoundWordTokenFilter.java,155,warning,2
contrib_analyzers_common_src_java_org_apache_lucene_analysis_compound_HyphenationCompoundWordTokenFilter.java,64,warning,2
contrib_analyzers_common_src_java_org_apache_lucene_analysis_compound_HyphenationCompoundWordTokenFilter.java,160,warning,2
contrib_analyzers_common_src_java_org_apache_lucene_analysis_compound_HyphenationCompoundWordTokenFilter.java,203,warning,2
contrib_analyzers_common_src_java_org_apache_lucene_analysis_compound_HyphenationCompoundWordTokenFilter.java,176,warning,2
contrib_analyzers_common_src_java_org_apache_lucene_analysis_compound_HyphenationCompoundWordTokenFilter.java,59,error,1
contrib_analyzers_common_src_java_org_apache_lucene_analysis_compound_HyphenationCompoundWordTokenFilter.java,74,warning,2
contrib_analyzers_common_src_java_org_apache_lucene_analysis_compound_HyphenationCompoundWordTokenFilter.java,43,error,1
contrib_analyzers_common_src_java_org_apache_lucene_analysis_compound_HyphenationCompoundWordTokenFilter.java,219,warning,2
contrib_analyzers_common_src_java_org_apache_lucene_analysis_compound_HyphenationCompoundWordTokenFilter.java,156,warning,2
contrib_analyzers_common_src_java_org_apache_lucene_analysis_compound_HyphenationCompoundWordTokenFilter.java,42,warning,2
contrib_analyzers_common_src_java_org_apache_lucene_analysis_compound_HyphenationCompoundWordTokenFilter.java,70,error,1
contrib_analyzers_common_src_java_org_apache_lucene_analysis_compound_HyphenationCompoundWordTokenFilter.java,60,warning,2
contrib_analyzers_common_src_java_org_apache_lucene_analysis_compound_HyphenationCompoundWordTokenFilter.java,132,warning,2
contrib_analyzers_common_src_java_org_apache_lucene_analysis_compound_HyphenationCompoundWordTokenFilter.java,185,warning,2
contrib_analyzers_common_src_java_org_apache_lucene_analysis_compound_HyphenationCompoundWordTokenFilter.java,121,warning,2
contrib_analyzers_common_src_java_org_apache_lucene_analysis_compound_HyphenationCompoundWordTokenFilter.java,86,warning,2
contrib_analyzers_common_src_java_org_apache_lucene_analysis_compound_HyphenationCompoundWordTokenFilter.java,119,warning,2
contrib_analyzers_common_src_java_org_apache_lucene_analysis_compound_HyphenationCompoundWordTokenFilter.java,57,error,1
contrib_analyzers_common_src_java_org_apache_lucene_analysis_compound_HyphenationCompoundWordTokenFilter.java,141,warning,2
contrib_analyzers_common_src_java_org_apache_lucene_analysis_compound_HyphenationCompoundWordTokenFilter.java,80,error,1
contrib_analyzers_common_src_java_org_apache_lucene_analysis_compound_HyphenationCompoundWordTokenFilter.java,144,warning,2
contrib_analyzers_common_src_java_org_apache_lucene_analysis_compound_HyphenationCompoundWordTokenFilter.java,108,warning,2
contrib_analyzers_common_src_java_org_apache_lucene_analysis_compound_HyphenationCompoundWordTokenFilter.java,41,warning,2
contrib_analyzers_common_src_java_org_apache_lucene_analysis_compound_HyphenationCompoundWordTokenFilter.java,208,warning,2
contrib_analyzers_common_src_java_org_apache_lucene_analysis_compound_HyphenationCompoundWordTokenFilter.java,197,warning,2
contrib_analyzers_common_src_java_org_apache_lucene_analysis_compound_HyphenationCompoundWordTokenFilter.java,76,warning,2
contrib_analyzers_smartcn_src_java_org_apache_lucene_analysis_cn_smart_SmartChineseAnalyzer.java,34,error,1
contrib_analyzers_smartcn_src_java_org_apache_lucene_analysis_cn_smart_SmartChineseAnalyzer.java,135,error,1
contrib_analyzers_smartcn_src_java_org_apache_lucene_analysis_cn_smart_SmartChineseAnalyzer.java,114,warning,2
contrib_analyzers_smartcn_src_java_org_apache_lucene_analysis_cn_smart_SmartChineseAnalyzer.java,113,warning,2
contrib_analyzers_smartcn_src_java_org_apache_lucene_analysis_cn_smart_SmartChineseAnalyzer.java,100,error,1
contrib_analyzers_smartcn_src_java_org_apache_lucene_analysis_cn_smart_SmartChineseAnalyzer.java,105,warning,2
contrib_analyzers_smartcn_src_java_org_apache_lucene_analysis_cn_smart_SmartChineseAnalyzer.java,147,error,1
contrib_analyzers_smartcn_src_java_org_apache_lucene_analysis_cn_smart_SmartChineseAnalyzer.java,91,warning,2
contrib_analyzers_smartcn_src_java_org_apache_lucene_analysis_cn_smart_SmartChineseAnalyzer.java,90,warning,2
contrib_analyzers_smartcn_src_java_org_apache_lucene_analysis_cn_smart_SmartChineseAnalyzer.java,165,warning,2
contrib_analyzers_smartcn_src_java_org_apache_lucene_analysis_cn_smart_SmartChineseAnalyzer.java,45,error,1
contrib_analyzers_smartcn_src_java_org_apache_lucene_analysis_cn_smart_SmartChineseAnalyzer.java,168,error,1
contrib_analyzers_smartcn_src_java_org_apache_lucene_analysis_cn_smart_SmartChineseAnalyzer.java,127,error,1
contrib_analyzers_smartcn_src_java_org_apache_lucene_analysis_cn_smart_SmartChineseAnalyzer.java,98,warning,2
contrib_analyzers_smartcn_src_java_org_apache_lucene_analysis_cn_smart_SmartChineseAnalyzer.java,149,warning,2
contrib_analyzers_smartcn_src_java_org_apache_lucene_analysis_cn_smart_SmartChineseAnalyzer.java,183,warning,2
contrib_analyzers_smartcn_src_java_org_apache_lucene_analysis_cn_smart_SmartChineseAnalyzer.java,174,warning,2
contrib_analyzers_smartcn_src_java_org_apache_lucene_analysis_cn_smart_SmartChineseAnalyzer.java,175,warning,2
contrib_analyzers_smartcn_src_java_org_apache_lucene_analysis_cn_smart_SmartChineseAnalyzer.java,104,warning,2
contrib_analyzers_smartcn_src_java_org_apache_lucene_analysis_cn_smart_SmartChineseAnalyzer.java,145,warning,2
contrib_analyzers_smartcn_src_java_org_apache_lucene_analysis_cn_smart_SmartChineseAnalyzer.java,65,error,1
contrib_analyzers_smartcn_src_java_org_apache_lucene_analysis_cn_smart_SmartChineseAnalyzer.java,158,warning,2
contrib_analyzers_smartcn_src_java_org_apache_lucene_analysis_cn_smart_SmartChineseAnalyzer.java,10,warning,2
contrib_analyzers_smartcn_src_java_org_apache_lucene_analysis_cn_smart_SmartChineseAnalyzer.java,27,warning,2
contrib_analyzers_smartcn_src_java_org_apache_lucene_analysis_cn_smart_SmartChineseAnalyzer.java,73,error,1
contrib_analyzers_smartcn_src_java_org_apache_lucene_analysis_cn_smart_SmartChineseAnalyzer.java,75,warning,2
contrib_analyzers_smartcn_src_java_org_apache_lucene_analysis_cn_smart_SmartChineseAnalyzer.java,163,error,1
contrib_analyzers_smartcn_src_java_org_apache_lucene_analysis_cn_smart_SmartChineseAnalyzer.java,162,warning,2
contrib_analyzers_smartcn_src_java_org_apache_lucene_analysis_cn_smart_SmartChineseAnalyzer.java,167,error,1
contrib_analyzers_smartcn_src_java_org_apache_lucene_analysis_cn_smart_SmartChineseAnalyzer.java,40,error,1
contrib_analyzers_smartcn_src_java_org_apache_lucene_analysis_cn_smart_SmartChineseAnalyzer.java,155,warning,2
contrib_analyzers_smartcn_src_java_org_apache_lucene_analysis_cn_smart_SmartChineseAnalyzer.java,53,error,1
contrib_analyzers_smartcn_src_java_org_apache_lucene_analysis_cn_smart_SmartChineseAnalyzer.java,160,warning,2
contrib_analyzers_smartcn_src_java_org_apache_lucene_analysis_cn_smart_SmartChineseAnalyzer.java,176,warning,2
contrib_analyzers_smartcn_src_java_org_apache_lucene_analysis_cn_smart_SmartChineseAnalyzer.java,74,warning,2
contrib_analyzers_smartcn_src_java_org_apache_lucene_analysis_cn_smart_SmartChineseAnalyzer.java,94,warning,2
contrib_analyzers_smartcn_src_java_org_apache_lucene_analysis_cn_smart_SmartChineseAnalyzer.java,87,warning,2
contrib_analyzers_smartcn_src_java_org_apache_lucene_analysis_cn_smart_SmartChineseAnalyzer.java,186,warning,2
contrib_analyzers_smartcn_src_java_org_apache_lucene_analysis_cn_smart_SmartChineseAnalyzer.java,148,error,1
contrib_analyzers_smartcn_src_java_org_apache_lucene_analysis_cn_smart_SmartChineseAnalyzer.java,61,warning,2
contrib_analyzers_smartcn_src_java_org_apache_lucene_analysis_cn_smart_SmartChineseAnalyzer.java,173,warning,2
contrib_analyzers_smartcn_src_java_org_apache_lucene_analysis_cn_smart_SmartChineseAnalyzer.java,97,warning,2
contrib_analyzers_smartcn_src_java_org_apache_lucene_analysis_cn_smart_SmartChineseAnalyzer.java,156,error,1
contrib_analyzers_smartcn_src_java_org_apache_lucene_analysis_cn_smart_SmartChineseAnalyzer.java,128,warning,2
contrib_analyzers_smartcn_src_java_org_apache_lucene_analysis_cn_smart_SmartChineseAnalyzer.java,164,error,1
contrib_analyzers_smartcn_src_java_org_apache_lucene_analysis_cn_smart_SmartChineseAnalyzer.java,130,warning,2
contrib_analyzers_smartcn_src_java_org_apache_lucene_analysis_cn_smart_SmartChineseAnalyzer.java,92,warning,2
contrib_analyzers_smartcn_src_java_org_apache_lucene_analysis_cn_smart_SmartChineseAnalyzer.java,171,warning,2
contrib_analyzers_smartcn_src_java_org_apache_lucene_analysis_cn_smart_SmartChineseAnalyzer.java,154,warning,2
contrib_analyzers_smartcn_src_java_org_apache_lucene_analysis_cn_smart_SmartChineseAnalyzer.java,107,error,1
contrib_analyzers_smartcn_src_java_org_apache_lucene_analysis_cn_smart_SmartChineseAnalyzer.java,140,warning,2
contrib_analyzers_smartcn_src_java_org_apache_lucene_analysis_cn_smart_SmartChineseAnalyzer.java,96,warning,2
contrib_analyzers_smartcn_src_java_org_apache_lucene_analysis_cn_smart_SmartChineseAnalyzer.java,33,error,1
contrib_analyzers_smartcn_src_java_org_apache_lucene_analysis_cn_smart_SmartChineseAnalyzer.java,131,warning,2
contrib_analyzers_smartcn_src_java_org_apache_lucene_analysis_cn_smart_SmartChineseAnalyzer.java,159,warning,2
contrib_analyzers_smartcn_src_java_org_apache_lucene_analysis_cn_smart_SmartChineseAnalyzer.java,95,warning,2
contrib_analyzers_smartcn_src_java_org_apache_lucene_analysis_cn_smart_SmartChineseAnalyzer.java,81,error,1
contrib_analyzers_smartcn_src_java_org_apache_lucene_analysis_cn_smart_SmartChineseAnalyzer.java,143,error,1
contrib_analyzers_smartcn_src_java_org_apache_lucene_analysis_cn_smart_SmartChineseAnalyzer.java,44,error,1
contrib_analyzers_smartcn_src_java_org_apache_lucene_analysis_cn_smart_SmartChineseAnalyzer.java,182,warning,2
contrib_analyzers_smartcn_src_java_org_apache_lucene_analysis_cn_smart_SmartChineseAnalyzer.java,181,warning,2
contrib_analyzers_smartcn_src_java_org_apache_lucene_analysis_cn_smart_SmartChineseAnalyzer.java,101,warning,2
contrib_analyzers_smartcn_src_java_org_apache_lucene_analysis_cn_smart_SmartChineseAnalyzer.java,52,error,1
contrib_analyzers_smartcn_src_java_org_apache_lucene_analysis_cn_smart_SmartChineseAnalyzer.java,63,error,1
contrib_analyzers_smartcn_src_java_org_apache_lucene_analysis_cn_smart_SmartChineseAnalyzer.java,85,warning,2
contrib_analyzers_smartcn_src_java_org_apache_lucene_analysis_cn_smart_SmartChineseAnalyzer.java,86,warning,2
contrib_analyzers_smartcn_src_java_org_apache_lucene_analysis_cn_smart_SmartChineseAnalyzer.java,102,warning,2
contrib_analyzers_smartcn_src_java_org_apache_lucene_analysis_cn_smart_SmartChineseAnalyzer.java,172,warning,2
contrib_analyzers_smartcn_src_java_org_apache_lucene_analysis_cn_smart_SmartChineseAnalyzer.java,57,error,1
contrib_analyzers_smartcn_src_java_org_apache_lucene_analysis_cn_smart_SmartChineseAnalyzer.java,184,warning,2
contrib_analyzers_smartcn_src_java_org_apache_lucene_analysis_cn_smart_SmartChineseAnalyzer.java,8,warning,2
contrib_analyzers_smartcn_src_java_org_apache_lucene_analysis_cn_smart_SmartChineseAnalyzer.java,84,warning,2
contrib_analyzers_smartcn_src_java_org_apache_lucene_analysis_cn_smart_SmartChineseAnalyzer.java,180,warning,2
contrib_analyzers_smartcn_src_java_org_apache_lucene_analysis_cn_smart_SmartChineseAnalyzer.java,71,warning,2
contrib_analyzers_smartcn_src_java_org_apache_lucene_analysis_cn_smart_SmartChineseAnalyzer.java,178,error,1
contrib_analyzers_smartcn_src_java_org_apache_lucene_analysis_cn_smart_SmartChineseAnalyzer.java,142,error,1
contrib_analyzers_smartcn_src_java_org_apache_lucene_analysis_cn_smart_SmartChineseAnalyzer.java,177,warning,2
contrib_analyzers_smartcn_src_java_org_apache_lucene_analysis_cn_smart_SmartChineseAnalyzer.java,103,warning,2
contrib_analyzers_smartcn_src_java_org_apache_lucene_analysis_cn_smart_SmartChineseAnalyzer.java,144,warning,2
contrib_analyzers_smartcn_src_java_org_apache_lucene_analysis_cn_smart_SmartChineseAnalyzer.java,41,error,1
contrib_analyzers_smartcn_src_java_org_apache_lucene_analysis_cn_smart_SmartChineseAnalyzer.java,138,error,1
contrib_analyzers_smartcn_src_java_org_apache_lucene_analysis_cn_smart_SmartChineseAnalyzer.java,129,warning,2
contrib_analyzers_smartcn_src_java_org_apache_lucene_analysis_cn_smart_SmartChineseAnalyzer.java,187,warning,2
contrib_analyzers_smartcn_src_java_org_apache_lucene_analysis_cn_smart_SmartChineseAnalyzer.java,1,error,1
contrib_analyzers_smartcn_src_java_org_apache_lucene_analysis_cn_smart_SmartChineseAnalyzer.java,67,error,1
contrib_analyzers_smartcn_src_java_org_apache_lucene_analysis_cn_smart_SmartChineseAnalyzer.java,112,error,1
contrib_analyzers_smartcn_src_java_org_apache_lucene_analysis_cn_smart_SmartChineseAnalyzer.java,150,warning,2
contrib_analyzers_smartcn_src_java_org_apache_lucene_analysis_cn_smart_SmartChineseAnalyzer.java,170,warning,2
contrib_analyzers_smartcn_src_java_org_apache_lucene_analysis_cn_smart_SmartChineseAnalyzer.java,56,error,1
contrib_analyzers_smartcn_src_java_org_apache_lucene_analysis_cn_smart_SmartChineseAnalyzer.java,169,warning,2
contrib_analyzers_smartcn_src_java_org_apache_lucene_analysis_cn_smart_SmartChineseAnalyzer.java,82,error,1
contrib_analyzers_smartcn_src_java_org_apache_lucene_analysis_cn_smart_SmartChineseAnalyzer.java,77,error,1
contrib_instantiated_src_java_org_apache_lucene_store_instantiated_InstantiatedIndexReader.java,135,warning,2
contrib_instantiated_src_java_org_apache_lucene_store_instantiated_InstantiatedIndexReader.java,151,error,1
contrib_instantiated_src_java_org_apache_lucene_store_instantiated_InstantiatedIndexReader.java,304,warning,2
contrib_instantiated_src_java_org_apache_lucene_store_instantiated_InstantiatedIndexReader.java,110,error,1
contrib_instantiated_src_java_org_apache_lucene_store_instantiated_InstantiatedIndexReader.java,206,warning,2
contrib_instantiated_src_java_org_apache_lucene_store_instantiated_InstantiatedIndexReader.java,376,error,1
contrib_instantiated_src_java_org_apache_lucene_store_instantiated_InstantiatedIndexReader.java,399,error,1
contrib_instantiated_src_java_org_apache_lucene_store_instantiated_InstantiatedIndexReader.java,320,warning,2
contrib_instantiated_src_java_org_apache_lucene_store_instantiated_InstantiatedIndexReader.java,372,warning,2
contrib_instantiated_src_java_org_apache_lucene_store_instantiated_InstantiatedIndexReader.java,210,warning,2
contrib_instantiated_src_java_org_apache_lucene_store_instantiated_InstantiatedIndexReader.java,125,warning,2
contrib_instantiated_src_java_org_apache_lucene_store_instantiated_InstantiatedIndexReader.java,149,warning,2
contrib_instantiated_src_java_org_apache_lucene_store_instantiated_InstantiatedIndexReader.java,386,warning,2
contrib_instantiated_src_java_org_apache_lucene_store_instantiated_InstantiatedIndexReader.java,387,warning,2
contrib_instantiated_src_java_org_apache_lucene_store_instantiated_InstantiatedIndexReader.java,104,error,1
contrib_instantiated_src_java_org_apache_lucene_store_instantiated_InstantiatedIndexReader.java,30,warning,2
contrib_instantiated_src_java_org_apache_lucene_store_instantiated_InstantiatedIndexReader.java,263,warning,2
contrib_instantiated_src_java_org_apache_lucene_store_instantiated_InstantiatedIndexReader.java,392,warning,2
contrib_instantiated_src_java_org_apache_lucene_store_instantiated_InstantiatedIndexReader.java,288,error,1
contrib_instantiated_src_java_org_apache_lucene_store_instantiated_InstantiatedIndexReader.java,53,error,1
contrib_instantiated_src_java_org_apache_lucene_store_instantiated_InstantiatedIndexReader.java,161,warning,2
contrib_instantiated_src_java_org_apache_lucene_store_instantiated_InstantiatedIndexReader.java,199,warning,2
contrib_instantiated_src_java_org_apache_lucene_store_instantiated_InstantiatedIndexReader.java,329,warning,2
contrib_instantiated_src_java_org_apache_lucene_store_instantiated_InstantiatedIndexReader.java,375,error,1
contrib_instantiated_src_java_org_apache_lucene_store_instantiated_InstantiatedIndexReader.java,209,error,1
contrib_instantiated_src_java_org_apache_lucene_store_instantiated_InstantiatedIndexReader.java,301,warning,2
contrib_instantiated_src_java_org_apache_lucene_store_instantiated_InstantiatedIndexReader.java,299,warning,2
contrib_instantiated_src_java_org_apache_lucene_store_instantiated_InstantiatedIndexReader.java,404,warning,2
contrib_instantiated_src_java_org_apache_lucene_store_instantiated_InstantiatedIndexReader.java,321,warning,2
contrib_instantiated_src_java_org_apache_lucene_store_instantiated_InstantiatedIndexReader.java,262,error,1
contrib_instantiated_src_java_org_apache_lucene_store_instantiated_InstantiatedIndexReader.java,186,warning,2
contrib_instantiated_src_java_org_apache_lucene_store_instantiated_InstantiatedIndexReader.java,218,warning,2
contrib_instantiated_src_java_org_apache_lucene_store_instantiated_InstantiatedIndexReader.java,148,warning,2
contrib_instantiated_src_java_org_apache_lucene_store_instantiated_InstantiatedIndexReader.java,173,warning,2
contrib_instantiated_src_java_org_apache_lucene_store_instantiated_InstantiatedIndexReader.java,419,warning,2
contrib_instantiated_src_java_org_apache_lucene_store_instantiated_InstantiatedIndexReader.java,109,error,1
contrib_instantiated_src_java_org_apache_lucene_store_instantiated_InstantiatedIndexReader.java,349,warning,2
contrib_instantiated_src_java_org_apache_lucene_store_instantiated_InstantiatedIndexReader.java,130,warning,2
contrib_instantiated_src_java_org_apache_lucene_store_instantiated_InstantiatedIndexReader.java,191,warning,2
contrib_instantiated_src_java_org_apache_lucene_store_instantiated_InstantiatedIndexReader.java,247,error,1
contrib_instantiated_src_java_org_apache_lucene_store_instantiated_InstantiatedIndexReader.java,400,error,1
contrib_instantiated_src_java_org_apache_lucene_store_instantiated_InstantiatedIndexReader.java,343,warning,2
contrib_instantiated_src_java_org_apache_lucene_store_instantiated_InstantiatedIndexReader.java,370,error,1
contrib_instantiated_src_java_org_apache_lucene_store_instantiated_InstantiatedIndexReader.java,407,warning,2
contrib_instantiated_src_java_org_apache_lucene_store_instantiated_InstantiatedIndexReader.java,205,error,1
contrib_instantiated_src_java_org_apache_lucene_store_instantiated_InstantiatedIndexReader.java,298,warning,2
contrib_instantiated_src_java_org_apache_lucene_store_instantiated_InstantiatedIndexReader.java,362,warning,2
contrib_instantiated_src_java_org_apache_lucene_store_instantiated_InstantiatedIndexReader.java,55,warning,2
contrib_instantiated_src_java_org_apache_lucene_store_instantiated_InstantiatedIndexReader.java,58,warning,2
contrib_instantiated_src_java_org_apache_lucene_store_instantiated_InstantiatedIndexReader.java,79,warning,2
contrib_instantiated_src_java_org_apache_lucene_store_instantiated_InstantiatedIndexReader.java,217,warning,2
contrib_instantiated_src_java_org_apache_lucene_store_instantiated_InstantiatedIndexReader.java,102,warning,2
contrib_instantiated_src_java_org_apache_lucene_store_instantiated_InstantiatedIndexReader.java,215,warning,2
contrib_instantiated_src_java_org_apache_lucene_store_instantiated_InstantiatedIndexReader.java,223,warning,2
contrib_instantiated_src_java_org_apache_lucene_store_instantiated_InstantiatedIndexReader.java,231,error,1
contrib_instantiated_src_java_org_apache_lucene_store_instantiated_InstantiatedIndexReader.java,180,warning,2
contrib_instantiated_src_java_org_apache_lucene_store_instantiated_InstantiatedIndexReader.java,178,warning,2
contrib_instantiated_src_java_org_apache_lucene_store_instantiated_InstantiatedIndexReader.java,306,warning,2
contrib_instantiated_src_java_org_apache_lucene_store_instantiated_InstantiatedIndexReader.java,365,error,1
contrib_instantiated_src_java_org_apache_lucene_store_instantiated_InstantiatedIndexReader.java,394,warning,2
contrib_instantiated_src_java_org_apache_lucene_store_instantiated_InstantiatedIndexReader.java,214,error,1
contrib_instantiated_src_java_org_apache_lucene_store_instantiated_InstantiatedIndexReader.java,391,warning,2
contrib_instantiated_src_java_org_apache_lucene_store_instantiated_InstantiatedIndexReader.java,351,error,1
contrib_instantiated_src_java_org_apache_lucene_store_instantiated_InstantiatedIndexReader.java,331,warning,2
contrib_instantiated_src_java_org_apache_lucene_store_instantiated_InstantiatedIndexReader.java,75,warning,2
contrib_instantiated_src_java_org_apache_lucene_store_instantiated_InstantiatedIndexReader.java,51,error,1
contrib_instantiated_src_java_org_apache_lucene_store_instantiated_InstantiatedIndexReader.java,181,warning,2
contrib_instantiated_src_java_org_apache_lucene_store_instantiated_InstantiatedIndexReader.java,106,warning,2
contrib_instantiated_src_java_org_apache_lucene_store_instantiated_InstantiatedIndexReader.java,34,error,1
contrib_instantiated_src_java_org_apache_lucene_store_instantiated_InstantiatedIndexReader.java,363,warning,2
contrib_instantiated_src_java_org_apache_lucene_store_instantiated_InstantiatedIndexReader.java,113,error,1
contrib_instantiated_src_java_org_apache_lucene_store_instantiated_InstantiatedIndexReader.java,328,warning,2
contrib_instantiated_src_java_org_apache_lucene_store_instantiated_InstantiatedIndexReader.java,314,error,1
contrib_instantiated_src_java_org_apache_lucene_store_instantiated_InstantiatedIndexReader.java,213,warning,2
contrib_instantiated_src_java_org_apache_lucene_store_instantiated_InstantiatedIndexReader.java,207,warning,2
contrib_instantiated_src_java_org_apache_lucene_store_instantiated_InstantiatedIndexReader.java,385,warning,2
contrib_instantiated_src_java_org_apache_lucene_store_instantiated_InstantiatedIndexReader.java,211,error,1
contrib_instantiated_src_java_org_apache_lucene_store_instantiated_InstantiatedIndexReader.java,264,warning,2
contrib_instantiated_src_java_org_apache_lucene_store_instantiated_InstantiatedIndexReader.java,116,error,1
contrib_instantiated_src_java_org_apache_lucene_store_instantiated_InstantiatedIndexReader.java,49,warning,2
contrib_instantiated_src_java_org_apache_lucene_store_instantiated_InstantiatedIndexReader.java,212,warning,2
contrib_instantiated_src_java_org_apache_lucene_store_instantiated_InstantiatedIndexReader.java,381,warning,2
contrib_instantiated_src_java_org_apache_lucene_store_instantiated_InstantiatedIndexReader.java,389,error,1
contrib_instantiated_src_java_org_apache_lucene_store_instantiated_InstantiatedIndexReader.java,252,error,1
contrib_instantiated_src_java_org_apache_lucene_store_instantiated_InstantiatedIndexReader.java,330,warning,2
contrib_instantiated_src_java_org_apache_lucene_store_instantiated_InstantiatedIndexReader.java,319,warning,2
contrib_instantiated_src_java_org_apache_lucene_store_instantiated_InstantiatedIndexReader.java,157,error,1
contrib_instantiated_src_java_org_apache_lucene_store_instantiated_InstantiatedIndexReader.java,153,warning,2
contrib_instantiated_src_java_org_apache_lucene_store_instantiated_InstantiatedIndexReader.java,155,warning,2
contrib_instantiated_src_java_org_apache_lucene_store_instantiated_InstantiatedIndexReader.java,66,warning,2
contrib_instantiated_src_java_org_apache_lucene_store_instantiated_InstantiatedIndexReader.java,310,warning,2
contrib_instantiated_src_java_org_apache_lucene_store_instantiated_InstantiatedIndexReader.java,401,warning,2
contrib_instantiated_src_java_org_apache_lucene_store_instantiated_InstantiatedIndexReader.java,367,warning,2
contrib_instantiated_src_java_org_apache_lucene_store_instantiated_InstantiatedIndexReader.java,396,warning,2
contrib_instantiated_src_java_org_apache_lucene_store_instantiated_InstantiatedIndexReader.java,287,warning,2
contrib_instantiated_src_java_org_apache_lucene_store_instantiated_InstantiatedIndexReader.java,239,warning,2
contrib_instantiated_src_java_org_apache_lucene_store_instantiated_InstantiatedIndexReader.java,337,error,1
contrib_instantiated_src_java_org_apache_lucene_store_instantiated_InstantiatedIndexReader.java,352,error,1
contrib_instantiated_src_java_org_apache_lucene_store_instantiated_InstantiatedIndexReader.java,164,warning,2
contrib_instantiated_src_java_org_apache_lucene_store_instantiated_InstantiatedIndexReader.java,227,warning,2
contrib_instantiated_src_java_org_apache_lucene_store_instantiated_InstantiatedIndexReader.java,139,error,1
contrib_instantiated_src_java_org_apache_lucene_store_instantiated_InstantiatedIndexReader.java,54,warning,2
contrib_instantiated_src_java_org_apache_lucene_store_instantiated_InstantiatedIndexReader.java,409,warning,2
contrib_instantiated_src_java_org_apache_lucene_store_instantiated_InstantiatedIndexReader.java,290,warning,2
contrib_instantiated_src_java_org_apache_lucene_store_instantiated_InstantiatedIndexReader.java,346,error,1
contrib_instantiated_src_java_org_apache_lucene_store_instantiated_InstantiatedIndexReader.java,228,warning,2
contrib_instantiated_src_java_org_apache_lucene_store_instantiated_InstantiatedIndexReader.java,373,warning,2
contrib_instantiated_src_java_org_apache_lucene_store_instantiated_InstantiatedIndexReader.java,117,warning,2
contrib_instantiated_src_java_org_apache_lucene_store_instantiated_InstantiatedIndexReader.java,360,warning,2
contrib_instantiated_src_java_org_apache_lucene_store_instantiated_InstantiatedIndexReader.java,144,warning,2
contrib_instantiated_src_java_org_apache_lucene_store_instantiated_InstantiatedIndexReader.java,317,warning,2
contrib_instantiated_src_java_org_apache_lucene_store_instantiated_InstantiatedIndexReader.java,420,warning,2
contrib_instantiated_src_java_org_apache_lucene_store_instantiated_InstantiatedIndexReader.java,279,error,1
contrib_instantiated_src_java_org_apache_lucene_store_instantiated_InstantiatedIndexReader.java,129,warning,2
contrib_instantiated_src_java_org_apache_lucene_store_instantiated_InstantiatedIndexReader.java,202,warning,2
contrib_instantiated_src_java_org_apache_lucene_store_instantiated_InstantiatedIndexReader.java,222,warning,2
contrib_instantiated_src_java_org_apache_lucene_store_instantiated_InstantiatedIndexReader.java,318,warning,2
contrib_instantiated_src_java_org_apache_lucene_store_instantiated_InstantiatedIndexReader.java,226,warning,2
contrib_instantiated_src_java_org_apache_lucene_store_instantiated_InstantiatedIndexReader.java,402,warning,2
contrib_instantiated_src_java_org_apache_lucene_store_instantiated_InstantiatedIndexReader.java,316,warning,2
contrib_instantiated_src_java_org_apache_lucene_store_instantiated_InstantiatedIndexReader.java,56,warning,2
contrib_instantiated_src_java_org_apache_lucene_store_instantiated_InstantiatedIndexReader.java,166,error,1
contrib_instantiated_src_java_org_apache_lucene_store_instantiated_InstantiatedIndexReader.java,344,warning,2
contrib_instantiated_src_java_org_apache_lucene_store_instantiated_InstantiatedIndexReader.java,105,warning,2
contrib_instantiated_src_java_org_apache_lucene_store_instantiated_InstantiatedIndexReader.java,147,warning,2
contrib_instantiated_src_java_org_apache_lucene_store_instantiated_InstantiatedIndexReader.java,261,warning,2
contrib_instantiated_src_java_org_apache_lucene_store_instantiated_InstantiatedIndexReader.java,168,warning,2
contrib_instantiated_src_java_org_apache_lucene_store_instantiated_InstantiatedIndexReader.java,127,error,1
contrib_instantiated_src_java_org_apache_lucene_store_instantiated_InstantiatedIndexReader.java,174,warning,2
contrib_instantiated_src_java_org_apache_lucene_store_instantiated_InstantiatedIndexReader.java,338,warning,2
contrib_instantiated_src_java_org_apache_lucene_store_instantiated_InstantiatedIndexReader.java,413,warning,2
contrib_instantiated_src_java_org_apache_lucene_store_instantiated_InstantiatedIndexReader.java,408,warning,2
contrib_instantiated_src_java_org_apache_lucene_store_instantiated_InstantiatedIndexReader.java,145,warning,2
contrib_instantiated_src_java_org_apache_lucene_store_instantiated_InstantiatedIndexReader.java,358,warning,2
contrib_instantiated_src_java_org_apache_lucene_store_instantiated_InstantiatedIndexReader.java,124,error,1
contrib_instantiated_src_java_org_apache_lucene_store_instantiated_InstantiatedIndexReader.java,216,error,1
contrib_instantiated_src_java_org_apache_lucene_store_instantiated_InstantiatedIndexReader.java,198,error,1
contrib_instantiated_src_java_org_apache_lucene_store_instantiated_InstantiatedIndexReader.java,378,warning,2
contrib_instantiated_src_java_org_apache_lucene_store_instantiated_InstantiatedIndexReader.java,269,warning,2
contrib_instantiated_src_java_org_apache_lucene_store_instantiated_InstantiatedIndexReader.java,220,warning,2
contrib_instantiated_src_java_org_apache_lucene_store_instantiated_InstantiatedIndexReader.java,300,warning,2
contrib_instantiated_src_java_org_apache_lucene_store_instantiated_InstantiatedIndexReader.java,305,warning,2
contrib_instantiated_src_java_org_apache_lucene_store_instantiated_InstantiatedIndexReader.java,390,error,1
contrib_instantiated_src_java_org_apache_lucene_store_instantiated_InstantiatedIndexReader.java,275,warning,2
contrib_instantiated_src_java_org_apache_lucene_store_instantiated_InstantiatedIndexReader.java,118,warning,2
contrib_instantiated_src_java_org_apache_lucene_store_instantiated_InstantiatedIndexReader.java,356,warning,2
contrib_instantiated_src_java_org_apache_lucene_store_instantiated_InstantiatedIndexReader.java,384,error,1
contrib_instantiated_src_java_org_apache_lucene_store_instantiated_InstantiatedIndexReader.java,61,warning,2
contrib_instantiated_src_java_org_apache_lucene_store_instantiated_InstantiatedIndexReader.java,327,warning,2
contrib_instantiated_src_java_org_apache_lucene_store_instantiated_InstantiatedIndexReader.java,3,error,1
contrib_instantiated_src_java_org_apache_lucene_store_instantiated_InstantiatedIndexReader.java,224,warning,2
contrib_instantiated_src_java_org_apache_lucene_store_instantiated_InstantiatedIndexReader.java,289,warning,2
contrib_instantiated_src_java_org_apache_lucene_store_instantiated_InstantiatedIndexReader.java,405,warning,2
contrib_instantiated_src_java_org_apache_lucene_store_instantiated_InstantiatedIndexReader.java,140,warning,2
contrib_instantiated_src_java_org_apache_lucene_store_instantiated_InstantiatedIndexReader.java,303,warning,2
contrib_instantiated_src_java_org_apache_lucene_store_instantiated_InstantiatedIndexReader.java,418,warning,2
contrib_instantiated_src_java_org_apache_lucene_store_instantiated_InstantiatedIndexReader.java,143,error,1
contrib_instantiated_src_java_org_apache_lucene_store_instantiated_InstantiatedIndexReader.java,204,warning,2
contrib_instantiated_src_java_org_apache_lucene_store_instantiated_InstantiatedIndexReader.java,296,warning,2
contrib_instantiated_src_java_org_apache_lucene_store_instantiated_InstantiatedIndexReader.java,340,warning,2
contrib_instantiated_src_java_org_apache_lucene_store_instantiated_InstantiatedIndexReader.java,182,warning,2
contrib_instantiated_src_java_org_apache_lucene_store_instantiated_InstantiatedIndexReader.java,311,warning,2
contrib_instantiated_src_java_org_apache_lucene_store_instantiated_InstantiatedIndexReader.java,412,error,1
contrib_instantiated_src_java_org_apache_lucene_store_instantiated_InstantiatedIndexReader.java,184,warning,2
contrib_instantiated_src_java_org_apache_lucene_store_instantiated_InstantiatedIndexReader.java,417,error,1
contrib_instantiated_src_java_org_apache_lucene_store_instantiated_InstantiatedIndexReader.java,84,warning,2
contrib_instantiated_src_java_org_apache_lucene_store_instantiated_InstantiatedIndexReader.java,357,error,1
contrib_instantiated_src_java_org_apache_lucene_store_instantiated_InstantiatedIndexReader.java,189,warning,2
contrib_instantiated_src_java_org_apache_lucene_store_instantiated_InstantiatedIndexReader.java,246,warning,2
contrib_instantiated_src_java_org_apache_lucene_store_instantiated_InstantiatedIndexReader.java,177,warning,2
contrib_instantiated_src_java_org_apache_lucene_store_instantiated_InstantiatedIndexReader.java,120,warning,2
contrib_instantiated_src_java_org_apache_lucene_store_instantiated_InstantiatedIndexReader.java,1,error,1
contrib_instantiated_src_java_org_apache_lucene_store_instantiated_InstantiatedIndexReader.java,395,warning,2
contrib_instantiated_src_java_org_apache_lucene_store_instantiated_InstantiatedIndexReader.java,137,error,1
contrib_instantiated_src_java_org_apache_lucene_store_instantiated_InstantiatedIndexReader.java,72,warning,2
contrib_instantiated_src_java_org_apache_lucene_store_instantiated_InstantiatedIndexReader.java,112,warning,2
contrib_instantiated_src_java_org_apache_lucene_store_instantiated_InstantiatedIndexReader.java,170,warning,2
contrib_instantiated_src_java_org_apache_lucene_store_instantiated_InstantiatedIndexReader.java,414,error,1
contrib_instantiated_src_java_org_apache_lucene_store_instantiated_InstantiatedIndexReader.java,325,warning,2
contrib_instantiated_src_java_org_apache_lucene_store_instantiated_InstantiatedIndexReader.java,169,warning,2
contrib_instantiated_src_java_org_apache_lucene_store_instantiated_InstantiatedIndexReader.java,114,error,1
contrib_instantiated_src_java_org_apache_lucene_store_instantiated_InstantiatedIndexReader.java,341,warning,2
contrib_instantiated_src_java_org_apache_lucene_store_instantiated_InstantiatedIndexReader.java,134,error,1
contrib_instantiated_src_java_org_apache_lucene_store_instantiated_InstantiatedIndexReader.java,415,warning,2
contrib_instantiated_src_java_org_apache_lucene_store_instantiated_InstantiatedIndexReader.java,195,warning,2
contrib_instantiated_src_java_org_apache_lucene_store_instantiated_InstantiatedIndexReader.java,332,warning,2
contrib_instantiated_src_java_org_apache_lucene_store_instantiated_InstantiatedIndexReader.java,133,error,1
contrib_instantiated_src_java_org_apache_lucene_store_instantiated_InstantiatedIndexReader.java,393,warning,2
contrib_instantiated_src_java_org_apache_lucene_store_instantiated_InstantiatedIndexReader.java,165,error,1
contrib_instantiated_src_java_org_apache_lucene_store_instantiated_InstantiatedIndexReader.java,179,warning,2
contrib_instantiated_src_java_org_apache_lucene_store_instantiated_InstantiatedIndexReader.java,334,warning,2
contrib_instantiated_src_java_org_apache_lucene_store_instantiated_InstantiatedIndexReader.java,379,warning,2
contrib_instantiated_src_java_org_apache_lucene_store_instantiated_InstantiatedIndexReader.java,158,error,1
contrib_instantiated_src_java_org_apache_lucene_store_instantiated_InstantiatedIndexReader.java,406,error,1
contrib_instantiated_src_java_org_apache_lucene_store_instantiated_InstantiatedIndexReader.java,221,warning,2
contrib_instantiated_src_java_org_apache_lucene_store_instantiated_InstantiatedIndexReader.java,377,warning,2
contrib_instantiated_src_java_org_apache_lucene_store_instantiated_InstantiatedIndexReader.java,411,error,1
contrib_instantiated_src_java_org_apache_lucene_store_instantiated_InstantiatedIndexReader.java,361,warning,2
contrib_instantiated_src_java_org_apache_lucene_store_instantiated_InstantiatedIndexReader.java,167,warning,2
contrib_instantiated_src_java_org_apache_lucene_store_instantiated_InstantiatedIndexReader.java,355,warning,2
contrib_instantiated_src_java_org_apache_lucene_store_instantiated_InstantiatedIndexReader.java,64,warning,2
contrib_instantiated_src_java_org_apache_lucene_store_instantiated_InstantiatedIndexReader.java,342,warning,2
contrib_instantiated_src_java_org_apache_lucene_store_instantiated_InstantiatedIndexReader.java,203,warning,2
contrib_instantiated_src_java_org_apache_lucene_store_instantiated_InstantiatedIndexReader.java,368,warning,2
contrib_instantiated_src_java_org_apache_lucene_store_instantiated_InstantiatedIndexReader.java,122,error,1
contrib_instantiated_src_java_org_apache_lucene_store_instantiated_InstantiatedIndexReader.java,309,warning,2
contrib_instantiated_src_java_org_apache_lucene_store_instantiated_InstantiatedIndexReader.java,74,warning,2
contrib_instantiated_src_java_org_apache_lucene_store_instantiated_InstantiatedIndexReader.java,312,warning,2
contrib_instantiated_src_java_org_apache_lucene_store_instantiated_InstantiatedIndexReader.java,315,error,1
contrib_instantiated_src_java_org_apache_lucene_store_instantiated_InstantiatedIndexReader.java,326,error,1
contrib_instantiated_src_java_org_apache_lucene_store_instantiated_InstantiatedIndexReader.java,382,warning,2
contrib_instantiated_src_java_org_apache_lucene_store_instantiated_InstantiatedIndexReader.java,297,error,1
contrib_instantiated_src_java_org_apache_lucene_store_instantiated_InstantiatedIndexReader.java,219,error,1
contrib_instantiated_src_java_org_apache_lucene_store_instantiated_InstantiatedIndexReader.java,132,error,1
contrib_instantiated_src_java_org_apache_lucene_store_instantiated_InstantiatedIndexReader.java,70,error,1
contrib_instantiated_src_java_org_apache_lucene_store_instantiated_InstantiatedIndexReader.java,171,warning,2
contrib_instantiated_src_java_org_apache_lucene_store_instantiated_InstantiatedIndexReader.java,380,warning,2
contrib_instantiated_src_java_org_apache_lucene_store_instantiated_InstantiatedIndexReader.java,154,warning,2
contrib_instantiated_src_java_org_apache_lucene_store_instantiated_InstantiatedIndexReader.java,200,warning,2
contrib_instantiated_src_java_org_apache_lucene_store_instantiated_InstantiatedIndexReader.java,383,warning,2
contrib_instantiated_src_java_org_apache_lucene_store_instantiated_InstantiatedIndexReader.java,243,error,1
contrib_instantiated_src_java_org_apache_lucene_store_instantiated_InstantiatedIndexReader.java,248,warning,2
contrib_instantiated_src_java_org_apache_lucene_store_instantiated_InstantiatedIndexReader.java,403,warning,2
contrib_instantiated_src_java_org_apache_lucene_store_instantiated_InstantiatedIndexReader.java,101,warning,2
contrib_instantiated_src_java_org_apache_lucene_store_instantiated_InstantiatedIndexReader.java,63,warning,2
contrib_instantiated_src_java_org_apache_lucene_store_instantiated_InstantiatedIndexReader.java,233,warning,2
contrib_instantiated_src_java_org_apache_lucene_store_instantiated_InstantiatedIndexReader.java,146,warning,2
contrib_instantiated_src_java_org_apache_lucene_store_instantiated_InstantiatedIndexReader.java,336,error,1
contrib_instantiated_src_java_org_apache_lucene_store_instantiated_InstantiatedIndexReader.java,119,warning,2
contrib_instantiated_src_java_org_apache_lucene_store_instantiated_InstantiatedIndexReader.java,353,warning,2
contrib_instantiated_src_java_org_apache_lucene_store_instantiated_InstantiatedIndexReader.java,80,warning,2
contrib_instantiated_src_java_org_apache_lucene_store_instantiated_InstantiatedIndexReader.java,359,warning,2
contrib_instantiated_src_java_org_apache_lucene_store_instantiated_InstantiatedIndexReader.java,348,warning,2
contrib_instantiated_src_java_org_apache_lucene_store_instantiated_InstantiatedIndexReader.java,142,error,1
contrib_instantiated_src_java_org_apache_lucene_store_instantiated_InstantiatedIndexReader.java,308,warning,2
contrib_instantiated_src_java_org_apache_lucene_store_instantiated_InstantiatedIndexReader.java,108,error,1
contrib_instantiated_src_java_org_apache_lucene_store_instantiated_InstantiatedIndexReader.java,208,warning,2
contrib_instantiated_src_java_org_apache_lucene_store_instantiated_InstantiatedIndexReader.java,354,warning,2
contrib_instantiated_src_java_org_apache_lucene_store_instantiated_InstantiatedIndexReader.java,333,warning,2
contrib_instantiated_src_java_org_apache_lucene_store_instantiated_InstantiatedIndexReader.java,307,warning,2
contrib_instantiated_src_java_org_apache_lucene_store_instantiated_InstantiatedIndexReader.java,397,warning,2
contrib_instantiated_src_java_org_apache_lucene_store_instantiated_InstantiatedIndexReader.java,197,error,1
contrib_instantiated_src_java_org_apache_lucene_store_instantiated_InstantiatedIndexReader.java,201,warning,2
contrib_instantiated_src_java_org_apache_lucene_store_instantiated_InstantiatedIndexReader.java,324,error,1
contrib_instantiated_src_java_org_apache_lucene_store_instantiated_InstantiatedIndexReader.java,225,warning,2
contrib_instantiated_src_java_org_apache_lucene_store_instantiated_InstantiatedIndexReader.java,323,error,1
contrib_instantiated_src_java_org_apache_lucene_store_instantiated_InstantiatedIndexReader.java,99,warning,2
contrib_instantiated_src_java_org_apache_lucene_store_instantiated_InstantiatedIndexReader.java,46,warning,2
contrib_instantiated_src_java_org_apache_lucene_store_instantiated_InstantiatedIndexReader.java,302,warning,2
contrib_instantiated_src_java_org_apache_lucene_store_instantiated_InstantiatedIndexReader.java,339,warning,2
contrib_instantiated_src_java_org_apache_lucene_store_instantiated_InstantiatedIndexReader.java,416,warning,2
contrib_instantiated_src_java_org_apache_lucene_store_instantiated_InstantiatedIndexReader.java,77,error,1
src_java_org_apache_lucene_search_TimeLimitingCollector.java,166,error,1
src_java_org_apache_lucene_search_TimeLimitingCollector.java,135,warning,2
src_java_org_apache_lucene_search_TimeLimitingCollector.java,188,warning,2
src_java_org_apache_lucene_search_TimeLimitingCollector.java,105,warning,2
src_java_org_apache_lucene_search_TimeLimitingCollector.java,91,warning,2
src_java_org_apache_lucene_search_TimeLimitingCollector.java,90,error,1
src_java_org_apache_lucene_search_TimeLimitingCollector.java,45,error,1
src_java_org_apache_lucene_search_TimeLimitingCollector.java,37,warning,2
src_java_org_apache_lucene_search_TimeLimitingCollector.java,168,warning,2
src_java_org_apache_lucene_search_TimeLimitingCollector.java,127,warning,2
src_java_org_apache_lucene_search_TimeLimitingCollector.java,210,warning,2
src_java_org_apache_lucene_search_TimeLimitingCollector.java,98,error,1
src_java_org_apache_lucene_search_TimeLimitingCollector.java,125,warning,2
src_java_org_apache_lucene_search_TimeLimitingCollector.java,149,warning,2
src_java_org_apache_lucene_search_TimeLimitingCollector.java,126,warning,2
src_java_org_apache_lucene_search_TimeLimitingCollector.java,104,warning,2
src_java_org_apache_lucene_search_TimeLimitingCollector.java,216,warning,2
src_java_org_apache_lucene_search_TimeLimitingCollector.java,136,error,1
src_java_org_apache_lucene_search_TimeLimitingCollector.java,161,error,1
src_java_org_apache_lucene_search_TimeLimitingCollector.java,198,warning,2
src_java_org_apache_lucene_search_TimeLimitingCollector.java,220,warning,2
src_java_org_apache_lucene_search_TimeLimitingCollector.java,118,warning,2
src_java_org_apache_lucene_search_TimeLimitingCollector.java,123,error,1
src_java_org_apache_lucene_search_TimeLimitingCollector.java,218,error,1
src_java_org_apache_lucene_search_TimeLimitingCollector.java,61,error,1
src_java_org_apache_lucene_search_TimeLimitingCollector.java,148,error,1
src_java_org_apache_lucene_search_TimeLimitingCollector.java,173,error,1
src_java_org_apache_lucene_search_TimeLimitingCollector.java,109,warning,2
src_java_org_apache_lucene_search_TimeLimitingCollector.java,3,error,1
src_java_org_apache_lucene_search_TimeLimitingCollector.java,97,error,1
src_java_org_apache_lucene_search_TimeLimitingCollector.java,130,error,1
src_java_org_apache_lucene_search_TimeLimitingCollector.java,92,warning,2
src_java_org_apache_lucene_search_TimeLimitingCollector.java,115,error,1
src_java_org_apache_lucene_search_TimeLimitingCollector.java,107,error,1
src_java_org_apache_lucene_search_TimeLimitingCollector.java,140,warning,2
src_java_org_apache_lucene_search_TimeLimitingCollector.java,96,error,1
src_java_org_apache_lucene_search_TimeLimitingCollector.java,131,error,1
src_java_org_apache_lucene_search_TimeLimitingCollector.java,204,warning,2
src_java_org_apache_lucene_search_TimeLimitingCollector.java,205,warning,2
src_java_org_apache_lucene_search_TimeLimitingCollector.java,85,warning,2
src_java_org_apache_lucene_search_TimeLimitingCollector.java,79,warning,2
src_java_org_apache_lucene_search_TimeLimitingCollector.java,102,warning,2
src_java_org_apache_lucene_search_TimeLimitingCollector.java,215,warning,2
src_java_org_apache_lucene_search_TimeLimitingCollector.java,223,error,1
src_java_org_apache_lucene_search_TimeLimitingCollector.java,184,warning,2
src_java_org_apache_lucene_search_TimeLimitingCollector.java,84,warning,2
src_java_org_apache_lucene_search_TimeLimitingCollector.java,180,warning,2
src_java_org_apache_lucene_search_TimeLimitingCollector.java,71,error,1
src_java_org_apache_lucene_search_TimeLimitingCollector.java,178,error,1
src_java_org_apache_lucene_search_TimeLimitingCollector.java,189,warning,2
src_java_org_apache_lucene_search_TimeLimitingCollector.java,103,warning,2
src_java_org_apache_lucene_search_TimeLimitingCollector.java,187,error,1
src_java_org_apache_lucene_search_TimeLimitingCollector.java,1,error,1
src_java_org_apache_lucene_search_TimeLimitingCollector.java,83,warning,2
src_java_org_apache_lucene_search_TimeLimitingCollector.java,214,error,1
src_java_org_apache_lucene_search_TimeLimitingCollector.java,72,warning,2
src_java_org_apache_lucene_search_TimeLimitingCollector.java,112,warning,2
src_java_org_apache_lucene_search_TimeLimitingCollector.java,150,warning,2
src_java_org_apache_lucene_search_TimeLimitingCollector.java,111,error,1
src_java_org_apache_lucene_search_TimeLimitingCollector.java,134,error,1
src_java_org_apache_lucene_search_TimeLimitingCollector.java,113,warning,2
src_java_org_apache_lucene_search_TimeLimitingCollector.java,100,error,1
src_java_org_apache_lucene_search_TimeLimitingCollector.java,93,warning,2
src_java_org_apache_lucene_search_TimeLimitingCollector.java,213,error,1
src_java_org_apache_lucene_search_TimeLimitingCollector.java,207,error,1
src_java_org_apache_lucene_search_TimeLimitingCollector.java,211,warning,2
src_java_org_apache_lucene_search_TimeLimitingCollector.java,69,warning,2
src_java_org_apache_lucene_search_TimeLimitingCollector.java,116,warning,2
src_java_org_apache_lucene_search_TimeLimitingCollector.java,179,warning,2
src_java_org_apache_lucene_search_TimeLimitingCollector.java,49,warning,2
src_java_org_apache_lucene_search_TimeLimitingCollector.java,221,warning,2
src_java_org_apache_lucene_search_TimeLimitingCollector.java,162,error,1
src_java_org_apache_lucene_search_TimeLimitingCollector.java,167,error,1
src_java_org_apache_lucene_search_TimeLimitingCollector.java,31,warning,2
src_java_org_apache_lucene_search_TimeLimitingCollector.java,160,error,1
src_java_org_apache_lucene_search_TimeLimitingCollector.java,203,error,1
src_java_org_apache_lucene_search_TimeLimitingCollector.java,176,warning,2
src_java_org_apache_lucene_search_TimeLimitingCollector.java,78,warning,2
src_java_org_apache_lucene_search_TimeLimitingCollector.java,74,warning,2
src_java_org_apache_lucene_search_TimeLimitingCollector.java,43,error,1
src_java_org_apache_lucene_search_TimeLimitingCollector.java,219,error,1
src_java_org_apache_lucene_search_TimeLimitingCollector.java,35,warning,2
src_java_org_apache_lucene_search_TimeLimitingCollector.java,70,warning,2
src_java_org_apache_lucene_search_TimeLimitingCollector.java,200,warning,2
src_java_org_apache_lucene_search_TimeLimitingCollector.java,139,warning,2
src_java_org_apache_lucene_search_TimeLimitingCollector.java,81,warning,2
src_java_org_apache_lucene_search_TimeLimitingCollector.java,101,error,1
src_java_org_apache_lucene_search_TimeLimitingCollector.java,146,warning,2
src_java_org_apache_lucene_search_TimeLimitingCollector.java,172,error,1
src_java_org_apache_lucene_search_TimeLimitingCollector.java,117,warning,2
src_java_org_apache_lucene_search_TimeLimitingCollector.java,141,warning,2
src_java_org_apache_lucene_search_TimeLimitingCollector.java,47,error,1
src_java_org_apache_lucene_search_TimeLimitingCollector.java,80,error,1
src_java_org_apache_lucene_search_TimeLimitingCollector.java,142,warning,2
src_java_org_apache_lucene_search_TimeLimitingCollector.java,108,warning,2
src_java_org_apache_lucene_search_TimeLimitingCollector.java,41,warning,2
src_java_org_apache_lucene_search_TimeLimitingCollector.java,138,error,1
src_java_org_apache_lucene_search_TimeLimitingCollector.java,129,error,1
src_java_org_apache_lucene_search_TimeLimitingCollector.java,202,warning,2
src_java_org_apache_lucene_search_TimeLimitingCollector.java,208,warning,2
src_java_org_apache_lucene_search_TimeLimitingCollector.java,226,warning,2
src_java_org_apache_lucene_search_TimeLimitingCollector.java,201,warning,2
src_java_org_apache_lucene_search_TimeLimitingCollector.java,225,warning,2
src_java_org_apache_lucene_search_TimeLimitingCollector.java,99,error,1
src_java_org_apache_lucene_search_TimeLimitingCollector.java,22,warning,2
src_java_org_apache_lucene_search_TimeLimitingCollector.java,82,warning,2
src_java_org_apache_lucene_search_TimeLimitingCollector.java,77,error,1
src_java_org_apache_lucene_search_TimeLimitingCollector.java,76,warning,2
src_java_org_apache_lucene_store_FSDirectory.java,166,warning,2
src_java_org_apache_lucene_store_FSDirectory.java,135,error,1
src_java_org_apache_lucene_store_FSDirectory.java,366,warning,2
src_java_org_apache_lucene_store_FSDirectory.java,344,error,1
src_java_org_apache_lucene_store_FSDirectory.java,273,warning,2
src_java_org_apache_lucene_store_FSDirectory.java,105,warning,2
src_java_org_apache_lucene_store_FSDirectory.java,147,warning,2
src_java_org_apache_lucene_store_FSDirectory.java,304,warning,2
src_java_org_apache_lucene_store_FSDirectory.java,110,warning,2
src_java_org_apache_lucene_store_FSDirectory.java,206,warning,2
src_java_org_apache_lucene_store_FSDirectory.java,376,warning,2
src_java_org_apache_lucene_store_FSDirectory.java,261,warning,2
src_java_org_apache_lucene_store_FSDirectory.java,320,warning,2
src_java_org_apache_lucene_store_FSDirectory.java,424,warning,2
src_java_org_apache_lucene_store_FSDirectory.java,168,warning,2
src_java_org_apache_lucene_store_FSDirectory.java,127,error,1
src_java_org_apache_lucene_store_FSDirectory.java,372,warning,2
src_java_org_apache_lucene_store_FSDirectory.java,210,warning,2
src_java_org_apache_lucene_store_FSDirectory.java,98,error,1
src_java_org_apache_lucene_store_FSDirectory.java,149,warning,2
src_java_org_apache_lucene_store_FSDirectory.java,254,warning,2
src_java_org_apache_lucene_store_FSDirectory.java,425,warning,2
src_java_org_apache_lucene_store_FSDirectory.java,230,warning,2
src_java_org_apache_lucene_store_FSDirectory.java,104,warning,2
src_java_org_apache_lucene_store_FSDirectory.java,291,error,1
src_java_org_apache_lucene_store_FSDirectory.java,145,warning,2
src_java_org_apache_lucene_store_FSDirectory.java,364,warning,2
src_java_org_apache_lucene_store_FSDirectory.java,392,error,1
src_java_org_apache_lucene_store_FSDirectory.java,27,warning,2
src_java_org_apache_lucene_store_FSDirectory.java,358,warning,2
src_java_org_apache_lucene_store_FSDirectory.java,288,error,1
src_java_org_apache_lucene_store_FSDirectory.java,335,warning,2
src_java_org_apache_lucene_store_FSDirectory.java,293,warning,2
src_java_org_apache_lucene_store_FSDirectory.java,347,warning,2
src_java_org_apache_lucene_store_FSDirectory.java,136,error,1
src_java_org_apache_lucene_store_FSDirectory.java,161,warning,2
src_java_org_apache_lucene_store_FSDirectory.java,198,error,1
src_java_org_apache_lucene_store_FSDirectory.java,375,error,1
src_java_org_apache_lucene_store_FSDirectory.java,378,warning,2
src_java_org_apache_lucene_store_FSDirectory.java,220,error,1
src_java_org_apache_lucene_store_FSDirectory.java,300,warning,2
src_java_org_apache_lucene_store_FSDirectory.java,305,warning,2
src_java_org_apache_lucene_store_FSDirectory.java,275,warning,2
src_java_org_apache_lucene_store_FSDirectory.java,390,warning,2
src_java_org_apache_lucene_store_FSDirectory.java,118,error,1
src_java_org_apache_lucene_store_FSDirectory.java,209,warning,2
src_java_org_apache_lucene_store_FSDirectory.java,301,warning,2
src_java_org_apache_lucene_store_FSDirectory.java,299,warning,2
src_java_org_apache_lucene_store_FSDirectory.java,356,warning,2
src_java_org_apache_lucene_store_FSDirectory.java,384,warning,2
src_java_org_apache_lucene_store_FSDirectory.java,193,warning,2
src_java_org_apache_lucene_store_FSDirectory.java,321,warning,2
src_java_org_apache_lucene_store_FSDirectory.java,123,warning,2
src_java_org_apache_lucene_store_FSDirectory.java,218,warning,2
src_java_org_apache_lucene_store_FSDirectory.java,262,warning,2
src_java_org_apache_lucene_store_FSDirectory.java,148,warning,2
src_java_org_apache_lucene_store_FSDirectory.java,419,error,1
src_java_org_apache_lucene_store_FSDirectory.java,109,error,1
src_java_org_apache_lucene_store_FSDirectory.java,349,warning,2
src_java_org_apache_lucene_store_FSDirectory.java,327,warning,2
src_java_org_apache_lucene_store_FSDirectory.java,3,error,1
src_java_org_apache_lucene_store_FSDirectory.java,128,warning,2
src_java_org_apache_lucene_store_FSDirectory.java,224,error,1
src_java_org_apache_lucene_store_FSDirectory.java,130,warning,2
src_java_org_apache_lucene_store_FSDirectory.java,194,warning,2
src_java_org_apache_lucene_store_FSDirectory.java,289,warning,2
src_java_org_apache_lucene_store_FSDirectory.java,426,warning,2
src_java_org_apache_lucene_store_FSDirectory.java,229,warning,2
src_java_org_apache_lucene_store_FSDirectory.java,267,warning,2
src_java_org_apache_lucene_store_FSDirectory.java,253,warning,2
src_java_org_apache_lucene_store_FSDirectory.java,115,warning,2
src_java_org_apache_lucene_store_FSDirectory.java,303,warning,2
src_java_org_apache_lucene_store_FSDirectory.java,131,error,1
src_java_org_apache_lucene_store_FSDirectory.java,96,warning,2
src_java_org_apache_lucene_store_FSDirectory.java,159,warning,2
src_java_org_apache_lucene_store_FSDirectory.java,28,warning,2
src_java_org_apache_lucene_store_FSDirectory.java,152,error,1
src_java_org_apache_lucene_store_FSDirectory.java,370,warning,2
src_java_org_apache_lucene_store_FSDirectory.java,265,error,1
src_java_org_apache_lucene_store_FSDirectory.java,257,warning,2
src_java_org_apache_lucene_store_FSDirectory.java,296,error,1
src_java_org_apache_lucene_store_FSDirectory.java,236,warning,2
src_java_org_apache_lucene_store_FSDirectory.java,340,warning,2
src_java_org_apache_lucene_store_FSDirectory.java,280,error,1
src_java_org_apache_lucene_store_FSDirectory.java,350,warning,2
src_java_org_apache_lucene_store_FSDirectory.java,205,warning,2
src_java_org_apache_lucene_store_FSDirectory.java,311,error,1
src_java_org_apache_lucene_store_FSDirectory.java,362,error,1
src_java_org_apache_lucene_store_FSDirectory.java,298,warning,2
src_java_org_apache_lucene_store_FSDirectory.java,79,warning,2
src_java_org_apache_lucene_store_FSDirectory.java,295,error,1
src_java_org_apache_lucene_store_FSDirectory.java,217,warning,2
src_java_org_apache_lucene_store_FSDirectory.java,102,warning,2
src_java_org_apache_lucene_store_FSDirectory.java,223,error,1
src_java_org_apache_lucene_store_FSDirectory.java,421,warning,2
src_java_org_apache_lucene_store_FSDirectory.java,71,error,1
src_java_org_apache_lucene_store_FSDirectory.java,357,warning,2
src_java_org_apache_lucene_store_FSDirectory.java,246,warning,2
src_java_org_apache_lucene_store_FSDirectory.java,103,warning,2
src_java_org_apache_lucene_store_FSDirectory.java,306,warning,2
src_java_org_apache_lucene_store_FSDirectory.java,281,warning,2
src_java_org_apache_lucene_store_FSDirectory.java,1,error,1
src_java_org_apache_lucene_store_FSDirectory.java,313,warning,2
src_java_org_apache_lucene_store_FSDirectory.java,395,error,1
src_java_org_apache_lucene_store_FSDirectory.java,351,warning,2
src_java_org_apache_lucene_store_FSDirectory.java,192,error,1
src_java_org_apache_lucene_store_FSDirectory.java,150,warning,2
src_java_org_apache_lucene_store_FSDirectory.java,331,error,1
src_java_org_apache_lucene_store_FSDirectory.java,170,warning,2
src_java_org_apache_lucene_store_FSDirectory.java,325,error,1
src_java_org_apache_lucene_store_FSDirectory.java,169,warning,2
src_java_org_apache_lucene_store_FSDirectory.java,434,error,1
src_java_org_apache_lucene_store_FSDirectory.java,106,warning,2
src_java_org_apache_lucene_store_FSDirectory.java,111,warning,2
src_java_org_apache_lucene_store_FSDirectory.java,271,warning,2
src_java_org_apache_lucene_store_FSDirectory.java,341,error,1
src_java_org_apache_lucene_store_FSDirectory.java,322,warning,2
src_java_org_apache_lucene_store_FSDirectory.java,272,error,1
src_java_org_apache_lucene_store_FSDirectory.java,113,error,1
src_java_org_apache_lucene_store_FSDirectory.java,363,error,1
src_java_org_apache_lucene_store_FSDirectory.java,328,warning,2
src_java_org_apache_lucene_store_FSDirectory.java,332,error,1
src_java_org_apache_lucene_store_FSDirectory.java,314,warning,2
src_java_org_apache_lucene_store_FSDirectory.java,100,warning,2
src_java_org_apache_lucene_store_FSDirectory.java,432,warning,2
src_java_org_apache_lucene_store_FSDirectory.java,133,warning,2
src_java_org_apache_lucene_store_FSDirectory.java,422,warning,2
src_java_org_apache_lucene_store_FSDirectory.java,207,warning,2
src_java_org_apache_lucene_store_FSDirectory.java,165,warning,2
src_java_org_apache_lucene_store_FSDirectory.java,249,warning,2
src_java_org_apache_lucene_store_FSDirectory.java,116,warning,2
src_java_org_apache_lucene_store_FSDirectory.java,334,warning,2
src_java_org_apache_lucene_store_FSDirectory.java,381,warning,2
src_java_org_apache_lucene_store_FSDirectory.java,221,error,1
src_java_org_apache_lucene_store_FSDirectory.java,377,warning,2
src_java_org_apache_lucene_store_FSDirectory.java,252,warning,2
src_java_org_apache_lucene_store_FSDirectory.java,361,warning,2
src_java_org_apache_lucene_store_FSDirectory.java,163,warning,2
src_java_org_apache_lucene_store_FSDirectory.java,319,error,1
src_java_org_apache_lucene_store_FSDirectory.java,157,error,1
src_java_org_apache_lucene_store_FSDirectory.java,167,warning,2
src_java_org_apache_lucene_store_FSDirectory.java,153,error,1
src_java_org_apache_lucene_store_FSDirectory.java,155,warning,2
src_java_org_apache_lucene_store_FSDirectory.java,355,warning,2
src_java_org_apache_lucene_store_FSDirectory.java,310,warning,2
src_java_org_apache_lucene_store_FSDirectory.java,160,warning,2
src_java_org_apache_lucene_store_FSDirectory.java,259,warning,2
src_java_org_apache_lucene_store_FSDirectory.java,274,warning,2
src_java_org_apache_lucene_store_FSDirectory.java,367,warning,2
src_java_org_apache_lucene_store_FSDirectory.java,122,warning,2
src_java_org_apache_lucene_store_FSDirectory.java,309,warning,2
src_java_org_apache_lucene_store_FSDirectory.java,258,error,1
src_java_org_apache_lucene_store_FSDirectory.java,241,warning,2
src_java_org_apache_lucene_store_FSDirectory.java,287,warning,2
src_java_org_apache_lucene_store_FSDirectory.java,312,warning,2
src_java_org_apache_lucene_store_FSDirectory.java,337,error,1
src_java_org_apache_lucene_store_FSDirectory.java,266,warning,2
src_java_org_apache_lucene_store_FSDirectory.java,315,error,1
src_java_org_apache_lucene_store_FSDirectory.java,297,warning,2
src_java_org_apache_lucene_store_FSDirectory.java,282,warning,2
src_java_org_apache_lucene_store_FSDirectory.java,250,error,1
src_java_org_apache_lucene_store_FSDirectory.java,352,warning,2
src_java_org_apache_lucene_store_FSDirectory.java,132,warning,2
src_java_org_apache_lucene_store_FSDirectory.java,164,warning,2
src_java_org_apache_lucene_store_FSDirectory.java,227,warning,2
src_java_org_apache_lucene_store_FSDirectory.java,139,warning,2
src_java_org_apache_lucene_store_FSDirectory.java,383,warning,2
src_java_org_apache_lucene_store_FSDirectory.java,283,warning,2
src_java_org_apache_lucene_store_FSDirectory.java,292,warning,2
src_java_org_apache_lucene_store_FSDirectory.java,234,error,1
src_java_org_apache_lucene_store_FSDirectory.java,101,warning,2
src_java_org_apache_lucene_store_FSDirectory.java,437,warning,2
src_java_org_apache_lucene_store_FSDirectory.java,290,warning,2
src_java_org_apache_lucene_store_FSDirectory.java,346,warning,2
src_java_org_apache_lucene_store_FSDirectory.java,233,error,1
src_java_org_apache_lucene_store_FSDirectory.java,423,warning,2
src_java_org_apache_lucene_store_FSDirectory.java,121,warning,2
src_java_org_apache_lucene_store_FSDirectory.java,436,warning,2
src_java_org_apache_lucene_store_FSDirectory.java,228,error,1
src_java_org_apache_lucene_store_FSDirectory.java,237,warning,2
src_java_org_apache_lucene_store_FSDirectory.java,119,warning,2
src_java_org_apache_lucene_store_FSDirectory.java,373,warning,2
src_java_org_apache_lucene_store_FSDirectory.java,427,warning,2
src_java_org_apache_lucene_store_FSDirectory.java,117,error,1
src_java_org_apache_lucene_store_FSDirectory.java,360,warning,2
src_java_org_apache_lucene_store_FSDirectory.java,141,warning,2
src_java_org_apache_lucene_store_FSDirectory.java,359,warning,2
src_java_org_apache_lucene_store_FSDirectory.java,348,warning,2
src_java_org_apache_lucene_store_FSDirectory.java,142,warning,2
src_java_org_apache_lucene_store_FSDirectory.java,276,warning,2
src_java_org_apache_lucene_store_FSDirectory.java,308,warning,2
src_java_org_apache_lucene_store_FSDirectory.java,284,warning,2
src_java_org_apache_lucene_store_FSDirectory.java,144,error,1
src_java_org_apache_lucene_store_FSDirectory.java,108,error,1
src_java_org_apache_lucene_store_FSDirectory.java,317,warning,2
src_java_org_apache_lucene_store_FSDirectory.java,129,warning,2
src_java_org_apache_lucene_store_FSDirectory.java,251,warning,2
src_java_org_apache_lucene_store_FSDirectory.java,260,warning,2
src_java_org_apache_lucene_store_FSDirectory.java,279,warning,2
src_java_org_apache_lucene_store_FSDirectory.java,222,warning,2
src_java_org_apache_lucene_store_FSDirectory.java,208,warning,2
src_java_org_apache_lucene_store_FSDirectory.java,245,warning,2
src_java_org_apache_lucene_store_FSDirectory.java,354,error,1
src_java_org_apache_lucene_store_FSDirectory.java,333,warning,2
src_java_org_apache_lucene_store_FSDirectory.java,307,warning,2
src_java_org_apache_lucene_store_FSDirectory.java,324,warning,2
src_java_org_apache_lucene_store_FSDirectory.java,316,warning,2
src_java_org_apache_lucene_store_FSDirectory.java,323,warning,2
src_java_org_apache_lucene_store_FSDirectory.java,302,error,1
src_java_org_apache_lucene_store_FSDirectory.java,242,warning,2
src_java_org_apache_lucene_store_FSDirectory.java,268,warning,2
src_java_org_apache_lucene_store_FSDirectory.java,244,warning,2
src_java_org_apache_lucene_index_IndexWriter.java,4403,warning,2
src_java_org_apache_lucene_index_IndexWriter.java,4601,error,1
src_java_org_apache_lucene_index_IndexWriter.java,2081,warning,2
src_java_org_apache_lucene_index_IndexWriter.java,4480,warning,2
src_java_org_apache_lucene_index_IndexWriter.java,2279,warning,2
src_java_org_apache_lucene_index_IndexWriter.java,4066,warning,2
src_java_org_apache_lucene_index_IndexWriter.java,3623,warning,2
src_java_org_apache_lucene_index_IndexWriter.java,4715,warning,2
src_java_org_apache_lucene_index_IndexWriter.java,719,error,1
src_java_org_apache_lucene_index_IndexWriter.java,4176,warning,2
src_java_org_apache_lucene_index_IndexWriter.java,4379,warning,2
src_java_org_apache_lucene_index_IndexWriter.java,1373,error,1
src_java_org_apache_lucene_index_IndexWriter.java,1718,warning,2
src_java_org_apache_lucene_index_IndexWriter.java,687,warning,2
src_java_org_apache_lucene_index_IndexWriter.java,3275,warning,2
src_java_org_apache_lucene_index_IndexWriter.java,3833,warning,2
src_java_org_apache_lucene_index_IndexWriter.java,291,error,1
src_java_org_apache_lucene_index_IndexWriter.java,2376,warning,2
src_java_org_apache_lucene_index_IndexWriter.java,4626,warning,2
src_java_org_apache_lucene_index_IndexWriter.java,3138,warning,2
src_java_org_apache_lucene_index_IndexWriter.java,288,error,1
src_java_org_apache_lucene_index_IndexWriter.java,3069,warning,2
src_java_org_apache_lucene_index_IndexWriter.java,2702,warning,2
src_java_org_apache_lucene_index_IndexWriter.java,2724,warning,2
src_java_org_apache_lucene_index_IndexWriter.java,607,warning,2
src_java_org_apache_lucene_index_IndexWriter.java,4171,warning,2
src_java_org_apache_lucene_index_IndexWriter.java,3493,warning,2
src_java_org_apache_lucene_index_IndexWriter.java,855,warning,2
src_java_org_apache_lucene_index_IndexWriter.java,3087,warning,2
src_java_org_apache_lucene_index_IndexWriter.java,1530,warning,2
src_java_org_apache_lucene_index_IndexWriter.java,4826,warning,2
src_java_org_apache_lucene_index_IndexWriter.java,3848,warning,2
src_java_org_apache_lucene_index_IndexWriter.java,1393,warning,2
src_java_org_apache_lucene_index_IndexWriter.java,4317,warning,2
src_java_org_apache_lucene_index_IndexWriter.java,547,warning,2
src_java_org_apache_lucene_index_IndexWriter.java,2754,warning,2
src_java_org_apache_lucene_index_IndexWriter.java,2522,error,1
src_java_org_apache_lucene_index_IndexWriter.java,2914,warning,2
src_java_org_apache_lucene_index_IndexWriter.java,837,warning,2
src_java_org_apache_lucene_index_IndexWriter.java,1645,error,1
src_java_org_apache_lucene_index_IndexWriter.java,3676,warning,2
src_java_org_apache_lucene_index_IndexWriter.java,1803,error,1
src_java_org_apache_lucene_index_IndexWriter.java,3538,error,1
src_java_org_apache_lucene_index_IndexWriter.java,3945,warning,2
src_java_org_apache_lucene_index_IndexWriter.java,3611,warning,2
src_java_org_apache_lucene_index_IndexWriter.java,4234,warning,2
src_java_org_apache_lucene_index_IndexWriter.java,1300,warning,2
src_java_org_apache_lucene_index_IndexWriter.java,1687,warning,2
src_java_org_apache_lucene_index_IndexWriter.java,542,warning,2
src_java_org_apache_lucene_index_IndexWriter.java,2935,error,1
src_java_org_apache_lucene_index_IndexWriter.java,473,warning,2
src_java_org_apache_lucene_index_IndexWriter.java,2463,warning,2
src_java_org_apache_lucene_index_IndexWriter.java,4374,warning,2
src_java_org_apache_lucene_index_IndexWriter.java,3590,warning,2
src_java_org_apache_lucene_index_IndexWriter.java,903,warning,2
src_java_org_apache_lucene_index_IndexWriter.java,3810,warning,2
src_java_org_apache_lucene_index_IndexWriter.java,2653,warning,2
src_java_org_apache_lucene_index_IndexWriter.java,625,warning,2
src_java_org_apache_lucene_index_IndexWriter.java,2058,warning,2
src_java_org_apache_lucene_index_IndexWriter.java,2655,warning,2
src_java_org_apache_lucene_index_IndexWriter.java,4053,warning,2
src_java_org_apache_lucene_index_IndexWriter.java,2567,warning,2
src_java_org_apache_lucene_index_IndexWriter.java,3002,warning,2
src_java_org_apache_lucene_index_IndexWriter.java,3222,error,1
src_java_org_apache_lucene_index_IndexWriter.java,4339,warning,2
src_java_org_apache_lucene_index_IndexWriter.java,2479,warning,2
src_java_org_apache_lucene_index_IndexWriter.java,3640,warning,2
src_java_org_apache_lucene_index_IndexWriter.java,1839,warning,2
src_java_org_apache_lucene_index_IndexWriter.java,1486,error,1
src_java_org_apache_lucene_index_IndexWriter.java,3711,warning,2
src_java_org_apache_lucene_index_IndexWriter.java,4845,warning,2
src_java_org_apache_lucene_index_IndexWriter.java,632,warning,2
src_java_org_apache_lucene_index_IndexWriter.java,2348,warning,2
src_java_org_apache_lucene_index_IndexWriter.java,264,error,1
src_java_org_apache_lucene_index_IndexWriter.java,2586,warning,2
src_java_org_apache_lucene_index_IndexWriter.java,513,warning,2
src_java_org_apache_lucene_index_IndexWriter.java,3241,warning,2
src_java_org_apache_lucene_index_IndexWriter.java,1816,warning,2
src_java_org_apache_lucene_index_IndexWriter.java,4148,error,1
src_java_org_apache_lucene_index_IndexWriter.java,2164,error,1
src_java_org_apache_lucene_index_IndexWriter.java,3287,warning,2
src_java_org_apache_lucene_index_IndexWriter.java,1944,warning,2
src_java_org_apache_lucene_index_IndexWriter.java,3374,warning,2
src_java_org_apache_lucene_index_IndexWriter.java,1691,warning,2
src_java_org_apache_lucene_index_IndexWriter.java,2674,warning,2
src_java_org_apache_lucene_index_IndexWriter.java,4607,warning,2
src_java_org_apache_lucene_index_IndexWriter.java,828,warning,2
src_java_org_apache_lucene_index_IndexWriter.java,3911,error,1
src_java_org_apache_lucene_index_IndexWriter.java,2407,error,1
src_java_org_apache_lucene_index_IndexWriter.java,2860,warning,2
src_java_org_apache_lucene_index_IndexWriter.java,851,error,1
src_java_org_apache_lucene_index_IndexWriter.java,1647,warning,2
src_java_org_apache_lucene_index_IndexWriter.java,4485,warning,2
src_java_org_apache_lucene_index_IndexWriter.java,4181,error,1
src_java_org_apache_lucene_index_IndexWriter.java,2538,warning,2
src_java_org_apache_lucene_index_IndexWriter.java,4036,warning,2
src_java_org_apache_lucene_index_IndexWriter.java,1118,warning,2
src_java_org_apache_lucene_index_IndexWriter.java,1792,warning,2
src_java_org_apache_lucene_index_IndexWriter.java,2286,warning,2
src_java_org_apache_lucene_index_IndexWriter.java,730,error,1
src_java_org_apache_lucene_index_IndexWriter.java,3880,warning,2
src_java_org_apache_lucene_index_IndexWriter.java,665,warning,2
src_java_org_apache_lucene_index_IndexWriter.java,2130,warning,2
src_java_org_apache_lucene_index_IndexWriter.java,4712,warning,2
src_java_org_apache_lucene_index_IndexWriter.java,4791,warning,2
src_java_org_apache_lucene_index_IndexWriter.java,4692,error,1
src_java_org_apache_lucene_index_IndexWriter.java,3455,warning,2
src_java_org_apache_lucene_index_IndexWriter.java,3053,warning,2
src_java_org_apache_lucene_index_IndexWriter.java,423,warning,2
src_java_org_apache_lucene_index_IndexWriter.java,3613,warning,2
src_java_org_apache_lucene_index_IndexWriter.java,3127,error,1
src_java_org_apache_lucene_index_IndexWriter.java,2993,warning,2
src_java_org_apache_lucene_index_IndexWriter.java,4327,warning,2
src_java_org_apache_lucene_index_IndexWriter.java,141,warning,2
src_java_org_apache_lucene_index_IndexWriter.java,4179,warning,2
src_java_org_apache_lucene_index_IndexWriter.java,4013,warning,2
src_java_org_apache_lucene_index_IndexWriter.java,4254,warning,2
src_java_org_apache_lucene_index_IndexWriter.java,3035,warning,2
src_java_org_apache_lucene_index_IndexWriter.java,1008,warning,2
src_java_org_apache_lucene_index_IndexWriter.java,4061,error,1
src_java_org_apache_lucene_index_IndexWriter.java,388,warning,2
src_java_org_apache_lucene_index_IndexWriter.java,1673,error,1
src_java_org_apache_lucene_index_IndexWriter.java,4245,warning,2
src_java_org_apache_lucene_index_IndexWriter.java,4394,error,1
src_java_org_apache_lucene_index_IndexWriter.java,3648,warning,2
src_java_org_apache_lucene_index_IndexWriter.java,4499,warning,2
src_java_org_apache_lucene_index_IndexWriter.java,3081,warning,2
src_java_org_apache_lucene_index_IndexWriter.java,2395,warning,2
src_java_org_apache_lucene_index_IndexWriter.java,885,error,1
src_java_org_apache_lucene_index_IndexWriter.java,2633,warning,2
src_java_org_apache_lucene_index_IndexWriter.java,1694,warning,2
src_java_org_apache_lucene_index_IndexWriter.java,2562,error,1
src_java_org_apache_lucene_index_IndexWriter.java,1945,warning,2
src_java_org_apache_lucene_index_IndexWriter.java,3520,warning,2
src_java_org_apache_lucene_index_IndexWriter.java,273,error,1
src_java_org_apache_lucene_index_IndexWriter.java,3210,warning,2
src_java_org_apache_lucene_index_IndexWriter.java,3827,warning,2
src_java_org_apache_lucene_index_IndexWriter.java,3000,warning,2
src_java_org_apache_lucene_index_IndexWriter.java,3014,error,1
src_java_org_apache_lucene_index_IndexWriter.java,3965,error,1
src_java_org_apache_lucene_index_IndexWriter.java,3236,warning,2
src_java_org_apache_lucene_index_IndexWriter.java,4760,warning,2
src_java_org_apache_lucene_index_IndexWriter.java,3843,warning,2
src_java_org_apache_lucene_index_IndexWriter.java,4477,error,1
src_java_org_apache_lucene_index_IndexWriter.java,2852,warning,2
src_java_org_apache_lucene_index_IndexWriter.java,3483,warning,2
src_java_org_apache_lucene_index_IndexWriter.java,3547,error,1
src_java_org_apache_lucene_index_IndexWriter.java,2767,warning,2
src_java_org_apache_lucene_index_IndexWriter.java,2933,error,1
src_java_org_apache_lucene_index_IndexWriter.java,882,warning,2
src_java_org_apache_lucene_index_IndexWriter.java,2916,warning,2
src_java_org_apache_lucene_index_IndexWriter.java,2658,warning,2
src_java_org_apache_lucene_index_IndexWriter.java,3459,warning,2
src_java_org_apache_lucene_index_IndexWriter.java,1855,warning,2
src_java_org_apache_lucene_index_IndexWriter.java,1134,warning,2
src_java_org_apache_lucene_index_IndexWriter.java,2516,warning,2
src_java_org_apache_lucene_index_IndexWriter.java,2596,warning,2
src_java_org_apache_lucene_index_IndexWriter.java,3689,error,1
src_java_org_apache_lucene_index_IndexWriter.java,1123,warning,2
src_java_org_apache_lucene_index_IndexWriter.java,1001,warning,2
src_java_org_apache_lucene_index_IndexWriter.java,2643,warning,2
src_java_org_apache_lucene_index_IndexWriter.java,876,warning,2
src_java_org_apache_lucene_index_IndexWriter.java,4630,error,1
src_java_org_apache_lucene_index_IndexWriter.java,1053,warning,2
src_java_org_apache_lucene_index_IndexWriter.java,378,warning,2
src_java_org_apache_lucene_index_IndexWriter.java,3350,warning,2
src_java_org_apache_lucene_index_IndexWriter.java,4421,warning,2
src_java_org_apache_lucene_index_IndexWriter.java,2854,warning,2
src_java_org_apache_lucene_index_IndexWriter.java,2384,error,1
src_java_org_apache_lucene_index_IndexWriter.java,1929,warning,2
src_java_org_apache_lucene_index_IndexWriter.java,3654,warning,2
src_java_org_apache_lucene_index_IndexWriter.java,3249,warning,2
src_java_org_apache_lucene_index_IndexWriter.java,1539,warning,2
src_java_org_apache_lucene_index_IndexWriter.java,2932,warning,2
src_java_org_apache_lucene_index_IndexWriter.java,3256,warning,2
src_java_org_apache_lucene_index_IndexWriter.java,971,warning,2
src_java_org_apache_lucene_index_IndexWriter.java,3842,warning,2
src_java_org_apache_lucene_index_IndexWriter.java,544,warning,2
src_java_org_apache_lucene_index_IndexWriter.java,3,error,1
src_java_org_apache_lucene_index_IndexWriter.java,679,warning,2
src_java_org_apache_lucene_index_IndexWriter.java,605,error,1
src_java_org_apache_lucene_index_IndexWriter.java,1029,warning,2
src_java_org_apache_lucene_index_IndexWriter.java,4404,warning,2
src_java_org_apache_lucene_index_IndexWriter.java,2499,warning,2
src_java_org_apache_lucene_index_IndexWriter.java,418,error,1
src_java_org_apache_lucene_index_IndexWriter.java,1497,error,1
src_java_org_apache_lucene_index_IndexWriter.java,296,error,1
src_java_org_apache_lucene_index_IndexWriter.java,1375,warning,2
src_java_org_apache_lucene_index_IndexWriter.java,2307,warning,2
src_java_org_apache_lucene_index_IndexWriter.java,858,warning,2
src_java_org_apache_lucene_index_IndexWriter.java,2297,warning,2
src_java_org_apache_lucene_index_IndexWriter.java,1463,warning,2
src_java_org_apache_lucene_index_IndexWriter.java,3380,warning,2
src_java_org_apache_lucene_index_IndexWriter.java,3309,warning,2
src_java_org_apache_lucene_index_IndexWriter.java,3369,error,1
src_java_org_apache_lucene_index_IndexWriter.java,530,warning,2
src_java_org_apache_lucene_index_IndexWriter.java,4478,error,1
src_java_org_apache_lucene_index_IndexWriter.java,3677,error,1
src_java_org_apache_lucene_index_IndexWriter.java,4086,warning,2
src_java_org_apache_lucene_index_IndexWriter.java,4449,error,1
src_java_org_apache_lucene_index_IndexWriter.java,2736,warning,2
src_java_org_apache_lucene_index_IndexWriter.java,728,error,1
src_java_org_apache_lucene_index_IndexWriter.java,1495,warning,2
src_java_org_apache_lucene_index_IndexWriter.java,3490,warning,2
src_java_org_apache_lucene_index_IndexWriter.java,3028,warning,2
src_java_org_apache_lucene_index_IndexWriter.java,3363,error,1
src_java_org_apache_lucene_index_IndexWriter.java,3504,warning,2
src_java_org_apache_lucene_index_IndexWriter.java,4081,warning,2
src_java_org_apache_lucene_index_IndexWriter.java,3740,error,1
src_java_org_apache_lucene_index_IndexWriter.java,3671,warning,2
src_java_org_apache_lucene_index_IndexWriter.java,4388,warning,2
src_java_org_apache_lucene_index_IndexWriter.java,3450,error,1
src_java_org_apache_lucene_index_IndexWriter.java,3636,warning,2
src_java_org_apache_lucene_index_IndexWriter.java,4689,warning,2
src_java_org_apache_lucene_index_IndexWriter.java,195,error,1
src_java_org_apache_lucene_index_IndexWriter.java,522,warning,2
src_java_org_apache_lucene_index_IndexWriter.java,1286,warning,2
src_java_org_apache_lucene_index_IndexWriter.java,2036,warning,2
src_java_org_apache_lucene_index_IndexWriter.java,1363,error,1
src_java_org_apache_lucene_index_IndexWriter.java,1280,warning,2
src_java_org_apache_lucene_index_IndexWriter.java,3196,warning,2
src_java_org_apache_lucene_index_IndexWriter.java,3245,warning,2
src_java_org_apache_lucene_index_IndexWriter.java,2230,error,1
src_java_org_apache_lucene_index_IndexWriter.java,429,warning,2
src_java_org_apache_lucene_index_IndexWriter.java,3684,warning,2
src_java_org_apache_lucene_index_IndexWriter.java,1832,warning,2
src_java_org_apache_lucene_index_IndexWriter.java,379,warning,2
src_java_org_apache_lucene_index_IndexWriter.java,4459,error,1
src_java_org_apache_lucene_index_IndexWriter.java,2149,warning,2
src_java_org_apache_lucene_index_IndexWriter.java,4089,warning,2
src_java_org_apache_lucene_index_IndexWriter.java,2338,error,1
src_java_org_apache_lucene_index_IndexWriter.java,1247,warning,2
src_java_org_apache_lucene_index_IndexWriter.java,1304,warning,2
src_java_org_apache_lucene_index_IndexWriter.java,3106,warning,2
src_java_org_apache_lucene_index_IndexWriter.java,4635,warning,2
src_java_org_apache_lucene_index_IndexWriter.java,3258,warning,2
src_java_org_apache_lucene_index_IndexWriter.java,3432,warning,2
src_java_org_apache_lucene_index_IndexWriter.java,4075,error,1
src_java_org_apache_lucene_index_IndexWriter.java,1931,warning,2
src_java_org_apache_lucene_index_IndexWriter.java,2813,warning,2
src_java_org_apache_lucene_index_IndexWriter.java,1741,warning,2
src_java_org_apache_lucene_index_IndexWriter.java,4571,warning,2
src_java_org_apache_lucene_index_IndexWriter.java,2016,warning,2
src_java_org_apache_lucene_index_IndexWriter.java,4773,warning,2
src_java_org_apache_lucene_index_IndexWriter.java,368,warning,2
src_java_org_apache_lucene_index_IndexWriter.java,3821,warning,2
src_java_org_apache_lucene_index_IndexWriter.java,4280,error,1
src_java_org_apache_lucene_index_IndexWriter.java,1467,warning,2
src_java_org_apache_lucene_index_IndexWriter.java,3762,warning,2
src_java_org_apache_lucene_index_IndexWriter.java,2339,warning,2
src_java_org_apache_lucene_index_IndexWriter.java,515,warning,2
src_java_org_apache_lucene_index_IndexWriter.java,4852,warning,2
src_java_org_apache_lucene_index_IndexWriter.java,2150,warning,2
src_java_org_apache_lucene_index_IndexWriter.java,1182,warning,2
src_java_org_apache_lucene_index_IndexWriter.java,1540,warning,2
src_java_org_apache_lucene_index_IndexWriter.java,3194,error,1
src_java_org_apache_lucene_index_IndexWriter.java,4164,error,1
src_java_org_apache_lucene_index_IndexWriter.java,4362,warning,2
src_java_org_apache_lucene_index_IndexWriter.java,4116,warning,2
src_java_org_apache_lucene_index_IndexWriter.java,369,warning,2
src_java_org_apache_lucene_index_IndexWriter.java,2784,warning,2
src_java_org_apache_lucene_index_IndexWriter.java,3484,warning,2
src_java_org_apache_lucene_index_IndexWriter.java,713,error,1
src_java_org_apache_lucene_index_IndexWriter.java,695,warning,2
src_java_org_apache_lucene_index_IndexWriter.java,1022,error,1
src_java_org_apache_lucene_index_IndexWriter.java,1690,warning,2
src_java_org_apache_lucene_index_IndexWriter.java,3569,warning,2
src_java_org_apache_lucene_index_IndexWriter.java,3875,error,1
src_java_org_apache_lucene_index_IndexWriter.java,1623,warning,2
src_java_org_apache_lucene_index_IndexWriter.java,3270,warning,2
src_java_org_apache_lucene_index_IndexWriter.java,751,warning,2
src_java_org_apache_lucene_index_IndexWriter.java,1305,warning,2
src_java_org_apache_lucene_index_IndexWriter.java,2373,error,1
src_java_org_apache_lucene_index_IndexWriter.java,697,error,1
src_java_org_apache_lucene_index_IndexWriter.java,2327,warning,2
src_java_org_apache_lucene_index_IndexWriter.java,1971,warning,2
src_java_org_apache_lucene_index_IndexWriter.java,3620,warning,2
src_java_org_apache_lucene_index_IndexWriter.java,50,error,1
src_java_org_apache_lucene_index_IndexWriter.java,4343,warning,2
src_java_org_apache_lucene_index_IndexWriter.java,2793,warning,2
src_java_org_apache_lucene_index_IndexWriter.java,2374,warning,2
src_java_org_apache_lucene_index_IndexWriter.java,3604,warning,2
src_java_org_apache_lucene_index_IndexWriter.java,1629,error,1
src_java_org_apache_lucene_index_IndexWriter.java,1996,warning,2
src_java_org_apache_lucene_index_IndexWriter.java,1148,warning,2
src_java_org_apache_lucene_index_IndexWriter.java,1009,warning,2
src_java_org_apache_lucene_index_IndexWriter.java,3778,warning,2
src_java_org_apache_lucene_index_IndexWriter.java,1432,error,1
src_java_org_apache_lucene_index_IndexWriter.java,3503,error,1
src_java_org_apache_lucene_index_IndexWriter.java,4445,warning,2
src_java_org_apache_lucene_index_IndexWriter.java,3690,error,1
src_java_org_apache_lucene_index_IndexWriter.java,2592,warning,2
src_java_org_apache_lucene_index_IndexWriter.java,2855,warning,2
src_java_org_apache_lucene_index_IndexWriter.java,1661,error,1
src_java_org_apache_lucene_index_IndexWriter.java,1360,warning,2
src_java_org_apache_lucene_index_IndexWriter.java,1650,error,1
src_java_org_apache_lucene_index_IndexWriter.java,4378,error,1
src_java_org_apache_lucene_index_IndexWriter.java,4185,warning,2
src_java_org_apache_lucene_index_IndexWriter.java,1338,warning,2
src_java_org_apache_lucene_index_IndexWriter.java,4025,warning,2
src_java_org_apache_lucene_index_IndexWriter.java,2606,warning,2
src_java_org_apache_lucene_index_IndexWriter.java,4516,warning,2
src_java_org_apache_lucene_index_IndexWriter.java,1770,warning,2
src_java_org_apache_lucene_index_IndexWriter.java,1838,warning,2
src_java_org_apache_lucene_index_IndexWriter.java,4213,warning,2
src_java_org_apache_lucene_index_IndexWriter.java,1985,warning,2
src_java_org_apache_lucene_index_IndexWriter.java,2907,warning,2
src_java_org_apache_lucene_index_IndexWriter.java,3239,warning,2
src_java_org_apache_lucene_index_IndexWriter.java,4466,warning,2
src_java_org_apache_lucene_index_IndexWriter.java,3892,warning,2
src_java_org_apache_lucene_index_IndexWriter.java,4308,warning,2
src_java_org_apache_lucene_index_IndexWriter.java,1511,error,1
src_java_org_apache_lucene_index_IndexWriter.java,3219,warning,2
src_java_org_apache_lucene_index_IndexWriter.java,643,warning,2
src_java_org_apache_lucene_index_IndexWriter.java,3854,warning,2
src_java_org_apache_lucene_index_IndexWriter.java,3624,warning,2
src_java_org_apache_lucene_index_IndexWriter.java,1522,warning,2
src_java_org_apache_lucene_index_IndexWriter.java,375,warning,2
src_java_org_apache_lucene_index_IndexWriter.java,1457,warning,2
src_java_org_apache_lucene_index_IndexWriter.java,3656,warning,2
src_java_org_apache_lucene_index_IndexWriter.java,4631,warning,2
src_java_org_apache_lucene_index_IndexWriter.java,3093,warning,2
src_java_org_apache_lucene_index_IndexWriter.java,4523,warning,2
src_java_org_apache_lucene_index_IndexWriter.java,4535,warning,2
src_java_org_apache_lucene_index_IndexWriter.java,4592,warning,2
src_java_org_apache_lucene_index_IndexWriter.java,749,error,1
src_java_org_apache_lucene_index_IndexWriter.java,2760,error,1
src_java_org_apache_lucene_index_IndexWriter.java,1640,error,1
src_java_org_apache_lucene_index_IndexWriter.java,3680,warning,2
src_java_org_apache_lucene_index_IndexWriter.java,2699,warning,2
src_java_org_apache_lucene_index_IndexWriter.java,262,error,1
src_java_org_apache_lucene_index_IndexWriter.java,1292,warning,2
src_java_org_apache_lucene_index_IndexWriter.java,2078,error,1
src_java_org_apache_lucene_index_IndexWriter.java,2910,warning,2
src_java_org_apache_lucene_index_IndexWriter.java,253,error,1
src_java_org_apache_lucene_index_IndexWriter.java,3054,warning,2
src_java_org_apache_lucene_index_IndexWriter.java,4498,warning,2
src_java_org_apache_lucene_index_IndexWriter.java,4636,warning,2
src_java_org_apache_lucene_index_IndexWriter.java,1575,error,1
src_java_org_apache_lucene_index_IndexWriter.java,4612,warning,2
src_java_org_apache_lucene_index_IndexWriter.java,1831,error,1
src_java_org_apache_lucene_index_IndexWriter.java,4065,error,1
src_java_org_apache_lucene_index_IndexWriter.java,3525,warning,2
src_java_org_apache_lucene_index_IndexWriter.java,4748,error,1
src_java_org_apache_lucene_index_IndexWriter.java,3193,warning,2
src_java_org_apache_lucene_index_IndexWriter.java,3231,warning,2
src_java_org_apache_lucene_index_IndexWriter.java,4710,error,1
src_java_org_apache_lucene_index_IndexWriter.java,3872,warning,2
src_java_org_apache_lucene_index_IndexWriter.java,3969,warning,2
src_java_org_apache_lucene_index_IndexWriter.java,4272,error,1
src_java_org_apache_lucene_index_IndexWriter.java,802,warning,2
src_java_org_apache_lucene_index_IndexWriter.java,592,warning,2
src_java_org_apache_lucene_index_IndexWriter.java,231,error,1
src_java_org_apache_lucene_index_IndexWriter.java,3548,error,1
src_java_org_apache_lucene_index_IndexWriter.java,668,error,1
src_java_org_apache_lucene_index_IndexWriter.java,1829,warning,2
src_java_org_apache_lucene_index_IndexWriter.java,1573,warning,2
src_java_org_apache_lucene_index_IndexWriter.java,1684,warning,2
src_java_org_apache_lucene_index_IndexWriter.java,3723,warning,2
src_java_org_apache_lucene_index_IndexWriter.java,4714,warning,2
src_java_org_apache_lucene_index_IndexWriter.java,1038,warning,2
src_java_org_apache_lucene_index_IndexWriter.java,1947,error,1
src_java_org_apache_lucene_index_IndexWriter.java,1949,warning,2
src_java_org_apache_lucene_index_IndexWriter.java,4138,warning,2
src_java_org_apache_lucene_index_IndexWriter.java,674,error,1
src_java_org_apache_lucene_index_IndexWriter.java,1093,warning,2
src_java_org_apache_lucene_index_IndexWriter.java,4855,warning,2
src_java_org_apache_lucene_index_IndexWriter.java,4677,warning,2
src_java_org_apache_lucene_index_IndexWriter.java,4488,warning,2
src_java_org_apache_lucene_index_IndexWriter.java,2168,error,1
src_java_org_apache_lucene_index_IndexWriter.java,4638,warning,2
src_java_org_apache_lucene_index_IndexWriter.java,3472,warning,2
src_java_org_apache_lucene_index_IndexWriter.java,652,warning,2
src_java_org_apache_lucene_index_IndexWriter.java,512,warning,2
src_java_org_apache_lucene_index_IndexWriter.java,34,warning,2
src_java_org_apache_lucene_index_IndexWriter.java,1114,warning,2
src_java_org_apache_lucene_index_IndexWriter.java,1028,warning,2
src_java_org_apache_lucene_index_IndexWriter.java,2777,error,1
src_java_org_apache_lucene_index_IndexWriter.java,4411,error,1
src_java_org_apache_lucene_index_IndexWriter.java,1128,error,1
src_java_org_apache_lucene_index_IndexWriter.java,3616,warning,2
src_java_org_apache_lucene_index_IndexWriter.java,2320,warning,2
src_java_org_apache_lucene_index_IndexWriter.java,4373,warning,2
src_java_org_apache_lucene_index_IndexWriter.java,3208,warning,2
src_java_org_apache_lucene_index_IndexWriter.java,3961,warning,2
src_java_org_apache_lucene_index_IndexWriter.java,2464,warning,2
src_java_org_apache_lucene_index_IndexWriter.java,3293,warning,2
src_java_org_apache_lucene_index_IndexWriter.java,1762,warning,2
src_java_org_apache_lucene_index_IndexWriter.java,2496,error,1
src_java_org_apache_lucene_index_IndexWriter.java,2723,warning,2
src_java_org_apache_lucene_index_IndexWriter.java,504,error,1
src_java_org_apache_lucene_index_IndexWriter.java,2862,warning,2
src_java_org_apache_lucene_index_IndexWriter.java,2125,warning,2
src_java_org_apache_lucene_index_IndexWriter.java,505,warning,2
src_java_org_apache_lucene_index_IndexWriter.java,1922,error,1
src_java_org_apache_lucene_index_IndexWriter.java,1381,warning,2
src_java_org_apache_lucene_index_IndexWriter.java,3367,error,1
src_java_org_apache_lucene_index_IndexWriter.java,3577,warning,2
src_java_org_apache_lucene_index_IndexWriter.java,3817,error,1
src_java_org_apache_lucene_index_IndexWriter.java,4252,warning,2
src_java_org_apache_lucene_index_IndexWriter.java,3449,error,1
src_java_org_apache_lucene_index_IndexWriter.java,3456,warning,2
src_java_org_apache_lucene_index_IndexWriter.java,4790,warning,2
src_java_org_apache_lucene_index_IndexWriter.java,3279,warning,2
src_java_org_apache_lucene_index_IndexWriter.java,2296,error,1
src_java_org_apache_lucene_index_IndexWriter.java,4360,warning,2
src_java_org_apache_lucene_index_IndexWriter.java,483,warning,2
src_java_org_apache_lucene_index_IndexWriter.java,3650,warning,2
src_java_org_apache_lucene_index_IndexWriter.java,1722,warning,2
src_java_org_apache_lucene_index_IndexWriter.java,35,warning,2
src_java_org_apache_lucene_index_IndexWriter.java,1007,error,1
src_java_org_apache_lucene_index_IndexWriter.java,1010,warning,2
src_java_org_apache_lucene_index_IndexWriter.java,4329,warning,2
src_java_org_apache_lucene_index_IndexWriter.java,2899,warning,2
src_java_org_apache_lucene_index_IndexWriter.java,3099,warning,2
src_java_org_apache_lucene_index_IndexWriter.java,438,warning,2
src_java_org_apache_lucene_index_IndexWriter.java,517,warning,2
src_java_org_apache_lucene_index_IndexWriter.java,2721,warning,2
src_java_org_apache_lucene_index_IndexWriter.java,3085,error,1
src_java_org_apache_lucene_index_IndexWriter.java,1311,warning,2
src_java_org_apache_lucene_index_IndexWriter.java,3473,warning,2
src_java_org_apache_lucene_index_IndexWriter.java,4467,warning,2
src_java_org_apache_lucene_index_IndexWriter.java,2397,warning,2
src_java_org_apache_lucene_index_IndexWriter.java,3749,warning,2
src_java_org_apache_lucene_index_IndexWriter.java,2825,warning,2
src_java_org_apache_lucene_index_IndexWriter.java,2147,warning,2
src_java_org_apache_lucene_index_IndexWriter.java,3989,warning,2
src_java_org_apache_lucene_index_IndexWriter.java,4739,warning,2
src_java_org_apache_lucene_index_IndexWriter.java,1131,error,1
src_java_org_apache_lucene_index_IndexWriter.java,3596,warning,2
src_java_org_apache_lucene_index_IndexWriter.java,4632,warning,2
src_java_org_apache_lucene_index_IndexWriter.java,939,warning,2
src_java_org_apache_lucene_index_IndexWriter.java,4263,warning,2
src_java_org_apache_lucene_index_IndexWriter.java,2402,warning,2
src_java_org_apache_lucene_index_IndexWriter.java,3187,warning,2
src_java_org_apache_lucene_index_IndexWriter.java,3628,error,1
src_java_org_apache_lucene_index_IndexWriter.java,3877,error,1
src_java_org_apache_lucene_index_IndexWriter.java,4409,warning,2
src_java_org_apache_lucene_index_IndexWriter.java,2085,warning,2
src_java_org_apache_lucene_index_IndexWriter.java,2131,warning,2
src_java_org_apache_lucene_index_IndexWriter.java,2105,warning,2
src_java_org_apache_lucene_index_IndexWriter.java,4728,warning,2
src_java_org_apache_lucene_index_IndexWriter.java,3819,warning,2
src_java_org_apache_lucene_index_IndexWriter.java,3144,warning,2
src_java_org_apache_lucene_index_IndexWriter.java,4789,warning,2
src_java_org_apache_lucene_index_IndexWriter.java,2462,error,1
src_java_org_apache_lucene_index_IndexWriter.java,2523,error,1
src_java_org_apache_lucene_index_IndexWriter.java,600,warning,2
src_java_org_apache_lucene_index_IndexWriter.java,1513,warning,2
src_java_org_apache_lucene_index_IndexWriter.java,4429,warning,2
src_java_org_apache_lucene_index_IndexWriter.java,1923,warning,2
src_java_org_apache_lucene_index_IndexWriter.java,4525,warning,2
src_java_org_apache_lucene_index_IndexWriter.java,875,error,1
src_java_org_apache_lucene_index_IndexWriter.java,4049,warning,2
src_java_org_apache_lucene_index_IndexWriter.java,3372,warning,2
src_java_org_apache_lucene_index_IndexWriter.java,1088,warning,2
src_java_org_apache_lucene_index_IndexWriter.java,4320,warning,2
src_java_org_apache_lucene_index_IndexWriter.java,973,warning,2
src_java_org_apache_lucene_index_IndexWriter.java,1700,warning,2
src_java_org_apache_lucene_index_IndexWriter.java,2509,error,1
src_java_org_apache_lucene_index_IndexWriter.java,3554,warning,2
src_java_org_apache_lucene_index_IndexWriter.java,782,warning,2
src_java_org_apache_lucene_index_IndexWriter.java,1489,error,1
src_java_org_apache_lucene_index_IndexWriter.java,4777,error,1
src_java_org_apache_lucene_index_IndexWriter.java,1135,warning,2
src_java_org_apache_lucene_index_IndexWriter.java,4709,error,1
src_java_org_apache_lucene_index_IndexWriter.java,4410,warning,2
src_java_org_apache_lucene_index_IndexWriter.java,2303,error,1
src_java_org_apache_lucene_index_IndexWriter.java,1117,warning,2
src_java_org_apache_lucene_index_IndexWriter.java,2272,warning,2
src_java_org_apache_lucene_index_IndexWriter.java,4266,error,1
src_java_org_apache_lucene_index_IndexWriter.java,3618,warning,2
src_java_org_apache_lucene_index_IndexWriter.java,3903,warning,2
src_java_org_apache_lucene_index_IndexWriter.java,4323,warning,2
src_java_org_apache_lucene_index_IndexWriter.java,384,warning,2
src_java_org_apache_lucene_index_IndexWriter.java,2708,warning,2
src_java_org_apache_lucene_index_IndexWriter.java,2818,warning,2
src_java_org_apache_lucene_index_IndexWriter.java,3546,error,1
src_java_org_apache_lucene_index_IndexWriter.java,3328,warning,2
src_java_org_apache_lucene_index_IndexWriter.java,4448,error,1
src_java_org_apache_lucene_index_IndexWriter.java,2469,warning,2
src_java_org_apache_lucene_index_IndexWriter.java,3913,error,1
src_java_org_apache_lucene_index_IndexWriter.java,1619,warning,2
src_java_org_apache_lucene_index_IndexWriter.java,4184,error,1
src_java_org_apache_lucene_index_IndexWriter.java,3115,warning,2
src_java_org_apache_lucene_index_IndexWriter.java,267,error,1
src_java_org_apache_lucene_index_IndexWriter.java,4151,warning,2
src_java_org_apache_lucene_index_IndexWriter.java,1818,warning,2
src_java_org_apache_lucene_index_IndexWriter.java,4267,warning,2
src_java_org_apache_lucene_index_IndexWriter.java,2580,error,1
src_java_org_apache_lucene_index_IndexWriter.java,1642,warning,2
src_java_org_apache_lucene_index_IndexWriter.java,1176,warning,2
src_java_org_apache_lucene_index_IndexWriter.java,1651,warning,2
src_java_org_apache_lucene_index_IndexWriter.java,1836,error,1
src_java_org_apache_lucene_index_IndexWriter.java,2503,warning,2
src_java_org_apache_lucene_index_IndexWriter.java,1766,warning,2
src_java_org_apache_lucene_index_IndexWriter.java,3622,warning,2
src_java_org_apache_lucene_index_IndexWriter.java,3760,warning,2
src_java_org_apache_lucene_index_IndexWriter.java,3615,warning,2
src_java_org_apache_lucene_index_IndexWriter.java,1520,error,1
src_java_org_apache_lucene_index_IndexWriter.java,1695,warning,2
src_java_org_apache_lucene_index_IndexWriter.java,3184,warning,2
src_java_org_apache_lucene_index_IndexWriter.java,4848,error,1
src_java_org_apache_lucene_index_IndexWriter.java,2362,warning,2
src_java_org_apache_lucene_index_IndexWriter.java,1693,error,1
src_java_org_apache_lucene_index_IndexWriter.java,4338,warning,2
src_java_org_apache_lucene_index_IndexWriter.java,3779,error,1
src_java_org_apache_lucene_index_IndexWriter.java,3268,warning,2
src_java_org_apache_lucene_index_IndexWriter.java,2883,error,1
src_java_org_apache_lucene_index_IndexWriter.java,177,warning,2
src_java_org_apache_lucene_index_IndexWriter.java,623,warning,2
src_java_org_apache_lucene_index_IndexWriter.java,3638,warning,2
src_java_org_apache_lucene_index_IndexWriter.java,3298,warning,2
src_java_org_apache_lucene_index_IndexWriter.java,1308,warning,2
src_java_org_apache_lucene_index_IndexWriter.java,1466,warning,2
src_java_org_apache_lucene_index_IndexWriter.java,1081,error,1
src_java_org_apache_lucene_index_IndexWriter.java,4452,error,1
src_java_org_apache_lucene_index_IndexWriter.java,1051,warning,2
src_java_org_apache_lucene_index_IndexWriter.java,4419,warning,2
src_java_org_apache_lucene_index_IndexWriter.java,3192,warning,2
src_java_org_apache_lucene_index_IndexWriter.java,1291,warning,2
src_java_org_apache_lucene_index_IndexWriter.java,4240,warning,2
src_java_org_apache_lucene_index_IndexWriter.java,689,warning,2
src_java_org_apache_lucene_index_IndexWriter.java,783,warning,2
src_java_org_apache_lucene_index_IndexWriter.java,3326,warning,2
src_java_org_apache_lucene_index_IndexWriter.java,538,warning,2
src_java_org_apache_lucene_index_IndexWriter.java,4165,warning,2
src_java_org_apache_lucene_index_IndexWriter.java,2937,warning,2
src_java_org_apache_lucene_index_IndexWriter.java,826,warning,2
src_java_org_apache_lucene_index_IndexWriter.java,3553,warning,2
src_java_org_apache_lucene_index_IndexWriter.java,799,error,1
src_java_org_apache_lucene_index_IndexWriter.java,1405,warning,2
src_java_org_apache_lucene_index_IndexWriter.java,3862,warning,2
src_java_org_apache_lucene_index_IndexWriter.java,514,warning,2
src_java_org_apache_lucene_index_IndexWriter.java,2841,warning,2
src_java_org_apache_lucene_index_IndexWriter.java,4330,warning,2
src_java_org_apache_lucene_index_IndexWriter.java,4306,warning,2
src_java_org_apache_lucene_index_IndexWriter.java,3100,error,1
src_java_org_apache_lucene_index_IndexWriter.java,887,warning,2
src_java_org_apache_lucene_index_IndexWriter.java,3031,warning,2
src_java_org_apache_lucene_index_IndexWriter.java,3925,warning,2
src_java_org_apache_lucene_index_IndexWriter.java,2485,error,1
src_java_org_apache_lucene_index_IndexWriter.java,2615,error,1
src_java_org_apache_lucene_index_IndexWriter.java,1787,warning,2
src_java_org_apache_lucene_index_IndexWriter.java,1806,error,1
src_java_org_apache_lucene_index_IndexWriter.java,601,warning,2
src_java_org_apache_lucene_index_IndexWriter.java,309,error,1
src_java_org_apache_lucene_index_IndexWriter.java,1744,error,1
src_java_org_apache_lucene_index_IndexWriter.java,1606,warning,2
src_java_org_apache_lucene_index_IndexWriter.java,2920,warning,2
src_java_org_apache_lucene_index_IndexWriter.java,3462,error,1
src_java_org_apache_lucene_index_IndexWriter.java,2584,warning,2
src_java_org_apache_lucene_index_IndexWriter.java,4517,warning,2
src_java_org_apache_lucene_index_IndexWriter.java,1968,warning,2
src_java_org_apache_lucene_index_IndexWriter.java,2731,warning,2
src_java_org_apache_lucene_index_IndexWriter.java,4758,warning,2
src_java_org_apache_lucene_index_IndexWriter.java,4822,warning,2
src_java_org_apache_lucene_index_IndexWriter.java,3296,warning,2
src_java_org_apache_lucene_index_IndexWriter.java,2287,warning,2
src_java_org_apache_lucene_index_IndexWriter.java,2490,error,1
src_java_org_apache_lucene_index_IndexWriter.java,4785,error,1
src_java_org_apache_lucene_index_IndexWriter.java,383,warning,2
src_java_org_apache_lucene_index_IndexWriter.java,243,error,1
src_java_org_apache_lucene_index_IndexWriter.java,403,warning,2
src_java_org_apache_lucene_index_IndexWriter.java,1025,warning,2
src_java_org_apache_lucene_index_IndexWriter.java,2494,warning,2
src_java_org_apache_lucene_index_IndexWriter.java,1793,warning,2
src_java_org_apache_lucene_index_IndexWriter.java,3355,warning,2
src_java_org_apache_lucene_index_IndexWriter.java,1657,warning,2
src_java_org_apache_lucene_index_IndexWriter.java,4144,warning,2
src_java_org_apache_lucene_index_IndexWriter.java,3007,warning,2
src_java_org_apache_lucene_index_IndexWriter.java,3215,error,1
src_java_org_apache_lucene_index_IndexWriter.java,2525,warning,2
src_java_org_apache_lucene_index_IndexWriter.java,2526,warning,2
src_java_org_apache_lucene_index_IndexWriter.java,2506,error,1
src_java_org_apache_lucene_index_IndexWriter.java,4229,error,1
src_java_org_apache_lucene_index_IndexWriter.java,4387,warning,2
src_java_org_apache_lucene_index_IndexWriter.java,3632,warning,2
src_java_org_apache_lucene_index_IndexWriter.java,1015,warning,2
src_java_org_apache_lucene_index_IndexWriter.java,4716,warning,2
src_java_org_apache_lucene_index_IndexWriter.java,4667,error,1
src_java_org_apache_lucene_index_IndexWriter.java,276,error,1
src_java_org_apache_lucene_index_IndexWriter.java,284,error,1
src_java_org_apache_lucene_index_IndexWriter.java,2399,warning,2
src_java_org_apache_lucene_index_IndexWriter.java,4247,warning,2
src_java_org_apache_lucene_index_IndexWriter.java,3453,warning,2
src_java_org_apache_lucene_index_IndexWriter.java,3683,error,1
src_java_org_apache_lucene_index_IndexWriter.java,1669,warning,2
src_java_org_apache_lucene_index_IndexWriter.java,3753,warning,2
src_java_org_apache_lucene_index_IndexWriter.java,2342,warning,2
src_java_org_apache_lucene_index_IndexWriter.java,2262,error,1
src_java_org_apache_lucene_index_IndexWriter.java,3195,warning,2
src_java_org_apache_lucene_index_IndexWriter.java,4294,warning,2
src_java_org_apache_lucene_index_IndexWriter.java,4775,warning,2
src_java_org_apache_lucene_index_IndexWriter.java,1819,error,1
src_java_org_apache_lucene_index_IndexWriter.java,2992,error,1
src_java_org_apache_lucene_index_IndexWriter.java,3362,warning,2
src_java_org_apache_lucene_index_IndexWriter.java,3565,warning,2
src_java_org_apache_lucene_index_IndexWriter.java,4198,error,1
src_java_org_apache_lucene_index_IndexWriter.java,3515,warning,2
src_java_org_apache_lucene_index_IndexWriter.java,2936,error,1
src_java_org_apache_lucene_index_IndexWriter.java,1032,error,1
src_java_org_apache_lucene_index_IndexWriter.java,496,warning,2
src_java_org_apache_lucene_index_IndexWriter.java,3860,warning,2
src_java_org_apache_lucene_index_IndexWriter.java,1487,error,1
src_java_org_apache_lucene_index_IndexWriter.java,1641,warning,2
src_java_org_apache_lucene_index_IndexWriter.java,2799,warning,2
src_java_org_apache_lucene_index_IndexWriter.java,3325,warning,2
src_java_org_apache_lucene_index_IndexWriter.java,2315,error,1
src_java_org_apache_lucene_index_IndexWriter.java,931,warning,2
src_java_org_apache_lucene_index_IndexWriter.java,3930,error,1
src_java_org_apache_lucene_index_IndexWriter.java,3055,warning,2
src_java_org_apache_lucene_index_IndexWriter.java,4256,warning,2
src_java_org_apache_lucene_index_IndexWriter.java,3098,warning,2
src_java_org_apache_lucene_index_IndexWriter.java,4244,error,1
src_java_org_apache_lucene_index_IndexWriter.java,1825,warning,2
src_java_org_apache_lucene_index_IndexWriter.java,3225,error,1
src_java_org_apache_lucene_index_IndexWriter.java,1119,warning,2
src_java_org_apache_lucene_index_IndexWriter.java,3434,warning,2
src_java_org_apache_lucene_index_IndexWriter.java,4288,warning,2
src_java_org_apache_lucene_index_IndexWriter.java,3735,warning,2
src_java_org_apache_lucene_index_IndexWriter.java,4700,warning,2
src_java_org_apache_lucene_index_IndexWriter.java,2761,warning,2
src_java_org_apache_lucene_index_IndexWriter.java,4135,warning,2
src_java_org_apache_lucene_index_IndexWriter.java,4291,warning,2
src_java_org_apache_lucene_index_IndexWriter.java,4670,warning,2
src_java_org_apache_lucene_index_IndexWriter.java,3662,error,1
src_java_org_apache_lucene_index_IndexWriter.java,1061,warning,2
src_java_org_apache_lucene_index_IndexWriter.java,2386,warning,2
src_java_org_apache_lucene_index_IndexWriter.java,218,error,1
src_java_org_apache_lucene_index_IndexWriter.java,4684,warning,2
src_java_org_apache_lucene_index_IndexWriter.java,4505,warning,2
src_java_org_apache_lucene_index_IndexWriter.java,3232,warning,2
src_java_org_apache_lucene_index_IndexWriter.java,1749,warning,2
src_java_org_apache_lucene_index_IndexWriter.java,1374,warning,2
src_java_org_apache_lucene_index_IndexWriter.java,2154,warning,2
src_java_org_apache_lucene_index_IndexWriter.java,370,warning,2
src_java_org_apache_lucene_index_IndexWriter.java,1366,error,1
src_java_org_apache_lucene_index_IndexWriter.java,3096,error,1
src_java_org_apache_lucene_index_IndexWriter.java,4391,warning,2
src_java_org_apache_lucene_index_IndexWriter.java,4315,warning,2
src_java_org_apache_lucene_index_IndexWriter.java,4012,error,1
src_java_org_apache_lucene_index_IndexWriter.java,1322,warning,2
src_java_org_apache_lucene_index_IndexWriter.java,1952,warning,2
src_java_org_apache_lucene_index_IndexWriter.java,1248,warning,2
src_java_org_apache_lucene_index_IndexWriter.java,2011,error,1
src_java_org_apache_lucene_index_IndexWriter.java,856,warning,2
src_java_org_apache_lucene_index_IndexWriter.java,4552,warning,2
src_java_org_apache_lucene_index_IndexWriter.java,421,warning,2
src_java_org_apache_lucene_index_IndexWriter.java,39,warning,2
src_java_org_apache_lucene_index_IndexWriter.java,2232,warning,2
src_java_org_apache_lucene_index_IndexWriter.java,3305,warning,2
src_java_org_apache_lucene_index_IndexWriter.java,451,warning,2
src_java_org_apache_lucene_index_IndexWriter.java,879,warning,2
src_java_org_apache_lucene_index_IndexWriter.java,2607,warning,2
src_java_org_apache_lucene_index_IndexWriter.java,3745,warning,2
src_java_org_apache_lucene_index_IndexWriter.java,959,warning,2
src_java_org_apache_lucene_index_IndexWriter.java,2283,error,1
src_java_org_apache_lucene_index_IndexWriter.java,1790,error,1
src_java_org_apache_lucene_index_IndexWriter.java,4468,warning,2
src_java_org_apache_lucene_index_IndexWriter.java,3718,warning,2
src_java_org_apache_lucene_index_IndexWriter.java,3475,warning,2
src_java_org_apache_lucene_index_IndexWriter.java,3119,error,1
src_java_org_apache_lucene_index_IndexWriter.java,568,warning,2
src_java_org_apache_lucene_index_IndexWriter.java,3780,warning,2
src_java_org_apache_lucene_index_IndexWriter.java,4031,warning,2
src_java_org_apache_lucene_index_IndexWriter.java,2084,warning,2
src_java_org_apache_lucene_index_IndexWriter.java,2304,warning,2
src_java_org_apache_lucene_index_IndexWriter.java,1737,warning,2
src_java_org_apache_lucene_index_IndexWriter.java,3479,error,1
src_java_org_apache_lucene_index_IndexWriter.java,4757,error,1
src_java_org_apache_lucene_index_IndexWriter.java,1310,warning,2
src_java_org_apache_lucene_index_IndexWriter.java,434,warning,2
src_java_org_apache_lucene_index_IndexWriter.java,3923,warning,2
src_java_org_apache_lucene_index_IndexWriter.java,4257,warning,2
src_java_org_apache_lucene_index_IndexWriter.java,1175,error,1
src_java_org_apache_lucene_index_IndexWriter.java,4496,error,1
src_java_org_apache_lucene_index_IndexWriter.java,207,error,1
src_java_org_apache_lucene_index_IndexWriter.java,3090,error,1
src_java_org_apache_lucene_index_IndexWriter.java,2216,warning,2
src_java_org_apache_lucene_index_IndexWriter.java,2752,warning,2
src_java_org_apache_lucene_index_IndexWriter.java,1072,warning,2
src_java_org_apache_lucene_index_IndexWriter.java,2117,warning,2
src_java_org_apache_lucene_index_IndexWriter.java,3291,warning,2
src_java_org_apache_lucene_index_IndexWriter.java,4771,error,1
src_java_org_apache_lucene_index_IndexWriter.java,2909,warning,2
src_java_org_apache_lucene_index_IndexWriter.java,3145,warning,2
src_java_org_apache_lucene_index_IndexWriter.java,4406,warning,2
src_java_org_apache_lucene_index_IndexWriter.java,671,warning,2
src_java_org_apache_lucene_index_IndexWriter.java,3552,error,1
src_java_org_apache_lucene_index_IndexWriter.java,2563,error,1
src_java_org_apache_lucene_index_IndexWriter.java,3949,warning,2
src_java_org_apache_lucene_index_IndexWriter.java,570,warning,2
src_java_org_apache_lucene_index_IndexWriter.java,4230,warning,2
src_java_org_apache_lucene_index_IndexWriter.java,443,warning,2
src_java_org_apache_lucene_index_IndexWriter.java,578,warning,2
src_java_org_apache_lucene_index_IndexWriter.java,1166,warning,2
src_java_org_apache_lucene_index_IndexWriter.java,1991,warning,2
src_java_org_apache_lucene_index_IndexWriter.java,2639,warning,2
src_java_org_apache_lucene_index_IndexWriter.java,2124,warning,2
src_java_org_apache_lucene_index_IndexWriter.java,3804,error,1
src_java_org_apache_lucene_index_IndexWriter.java,2918,warning,2
src_java_org_apache_lucene_index_IndexWriter.java,630,warning,2
src_java_org_apache_lucene_index_IndexWriter.java,738,warning,2
src_java_org_apache_lucene_index_IndexWriter.java,4236,warning,2
src_java_org_apache_lucene_index_IndexWriter.java,3576,warning,2
src_java_org_apache_lucene_index_IndexWriter.java,4238,warning,2
src_java_org_apache_lucene_index_IndexWriter.java,287,error,1
src_java_org_apache_lucene_index_IndexWriter.java,2403,warning,2
src_java_org_apache_lucene_index_IndexWriter.java,2759,warning,2
src_java_org_apache_lucene_index_IndexWriter.java,266,error,1
src_java_org_apache_lucene_index_IndexWriter.java,4554,error,1
src_java_org_apache_lucene_index_IndexWriter.java,4064,warning,2
src_java_org_apache_lucene_index_IndexWriter.java,2293,error,1
src_java_org_apache_lucene_index_IndexWriter.java,3018,warning,2
src_java_org_apache_lucene_index_IndexWriter.java,185,error,1
src_java_org_apache_lucene_index_IndexWriter.java,2539,warning,2
src_java_org_apache_lucene_index_IndexWriter.java,628,error,1
src_java_org_apache_lucene_index_IndexWriter.java,256,error,1
src_java_org_apache_lucene_index_IndexWriter.java,4085,warning,2
src_java_org_apache_lucene_index_IndexWriter.java,1799,error,1
src_java_org_apache_lucene_index_IndexWriter.java,1041,error,1
src_java_org_apache_lucene_index_IndexWriter.java,4550,warning,2
src_java_org_apache_lucene_index_IndexWriter.java,1948,warning,2
src_java_org_apache_lucene_index_IndexWriter.java,4536,warning,2
src_java_org_apache_lucene_index_IndexWriter.java,2524,warning,2
src_java_org_apache_lucene_index_IndexWriter.java,740,warning,2
src_java_org_apache_lucene_index_IndexWriter.java,2632,warning,2
src_java_org_apache_lucene_index_IndexWriter.java,4261,error,1
src_java_org_apache_lucene_index_IndexWriter.java,3822,warning,2
src_java_org_apache_lucene_index_IndexWriter.java,4408,warning,2
src_java_org_apache_lucene_index_IndexWriter.java,2215,warning,2
src_java_org_apache_lucene_index_IndexWriter.java,2540,warning,2
src_java_org_apache_lucene_index_IndexWriter.java,1023,error,1
src_java_org_apache_lucene_index_IndexWriter.java,3981,warning,2
src_java_org_apache_lucene_index_IndexWriter.java,2931,error,1
src_java_org_apache_lucene_index_IndexWriter.java,428,warning,2
src_java_org_apache_lucene_index_IndexWriter.java,672,warning,2
src_java_org_apache_lucene_index_IndexWriter.java,4262,warning,2
src_java_org_apache_lucene_index_IndexWriter.java,3292,error,1
src_java_org_apache_lucene_index_IndexWriter.java,2926,warning,2
src_java_org_apache_lucene_index_IndexWriter.java,3364,warning,2
src_java_org_apache_lucene_index_IndexWriter.java,3539,warning,2
src_java_org_apache_lucene_index_IndexWriter.java,1403,error,1
src_java_org_apache_lucene_index_IndexWriter.java,3182,warning,2
src_java_org_apache_lucene_index_IndexWriter.java,3260,warning,2
src_java_org_apache_lucene_index_IndexWriter.java,4383,warning,2
src_java_org_apache_lucene_index_IndexWriter.java,2714,warning,2
src_java_org_apache_lucene_index_IndexWriter.java,4687,warning,2
src_java_org_apache_lucene_index_IndexWriter.java,4647,warning,2
src_java_org_apache_lucene_index_IndexWriter.java,4243,warning,2
src_java_org_apache_lucene_index_IndexWriter.java,4162,warning,2
src_java_org_apache_lucene_index_IndexWriter.java,2107,warning,2
src_java_org_apache_lucene_index_IndexWriter.java,2273,error,1
src_java_org_apache_lucene_index_IndexWriter.java,1279,error,1
src_java_org_apache_lucene_index_IndexWriter.java,2383,warning,2
src_java_org_apache_lucene_index_IndexWriter.java,1706,warning,2
src_java_org_apache_lucene_index_IndexWriter.java,4565,warning,2
src_java_org_apache_lucene_index_IndexWriter.java,3587,warning,2
src_java_org_apache_lucene_index_IndexWriter.java,190,warning,2
src_java_org_apache_lucene_index_IndexWriter.java,635,warning,2
src_java_org_apache_lucene_index_IndexWriter.java,1930,warning,2
src_java_org_apache_lucene_index_IndexWriter.java,1800,warning,2
src_java_org_apache_lucene_index_IndexWriter.java,2367,warning,2
src_java_org_apache_lucene_index_IndexWriter.java,3536,error,1
src_java_org_apache_lucene_index_IndexWriter.java,545,warning,2
src_java_org_apache_lucene_index_IndexWriter.java,4810,error,1
src_java_org_apache_lucene_index_IndexWriter.java,3451,warning,2
src_java_org_apache_lucene_index_IndexWriter.java,3815,warning,2
src_java_org_apache_lucene_index_IndexWriter.java,4853,warning,2
src_java_org_apache_lucene_index_IndexWriter.java,790,warning,2
src_java_org_apache_lucene_index_IndexWriter.java,2923,warning,2
src_java_org_apache_lucene_index_IndexWriter.java,666,warning,2
src_java_org_apache_lucene_index_IndexWriter.java,1769,warning,2
src_java_org_apache_lucene_index_IndexWriter.java,3314,warning,2
src_java_org_apache_lucene_index_IndexWriter.java,3610,warning,2
src_java_org_apache_lucene_index_IndexWriter.java,3543,warning,2
src_java_org_apache_lucene_index_IndexWriter.java,4856,warning,2
src_java_org_apache_lucene_index_IndexWriter.java,3726,warning,2
src_java_org_apache_lucene_index_IndexWriter.java,4575,warning,2
src_java_org_apache_lucene_index_IndexWriter.java,4598,warning,2
src_java_org_apache_lucene_index_IndexWriter.java,581,error,1
src_java_org_apache_lucene_index_IndexWriter.java,1019,warning,2
src_java_org_apache_lucene_index_IndexWriter.java,3521,warning,2
src_java_org_apache_lucene_index_IndexWriter.java,532,warning,2
src_java_org_apache_lucene_index_IndexWriter.java,2302,warning,2
src_java_org_apache_lucene_index_IndexWriter.java,159,error,1
src_java_org_apache_lucene_index_IndexWriter.java,3510,warning,2
src_java_org_apache_lucene_index_IndexWriter.java,4427,warning,2
src_java_org_apache_lucene_index_IndexWriter.java,549,warning,2
src_java_org_apache_lucene_index_IndexWriter.java,1767,error,1
src_java_org_apache_lucene_index_IndexWriter.java,280,error,1
src_java_org_apache_lucene_index_IndexWriter.java,2885,warning,2
src_java_org_apache_lucene_index_IndexWriter.java,3448,warning,2
src_java_org_apache_lucene_index_IndexWriter.java,2928,warning,2
src_java_org_apache_lucene_index_IndexWriter.java,908,error,1
src_java_org_apache_lucene_index_IndexWriter.java,3797,warning,2
src_java_org_apache_lucene_index_IndexWriter.java,2375,warning,2
src_java_org_apache_lucene_index_IndexWriter.java,4435,warning,2
src_java_org_apache_lucene_index_IndexWriter.java,1319,error,1
src_java_org_apache_lucene_index_IndexWriter.java,2665,warning,2
src_java_org_apache_lucene_index_IndexWriter.java,1045,warning,2
src_java_org_apache_lucene_index_IndexWriter.java,4614,warning,2
src_java_org_apache_lucene_index_IndexWriter.java,3065,warning,2
src_java_org_apache_lucene_index_IndexWriter.java,2372,warning,2
src_java_org_apache_lucene_index_IndexWriter.java,3687,error,1
src_java_org_apache_lucene_index_IndexWriter.java,1132,warning,2
src_java_org_apache_lucene_index_IndexWriter.java,2245,warning,2
src_java_org_apache_lucene_index_IndexWriter.java,865,warning,2
src_java_org_apache_lucene_index_IndexWriter.java,4708,warning,2
src_java_org_apache_lucene_index_IndexWriter.java,1143,warning,2
src_java_org_apache_lucene_index_IndexWriter.java,2126,warning,2
src_java_org_apache_lucene_index_IndexWriter.java,1488,error,1
src_java_org_apache_lucene_index_IndexWriter.java,4522,warning,2
src_java_org_apache_lucene_index_IndexWriter.java,4284,warning,2
src_java_org_apache_lucene_index_IndexWriter.java,3722,warning,2
src_java_org_apache_lucene_index_IndexWriter.java,4300,error,1
src_java_org_apache_lucene_index_IndexWriter.java,4004,warning,2
src_java_org_apache_lucene_index_IndexWriter.java,4464,warning,2
src_java_org_apache_lucene_index_IndexWriter.java,2511,warning,2
src_java_org_apache_lucene_index_IndexWriter.java,1703,error,1
src_java_org_apache_lucene_index_IndexWriter.java,2581,warning,2
src_java_org_apache_lucene_index_IndexWriter.java,4623,warning,2
src_java_org_apache_lucene_index_IndexWriter.java,1380,error,1
src_java_org_apache_lucene_index_IndexWriter.java,1490,warning,2
src_java_org_apache_lucene_index_IndexWriter.java,769,warning,2
src_java_org_apache_lucene_index_IndexWriter.java,937,error,1
src_java_org_apache_lucene_index_IndexWriter.java,2281,warning,2
src_java_org_apache_lucene_index_IndexWriter.java,4392,warning,2
src_java_org_apache_lucene_index_IndexWriter.java,1317,warning,2
src_java_org_apache_lucene_index_IndexWriter.java,780,error,1
src_java_org_apache_lucene_index_IndexWriter.java,3201,warning,2
src_java_org_apache_lucene_index_IndexWriter.java,4305,warning,2
src_java_org_apache_lucene_index_IndexWriter.java,2766,warning,2
src_java_org_apache_lucene_index_IndexWriter.java,3651,warning,2
src_java_org_apache_lucene_index_IndexWriter.java,4783,warning,2
src_java_org_apache_lucene_index_IndexWriter.java,2332,warning,2
src_java_org_apache_lucene_index_IndexWriter.java,1370,warning,2
src_java_org_apache_lucene_index_IndexWriter.java,594,error,1
src_java_org_apache_lucene_index_IndexWriter.java,4289,error,1
src_java_org_apache_lucene_index_IndexWriter.java,2924,warning,2
src_java_org_apache_lucene_index_IndexWriter.java,4433,warning,2
src_java_org_apache_lucene_index_IndexWriter.java,4385,warning,2
src_java_org_apache_lucene_index_IndexWriter.java,3445,warning,2
src_java_org_apache_lucene_index_IndexWriter.java,1754,warning,2
src_java_org_apache_lucene_index_IndexWriter.java,4269,warning,2
src_java_org_apache_lucene_index_IndexWriter.java,580,error,1
src_java_org_apache_lucene_index_IndexWriter.java,2577,warning,2
src_java_org_apache_lucene_index_IndexWriter.java,3429,error,1
src_java_org_apache_lucene_index_IndexWriter.java,1835,error,1
src_java_org_apache_lucene_index_IndexWriter.java,471,warning,2
src_java_org_apache_lucene_index_IndexWriter.java,2361,warning,2
src_java_org_apache_lucene_index_IndexWriter.java,1791,warning,2
src_java_org_apache_lucene_index_IndexWriter.java,2820,warning,2
src_java_org_apache_lucene_index_IndexWriter.java,380,warning,2
src_java_org_apache_lucene_index_IndexWriter.java,3435,warning,2
src_java_org_apache_lucene_index_IndexWriter.java,1734,error,1
src_java_org_apache_lucene_index_IndexWriter.java,2400,error,1
src_java_org_apache_lucene_index_IndexWriter.java,1738,error,1
src_java_org_apache_lucene_index_IndexWriter.java,4407,warning,2
src_java_org_apache_lucene_index_IndexWriter.java,1098,warning,2
src_java_org_apache_lucene_index_IndexWriter.java,2762,warning,2
src_java_org_apache_lucene_index_IndexWriter.java,1723,warning,2
src_java_org_apache_lucene_index_IndexWriter.java,2027,warning,2
src_java_org_apache_lucene_index_IndexWriter.java,3303,warning,2
src_java_org_apache_lucene_index_IndexWriter.java,1012,error,1
src_java_org_apache_lucene_index_IndexWriter.java,4432,error,1
src_java_org_apache_lucene_index_IndexWriter.java,485,warning,2
src_java_org_apache_lucene_index_IndexWriter.java,4195,warning,2
src_java_org_apache_lucene_index_IndexWriter.java,852,warning,2
src_java_org_apache_lucene_index_IndexWriter.java,548,warning,2
src_java_org_apache_lucene_index_IndexWriter.java,2079,warning,2
src_java_org_apache_lucene_index_IndexWriter.java,2535,warning,2
src_java_org_apache_lucene_index_IndexWriter.java,3447,warning,2
src_java_org_apache_lucene_index_IndexWriter.java,3170,warning,2
src_java_org_apache_lucene_index_IndexWriter.java,1396,error,1
src_java_org_apache_lucene_index_IndexWriter.java,1037,warning,2
src_java_org_apache_lucene_index_IndexWriter.java,2115,error,1
src_java_org_apache_lucene_index_IndexWriter.java,4319,warning,2
src_java_org_apache_lucene_index_IndexWriter.java,1780,warning,2
src_java_org_apache_lucene_index_IndexWriter.java,1458,warning,2
src_java_org_apache_lucene_index_IndexWriter.java,3758,warning,2
src_java_org_apache_lucene_index_IndexWriter.java,4456,error,1
src_java_org_apache_lucene_index_IndexWriter.java,4372,error,1
src_java_org_apache_lucene_index_IndexWriter.java,3186,warning,2
src_java_org_apache_lucene_index_IndexWriter.java,3617,warning,2
src_java_org_apache_lucene_index_IndexWriter.java,323,warning,2
src_java_org_apache_lucene_index_IndexWriter.java,2814,warning,2
src_java_org_apache_lucene_index_IndexWriter.java,1628,error,1
src_java_org_apache_lucene_index_IndexWriter.java,4087,warning,2
src_java_org_apache_lucene_index_IndexWriter.java,4223,warning,2
src_java_org_apache_lucene_index_IndexWriter.java,2274,warning,2
src_java_org_apache_lucene_index_IndexWriter.java,4486,warning,2
src_java_org_apache_lucene_index_IndexWriter.java,2305,warning,2
src_java_org_apache_lucene_index_IndexWriter.java,4127,error,1
src_java_org_apache_lucene_index_IndexWriter.java,3506,warning,2
src_java_org_apache_lucene_index_IndexWriter.java,1772,warning,2
src_java_org_apache_lucene_index_IndexWriter.java,4508,error,1
src_java_org_apache_lucene_index_IndexWriter.java,424,warning,2
src_java_org_apache_lucene_index_IndexWriter.java,4637,warning,2
src_java_org_apache_lucene_index_IndexWriter.java,2458,warning,2
src_java_org_apache_lucene_index_IndexWriter.java,1129,warning,2
src_java_org_apache_lucene_index_IndexWriter.java,4341,warning,2
src_java_org_apache_lucene_index_IndexWriter.java,1033,warning,2
src_java_org_apache_lucene_index_IndexWriter.java,3454,warning,2
src_java_org_apache_lucene_index_IndexWriter.java,1710,warning,2
src_java_org_apache_lucene_index_IndexWriter.java,1064,warning,2
src_java_org_apache_lucene_index_IndexWriter.java,4587,error,1
src_java_org_apache_lucene_index_IndexWriter.java,1943,warning,2
src_java_org_apache_lucene_index_IndexWriter.java,1820,warning,2
src_java_org_apache_lucene_index_IndexWriter.java,2313,warning,2
src_java_org_apache_lucene_index_IndexWriter.java,3137,warning,2
src_java_org_apache_lucene_index_IndexWriter.java,433,error,1
src_java_org_apache_lucene_index_IndexWriter.java,2889,warning,2
src_java_org_apache_lucene_index_IndexWriter.java,721,warning,2
src_java_org_apache_lucene_index_IndexWriter.java,1210,warning,2
src_java_org_apache_lucene_index_IndexWriter.java,2259,warning,2
src_java_org_apache_lucene_index_IndexWriter.java,3639,warning,2
src_java_org_apache_lucene_index_IndexWriter.java,2901,warning,2
src_java_org_apache_lucene_index_IndexWriter.java,3030,warning,2
src_java_org_apache_lucene_index_IndexWriter.java,4312,warning,2
src_java_org_apache_lucene_index_IndexWriter.java,4678,warning,2
src_java_org_apache_lucene_index_IndexWriter.java,2337,warning,2
src_java_org_apache_lucene_index_IndexWriter.java,3452,warning,2
src_java_org_apache_lucene_index_IndexWriter.java,4282,warning,2
src_java_org_apache_lucene_index_IndexWriter.java,3898,error,1
src_java_org_apache_lucene_index_IndexWriter.java,551,warning,2
src_java_org_apache_lucene_index_IndexWriter.java,3425,error,1
src_java_org_apache_lucene_index_IndexWriter.java,3985,error,1
src_java_org_apache_lucene_index_IndexWriter.java,531,warning,2
src_java_org_apache_lucene_index_IndexWriter.java,1456,error,1
src_java_org_apache_lucene_index_IndexWriter.java,2590,warning,2
src_java_org_apache_lucene_index_IndexWriter.java,4366,warning,2
src_java_org_apache_lucene_index_IndexWriter.java,3741,warning,2
src_java_org_apache_lucene_index_IndexWriter.java,1728,warning,2
src_java_org_apache_lucene_index_IndexWriter.java,2576,warning,2
src_java_org_apache_lucene_index_IndexWriter.java,3117,warning,2
src_java_org_apache_lucene_index_IndexWriter.java,4671,warning,2
src_java_org_apache_lucene_index_IndexWriter.java,4742,error,1
src_java_org_apache_lucene_index_IndexWriter.java,972,warning,2
src_java_org_apache_lucene_index_IndexWriter.java,3714,warning,2
src_java_org_apache_lucene_index_IndexWriter.java,4515,warning,2
src_java_org_apache_lucene_index_IndexWriter.java,454,error,1
src_java_org_apache_lucene_index_IndexWriter.java,3719,warning,2
src_java_org_apache_lucene_index_IndexWriter.java,1837,warning,2
src_java_org_apache_lucene_index_IndexWriter.java,2812,warning,2
src_java_org_apache_lucene_index_IndexWriter.java,1759,error,1
src_java_org_apache_lucene_index_IndexWriter.java,1928,warning,2
src_java_org_apache_lucene_index_IndexWriter.java,4661,warning,2
src_java_org_apache_lucene_index_IndexWriter.java,1499,warning,2
src_java_org_apache_lucene_index_IndexWriter.java,2481,warning,2
src_java_org_apache_lucene_index_IndexWriter.java,1970,warning,2
src_java_org_apache_lucene_index_IndexWriter.java,3223,warning,2
src_java_org_apache_lucene_index_IndexWriter.java,3912,warning,2
src_java_org_apache_lucene_index_IndexWriter.java,1620,error,1
src_java_org_apache_lucene_index_IndexWriter.java,4310,warning,2
src_java_org_apache_lucene_index_IndexWriter.java,4500,warning,2
src_java_org_apache_lucene_index_IndexWriter.java,3959,warning,2
src_java_org_apache_lucene_index_IndexWriter.java,2466,error,1
src_java_org_apache_lucene_index_IndexWriter.java,3747,warning,2
src_java_org_apache_lucene_index_IndexWriter.java,3897,error,1
src_java_org_apache_lucene_index_IndexWriter.java,2764,warning,2
src_java_org_apache_lucene_index_IndexWriter.java,1069,warning,2
src_java_org_apache_lucene_index_IndexWriter.java,3114,warning,2
src_java_org_apache_lucene_index_IndexWriter.java,4401,error,1
src_java_org_apache_lucene_index_IndexWriter.java,4827,warning,2
src_java_org_apache_lucene_index_IndexWriter.java,1149,error,1
src_java_org_apache_lucene_index_IndexWriter.java,3097,warning,2
src_java_org_apache_lucene_index_IndexWriter.java,3904,warning,2
src_java_org_apache_lucene_index_IndexWriter.java,930,warning,2
src_java_org_apache_lucene_index_IndexWriter.java,2704,warning,2
src_java_org_apache_lucene_index_IndexWriter.java,3050,warning,2
src_java_org_apache_lucene_index_IndexWriter.java,24,warning,2
src_java_org_apache_lucene_index_IndexWriter.java,610,warning,2
src_java_org_apache_lucene_index_IndexWriter.java,1482,warning,2
src_java_org_apache_lucene_index_IndexWriter.java,2380,warning,2
src_java_org_apache_lucene_index_IndexWriter.java,1369,error,1
src_java_org_apache_lucene_index_IndexWriter.java,2881,warning,2
src_java_org_apache_lucene_index_IndexWriter.java,3135,warning,2
src_java_org_apache_lucene_index_IndexWriter.java,4558,warning,2
src_java_org_apache_lucene_index_IndexWriter.java,2692,warning,2
src_java_org_apache_lucene_index_IndexWriter.java,3893,warning,2
src_java_org_apache_lucene_index_IndexWriter.java,1678,warning,2
src_java_org_apache_lucene_index_IndexWriter.java,381,warning,2
src_java_org_apache_lucene_index_IndexWriter.java,906,warning,2
src_java_org_apache_lucene_index_IndexWriter.java,2789,warning,2
src_java_org_apache_lucene_index_IndexWriter.java,3486,error,1
src_java_org_apache_lucene_index_IndexWriter.java,4233,warning,2
src_java_org_apache_lucene_index_IndexWriter.java,3811,warning,2
src_java_org_apache_lucene_index_IndexWriter.java,2449,warning,2
src_java_org_apache_lucene_index_IndexWriter.java,2491,warning,2
src_java_org_apache_lucene_index_IndexWriter.java,3360,error,1
src_java_org_apache_lucene_index_IndexWriter.java,3761,warning,2
src_java_org_apache_lucene_index_IndexWriter.java,3494,warning,2
src_java_org_apache_lucene_index_IndexWriter.java,3442,error,1
src_java_org_apache_lucene_index_IndexWriter.java,4367,warning,2
src_java_org_apache_lucene_index_IndexWriter.java,4389,warning,2
src_java_org_apache_lucene_index_IndexWriter.java,3963,warning,2
src_java_org_apache_lucene_index_IndexWriter.java,4420,error,1
src_java_org_apache_lucene_index_IndexWriter.java,3823,warning,2
src_java_org_apache_lucene_index_IndexWriter.java,2261,error,1
src_java_org_apache_lucene_index_IndexWriter.java,4860,warning,2
src_java_org_apache_lucene_index_IndexWriter.java,286,error,1
src_java_org_apache_lucene_index_IndexWriter.java,1973,warning,2
src_java_org_apache_lucene_index_IndexWriter.java,4846,warning,2
src_java_org_apache_lucene_index_IndexWriter.java,3306,warning,2
src_java_org_apache_lucene_index_IndexWriter.java,1808,warning,2
src_java_org_apache_lucene_index_IndexWriter.java,1256,warning,2
src_java_org_apache_lucene_index_IndexWriter.java,1151,warning,2
src_java_org_apache_lucene_index_IndexWriter.java,2318,warning,2
src_java_org_apache_lucene_index_IndexWriter.java,1729,warning,2
src_java_org_apache_lucene_index_IndexWriter.java,2289,warning,2
src_java_org_apache_lucene_index_IndexWriter.java,566,warning,2
src_java_org_apache_lucene_index_IndexWriter.java,484,warning,2
src_java_org_apache_lucene_index_IndexWriter.java,1518,warning,2
src_java_org_apache_lucene_index_IndexWriter.java,3440,warning,2
src_java_org_apache_lucene_index_IndexWriter.java,4039,error,1
src_java_org_apache_lucene_index_IndexWriter.java,4696,warning,2
src_java_org_apache_lucene_index_IndexWriter.java,1243,warning,2
src_java_org_apache_lucene_index_IndexWriter.java,2532,warning,2
src_java_org_apache_lucene_index_IndexWriter.java,3874,warning,2
src_java_org_apache_lucene_index_IndexWriter.java,1763,warning,2
src_java_org_apache_lucene_index_IndexWriter.java,2785,warning,2
src_java_org_apache_lucene_index_IndexWriter.java,4397,warning,2
src_java_org_apache_lucene_index_IndexWriter.java,3859,warning,2
src_java_org_apache_lucene_index_IndexWriter.java,2103,warning,2
src_java_org_apache_lucene_index_IndexWriter.java,4251,warning,2
src_java_org_apache_lucene_index_IndexWriter.java,2939,warning,2
src_java_org_apache_lucene_index_IndexWriter.java,2588,warning,2
src_java_org_apache_lucene_index_IndexWriter.java,4304,warning,2
src_java_org_apache_lucene_index_IndexWriter.java,1903,warning,2
src_java_org_apache_lucene_index_IndexWriter.java,1364,error,1
src_java_org_apache_lucene_index_IndexWriter.java,4602,error,1
src_java_org_apache_lucene_index_IndexWriter.java,2613,warning,2
src_java_org_apache_lucene_index_IndexWriter.java,1750,warning,2
src_java_org_apache_lucene_index_IndexWriter.java,3582,warning,2
src_java_org_apache_lucene_index_IndexWriter.java,1768,warning,2
src_java_org_apache_lucene_index_IndexWriter.java,2604,error,1
src_java_org_apache_lucene_index_IndexWriter.java,2512,warning,2
src_java_org_apache_lucene_index_IndexWriter.java,3746,warning,2
src_java_org_apache_lucene_index_IndexWriter.java,1701,warning,2
src_java_org_apache_lucene_index_IndexWriter.java,1776,warning,2
src_java_org_apache_lucene_index_IndexWriter.java,3091,error,1
src_java_org_apache_lucene_index_IndexWriter.java,1365,warning,2
src_java_org_apache_lucene_index_IndexWriter.java,2828,warning,2
src_java_org_apache_lucene_index_IndexWriter.java,2269,error,1
src_java_org_apache_lucene_index_IndexWriter.java,4218,warning,2
src_java_org_apache_lucene_index_IndexWriter.java,2934,error,1
src_java_org_apache_lucene_index_IndexWriter.java,4375,warning,2
src_java_org_apache_lucene_index_IndexWriter.java,498,warning,2
src_java_org_apache_lucene_index_IndexWriter.java,670,warning,2
src_java_org_apache_lucene_index_IndexWriter.java,3136,warning,2
src_java_org_apache_lucene_index_IndexWriter.java,3646,warning,2
src_java_org_apache_lucene_index_IndexWriter.java,3743,warning,2
src_java_org_apache_lucene_index_IndexWriter.java,3958,warning,2
src_java_org_apache_lucene_index_IndexWriter.java,927,error,1
src_java_org_apache_lucene_index_IndexWriter.java,4255,error,1
src_java_org_apache_lucene_index_IndexWriter.java,750,error,1
src_java_org_apache_lucene_index_IndexWriter.java,1727,warning,2
src_java_org_apache_lucene_index_IndexWriter.java,1359,warning,2
src_java_org_apache_lucene_index_IndexWriter.java,1140,error,1
src_java_org_apache_lucene_index_IndexWriter.java,2459,warning,2
src_java_org_apache_lucene_index_IndexWriter.java,2619,warning,2
src_java_org_apache_lucene_index_IndexWriter.java,2811,warning,2
src_java_org_apache_lucene_index_IndexWriter.java,1402,warning,2
src_java_org_apache_lucene_index_IndexWriter.java,4134,warning,2
src_java_org_apache_lucene_index_IndexWriter.java,4077,warning,2
src_java_org_apache_lucene_index_IndexWriter.java,653,warning,2
src_java_org_apache_lucene_index_IndexWriter.java,3968,warning,2
src_java_org_apache_lucene_index_IndexWriter.java,649,warning,2
src_java_org_apache_lucene_index_IndexWriter.java,509,warning,2
src_java_org_apache_lucene_index_IndexWriter.java,2111,warning,2
src_java_org_apache_lucene_index_IndexWriter.java,564,error,1
src_java_org_apache_lucene_index_IndexWriter.java,3354,warning,2
src_java_org_apache_lucene_index_IndexWriter.java,3678,error,1
src_java_org_apache_lucene_index_IndexWriter.java,3744,warning,2
src_java_org_apache_lucene_index_IndexWriter.java,1743,warning,2
src_java_org_apache_lucene_index_IndexWriter.java,4588,error,1
src_java_org_apache_lucene_index_IndexWriter.java,1538,error,1
src_java_org_apache_lucene_index_IndexWriter.java,1372,warning,2
src_java_org_apache_lucene_index_IndexWriter.java,4698,warning,2
src_java_org_apache_lucene_index_IndexWriter.java,4095,warning,2
src_java_org_apache_lucene_index_IndexWriter.java,864,warning,2
src_java_org_apache_lucene_index_IndexWriter.java,546,warning,2
src_java_org_apache_lucene_index_IndexWriter.java,1024,error,1
src_java_org_apache_lucene_index_IndexWriter.java,1013,error,1
src_java_org_apache_lucene_index_IndexWriter.java,3011,warning,2
src_java_org_apache_lucene_index_IndexWriter.java,1822,warning,2
src_java_org_apache_lucene_index_IndexWriter.java,2345,warning,2
src_java_org_apache_lucene_index_IndexWriter.java,3112,warning,2
src_java_org_apache_lucene_index_IndexWriter.java,1174,warning,2
src_java_org_apache_lucene_index_IndexWriter.java,3686,error,1
src_java_org_apache_lucene_index_IndexWriter.java,2616,warning,2
src_java_org_apache_lucene_index_IndexWriter.java,412,warning,2
src_java_org_apache_lucene_index_IndexWriter.java,1720,warning,2
src_java_org_apache_lucene_index_IndexWriter.java,3003,error,1
src_java_org_apache_lucene_index_IndexWriter.java,36,warning,2
src_java_org_apache_lucene_index_IndexWriter.java,2056,warning,2
src_java_org_apache_lucene_index_IndexWriter.java,1760,warning,2
src_java_org_apache_lucene_index_IndexWriter.java,1255,error,1
src_java_org_apache_lucene_index_IndexWriter.java,3696,warning,2
src_java_org_apache_lucene_index_IndexWriter.java,4749,error,1
src_java_org_apache_lucene_index_IndexWriter.java,933,warning,2
src_java_org_apache_lucene_index_IndexWriter.java,1833,error,1
src_java_org_apache_lucene_index_IndexWriter.java,4469,warning,2
src_java_org_apache_lucene_index_IndexWriter.java,902,warning,2
src_java_org_apache_lucene_index_IndexWriter.java,1258,warning,2
src_java_org_apache_lucene_index_IndexWriter.java,1070,warning,2
src_java_org_apache_lucene_index_IndexWriter.java,3641,warning,2
src_java_org_apache_lucene_index_IndexWriter.java,3924,warning,2
src_java_org_apache_lucene_index_IndexWriter.java,555,warning,2
src_java_org_apache_lucene_index_IndexWriter.java,1989,error,1
src_java_org_apache_lucene_index_IndexWriter.java,3529,warning,2
src_java_org_apache_lucene_index_IndexWriter.java,2917,error,1
src_java_org_apache_lucene_index_IndexWriter.java,4092,warning,2
src_java_org_apache_lucene_index_IndexWriter.java,3020,warning,2
src_java_org_apache_lucene_index_IndexWriter.java,4091,warning,2
src_java_org_apache_lucene_index_IndexWriter.java,660,warning,2
src_java_org_apache_lucene_index_IndexWriter.java,3254,warning,2
src_java_org_apache_lucene_index_IndexWriter.java,4364,warning,2
src_java_org_apache_lucene_index_IndexWriter.java,4537,warning,2
src_java_org_apache_lucene_index_IndexWriter.java,3079,error,1
src_java_org_apache_lucene_index_IndexWriter.java,4088,warning,2
src_java_org_apache_lucene_index_IndexWriter.java,3206,warning,2
src_java_org_apache_lucene_index_IndexWriter.java,2401,warning,2
src_java_org_apache_lucene_index_IndexWriter.java,3659,error,1
src_java_org_apache_lucene_index_IndexWriter.java,3139,warning,2
src_java_org_apache_lucene_index_IndexWriter.java,4109,warning,2
src_java_org_apache_lucene_index_IndexWriter.java,646,warning,2
src_java_org_apache_lucene_index_IndexWriter.java,2382,error,1
src_java_org_apache_lucene_index_IndexWriter.java,4487,error,1
src_java_org_apache_lucene_index_IndexWriter.java,3966,error,1
src_java_org_apache_lucene_index_IndexWriter.java,1187,warning,2
src_java_org_apache_lucene_index_IndexWriter.java,2850,warning,2
src_java_org_apache_lucene_index_IndexWriter.java,3847,warning,2
src_java_org_apache_lucene_index_IndexWriter.java,634,warning,2
src_java_org_apache_lucene_index_IndexWriter.java,2096,warning,2
src_java_org_apache_lucene_index_IndexWriter.java,3567,warning,2
src_java_org_apache_lucene_index_IndexWriter.java,493,warning,2
src_java_org_apache_lucene_index_IndexWriter.java,2278,error,1
src_java_org_apache_lucene_index_IndexWriter.java,3482,error,1
src_java_org_apache_lucene_index_IndexWriter.java,4461,warning,2
src_java_org_apache_lucene_index_IndexWriter.java,4290,warning,2
src_java_org_apache_lucene_index_IndexWriter.java,4512,warning,2
src_java_org_apache_lucene_index_IndexWriter.java,3988,warning,2
src_java_org_apache_lucene_index_IndexWriter.java,1054,warning,2
src_java_org_apache_lucene_index_IndexWriter.java,563,error,1
src_java_org_apache_lucene_index_IndexWriter.java,3004,warning,2
src_java_org_apache_lucene_index_IndexWriter.java,2502,warning,2
src_java_org_apache_lucene_index_IndexWriter.java,3412,warning,2
src_java_org_apache_lucene_index_IndexWriter.java,3870,warning,2
src_java_org_apache_lucene_index_IndexWriter.java,3852,warning,2
src_java_org_apache_lucene_index_IndexWriter.java,2868,warning,2
src_java_org_apache_lucene_index_IndexWriter.java,1529,error,1
src_java_org_apache_lucene_index_IndexWriter.java,382,warning,2
src_java_org_apache_lucene_index_IndexWriter.java,1708,warning,2
src_java_org_apache_lucene_index_IndexWriter.java,4368,warning,2
src_java_org_apache_lucene_index_IndexWriter.java,250,error,1
src_java_org_apache_lucene_index_IndexWriter.java,4078,warning,2
src_java_org_apache_lucene_index_IndexWriter.java,3340,warning,2
src_java_org_apache_lucene_index_IndexWriter.java,4683,warning,2
src_java_org_apache_lucene_index_IndexWriter.java,1491,warning,2
src_java_org_apache_lucene_index_IndexWriter.java,1321,warning,2
src_java_org_apache_lucene_index_IndexWriter.java,442,warning,2
src_java_org_apache_lucene_index_IndexWriter.java,1950,warning,2
src_java_org_apache_lucene_index_IndexWriter.java,2484,warning,2
src_java_org_apache_lucene_index_IndexWriter.java,3133,warning,2
src_java_org_apache_lucene_index_IndexWriter.java,3979,warning,2
src_java_org_apache_lucene_index_IndexWriter.java,2497,warning,2
src_java_org_apache_lucene_index_IndexWriter.java,3095,warning,2
src_java_org_apache_lucene_index_IndexWriter.java,2815,warning,2
src_java_org_apache_lucene_index_IndexWriter.java,2369,error,1
src_java_org_apache_lucene_index_IndexWriter.java,3672,warning,2
src_java_org_apache_lucene_index_IndexWriter.java,3748,warning,2
src_java_org_apache_lucene_index_IndexWriter.java,2012,warning,2
src_java_org_apache_lucene_index_IndexWriter.java,4303,warning,2
src_java_org_apache_lucene_index_IndexWriter.java,3492,warning,2
src_java_org_apache_lucene_index_IndexWriter.java,591,warning,2
src_java_org_apache_lucene_index_IndexWriter.java,3116,warning,2
src_java_org_apache_lucene_index_IndexWriter.java,3763,error,1
src_java_org_apache_lucene_index_IndexWriter.java,2086,warning,2
src_java_org_apache_lucene_index_IndexWriter.java,733,error,1
src_java_org_apache_lucene_index_IndexWriter.java,4015,warning,2
src_java_org_apache_lucene_index_IndexWriter.java,1699,error,1
src_java_org_apache_lucene_index_IndexWriter.java,4150,warning,2
src_java_org_apache_lucene_index_IndexWriter.java,3212,warning,2
src_java_org_apache_lucene_index_IndexWriter.java,4063,error,1
src_java_org_apache_lucene_index_IndexWriter.java,2997,warning,2
src_java_org_apache_lucene_index_IndexWriter.java,966,warning,2
src_java_org_apache_lucene_index_IndexWriter.java,4439,warning,2
src_java_org_apache_lucene_index_IndexWriter.java,2057,warning,2
src_java_org_apache_lucene_index_IndexWriter.java,2903,warning,2
src_java_org_apache_lucene_index_IndexWriter.java,4557,warning,2
src_java_org_apache_lucene_index_IndexWriter.java,4438,warning,2
src_java_org_apache_lucene_index_IndexWriter.java,3695,warning,2
src_java_org_apache_lucene_index_IndexWriter.java,3037,warning,2
src_java_org_apache_lucene_index_IndexWriter.java,2493,warning,2
src_java_org_apache_lucene_index_IndexWriter.java,3357,warning,2
src_java_org_apache_lucene_index_IndexWriter.java,37,warning,2
src_java_org_apache_lucene_index_IndexWriter.java,2905,error,1
src_java_org_apache_lucene_index_IndexWriter.java,2732,warning,2
src_java_org_apache_lucene_index_IndexWriter.java,387,warning,2
src_java_org_apache_lucene_index_IndexWriter.java,3480,error,1
src_java_org_apache_lucene_index_IndexWriter.java,4090,warning,2
src_java_org_apache_lucene_index_IndexWriter.java,4365,error,1
src_java_org_apache_lucene_index_IndexWriter.java,2817,error,1
src_java_org_apache_lucene_index_IndexWriter.java,1474,warning,2
src_java_org_apache_lucene_index_IndexWriter.java,935,warning,2
src_java_org_apache_lucene_index_IndexWriter.java,4513,error,1
src_java_org_apache_lucene_index_IndexWriter.java,4481,warning,2
src_java_org_apache_lucene_index_IndexWriter.java,2810,warning,2
src_java_org_apache_lucene_index_IndexWriter.java,3370,warning,2
src_java_org_apache_lucene_index_IndexWriter.java,2572,error,1
src_java_org_apache_lucene_index_IndexWriter.java,3060,warning,2
src_java_org_apache_lucene_index_IndexWriter.java,1173,warning,2
src_java_org_apache_lucene_index_IndexWriter.java,647,warning,2
src_java_org_apache_lucene_index_IndexWriter.java,2106,warning,2
src_java_org_apache_lucene_index_IndexWriter.java,1809,warning,2
src_java_org_apache_lucene_index_IndexWriter.java,1275,warning,2
src_java_org_apache_lucene_index_IndexWriter.java,1290,error,1
src_java_org_apache_lucene_index_IndexWriter.java,4324,warning,2
src_java_org_apache_lucene_index_IndexWriter.java,4384,warning,2
src_java_org_apache_lucene_index_IndexWriter.java,4158,error,1
src_java_org_apache_lucene_index_IndexWriter.java,1951,warning,2
src_java_org_apache_lucene_index_IndexWriter.java,2015,warning,2
src_java_org_apache_lucene_index_IndexWriter.java,675,warning,2
src_java_org_apache_lucene_index_IndexWriter.java,1074,warning,2
src_java_org_apache_lucene_index_IndexWriter.java,2416,warning,2
src_java_org_apache_lucene_index_IndexWriter.java,550,warning,2
src_java_org_apache_lucene_index_IndexWriter.java,3707,error,1
src_java_org_apache_lucene_index_IndexWriter.java,4052,error,1
src_java_org_apache_lucene_index_IndexWriter.java,1689,warning,2
src_java_org_apache_lucene_index_IndexWriter.java,3062,warning,2
src_java_org_apache_lucene_index_IndexWriter.java,863,warning,2
src_java_org_apache_lucene_index_IndexWriter.java,3250,error,1
src_java_org_apache_lucene_index_IndexWriter.java,2694,warning,2
src_java_org_apache_lucene_index_IndexWriter.java,1257,warning,2
src_java_org_apache_lucene_index_IndexWriter.java,4495,warning,2
src_java_org_apache_lucene_index_IndexWriter.java,1523,warning,2
src_java_org_apache_lucene_index_IndexWriter.java,4055,warning,2
src_java_org_apache_lucene_index_IndexWriter.java,3574,warning,2
src_java_org_apache_lucene_index_IndexWriter.java,3046,warning,2
src_java_org_apache_lucene_index_IndexWriter.java,4126,error,1
src_java_org_apache_lucene_index_IndexWriter.java,285,error,1
src_java_org_apache_lucene_index_IndexWriter.java,2258,error,1
src_java_org_apache_lucene_index_IndexWriter.java,2982,warning,2
src_java_org_apache_lucene_index_IndexWriter.java,1940,warning,2
src_java_org_apache_lucene_index_IndexWriter.java,1611,error,1
src_java_org_apache_lucene_index_IndexWriter.java,223,error,1
src_java_org_apache_lucene_index_IndexWriter.java,3953,error,1
src_java_org_apache_lucene_index_IndexWriter.java,4084,warning,2
src_java_org_apache_lucene_index_IndexWriter.java,4051,warning,2
src_java_org_apache_lucene_index_IndexWriter.java,645,warning,2
src_java_org_apache_lucene_index_IndexWriter.java,2100,warning,2
src_java_org_apache_lucene_index_IndexWriter.java,1116,warning,2
src_java_org_apache_lucene_index_IndexWriter.java,3489,error,1
src_java_org_apache_lucene_index_IndexWriter.java,462,warning,2
src_java_org_apache_lucene_index_IndexWriter.java,1125,warning,2
src_java_org_apache_lucene_index_IndexWriter.java,2618,warning,2
src_java_org_apache_lucene_index_IndexWriter.java,1761,warning,2
src_java_org_apache_lucene_index_IndexWriter.java,1185,warning,2
src_java_org_apache_lucene_index_IndexWriter.java,2468,warning,2
src_java_org_apache_lucene_index_IndexWriter.java,3905,warning,2
src_java_org_apache_lucene_index_IndexWriter.java,1084,warning,2
src_java_org_apache_lucene_index_IndexWriter.java,1413,warning,2
src_java_org_apache_lucene_index_IndexWriter.java,1941,error,1
src_java_org_apache_lucene_index_IndexWriter.java,556,warning,2
src_java_org_apache_lucene_index_IndexWriter.java,3879,warning,2
src_java_org_apache_lucene_index_IndexWriter.java,3739,error,1
src_java_org_apache_lucene_index_IndexWriter.java,1133,error,1
src_java_org_apache_lucene_index_IndexWriter.java,4624,warning,2
src_java_org_apache_lucene_index_IndexWriter.java,2565,error,1
src_java_org_apache_lucene_index_IndexWriter.java,4695,warning,2
src_java_org_apache_lucene_index_IndexWriter.java,3481,warning,2
src_java_org_apache_lucene_index_IndexWriter.java,1509,error,1
src_java_org_apache_lucene_index_IndexWriter.java,692,warning,2
src_java_org_apache_lucene_index_IndexWriter.java,2319,warning,2
src_java_org_apache_lucene_index_IndexWriter.java,2575,warning,2
src_java_org_apache_lucene_index_IndexWriter.java,213,error,1
src_java_org_apache_lucene_index_IndexWriter.java,4276,error,1
src_java_org_apache_lucene_index_IndexWriter.java,3070,warning,2
src_java_org_apache_lucene_index_IndexWriter.java,1536,warning,2
src_java_org_apache_lucene_index_IndexWriter.java,4668,warning,2
src_java_org_apache_lucene_index_IndexWriter.java,3267,warning,2
src_java_org_apache_lucene_index_IndexWriter.java,1707,warning,2
src_java_org_apache_lucene_index_IndexWriter.java,3635,warning,2
src_java_org_apache_lucene_index_IndexWriter.java,2878,warning,2
src_java_org_apache_lucene_index_IndexWriter.java,4253,error,1
src_java_org_apache_lucene_index_IndexWriter.java,576,warning,2
src_java_org_apache_lucene_index_IndexWriter.java,2751,warning,2
src_java_org_apache_lucene_index_IndexWriter.java,4295,warning,2
src_java_org_apache_lucene_index_IndexWriter.java,1071,warning,2
src_java_org_apache_lucene_index_IndexWriter.java,2316,warning,2
src_java_org_apache_lucene_index_IndexWriter.java,3188,warning,2
src_java_org_apache_lucene_index_IndexWriter.java,3234,warning,2
src_java_org_apache_lucene_index_IndexWriter.java,252,error,1
src_java_org_apache_lucene_index_IndexWriter.java,954,warning,2
src_java_org_apache_lucene_index_IndexWriter.java,620,warning,2
src_java_org_apache_lucene_index_IndexWriter.java,3378,warning,2
src_java_org_apache_lucene_index_IndexWriter.java,3765,warning,2
src_java_org_apache_lucene_index_IndexWriter.java,401,warning,2
src_java_org_apache_lucene_index_IndexWriter.java,3467,warning,2
src_java_org_apache_lucene_index_IndexWriter.java,1209,error,1
src_java_org_apache_lucene_index_IndexWriter.java,3931,warning,2
src_java_org_apache_lucene_index_IndexWriter.java,4346,warning,2
src_java_org_apache_lucene_index_IndexWriter.java,440,error,1
src_java_org_apache_lucene_index_IndexWriter.java,1307,error,1
src_java_org_apache_lucene_index_IndexWriter.java,1990,warning,2
src_java_org_apache_lucene_index_IndexWriter.java,1246,error,1
src_java_org_apache_lucene_index_IndexWriter.java,2833,warning,2
src_java_org_apache_lucene_index_IndexWriter.java,3217,warning,2
src_java_org_apache_lucene_index_IndexWriter.java,3798,warning,2
src_java_org_apache_lucene_index_IndexWriter.java,4386,warning,2
src_java_org_apache_lucene_index_IndexWriter.java,516,warning,2
src_java_org_apache_lucene_index_IndexWriter.java,4355,warning,2
src_java_org_apache_lucene_index_IndexWriter.java,694,warning,2
src_java_org_apache_lucene_index_IndexWriter.java,1639,warning,2
src_java_org_apache_lucene_index_IndexWriter.java,685,error,1
src_java_org_apache_lucene_index_IndexWriter.java,3634,warning,2
src_java_org_apache_lucene_index_IndexWriter.java,4699,warning,2
src_java_org_apache_lucene_index_IndexWriter.java,3922,warning,2
src_java_org_apache_lucene_index_IndexWriter.java,2646,warning,2
src_java_org_apache_lucene_index_IndexWriter.java,4594,error,1
src_java_org_apache_lucene_index_IndexWriter.java,2706,warning,2
src_java_org_apache_lucene_index_IndexWriter.java,4430,warning,2
src_java_org_apache_lucene_index_IndexWriter.java,4820,error,1
src_java_org_apache_lucene_index_IndexWriter.java,2591,warning,2
src_java_org_apache_lucene_index_IndexWriter.java,3757,warning,2
src_java_org_apache_lucene_index_IndexWriter.java,655,warning,2
src_java_org_apache_lucene_index_IndexWriter.java,3068,warning,2
src_java_org_apache_lucene_index_IndexWriter.java,1997,warning,2
src_java_org_apache_lucene_index_IndexWriter.java,4621,warning,2
src_java_org_apache_lucene_index_IndexWriter.java,1477,warning,2
src_java_org_apache_lucene_index_IndexWriter.java,2285,warning,2
src_java_org_apache_lucene_index_IndexWriter.java,3682,warning,2
src_java_org_apache_lucene_index_IndexWriter.java,4519,warning,2
src_java_org_apache_lucene_index_IndexWriter.java,3463,warning,2
src_java_org_apache_lucene_index_IndexWriter.java,420,error,1
src_java_org_apache_lucene_index_IndexWriter.java,4141,error,1
src_java_org_apache_lucene_index_IndexWriter.java,1003,warning,2
src_java_org_apache_lucene_index_IndexWriter.java,245,error,1
src_java_org_apache_lucene_index_IndexWriter.java,734,warning,2
src_java_org_apache_lucene_index_IndexWriter.java,714,warning,2
src_java_org_apache_lucene_index_IndexWriter.java,3766,warning,2
src_java_org_apache_lucene_index_IndexWriter.java,1476,warning,2
src_java_org_apache_lucene_index_IndexWriter.java,2560,warning,2
src_java_org_apache_lucene_index_IndexWriter.java,4493,error,1
src_java_org_apache_lucene_index_IndexWriter.java,648,warning,2
src_java_org_apache_lucene_index_IndexWriter.java,4701,warning,2
src_java_org_apache_lucene_index_IndexWriter.java,736,warning,2
src_java_org_apache_lucene_index_IndexWriter.java,3663,warning,2
src_java_org_apache_lucene_index_IndexWriter.java,3956,warning,2
src_java_org_apache_lucene_index_IndexWriter.java,2695,warning,2
src_java_org_apache_lucene_index_IndexWriter.java,1993,error,1
src_java_org_apache_lucene_index_IndexWriter.java,3439,warning,2
src_java_org_apache_lucene_index_IndexWriter.java,466,warning,2
src_java_org_apache_lucene_index_IndexWriter.java,1058,warning,2
src_java_org_apache_lucene_index_IndexWriter.java,4050,error,1
src_java_org_apache_lucene_index_IndexWriter.java,963,warning,2
src_java_org_apache_lucene_index_IndexWriter.java,3997,error,1
src_java_org_apache_lucene_index_IndexWriter.java,1974,warning,2
src_java_org_apache_lucene_index_IndexWriter.java,3262,error,1
src_java_org_apache_lucene_index_IndexWriter.java,4006,warning,2
src_java_org_apache_lucene_index_IndexWriter.java,3794,error,1
src_java_org_apache_lucene_index_IndexWriter.java,2370,warning,2
src_java_org_apache_lucene_index_IndexWriter.java,3285,warning,2
src_java_org_apache_lucene_index_IndexWriter.java,1027,warning,2
src_java_org_apache_lucene_index_IndexWriter.java,2088,warning,2
src_java_org_apache_lucene_index_IndexWriter.java,3941,error,1
src_java_org_apache_lucene_index_IndexWriter.java,2742,warning,2
src_java_org_apache_lucene_index_IndexWriter.java,1786,warning,2
src_java_org_apache_lucene_index_IndexWriter.java,1097,warning,2
src_java_org_apache_lucene_index_IndexWriter.java,275,error,1
src_java_org_apache_lucene_index_IndexWriter.java,4590,warning,2
src_java_org_apache_lucene_index_IndexWriter.java,4534,warning,2
src_java_org_apache_lucene_index_IndexWriter.java,4518,warning,2
src_java_org_apache_lucene_index_IndexWriter.java,2834,warning,2
src_java_org_apache_lucene_index_IndexWriter.java,4070,error,1
src_java_org_apache_lucene_index_IndexWriter.java,735,error,1
src_java_org_apache_lucene_index_IndexWriter.java,3914,warning,2
src_java_org_apache_lucene_index_IndexWriter.java,3413,warning,2
src_java_org_apache_lucene_index_IndexWriter.java,1697,warning,2
src_java_org_apache_lucene_index_IndexWriter.java,4532,warning,2
src_java_org_apache_lucene_index_IndexWriter.java,1777,warning,2
src_java_org_apache_lucene_index_IndexWriter.java,1121,warning,2
src_java_org_apache_lucene_index_IndexWriter.java,2280,warning,2
src_java_org_apache_lucene_index_IndexWriter.java,2387,error,1
src_java_org_apache_lucene_index_IndexWriter.java,4648,warning,2
src_java_org_apache_lucene_index_IndexWriter.java,4778,warning,2
src_java_org_apache_lucene_index_IndexWriter.java,1065,warning,2
src_java_org_apache_lucene_index_IndexWriter.java,1802,warning,2
src_java_org_apache_lucene_index_IndexWriter.java,1698,warning,2
src_java_org_apache_lucene_index_IndexWriter.java,2792,warning,2
src_java_org_apache_lucene_index_IndexWriter.java,703,error,1
src_java_org_apache_lucene_index_IndexWriter.java,3358,warning,2
src_java_org_apache_lucene_index_IndexWriter.java,295,error,1
src_java_org_apache_lucene_index_IndexWriter.java,4738,warning,2
src_java_org_apache_lucene_index_IndexWriter.java,3009,warning,2
src_java_org_apache_lucene_index_IndexWriter.java,4688,warning,2
src_java_org_apache_lucene_index_IndexWriter.java,2884,warning,2
src_java_org_apache_lucene_index_IndexWriter.java,2533,warning,2
src_java_org_apache_lucene_index_IndexWriter.java,3926,warning,2
src_java_org_apache_lucene_index_IndexWriter.java,4533,error,1
src_java_org_apache_lucene_index_IndexWriter.java,1630,warning,2
src_java_org_apache_lucene_index_IndexWriter.java,3356,warning,2
src_java_org_apache_lucene_index_IndexWriter.java,565,warning,2
src_java_org_apache_lucene_index_IndexWriter.java,3248,warning,2
src_java_org_apache_lucene_index_IndexWriter.java,1702,warning,2
src_java_org_apache_lucene_index_IndexWriter.java,3813,error,1
src_java_org_apache_lucene_index_IndexWriter.java,414,error,1
src_java_org_apache_lucene_index_IndexWriter.java,1103,warning,2
src_java_org_apache_lucene_index_IndexWriter.java,2602,warning,2
src_java_org_apache_lucene_index_IndexWriter.java,2709,warning,2
src_java_org_apache_lucene_index_IndexWriter.java,3113,warning,2
src_java_org_apache_lucene_index_IndexWriter.java,590,warning,2
src_java_org_apache_lucene_index_IndexWriter.java,1016,warning,2
src_java_org_apache_lucene_index_IndexWriter.java,3015,warning,2
src_java_org_apache_lucene_index_IndexWriter.java,4174,warning,2
src_java_org_apache_lucene_index_IndexWriter.java,4859,warning,2
src_java_org_apache_lucene_index_IndexWriter.java,1014,warning,2
src_java_org_apache_lucene_index_IndexWriter.java,1099,warning,2
src_java_org_apache_lucene_index_IndexWriter.java,1747,error,1
src_java_org_apache_lucene_index_IndexWriter.java,2929,warning,2
src_java_org_apache_lucene_index_IndexWriter.java,503,warning,2
src_java_org_apache_lucene_index_IndexWriter.java,2035,warning,2
src_java_org_apache_lucene_index_IndexWriter.java,4450,warning,2
src_java_org_apache_lucene_index_IndexWriter.java,3890,warning,2
src_java_org_apache_lucene_index_IndexWriter.java,3477,warning,2
src_java_org_apache_lucene_index_IndexWriter.java,4318,error,1
src_java_org_apache_lucene_index_IndexWriter.java,4153,warning,2
src_java_org_apache_lucene_index_IndexWriter.java,1753,warning,2
src_java_org_apache_lucene_index_IndexWriter.java,3876,warning,2
src_java_org_apache_lucene_index_IndexWriter.java,4463,warning,2
src_java_org_apache_lucene_index_IndexWriter.java,2033,warning,2
src_java_org_apache_lucene_index_IndexWriter.java,3581,warning,2
src_java_org_apache_lucene_index_IndexWriter.java,2823,warning,2
src_java_org_apache_lucene_index_IndexWriter.java,2121,warning,2
src_java_org_apache_lucene_index_IndexWriter.java,888,warning,2
src_java_org_apache_lucene_index_IndexWriter.java,2668,warning,2
src_java_org_apache_lucene_index_IndexWriter.java,2796,warning,2
src_java_org_apache_lucene_index_IndexWriter.java,717,warning,2
src_java_org_apache_lucene_index_IndexWriter.java,1998,warning,2
src_java_org_apache_lucene_index_IndexWriter.java,4769,warning,2
src_java_org_apache_lucene_index_IndexWriter.java,3063,warning,2
src_java_org_apache_lucene_index_IndexWriter.java,1147,warning,2
src_java_org_apache_lucene_index_IndexWriter.java,3947,warning,2
src_java_org_apache_lucene_index_IndexWriter.java,4704,warning,2
src_java_org_apache_lucene_index_IndexWriter.java,2090,error,1
src_java_org_apache_lucene_index_IndexWriter.java,4204,warning,2
src_java_org_apache_lucene_index_IndexWriter.java,720,warning,2
src_java_org_apache_lucene_index_IndexWriter.java,3580,warning,2
src_java_org_apache_lucene_index_IndexWriter.java,4232,warning,2
src_java_org_apache_lucene_index_IndexWriter.java,4008,error,1
src_java_org_apache_lucene_index_IndexWriter.java,3271,warning,2
src_java_org_apache_lucene_index_IndexWriter.java,1303,warning,2
src_java_org_apache_lucene_index_IndexWriter.java,1177,warning,2
src_java_org_apache_lucene_index_IndexWriter.java,1705,error,1
src_java_org_apache_lucene_index_IndexWriter.java,880,warning,2
src_java_org_apache_lucene_index_IndexWriter.java,1158,warning,2
src_java_org_apache_lucene_index_IndexWriter.java,1680,error,1
src_java_org_apache_lucene_index_IndexWriter.java,608,warning,2
src_java_org_apache_lucene_index_IndexWriter.java,4746,warning,2
src_java_org_apache_lucene_index_IndexWriter.java,4579,warning,2
src_java_org_apache_lucene_index_IndexWriter.java,4690,warning,2
src_java_org_apache_lucene_index_IndexWriter.java,631,warning,2
src_java_org_apache_lucene_index_IndexWriter.java,2310,warning,2
src_java_org_apache_lucene_index_IndexWriter.java,3029,warning,2
src_java_org_apache_lucene_index_IndexWriter.java,4483,warning,2
src_java_org_apache_lucene_index_IndexWriter.java,1367,warning,2
src_java_org_apache_lucene_index_IndexWriter.java,569,warning,2
src_java_org_apache_lucene_index_IndexWriter.java,4356,error,1
src_java_org_apache_lucene_index_IndexWriter.java,768,warning,2
src_java_org_apache_lucene_index_IndexWriter.java,3283,warning,2
src_java_org_apache_lucene_index_IndexWriter.java,4193,warning,2
src_java_org_apache_lucene_index_IndexWriter.java,2080,warning,2
src_java_org_apache_lucene_index_IndexWriter.java,2717,error,1
src_java_org_apache_lucene_index_IndexWriter.java,1309,warning,2
src_java_org_apache_lucene_index_IndexWriter.java,2763,warning,2
src_java_org_apache_lucene_index_IndexWriter.java,4316,warning,2
src_java_org_apache_lucene_index_IndexWriter.java,3457,warning,2
src_java_org_apache_lucene_index_IndexWriter.java,3887,error,1
src_java_org_apache_lucene_index_IndexWriter.java,4807,error,1
src_java_org_apache_lucene_index_IndexWriter.java,2365,warning,2
src_java_org_apache_lucene_index_IndexWriter.java,201,error,1
src_java_org_apache_lucene_index_IndexWriter.java,4597,warning,2
src_java_org_apache_lucene_index_IndexWriter.java,3688,error,1
src_java_org_apache_lucene_index_IndexWriter.java,2393,warning,2
src_java_org_apache_lucene_index_IndexWriter.java,4412,warning,2
src_java_org_apache_lucene_index_IndexWriter.java,4358,warning,2
src_java_org_apache_lucene_index_IndexWriter.java,4178,warning,2
src_java_org_apache_lucene_index_IndexWriter.java,4506,error,1
src_java_org_apache_lucene_index_IndexWriter.java,642,error,1
src_java_org_apache_lucene_index_IndexWriter.java,2896,warning,2
src_java_org_apache_lucene_index_IndexWriter.java,3825,warning,2
src_java_org_apache_lucene_index_IndexWriter.java,2587,warning,2
src_java_org_apache_lucene_index_IndexWriter.java,3253,warning,2
src_java_org_apache_lucene_index_IndexWriter.java,688,error,1
src_java_org_apache_lucene_index_IndexWriter.java,4507,warning,2
src_java_org_apache_lucene_index_IndexWriter.java,1473,error,1
src_java_org_apache_lucene_index_IndexWriter.java,376,warning,2
src_java_org_apache_lucene_index_IndexWriter.java,456,warning,2
src_java_org_apache_lucene_index_IndexWriter.java,4428,warning,2
src_java_org_apache_lucene_index_IndexWriter.java,1671,warning,2
src_java_org_apache_lucene_index_IndexWriter.java,1155,warning,2
src_java_org_apache_lucene_index_IndexWriter.java,3888,warning,2
src_java_org_apache_lucene_index_IndexWriter.java,4187,warning,2
src_java_org_apache_lucene_index_IndexWriter.java,4147,error,1
src_java_org_apache_lucene_index_IndexWriter.java,3437,warning,2
src_java_org_apache_lucene_index_IndexWriter.java,3774,error,1
src_java_org_apache_lucene_index_IndexWriter.java,3841,warning,2
src_java_org_apache_lucene_index_IndexWriter.java,611,warning,2
src_java_org_apache_lucene_index_IndexWriter.java,2720,warning,2
src_java_org_apache_lucene_index_IndexWriter.java,477,warning,2
src_java_org_apache_lucene_index_IndexWriter.java,4723,warning,2
src_java_org_apache_lucene_index_IndexWriter.java,4005,error,1
src_java_org_apache_lucene_index_IndexWriter.java,716,warning,2
src_java_org_apache_lucene_index_IndexWriter.java,4106,warning,2
src_java_org_apache_lucene_index_IndexWriter.java,1901,error,1
src_java_org_apache_lucene_index_IndexWriter.java,495,warning,2
src_java_org_apache_lucene_index_IndexWriter.java,3626,warning,2
src_java_org_apache_lucene_index_IndexWriter.java,1965,error,1
src_java_org_apache_lucene_index_IndexWriter.java,419,warning,2
src_java_org_apache_lucene_index_IndexWriter.java,4497,warning,2
src_java_org_apache_lucene_index_IndexWriter.java,4328,warning,2
src_java_org_apache_lucene_index_IndexWriter.java,1046,warning,2
src_java_org_apache_lucene_index_IndexWriter.java,4143,warning,2
src_java_org_apache_lucene_index_IndexWriter.java,4026,warning,2
src_java_org_apache_lucene_index_IndexWriter.java,2112,warning,2
src_java_org_apache_lucene_index_IndexWriter.java,3244,warning,2
src_java_org_apache_lucene_index_IndexWriter.java,800,warning,2
src_java_org_apache_lucene_index_IndexWriter.java,4206,warning,2
src_java_org_apache_lucene_index_IndexWriter.java,400,error,1
src_java_org_apache_lucene_index_IndexWriter.java,2295,warning,2
src_java_org_apache_lucene_index_IndexWriter.java,1302,warning,2
src_java_org_apache_lucene_index_IndexWriter.java,2097,error,1
src_java_org_apache_lucene_index_IndexWriter.java,4010,warning,2
src_java_org_apache_lucene_index_IndexWriter.java,2527,error,1
src_java_org_apache_lucene_index_IndexWriter.java,1757,warning,2
src_java_org_apache_lucene_index_IndexWriter.java,3555,warning,2
src_java_org_apache_lucene_index_IndexWriter.java,4296,error,1
src_java_org_apache_lucene_index_IndexWriter.java,2291,warning,2
src_java_org_apache_lucene_index_IndexWriter.java,1631,warning,2
src_java_org_apache_lucene_index_IndexWriter.java,2582,warning,2
src_java_org_apache_lucene_index_IndexWriter.java,3523,warning,2
src_java_org_apache_lucene_index_IndexWriter.java,4844,error,1
src_java_org_apache_lucene_index_IndexWriter.java,2758,warning,2
src_java_org_apache_lucene_index_IndexWriter.java,3527,warning,2
src_java_org_apache_lucene_index_IndexWriter.java,4694,warning,2
src_java_org_apache_lucene_index_IndexWriter.java,2271,warning,2
src_java_org_apache_lucene_index_IndexWriter.java,3990,warning,2
src_java_org_apache_lucene_index_IndexWriter.java,4302,warning,2
src_java_org_apache_lucene_index_IndexWriter.java,2411,warning,2
src_java_org_apache_lucene_index_IndexWriter.java,2014,error,1
src_java_org_apache_lucene_index_IndexWriter.java,2667,error,1
src_java_org_apache_lucene_index_IndexWriter.java,3466,warning,2
src_java_org_apache_lucene_index_IndexWriter.java,4759,warning,2
src_java_org_apache_lucene_index_IndexWriter.java,3597,warning,2
src_java_org_apache_lucene_index_IndexWriter.java,2859,error,1
src_java_org_apache_lucene_index_IndexWriter.java,1798,warning,2
src_java_org_apache_lucene_index_IndexWriter.java,1503,error,1
src_java_org_apache_lucene_index_IndexWriter.java,2487,warning,2
src_java_org_apache_lucene_index_IndexWriter.java,2442,warning,2
src_java_org_apache_lucene_index_IndexWriter.java,3199,error,1
src_java_org_apache_lucene_index_IndexWriter.java,3853,error,1
src_java_org_apache_lucene_index_IndexWriter.java,4301,warning,2
src_java_org_apache_lucene_index_IndexWriter.java,385,error,1
src_java_org_apache_lucene_index_IndexWriter.java,4398,warning,2
src_java_org_apache_lucene_index_IndexWriter.java,3818,warning,2
src_java_org_apache_lucene_index_IndexWriter.java,2559,error,1
src_java_org_apache_lucene_index_IndexWriter.java,524,warning,2
src_java_org_apache_lucene_index_IndexWriter.java,507,error,1
src_java_org_apache_lucene_index_IndexWriter.java,2475,error,1
src_java_org_apache_lucene_index_IndexWriter.java,1500,warning,2
src_java_org_apache_lucene_index_IndexWriter.java,2055,error,1
src_java_org_apache_lucene_index_IndexWriter.java,3560,error,1
src_java_org_apache_lucene_index_IndexWriter.java,606,warning,2
src_java_org_apache_lucene_index_IndexWriter.java,1521,warning,2
src_java_org_apache_lucene_index_IndexWriter.java,2091,warning,2
src_java_org_apache_lucene_index_IndexWriter.java,4040,warning,2
src_java_org_apache_lucene_index_IndexWriter.java,4458,warning,2
src_java_org_apache_lucene_index_IndexWriter.java,3598,warning,2
src_java_org_apache_lucene_index_IndexWriter.java,4808,warning,2
src_java_org_apache_lucene_index_IndexWriter.java,3023,warning,2
src_java_org_apache_lucene_index_IndexWriter.java,1083,warning,2
src_java_org_apache_lucene_index_IndexWriter.java,1785,warning,2
src_java_org_apache_lucene_index_IndexWriter.java,4434,warning,2
src_java_org_apache_lucene_index_IndexWriter.java,1245,warning,2
src_java_org_apache_lucene_index_IndexWriter.java,2360,error,1
src_java_org_apache_lucene_index_IndexWriter.java,3900,warning,2
src_java_org_apache_lucene_index_IndexWriter.java,4472,error,1
src_java_org_apache_lucene_index_IndexWriter.java,3803,warning,2
src_java_org_apache_lucene_index_IndexWriter.java,2344,warning,2
src_java_org_apache_lucene_index_IndexWriter.java,3059,warning,2
src_java_org_apache_lucene_index_IndexWriter.java,1683,error,1
src_java_org_apache_lucene_index_IndexWriter.java,3927,warning,2
src_java_org_apache_lucene_index_IndexWriter.java,2032,warning,2
src_java_org_apache_lucene_index_IndexWriter.java,455,warning,2
src_java_org_apache_lucene_index_IndexWriter.java,1618,error,1
src_java_org_apache_lucene_index_IndexWriter.java,1681,warning,2
src_java_org_apache_lucene_index_IndexWriter.java,1724,warning,2
src_java_org_apache_lucene_index_IndexWriter.java,3226,warning,2
src_java_org_apache_lucene_index_IndexWriter.java,3921,warning,2
src_java_org_apache_lucene_index_IndexWriter.java,4767,error,1
src_java_org_apache_lucene_index_IndexWriter.java,4196,warning,2
src_java_org_apache_lucene_index_IndexWriter.java,940,warning,2
src_java_org_apache_lucene_index_IndexWriter.java,2083,warning,2
src_java_org_apache_lucene_index_IndexWriter.java,2480,warning,2
src_java_org_apache_lucene_index_IndexWriter.java,4633,warning,2
src_java_org_apache_lucene_index_IndexWriter.java,490,warning,2
src_java_org_apache_lucene_index_IndexWriter.java,3500,error,1
src_java_org_apache_lucene_index_IndexWriter.java,2831,warning,2
src_java_org_apache_lucene_index_IndexWriter.java,2938,warning,2
src_java_org_apache_lucene_index_IndexWriter.java,2311,warning,2
src_java_org_apache_lucene_index_IndexWriter.java,2700,warning,2
src_java_org_apache_lucene_index_IndexWriter.java,2671,warning,2
src_java_org_apache_lucene_index_IndexWriter.java,575,warning,2
src_java_org_apache_lucene_index_IndexWriter.java,3750,warning,2
src_java_org_apache_lucene_index_IndexWriter.java,4606,warning,2
src_java_org_apache_lucene_index_IndexWriter.java,4490,warning,2
src_java_org_apache_lucene_index_IndexWriter.java,290,error,1
src_java_org_apache_lucene_index_IndexWriter.java,1732,warning,2
src_java_org_apache_lucene_index_IndexWriter.java,746,error,1
src_java_org_apache_lucene_index_IndexWriter.java,427,warning,2
src_java_org_apache_lucene_index_IndexWriter.java,4658,error,1
src_java_org_apache_lucene_index_IndexWriter.java,3251,warning,2
src_java_org_apache_lucene_index_IndexWriter.java,4829,warning,2
src_java_org_apache_lucene_index_IndexWriter.java,3820,warning,2
src_java_org_apache_lucene_index_IndexWriter.java,3674,error,1
src_java_org_apache_lucene_index_IndexWriter.java,1112,warning,2
src_java_org_apache_lucene_index_IndexWriter.java,3280,warning,2
src_java_org_apache_lucene_index_IndexWriter.java,1281,error,1
src_java_org_apache_lucene_index_IndexWriter.java,1186,warning,2
src_java_org_apache_lucene_index_IndexWriter.java,2441,warning,2
src_java_org_apache_lucene_index_IndexWriter.java,1410,warning,2
src_java_org_apache_lucene_index_IndexWriter.java,3351,warning,2
src_java_org_apache_lucene_index_IndexWriter.java,4824,error,1
src_java_org_apache_lucene_index_IndexWriter.java,1942,warning,2
src_java_org_apache_lucene_index_IndexWriter.java,3213,error,1
src_java_org_apache_lucene_index_IndexWriter.java,4443,warning,2
src_java_org_apache_lucene_index_IndexWriter.java,4418,warning,2
src_java_org_apache_lucene_index_IndexWriter.java,402,warning,2
src_java_org_apache_lucene_index_IndexWriter.java,2099,warning,2
src_java_org_apache_lucene_index_IndexWriter.java,1146,warning,2
src_java_org_apache_lucene_index_IndexWriter.java,1282,warning,2
src_java_org_apache_lucene_index_IndexWriter.java,2809,warning,2
src_java_org_apache_lucene_index_IndexWriter.java,2510,error,1
src_java_org_apache_lucene_index_IndexWriter.java,1685,warning,2
src_java_org_apache_lucene_index_IndexWriter.java,1242,error,1
src_java_org_apache_lucene_index_IndexWriter.java,491,warning,2
src_java_org_apache_lucene_index_IndexWriter.java,4376,warning,2
src_java_org_apache_lucene_index_IndexWriter.java,2134,warning,2
src_java_org_apache_lucene_index_IndexWriter.java,996,error,1
src_java_org_apache_lucene_index_IndexWriter.java,2155,error,1
src_java_org_apache_lucene_index_IndexWriter.java,499,warning,2
src_java_org_apache_lucene_index_IndexWriter.java,3032,warning,2
src_java_org_apache_lucene_index_IndexWriter.java,4139,warning,2
src_java_org_apache_lucene_index_IndexWriter.java,4713,warning,2
src_java_org_apache_lucene_index_IndexWriter.java,4479,warning,2
src_java_org_apache_lucene_index_IndexWriter.java,4603,warning,2
src_java_org_apache_lucene_index_IndexWriter.java,261,error,1
src_java_org_apache_lucene_index_IndexWriter.java,1448,error,1
src_java_org_apache_lucene_index_IndexWriter.java,3643,error,1
src_java_org_apache_lucene_index_IndexWriter.java,4703,error,1
src_java_org_apache_lucene_index_IndexWriter.java,4444,warning,2
src_java_org_apache_lucene_index_IndexWriter.java,789,error,1
src_java_org_apache_lucene_index_IndexWriter.java,1312,warning,2
src_java_org_apache_lucene_index_IndexWriter.java,4146,error,1
src_java_org_apache_lucene_index_IndexWriter.java,4726,error,1
src_java_org_apache_lucene_index_IndexWriter.java,2829,warning,2
src_java_org_apache_lucene_index_IndexWriter.java,2104,warning,2
src_java_org_apache_lucene_index_IndexWriter.java,4457,warning,2
src_java_org_apache_lucene_index_IndexWriter.java,1484,error,1
src_java_org_apache_lucene_index_IndexWriter.java,536,warning,2
src_java_org_apache_lucene_index_IndexWriter.java,3644,warning,2
src_java_org_apache_lucene_index_IndexWriter.java,1225,warning,2
src_java_org_apache_lucene_index_IndexWriter.java,1226,warning,2
src_java_org_apache_lucene_index_IndexWriter.java,1141,warning,2
src_java_org_apache_lucene_index_IndexWriter.java,1807,warning,2
src_java_org_apache_lucene_index_IndexWriter.java,2803,warning,2
src_java_org_apache_lucene_index_IndexWriter.java,4029,warning,2
src_java_org_apache_lucene_index_IndexWriter.java,4285,error,1
src_java_org_apache_lucene_index_IndexWriter.java,1465,error,1
src_java_org_apache_lucene_index_IndexWriter.java,3026,warning,2
src_java_org_apache_lucene_index_IndexWriter.java,1433,warning,2
src_java_org_apache_lucene_index_IndexWriter.java,3299,warning,2
src_java_org_apache_lucene_index_IndexWriter.java,4462,warning,2
src_java_org_apache_lucene_index_IndexWriter.java,3307,warning,2
src_java_org_apache_lucene_index_IndexWriter.java,4548,warning,2
src_java_org_apache_lucene_index_IndexWriter.java,1055,warning,2
src_java_org_apache_lucene_index_IndexWriter.java,2681,warning,2
src_java_org_apache_lucene_index_IndexWriter.java,4035,warning,2
src_java_org_apache_lucene_index_IndexWriter.java,2851,warning,2
src_java_org_apache_lucene_index_IndexWriter.java,3692,warning,2
src_java_org_apache_lucene_index_IndexWriter.java,4422,warning,2
src_java_org_apache_lucene_index_IndexWriter.java,2826,warning,2
src_java_org_apache_lucene_index_IndexWriter.java,909,warning,2
src_java_org_apache_lucene_index_IndexWriter.java,1449,warning,2
src_java_org_apache_lucene_index_IndexWriter.java,33,warning,2
src_java_org_apache_lucene_index_IndexWriter.java,4017,warning,2
src_java_org_apache_lucene_index_IndexWriter.java,28,warning,2
src_java_org_apache_lucene_index_IndexWriter.java,701,warning,2
src_java_org_apache_lucene_index_IndexWriter.java,4815,warning,2
src_java_org_apache_lucene_index_IndexWriter.java,4416,warning,2
src_java_org_apache_lucene_index_IndexWriter.java,3430,warning,2
src_java_org_apache_lucene_index_IndexWriter.java,677,warning,2
src_java_org_apache_lucene_index_IndexWriter.java,4453,warning,2
src_java_org_apache_lucene_index_IndexWriter.java,4082,warning,2
src_java_org_apache_lucene_index_IndexWriter.java,739,warning,2
src_java_org_apache_lucene_index_IndexWriter.java,4101,error,1
src_java_org_apache_lucene_index_IndexWriter.java,2529,warning,2
src_java_org_apache_lucene_index_IndexWriter.java,1483,error,1
src_java_org_apache_lucene_index_IndexWriter.java,4732,warning,2
src_java_org_apache_lucene_index_IndexWriter.java,1211,warning,2
src_java_org_apache_lucene_index_IndexWriter.java,1107,error,1
src_java_org_apache_lucene_index_IndexWriter.java,624,warning,2
src_java_org_apache_lucene_index_IndexWriter.java,1126,warning,2
src_java_org_apache_lucene_index_IndexWriter.java,4608,warning,2
src_java_org_apache_lucene_index_IndexWriter.java,492,warning,2
src_java_org_apache_lucene_index_IndexWriter.java,4821,warning,2
src_java_org_apache_lucene_index_IndexWriter.java,2531,warning,2
src_java_org_apache_lucene_index_IndexWriter.java,4093,warning,2
src_java_org_apache_lucene_index_IndexWriter.java,3980,warning,2
src_java_org_apache_lucene_index_IndexWriter.java,693,warning,2
src_java_org_apache_lucene_index_IndexWriter.java,1043,warning,2
src_java_org_apache_lucene_index_IndexWriter.java,3631,warning,2
src_java_org_apache_lucene_index_IndexWriter.java,834,error,1
src_java_org_apache_lucene_index_IndexWriter.java,3915,warning,2
src_java_org_apache_lucene_index_IndexWriter.java,3281,error,1
src_java_org_apache_lucene_index_IndexWriter.java,2676,warning,2
src_java_org_apache_lucene_index_IndexWriter.java,955,warning,2
src_java_org_apache_lucene_index_IndexWriter.java,3083,warning,2
src_java_org_apache_lucene_index_IndexWriter.java,4595,warning,2
src_java_org_apache_lucene_index_IndexWriter.java,1826,warning,2
src_java_org_apache_lucene_index_IndexWriter.java,2388,warning,2
src_java_org_apache_lucene_index_IndexWriter.java,3541,warning,2
src_java_org_apache_lucene_index_IndexWriter.java,2722,warning,2
src_java_org_apache_lucene_index_IndexWriter.java,3522,warning,2
src_java_org_apache_lucene_index_IndexWriter.java,1167,error,1
src_java_org_apache_lucene_index_IndexWriter.java,2898,warning,2
src_java_org_apache_lucene_index_IndexWriter.java,4555,warning,2
src_java_org_apache_lucene_index_IndexWriter.java,4578,warning,2
src_java_org_apache_lucene_index_IndexWriter.java,4297,warning,2
src_java_org_apache_lucene_index_IndexWriter.java,4142,error,1
src_java_org_apache_lucene_index_IndexWriter.java,859,warning,2
src_java_org_apache_lucene_index_IndexWriter.java,598,warning,2
src_java_org_apache_lucene_index_IndexWriter.java,2880,warning,2
src_java_org_apache_lucene_index_IndexWriter.java,3427,warning,2
src_java_org_apache_lucene_index_IndexWriter.java,1668,warning,2
src_java_org_apache_lucene_index_IndexWriter.java,510,warning,2
src_java_org_apache_lucene_index_IndexWriter.java,3056,warning,2
src_java_org_apache_lucene_index_IndexWriter.java,4737,error,1
src_java_org_apache_lucene_index_IndexWriter.java,3273,warning,2
src_java_org_apache_lucene_index_IndexWriter.java,2472,warning,2
src_java_org_apache_lucene_index_IndexWriter.java,4475,error,1
src_java_org_apache_lucene_index_IndexWriter.java,4152,warning,2
src_java_org_apache_lucene_index_IndexWriter.java,3221,warning,2
src_java_org_apache_lucene_index_IndexWriter.java,445,warning,2
src_java_org_apache_lucene_index_IndexWriter.java,4617,error,1
src_java_org_apache_lucene_index_IndexWriter.java,1086,error,1
src_java_org_apache_lucene_index_IndexWriter.java,2927,warning,2
src_java_org_apache_lucene_index_IndexWriter.java,4027,warning,2
src_java_org_apache_lucene_index_IndexWriter.java,2364,error,1
src_java_org_apache_lucene_index_IndexWriter.java,2440,warning,2
src_java_org_apache_lucene_index_IndexWriter.java,3742,warning,2
src_java_org_apache_lucene_index_IndexWriter.java,4504,error,1
src_java_org_apache_lucene_index_IndexWriter.java,967,warning,2
src_java_org_apache_lucene_index_IndexWriter.java,4054,error,1
src_java_org_apache_lucene_index_IndexWriter.java,1479,warning,2
src_java_org_apache_lucene_index_IndexWriter.java,589,warning,2
src_java_org_apache_lucene_index_IndexWriter.java,2378,warning,2
src_java_org_apache_lucene_index_IndexWriter.java,3132,warning,2
src_java_org_apache_lucene_index_IndexWriter.java,520,warning,2
src_java_org_apache_lucene_index_IndexWriter.java,3752,warning,2
src_java_org_apache_lucene_index_IndexWriter.java,2408,warning,2
src_java_org_apache_lucene_index_IndexWriter.java,1939,warning,2
src_java_org_apache_lucene_index_IndexWriter.java,3625,warning,2
src_java_org_apache_lucene_index_IndexWriter.java,1586,warning,2
src_java_org_apache_lucene_index_IndexWriter.java,3549,error,1
src_java_org_apache_lucene_index_IndexWriter.java,1638,warning,2
src_java_org_apache_lucene_index_IndexWriter.java,3579,warning,2
src_java_org_apache_lucene_index_IndexWriter.java,1017,warning,2
src_java_org_apache_lucene_index_IndexWriter.java,4514,warning,2
src_java_org_apache_lucene_index_IndexWriter.java,3230,error,1
src_java_org_apache_lucene_index_IndexWriter.java,4509,error,1
src_java_org_apache_lucene_index_IndexWriter.java,2514,warning,2
src_java_org_apache_lucene_index_IndexWriter.java,1649,warning,2
src_java_org_apache_lucene_index_IndexWriter.java,3308,warning,2
src_java_org_apache_lucene_index_IndexWriter.java,521,warning,2
src_java_org_apache_lucene_index_IndexWriter.java,4369,warning,2
src_java_org_apache_lucene_index_IndexWriter.java,4149,error,1
src_java_org_apache_lucene_index_IndexWriter.java,3491,warning,2
src_java_org_apache_lucene_index_IndexWriter.java,4309,warning,2
src_java_org_apache_lucene_index_IndexWriter.java,1758,error,1
src_java_org_apache_lucene_index_IndexWriter.java,539,error,1
src_java_org_apache_lucene_index_IndexWriter.java,2749,warning,2
src_java_org_apache_lucene_index_IndexWriter.java,4544,error,1
src_java_org_apache_lucene_index_IndexWriter.java,3495,warning,2
src_java_org_apache_lucene_index_IndexWriter.java,1276,warning,2
src_java_org_apache_lucene_index_IndexWriter.java,2246,warning,2
src_java_org_apache_lucene_index_IndexWriter.java,680,warning,2
src_java_org_apache_lucene_index_IndexWriter.java,801,warning,2
src_java_org_apache_lucene_index_IndexWriter.java,2832,error,1
src_java_org_apache_lucene_index_IndexWriter.java,3907,error,1
src_java_org_apache_lucene_index_IndexWriter.java,1632,warning,2
src_java_org_apache_lucene_index_IndexWriter.java,425,warning,2
src_java_org_apache_lucene_index_IndexWriter.java,3920,error,1
src_java_org_apache_lucene_index_IndexWriter.java,2244,error,1
src_java_org_apache_lucene_index_IndexWriter.java,3814,warning,2
src_java_org_apache_lucene_index_IndexWriter.java,2231,warning,2
src_java_org_apache_lucene_index_IndexWriter.java,4806,error,1
src_java_org_apache_lucene_index_IndexWriter.java,2214,warning,2
src_java_org_apache_lucene_index_IndexWriter.java,4212,warning,2
src_java_org_apache_lucene_index_IndexWriter.java,1514,warning,2
src_java_org_apache_lucene_index_IndexWriter.java,2827,warning,2
src_java_org_apache_lucene_index_IndexWriter.java,2786,warning,2
src_java_org_apache_lucene_index_IndexWriter.java,968,warning,2
src_java_org_apache_lucene_index_IndexWriter.java,2082,warning,2
src_java_org_apache_lucene_index_IndexWriter.java,4191,warning,2
src_java_org_apache_lucene_index_IndexWriter.java,518,warning,2
src_java_org_apache_lucene_index_IndexWriter.java,1059,warning,2
src_java_org_apache_lucene_index_IndexWriter.java,2848,error,1
src_java_org_apache_lucene_index_IndexWriter.java,1585,warning,2
src_java_org_apache_lucene_index_IndexWriter.java,1621,warning,2
src_java_org_apache_lucene_index_IndexWriter.java,4440,warning,2
src_java_org_apache_lucene_index_IndexWriter.java,934,warning,2
src_java_org_apache_lucene_index_IndexWriter.java,1966,warning,2
src_java_org_apache_lucene_index_IndexWriter.java,1643,warning,2
src_java_org_apache_lucene_index_IndexWriter.java,4489,warning,2
src_java_org_apache_lucene_index_IndexWriter.java,3829,warning,2
src_java_org_apache_lucene_index_IndexWriter.java,2504,warning,2
src_java_org_apache_lucene_index_IndexWriter.java,3816,error,1
src_java_org_apache_lucene_index_IndexWriter.java,2467,warning,2
src_java_org_apache_lucene_index_IndexWriter.java,1020,warning,2
src_java_org_apache_lucene_index_IndexWriter.java,2050,warning,2
src_java_org_apache_lucene_index_IndexWriter.java,247,error,1
src_java_org_apache_lucene_index_IndexWriter.java,2309,warning,2
src_java_org_apache_lucene_index_IndexWriter.java,3991,warning,2
src_java_org_apache_lucene_index_IndexWriter.java,2489,error,1
src_java_org_apache_lucene_index_IndexWriter.java,883,warning,2
src_java_org_apache_lucene_index_IndexWriter.java,3497,error,1
src_java_org_apache_lucene_index_IndexWriter.java,4502,error,1
src_java_org_apache_lucene_index_IndexWriter.java,2034,error,1
src_java_org_apache_lucene_index_IndexWriter.java,4292,warning,2
src_java_org_apache_lucene_index_IndexWriter.java,3850,error,1
src_java_org_apache_lucene_index_IndexWriter.java,4816,warning,2
src_java_org_apache_lucene_index_IndexWriter.java,2336,error,1
src_java_org_apache_lucene_index_IndexWriter.java,1159,warning,2
src_java_org_apache_lucene_index_IndexWriter.java,704,warning,2
src_java_org_apache_lucene_index_IndexWriter.java,486,warning,2
src_java_org_apache_lucene_index_IndexWriter.java,4347,warning,2
src_java_org_apache_lucene_index_IndexWriter.java,1756,warning,2
src_java_org_apache_lucene_index_IndexWriter.java,3379,warning,2
src_java_org_apache_lucene_index_IndexWriter.java,1145,error,1
src_java_org_apache_lucene_index_IndexWriter.java,3433,error,1
src_java_org_apache_lucene_index_IndexWriter.java,2110,error,1
src_java_org_apache_lucene_index_IndexWriter.java,633,warning,2
src_java_org_apache_lucene_index_IndexWriter.java,2870,warning,2
src_java_org_apache_lucene_index_IndexWriter.java,1004,warning,2
src_java_org_apache_lucene_index_IndexWriter.java,860,warning,2
src_java_org_apache_lucene_index_IndexWriter.java,651,warning,2
src_java_org_apache_lucene_index_IndexWriter.java,3770,warning,2
src_java_org_apache_lucene_index_IndexWriter.java,582,warning,2
src_java_org_apache_lucene_index_IndexWriter.java,4549,error,1
src_java_org_apache_lucene_index_IndexWriter.java,3295,warning,2
src_java_org_apache_lucene_index_IndexWriter.java,2743,warning,2
src_java_org_apache_lucene_index_IndexWriter.java,793,warning,2
src_java_org_apache_lucene_index_IndexWriter.java,3277,warning,2
src_java_org_apache_lucene_index_IndexWriter.java,181,warning,2
src_java_org_apache_lucene_index_IndexWriter.java,2806,warning,2
src_java_org_apache_lucene_index_IndexWriter.java,4222,error,1
src_java_org_apache_lucene_index_IndexWriter.java,3064,warning,2
src_java_org_apache_lucene_index_IndexWriter.java,3297,warning,2
src_java_org_apache_lucene_index_IndexWriter.java,3629,error,1
src_java_org_apache_lucene_index_IndexWriter.java,3013,warning,2
src_java_org_apache_lucene_index_IndexWriter.java,3655,warning,2
src_java_org_apache_lucene_index_IndexWriter.java,422,warning,2
src_java_org_apache_lucene_index_IndexWriter.java,1934,warning,2
src_java_org_apache_lucene_index_IndexWriter.java,3895,warning,2
src_java_org_apache_lucene_index_IndexWriter.java,3627,warning,2
src_java_org_apache_lucene_index_IndexWriter.java,3957,error,1
src_java_org_apache_lucene_index_IndexWriter.java,464,error,1
src_java_org_apache_lucene_index_IndexWriter.java,1000,warning,2
src_java_org_apache_lucene_index_IndexWriter.java,2824,error,1
src_java_org_apache_lucene_index_IndexWriter.java,825,error,1
src_java_org_apache_lucene_index_IndexWriter.java,1244,warning,2
src_java_org_apache_lucene_index_IndexWriter.java,4454,warning,2
src_java_org_apache_lucene_index_IndexWriter.java,1765,error,1
src_java_org_apache_lucene_index_IndexWriter.java,2995,warning,2
src_java_org_apache_lucene_index_IndexWriter.java,2573,error,1
src_java_org_apache_lucene_index_IndexWriter.java,4044,error,1
src_java_org_apache_lucene_index_IndexWriter.java,1142,error,1
src_java_org_apache_lucene_index_IndexWriter.java,1531,warning,2
src_java_org_apache_lucene_index_IndexWriter.java,1726,warning,2
src_java_org_apache_lucene_index_IndexWriter.java,3243,warning,2
src_java_org_apache_lucene_index_IndexWriter.java,258,error,1
src_java_org_apache_lucene_index_IndexWriter.java,3173,warning,2
src_java_org_apache_lucene_index_IndexWriter.java,3025,warning,2
src_java_org_apache_lucene_index_IndexWriter.java,43,warning,2
src_java_org_apache_lucene_index_IndexWriter.java,239,error,1
src_java_org_apache_lucene_index_IndexWriter.java,4652,error,1
src_java_org_apache_lucene_index_IndexWriter.java,1824,warning,2
src_java_org_apache_lucene_index_IndexWriter.java,554,warning,2
src_java_org_apache_lucene_index_IndexWriter.java,2620,warning,2
src_java_org_apache_lucene_index_IndexWriter.java,2747,warning,2
src_java_org_apache_lucene_index_IndexWriter.java,3216,warning,2
src_java_org_apache_lucene_index_IndexWriter.java,2940,warning,2
src_java_org_apache_lucene_index_IndexWriter.java,3664,warning,2
src_java_org_apache_lucene_index_IndexWriter.java,4359,warning,2
src_java_org_apache_lucene_index_IndexWriter.java,1480,warning,2
src_java_org_apache_lucene_index_IndexWriter.java,3894,warning,2
src_java_org_apache_lucene_index_IndexWriter.java,2564,error,1
src_java_org_apache_lucene_index_IndexWriter.java,1150,warning,2
src_java_org_apache_lucene_index_IndexWriter.java,4711,warning,2
src_java_org_apache_lucene_index_IndexWriter.java,4371,warning,2
src_java_org_apache_lucene_index_IndexWriter.java,1746,warning,2
src_java_org_apache_lucene_index_IndexWriter.java,2292,error,1
src_java_org_apache_lucene_index_IndexWriter.java,255,error,1
src_java_org_apache_lucene_index_IndexWriter.java,676,error,1
src_java_org_apache_lucene_index_IndexWriter.java,1082,warning,2
src_java_org_apache_lucene_index_IndexWriter.java,430,warning,2
src_java_org_apache_lucene_index_IndexWriter.java,3693,warning,2
src_java_org_apache_lucene_index_IndexWriter.java,3993,warning,2
src_java_org_apache_lucene_index_IndexWriter.java,1927,warning,2
src_java_org_apache_lucene_index_IndexWriter.java,1301,warning,2
src_java_org_apache_lucene_index_IndexWriter.java,444,warning,2
src_java_org_apache_lucene_index_IndexWriter.java,4173,warning,2
src_java_org_apache_lucene_index_IndexWriter.java,2087,warning,2
src_java_org_apache_lucene_index_IndexWriter.java,2148,warning,2
src_java_org_apache_lucene_index_IndexWriter.java,3987,warning,2
src_java_org_apache_lucene_index_IndexWriter.java,1030,warning,2
src_java_org_apache_lucene_index_IndexWriter.java,3058,warning,2
src_java_org_apache_lucene_index_IndexWriter.java,1056,warning,2
src_java_org_apache_lucene_index_IndexWriter.java,2138,warning,2
src_java_org_apache_lucene_index_IndexWriter.java,650,warning,2
src_java_org_apache_lucene_index_IndexWriter.java,2500,warning,2
src_java_org_apache_lucene_index_IndexWriter.java,3725,warning,2
src_java_org_apache_lucene_index_IndexWriter.java,1172,warning,2
src_java_org_apache_lucene_index_IndexWriter.java,3793,warning,2
src_java_org_apache_lucene_index_IndexWriter.java,4693,warning,2
src_java_org_apache_lucene_index_IndexWriter.java,3563,warning,2
src_java_org_apache_lucene_index_IndexWriter.java,1320,warning,2
src_java_org_apache_lucene_index_IndexWriter.java,2574,warning,2
src_java_org_apache_lucene_index_IndexWriter.java,715,warning,2
src_java_org_apache_lucene_index_IndexWriter.java,3141,error,1
src_java_org_apache_lucene_index_IndexWriter.java,3951,error,1
src_java_org_apache_lucene_index_IndexWriter.java,1969,error,1
src_java_org_apache_lucene_index_IndexWriter.java,2460,warning,2
src_java_org_apache_lucene_index_IndexWriter.java,2585,warning,2
src_java_org_apache_lucene_index_IndexWriter.java,1475,warning,2
src_java_org_apache_lucene_index_IndexWriter.java,3316,warning,2
src_java_org_apache_lucene_index_IndexWriter.java,618,warning,2
src_java_org_apache_lucene_index_IndexWriter.java,588,warning,2
src_java_org_apache_lucene_index_IndexWriter.java,3228,warning,2
src_java_org_apache_lucene_index_IndexWriter.java,964,warning,2
src_java_org_apache_lucene_index_IndexWriter.java,2557,warning,2
src_java_org_apache_lucene_index_IndexWriter.java,1739,warning,2
src_java_org_apache_lucene_index_IndexWriter.java,1609,warning,2
src_java_org_apache_lucene_index_IndexWriter.java,1994,warning,2
src_java_org_apache_lucene_index_IndexWriter.java,4154,warning,2
src_java_org_apache_lucene_index_IndexWriter.java,3246,warning,2
src_java_org_apache_lucene_index_IndexWriter.java,269,error,1
src_java_org_apache_lucene_index_IndexWriter.java,2122,warning,2
src_java_org_apache_lucene_index_IndexWriter.java,3840,error,1
src_java_org_apache_lucene_index_IndexWriter.java,2755,error,1
src_java_org_apache_lucene_index_IndexWriter.java,767,error,1
src_java_org_apache_lucene_index_IndexWriter.java,426,warning,2
src_java_org_apache_lucene_index_IndexWriter.java,441,warning,2
src_java_org_apache_lucene_index_IndexWriter.java,3446,error,1
src_java_org_apache_lucene_index_IndexWriter.java,2600,warning,2
src_java_org_apache_lucene_index_IndexWriter.java,1967,warning,2
src_java_org_apache_lucene_index_IndexWriter.java,4521,warning,2
src_java_org_apache_lucene_index_IndexWriter.java,818,warning,2
src_java_org_apache_lucene_index_IndexWriter.java,2264,error,1
src_java_org_apache_lucene_index_IndexWriter.java,700,warning,2
src_java_org_apache_lucene_index_IndexWriter.java,4344,error,1
src_java_org_apache_lucene_index_IndexWriter.java,4105,warning,2
src_java_org_apache_lucene_index_IndexWriter.java,2381,warning,2
src_java_org_apache_lucene_index_IndexWriter.java,1622,warning,2
src_java_org_apache_lucene_index_IndexWriter.java,1827,warning,2
src_java_org_apache_lucene_index_IndexWriter.java,4854,warning,2
src_java_org_apache_lucene_index_IndexWriter.java,4465,error,1
src_java_org_apache_lucene_index_IndexWriter.java,2634,warning,2
src_java_org_apache_lucene_index_IndexWriter.java,2515,warning,2
src_java_org_apache_lucene_index_IndexWriter.java,2116,warning,2
src_java_org_apache_lucene_index_IndexWriter.java,2101,warning,2
src_java_org_apache_lucene_index_IndexWriter.java,2517,warning,2
src_java_org_apache_lucene_index_IndexWriter.java,3414,warning,2
src_java_org_apache_lucene_index_IndexWriter.java,3125,warning,2
src_java_org_apache_lucene_index_IndexWriter.java,3759,warning,2
src_java_org_apache_lucene_index_IndexWriter.java,3799,warning,2
src_java_org_apache_lucene_index_IndexWriter.java,294,error,1
src_java_org_apache_lucene_index_IndexWriter.java,4361,warning,2
src_java_org_apache_lucene_index_IndexWriter.java,1992,warning,2
src_java_org_apache_lucene_index_IndexWriter.java,2098,warning,2
src_java_org_apache_lucene_index_IndexWriter.java,3048,warning,2
src_java_org_apache_lucene_index_IndexWriter.java,3167,error,1
src_java_org_apache_lucene_index_IndexWriter.java,1253,warning,2
src_java_org_apache_lucene_index_IndexWriter.java,519,warning,2
src_java_org_apache_lucene_index_IndexWriter.java,4646,error,1
src_java_org_apache_lucene_index_IndexWriter.java,395,warning,2
src_java_org_apache_lucene_index_IndexWriter.java,4482,warning,2
src_java_org_apache_lucene_index_IndexWriter.java,3066,warning,2
src_java_org_apache_lucene_index_IndexWriter.java,1995,warning,2
src_java_org_apache_lucene_index_IndexWriter.java,4772,warning,2
src_java_org_apache_lucene_index_IndexWriter.java,2869,warning,2
src_java_org_apache_lucene_index_IndexWriter.java,4203,warning,2
src_java_org_apache_lucene_index_IndexWriter.java,3986,warning,2
src_java_org_apache_lucene_index_IndexWriter.java,3995,warning,2
src_java_org_apache_lucene_index_IndexWriter.java,2129,warning,2
src_java_org_apache_lucene_index_IndexWriter.java,3724,warning,2
src_java_org_apache_lucene_index_IndexWriter.java,4727,warning,2
src_java_org_apache_lucene_index_IndexWriter.java,2534,warning,2
src_java_org_apache_lucene_index_IndexWriter.java,659,error,1
src_java_org_apache_lucene_index_IndexWriter.java,1170,warning,2
src_java_org_apache_lucene_index_IndexWriter.java,690,warning,2
src_java_org_apache_lucene_index_IndexWriter.java,3869,error,1
src_java_org_apache_lucene_index_IndexWriter.java,1504,warning,2
src_java_org_apache_lucene_index_IndexWriter.java,3436,error,1
src_java_org_apache_lucene_index_IndexWriter.java,1925,warning,2
src_java_org_apache_lucene_index_IndexWriter.java,1160,warning,2
src_java_org_apache_lucene_index_IndexWriter.java,2404,warning,2
src_java_org_apache_lucene_index_IndexWriter.java,4018,warning,2
src_java_org_apache_lucene_index_IndexWriter.java,4625,warning,2
src_java_org_apache_lucene_index_IndexWriter.java,3327,warning,2
src_java_org_apache_lucene_index_IndexWriter.java,3282,warning,2
src_java_org_apache_lucene_index_IndexWriter.java,3269,warning,2
src_java_org_apache_lucene_index_IndexWriter.java,4175,warning,2
src_java_org_apache_lucene_index_IndexWriter.java,3190,warning,2
src_java_org_apache_lucene_index_IndexWriter.java,567,warning,2
src_java_org_apache_lucene_index_IndexWriter.java,2013,warning,2
src_java_org_apache_lucene_index_IndexWriter.java,3289,warning,2
src_java_org_apache_lucene_index_IndexWriter.java,3670,warning,2
src_java_org_apache_lucene_index_IndexWriter.java,38,warning,2
src_java_org_apache_lucene_index_IndexWriter.java,925,warning,2
src_java_org_apache_lucene_index_IndexWriter.java,747,error,1
src_java_org_apache_lucene_index_IndexWriter.java,2897,warning,2
src_java_org_apache_lucene_index_IndexWriter.java,3168,warning,2
src_java_org_apache_lucene_index_IndexWriter.java,3562,error,1
src_java_org_apache_lucene_index_IndexWriter.java,2165,error,1
src_java_org_apache_lucene_index_IndexWriter.java,1933,error,1
src_java_org_apache_lucene_index_IndexWriter.java,3583,warning,2
src_java_org_apache_lucene_index_IndexWriter.java,2136,warning,2
src_java_org_apache_lucene_index_IndexWriter.java,3005,warning,2
src_java_org_apache_lucene_index_IndexWriter.java,1104,error,1
src_java_org_apache_lucene_index_IndexWriter.java,1066,warning,2
src_java_org_apache_lucene_index_IndexWriter.java,4030,warning,2
src_java_org_apache_lucene_index_IndexWriter.java,1748,error,1
src_java_org_apache_lucene_index_IndexWriter.java,4337,warning,2
src_java_org_apache_lucene_index_IndexWriter.java,1926,warning,2
src_java_org_apache_lucene_index_IndexWriter.java,1801,error,1
src_java_org_apache_lucene_index_IndexWriter.java,4349,warning,2
src_java_org_apache_lucene_index_IndexWriter.java,3994,warning,2
src_java_org_apache_lucene_index_IndexWriter.java,3304,warning,2
src_java_org_apache_lucene_index_IndexWriter.java,1122,warning,2
src_java_org_apache_lucene_index_IndexWriter.java,3247,warning,2
src_java_org_apache_lucene_index_IndexWriter.java,1092,warning,2
src_java_org_apache_lucene_index_IndexWriter.java,2284,warning,2
src_java_org_apache_lucene_index_IndexWriter.java,2753,warning,2
src_java_org_apache_lucene_index_IndexWriter.java,862,error,1
src_java_org_apache_lucene_index_IndexWriter.java,4350,error,1
src_java_org_apache_lucene_index_IndexWriter.java,461,warning,2
src_java_org_apache_lucene_index_IndexWriter.java,602,error,1
src_java_org_apache_lucene_index_IndexWriter.java,283,error,1
src_java_org_apache_lucene_index_IndexWriter.java,1783,error,1
src_java_org_apache_lucene_index_IndexWriter.java,2228,warning,2
src_java_org_apache_lucene_index_IndexWriter.java,4605,warning,2
src_java_org_apache_lucene_index_IndexWriter.java,1584,warning,2
src_java_org_apache_lucene_index_IndexWriter.java,1087,warning,2
src_java_org_apache_lucene_index_IndexWriter.java,924,warning,2
src_java_org_apache_lucene_index_IndexWriter.java,4782,warning,2
src_java_org_apache_lucene_index_IndexWriter.java,2835,warning,2
src_java_org_apache_lucene_index_IndexWriter.java,1415,warning,2
src_java_org_apache_lucene_index_IndexWriter.java,3235,warning,2
src_java_org_apache_lucene_index_IndexWriter.java,3021,warning,2
src_java_org_apache_lucene_index_IndexWriter.java,4283,warning,2
src_java_org_apache_lucene_index_IndexWriter.java,3910,warning,2
src_java_org_apache_lucene_index_IndexWriter.java,4216,warning,2
src_java_org_apache_lucene_index_IndexWriter.java,3088,error,1
src_java_org_apache_lucene_index_IndexWriter.java,1676,warning,2
src_java_org_apache_lucene_index_IndexWriter.java,1168,warning,2
src_java_org_apache_lucene_index_IndexWriter.java,2807,warning,2
src_java_org_apache_lucene_index_IndexWriter.java,1633,warning,2
src_java_org_apache_lucene_index_IndexWriter.java,4237,warning,2
src_java_org_apache_lucene_index_IndexWriter.java,1526,error,1
src_java_org_apache_lucene_index_IndexWriter.java,1692,warning,2
src_java_org_apache_lucene_index_IndexWriter.java,3017,warning,2
src_java_org_apache_lucene_index_IndexWriter.java,4241,warning,2
src_java_org_apache_lucene_index_IndexWriter.java,3783,warning,2
src_java_org_apache_lucene_index_IndexWriter.java,4691,warning,2
src_java_org_apache_lucene_index_IndexWriter.java,4336,error,1
src_java_org_apache_lucene_index_IndexWriter.java,1607,warning,2
src_java_org_apache_lucene_index_IndexWriter.java,938,warning,2
src_java_org_apache_lucene_index_IndexWriter.java,2680,warning,2
src_java_org_apache_lucene_index_IndexWriter.java,1508,error,1
src_java_org_apache_lucene_index_IndexWriter.java,1936,warning,2
src_java_org_apache_lucene_index_IndexWriter.java,4107,warning,2
src_java_org_apache_lucene_index_IndexWriter.java,2756,warning,2
src_java_org_apache_lucene_index_IndexWriter.java,2141,error,1
src_java_org_apache_lucene_index_IndexWriter.java,1485,error,1
src_java_org_apache_lucene_index_IndexWriter.java,4484,warning,2
src_java_org_apache_lucene_index_IndexWriter.java,1634,warning,2
src_java_org_apache_lucene_index_IndexWriter.java,1080,error,1
src_java_org_apache_lucene_index_IndexWriter.java,2031,error,1
src_java_org_apache_lucene_index_IndexWriter.java,4417,error,1
src_java_org_apache_lucene_index_IndexWriter.java,2120,error,1
src_java_org_apache_lucene_index_IndexWriter.java,1779,warning,2
src_java_org_apache_lucene_index_IndexWriter.java,4224,warning,2
src_java_org_apache_lucene_index_IndexWriter.java,386,warning,2
src_java_org_apache_lucene_index_IndexWriter.java,4169,warning,2
src_java_org_apache_lucene_index_IndexWriter.java,4357,warning,2
src_java_org_apache_lucene_index_IndexWriter.java,4663,warning,2
src_java_org_apache_lucene_index_IndexWriter.java,3599,warning,2
src_java_org_apache_lucene_index_IndexWriter.java,2326,warning,2
src_java_org_apache_lucene_index_IndexWriter.java,1674,warning,2
src_java_org_apache_lucene_index_IndexWriter.java,4396,error,1
src_java_org_apache_lucene_index_IndexWriter.java,364,warning,2
src_java_org_apache_lucene_index_IndexWriter.java,1666,warning,2
src_java_org_apache_lucene_index_IndexWriter.java,4268,warning,2
src_java_org_apache_lucene_index_IndexWriter.java,1902,warning,2
src_java_org_apache_lucene_index_IndexWriter.java,2371,warning,2
src_java_org_apache_lucene_index_IndexWriter.java,1512,warning,2
src_java_org_apache_lucene_index_IndexWriter.java,4460,warning,2
src_java_org_apache_lucene_index_IndexWriter.java,1677,warning,2
src_java_org_apache_lucene_index_IndexWriter.java,644,warning,2
src_java_org_apache_lucene_index_IndexWriter.java,553,warning,2
src_java_org_apache_lucene_index_IndexWriter.java,1709,warning,2
src_java_org_apache_lucene_index_IndexWriter.java,2265,warning,2
src_java_org_apache_lucene_index_IndexWriter.java,2299,warning,2
src_java_org_apache_lucene_index_IndexWriter.java,2744,warning,2
src_java_org_apache_lucene_index_IndexWriter.java,3086,warning,2
src_java_org_apache_lucene_index_IndexWriter.java,1659,warning,2
src_java_org_apache_lucene_index_IndexWriter.java,1404,warning,2
src_java_org_apache_lucene_index_IndexWriter.java,737,warning,2
src_java_org_apache_lucene_index_IndexWriter.java,2757,warning,2
src_java_org_apache_lucene_index_IndexWriter.java,4104,error,1
src_java_org_apache_lucene_index_IndexWriter.java,4676,warning,2
src_java_org_apache_lucene_index_IndexWriter.java,705,warning,2
src_java_org_apache_lucene_index_IndexWriter.java,4128,warning,2
src_java_org_apache_lucene_index_IndexWriter.java,1234,error,1
src_java_org_apache_lucene_index_IndexWriter.java,3200,warning,2
src_java_org_apache_lucene_index_IndexWriter.java,3812,warning,2
src_java_org_apache_lucene_index_IndexWriter.java,4814,error,1
src_java_org_apache_lucene_index_IndexWriter.java,1042,warning,2
src_java_org_apache_lucene_index_IndexWriter.java,2409,warning,2
src_java_org_apache_lucene_index_IndexWriter.java,1664,warning,2
src_java_org_apache_lucene_index_IndexWriter.java,4664,warning,2
src_java_org_apache_lucene_index_IndexWriter.java,298,error,1
src_java_org_apache_lucene_index_IndexWriter.java,849,warning,2
src_java_org_apache_lucene_index_IndexWriter.java,4405,warning,2
src_java_org_apache_lucene_index_IndexWriter.java,3944,warning,2
src_java_org_apache_lucene_index_IndexWriter.java,2308,error,1
src_java_org_apache_lucene_index_IndexWriter.java,836,warning,2
src_java_org_apache_lucene_index_IndexWriter.java,3502,warning,2
src_java_org_apache_lucene_index_IndexWriter.java,1362,error,1
src_java_org_apache_lucene_index_IndexWriter.java,1730,warning,2
src_java_org_apache_lucene_index_IndexWriter.java,3039,warning,2
src_java_org_apache_lucene_index_IndexWriter.java,2698,error,1
src_java_org_apache_lucene_index_IndexWriter.java,2840,warning,2
src_java_org_apache_lucene_index_IndexWriter.java,1972,warning,2
src_java_org_apache_lucene_index_IndexWriter.java,4660,warning,2
src_java_org_apache_lucene_index_IndexWriter.java,2270,warning,2
src_java_org_apache_lucene_index_IndexWriter.java,1399,warning,2
src_java_org_apache_lucene_index_IndexWriter.java,1804,warning,2
src_java_org_apache_lucene_index_IndexWriter.java,2093,warning,2
src_java_org_apache_lucene_index_IndexWriter.java,3665,warning,2
src_java_org_apache_lucene_index_IndexWriter.java,4124,error,1
src_java_org_apache_lucene_index_IndexWriter.java,3838,warning,2
src_java_org_apache_lucene_index_IndexWriter.java,2394,error,1
src_java_org_apache_lucene_index_IndexWriter.java,2396,error,1
src_java_org_apache_lucene_index_IndexWriter.java,541,warning,2
src_java_org_apache_lucene_index_IndexWriter.java,3952,warning,2
src_java_org_apache_lucene_index_IndexWriter.java,3465,error,1
src_java_org_apache_lucene_index_IndexWriter.java,192,error,1
src_java_org_apache_lucene_index_IndexWriter.java,3975,error,1
src_java_org_apache_lucene_index_IndexWriter.java,3315,warning,2
src_java_org_apache_lucene_index_IndexWriter.java,1414,warning,2
src_java_org_apache_lucene_index_IndexWriter.java,1382,warning,2
src_java_org_apache_lucene_index_IndexWriter.java,4363,error,1
src_java_org_apache_lucene_index_IndexWriter.java,4768,warning,2
src_java_org_apache_lucene_index_IndexWriter.java,2347,warning,2
src_java_org_apache_lucene_index_IndexWriter.java,609,warning,2
src_java_org_apache_lucene_index_IndexWriter.java,4111,warning,2
src_java_org_apache_lucene_index_IndexWriter.java,657,error,1
src_java_org_apache_lucene_index_IndexWriter.java,886,warning,2
src_java_org_apache_lucene_index_IndexWriter.java,1398,error,1
src_java_org_apache_lucene_index_IndexWriter.java,1005,warning,2
src_java_org_apache_lucene_index_IndexWriter.java,3585,warning,2
src_java_org_apache_lucene_index_IndexWriter.java,2492,warning,2
src_java_org_apache_lucene_index_IndexWriter.java,596,warning,2
src_java_org_apache_lucene_index_IndexWriter.java,3902,warning,2
src_java_org_apache_lucene_index_IndexWriter.java,970,error,1
src_java_org_apache_lucene_index_IndexWriter.java,3657,warning,2
src_java_org_apache_lucene_index_IndexWriter.java,4348,warning,2
src_java_org_apache_lucene_index_IndexWriter.java,711,warning,2
src_java_org_apache_lucene_index_IndexWriter.java,4560,error,1
src_java_org_apache_lucene_index_IndexWriter.java,183,error,1
src_java_org_apache_lucene_index_IndexWriter.java,3939,error,1
src_java_org_apache_lucene_index_IndexWriter.java,1306,error,1
src_java_org_apache_lucene_index_IndexWriter.java,4125,error,1
src_java_org_apache_lucene_index_IndexWriter.java,3353,warning,2
src_java_org_apache_lucene_index_IndexWriter.java,4172,error,1
src_java_org_apache_lucene_index_IndexWriter.java,4311,warning,2
src_java_org_apache_lucene_index_IndexWriter.java,4830,warning,2
src_java_org_apache_lucene_index_IndexWriter.java,3460,warning,2
src_java_org_apache_lucene_index_IndexWriter.java,3942,warning,2
src_java_org_apache_lucene_index_IndexWriter.java,654,warning,2
src_java_org_apache_lucene_index_IndexWriter.java,3721,error,1
src_java_org_apache_lucene_index_IndexWriter.java,3027,error,1
src_java_org_apache_lucene_index_IndexWriter.java,3301,warning,2
src_java_org_apache_lucene_index_IndexWriter.java,2410,warning,2
src_java_org_apache_lucene_index_IndexWriter.java,40,warning,2
src_java_org_apache_lucene_index_IndexWriter.java,3532,warning,2
src_java_org_apache_lucene_index_IndexWriter.java,3209,warning,2
src_java_org_apache_lucene_index_IndexWriter.java,1085,warning,2
src_java_org_apache_lucene_index_IndexWriter.java,2919,warning,2
src_java_org_apache_lucene_index_IndexWriter.java,1608,warning,2
src_java_org_apache_lucene_index_IndexWriter.java,3901,warning,2
src_java_org_apache_lucene_index_IndexWriter.java,957,error,1
src_java_org_apache_lucene_index_IndexWriter.java,1716,error,1
src_java_org_apache_lucene_index_IndexWriter.java,4170,warning,2
src_java_org_apache_lucene_index_IndexWriter.java,981,warning,2
src_java_org_apache_lucene_index_IndexWriter.java,1165,error,1
src_java_org_apache_lucene_index_IndexWriter.java,282,error,1
src_java_org_apache_lucene_index_IndexWriter.java,3588,warning,2
src_java_org_apache_lucene_index_IndexWriter.java,42,warning,2
src_java_org_apache_lucene_index_IndexWriter.java,1171,warning,2
src_java_org_apache_lucene_index_IndexWriter.java,1478,error,1
src_java_org_apache_lucene_index_IndexWriter.java,446,warning,2
src_java_org_apache_lucene_index_IndexWriter.java,1834,warning,2
src_java_org_apache_lucene_index_IndexWriter.java,2518,warning,2
src_java_org_apache_lucene_index_IndexWriter.java,437,warning,2
src_java_org_apache_lucene_index_IndexWriter.java,1821,error,1
src_java_org_apache_lucene_index_IndexWriter.java,3375,warning,2
src_java_org_apache_lucene_index_IndexWriter.java,4321,warning,2
src_java_org_apache_lucene_index_IndexWriter.java,4520,warning,2
src_java_org_apache_lucene_index_IndexWriter.java,781,warning,2
src_java_org_apache_lucene_index_IndexWriter.java,3751,warning,2
src_java_org_apache_lucene_index_IndexWriter.java,731,warning,2
src_java_org_apache_lucene_index_IndexWriter.java,2102,error,1
src_java_org_apache_lucene_index_IndexWriter.java,4145,error,1
src_java_org_apache_lucene_index_IndexWriter.java,2501,error,1
src_java_org_apache_lucene_index_IndexWriter.java,2603,warning,2
src_java_org_apache_lucene_index_IndexWriter.java,3534,warning,2
src_java_org_apache_lucene_index_IndexWriter.java,3584,error,1
src_java_org_apache_lucene_index_IndexWriter.java,4825,warning,2
src_java_org_apache_lucene_index_IndexWriter.java,3955,error,1
src_java_org_apache_lucene_index_IndexWriter.java,41,warning,2
src_java_org_apache_lucene_index_IndexWriter.java,2902,warning,2
src_java_org_apache_lucene_index_IndexWriter.java,2915,warning,2
src_java_org_apache_lucene_index_IndexWriter.java,552,warning,2
src_java_org_apache_lucene_index_IndexWriter.java,4076,warning,2
src_java_org_apache_lucene_index_IndexWriter.java,3954,warning,2
src_java_org_apache_lucene_index_IndexWriter.java,1018,warning,2
src_java_org_apache_lucene_index_IndexWriter.java,4828,warning,2
src_java_org_apache_lucene_index_IndexWriter.java,2555,error,1
src_java_org_apache_lucene_index_IndexWriter.java,1412,error,1
src_java_org_apache_lucene_index_IndexWriter.java,2306,error,1
src_java_org_apache_lucene_index_IndexWriter.java,3444,warning,2
src_java_org_apache_lucene_index_IndexWriter.java,244,error,1
src_java_org_apache_lucene_index_IndexWriter.java,4576,error,1
src_java_org_apache_lucene_index_IndexWriter.java,366,warning,2
src_java_org_apache_lucene_index_IndexWriter.java,808,warning,2
src_java_org_apache_lucene_index_IndexWriter.java,2072,warning,2
src_java_org_apache_lucene_index_IndexWriter.java,4577,warning,2
src_java_org_apache_lucene_index_IndexWriter.java,2488,warning,2
src_java_org_apache_lucene_index_IndexWriter.java,4503,error,1
src_java_org_apache_lucene_index_IndexWriter.java,3906,warning,2
src_java_org_apache_lucene_index_IndexWriter.java,3950,warning,2
src_java_org_apache_lucene_index_IndexWriter.java,698,warning,2
src_java_org_apache_lucene_index_IndexWriter.java,2312,warning,2
src_java_org_apache_lucene_index_IndexWriter.java,1289,warning,2
src_java_org_apache_lucene_index_IndexWriter.java,2123,warning,2
src_java_org_apache_lucene_index_IndexWriter.java,2476,warning,2
src_java_org_apache_lucene_index_IndexWriter.java,905,warning,2
src_java_org_apache_lucene_index_IndexWriter.java,4331,warning,2
src_java_org_apache_lucene_index_IndexWriter.java,4779,warning,2
src_java_org_apache_lucene_index_IndexWriter.java,3052,warning,2
src_java_org_apache_lucene_index_IndexWriter.java,4600,warning,2
src_java_org_apache_lucene_index_IndexWriter.java,2267,warning,2
src_java_org_apache_lucene_index_IndexWriter.java,911,warning,2
src_java_org_apache_lucene_index_IndexWriter.java,3771,warning,2
src_java_org_apache_lucene_index_IndexWriter.java,4622,error,1
src_java_org_apache_lucene_index_IndexWriter.java,4071,warning,2
src_java_org_apache_lucene_index_IndexWriter.java,1184,error,1
src_java_org_apache_lucene_index_IndexWriter.java,1284,error,1
src_java_org_apache_lucene_index_IndexWriter.java,3586,warning,2
src_java_org_apache_lucene_index_IndexWriter.java,2317,error,1
src_java_org_apache_lucene_index_IndexWriter.java,1224,error,1
src_java_org_apache_lucene_index_IndexWriter.java,2483,warning,2
src_java_org_apache_lucene_index_IndexWriter.java,2808,warning,2
src_java_org_apache_lucene_index_IndexWriter.java,4258,warning,2
src_java_org_apache_lucene_index_IndexWriter.java,3908,warning,2
src_java_org_apache_lucene_index_IndexWriter.java,1124,warning,2
src_java_org_apache_lucene_index_IndexWriter.java,2471,error,1
src_java_org_apache_lucene_index_IndexWriter.java,3946,error,1
src_java_org_apache_lucene_index_IndexWriter.java,729,error,1
src_java_org_apache_lucene_index_IndexWriter.java,3630,warning,2
src_java_org_apache_lucene_index_IndexWriter.java,3976,warning,2
src_java_org_apache_lucene_index_IndexWriter.java,3252,warning,2
src_java_org_apache_lucene_index_IndexWriter.java,1157,error,1
src_java_org_apache_lucene_index_IndexWriter.java,4259,warning,2
src_java_org_apache_lucene_index_IndexWriter.java,4137,error,1
src_java_org_apache_lucene_index_IndexWriter.java,1434,warning,2
src_java_org_apache_lucene_index_IndexWriter.java,2528,warning,2
src_java_org_apache_lucene_index_IndexWriter.java,3713,error,1
src_java_org_apache_lucene_index_IndexWriter.java,1498,warning,2
src_java_org_apache_lucene_index_IndexWriter.java,4619,warning,2
src_java_org_apache_lucene_index_IndexWriter.java,96,error,1
src_java_org_apache_lucene_index_IndexWriter.java,4281,warning,2
src_java_org_apache_lucene_index_IndexWriter.java,44,warning,2
src_java_org_apache_lucene_index_IndexWriter.java,1095,warning,2
src_java_org_apache_lucene_index_IndexWriter.java,663,warning,2
src_java_org_apache_lucene_index_IndexWriter.java,3873,error,1
src_java_org_apache_lucene_index_IndexWriter.java,2719,warning,2
src_java_org_apache_lucene_index_IndexWriter.java,1946,warning,2
src_java_org_apache_lucene_index_IndexWriter.java,827,warning,2
src_java_org_apache_lucene_index_IndexWriter.java,577,warning,2
src_java_org_apache_lucene_index_IndexWriter.java,4659,warning,2
src_java_org_apache_lucene_index_IndexWriter.java,1696,warning,2
src_java_org_apache_lucene_index_IndexWriter.java,2558,warning,2
src_java_org_apache_lucene_index_IndexWriter.java,1052,warning,2
src_java_org_apache_lucene_index_IndexWriter.java,3377,error,1
src_java_org_apache_lucene_index_IndexWriter.java,850,warning,2
src_java_org_apache_lucene_index_IndexWriter.java,1704,warning,2
src_java_org_apache_lucene_index_IndexWriter.java,1285,warning,2
src_java_org_apache_lucene_index_IndexWriter.java,1,error,1
src_java_org_apache_lucene_index_IndexWriter.java,619,warning,2
src_java_org_apache_lucene_index_IndexWriter.java,1040,error,1
src_java_org_apache_lucene_index_IndexWriter.java,2849,error,1
src_java_org_apache_lucene_index_IndexWriter.java,3801,warning,2
src_java_org_apache_lucene_index_IndexWriter.java,4858,error,1
src_java_org_apache_lucene_index_IndexWriter.java,452,warning,2
src_java_org_apache_lucene_index_IndexWriter.java,3545,warning,2
src_java_org_apache_lucene_index_IndexWriter.java,271,error,1
src_java_org_apache_lucene_index_IndexWriter.java,1614,warning,2
src_java_org_apache_lucene_index_IndexWriter.java,1397,warning,2
src_java_org_apache_lucene_index_IndexWriter.java,3057,warning,2
src_java_org_apache_lucene_index_IndexWriter.java,4201,warning,2
src_java_org_apache_lucene_index_IndexWriter.java,3458,warning,2
src_java_org_apache_lucene_index_IndexWriter.java,2922,warning,2
src_java_org_apache_lucene_index_IndexWriter.java,3061,warning,2
src_java_org_apache_lucene_index_IndexWriter.java,93,error,1
src_java_org_apache_lucene_index_IndexWriter.java,1505,warning,2
src_java_org_apache_lucene_index_IndexWriter.java,393,warning,2
src_java_org_apache_lucene_index_IndexWriter.java,2343,error,1
src_java_org_apache_lucene_index_IndexWriter.java,3551,error,1
src_java_org_apache_lucene_index_IndexWriter.java,3024,warning,2
src_java_org_apache_lucene_index_IndexWriter.java,1658,warning,2
src_java_org_apache_lucene_index_IndexWriter.java,835,error,1
src_java_org_apache_lucene_index_IndexWriter.java,4287,warning,2
src_java_org_apache_lucene_index_IndexWriter.java,3669,error,1
src_java_org_apache_lucene_index_IndexWriter.java,1454,warning,2
src_java_org_apache_lucene_index_IndexWriter.java,1653,warning,2
src_java_org_apache_lucene_index_IndexWriter.java,2715,warning,2
src_java_org_apache_lucene_index_IndexWriter.java,838,warning,2
src_java_org_apache_lucene_index_IndexWriter.java,4351,warning,2
src_java_org_apache_lucene_index_IndexWriter.java,3653,warning,2
src_java_org_apache_lucene_index_IndexWriter.java,1299,warning,2
src_java_org_apache_lucene_index_IndexWriter.java,1828,warning,2
src_java_org_apache_lucene_index_IndexWriter.java,4208,warning,2
src_java_org_apache_lucene_index_IndexWriter.java,3366,error,1
src_java_org_apache_lucene_index_IndexWriter.java,3214,warning,2
src_java_org_apache_lucene_index_IndexWriter.java,3795,error,1
src_java_org_apache_lucene_index_IndexWriter.java,3992,warning,2
src_java_org_apache_lucene_index_IndexWriter.java,2800,warning,2
src_java_org_apache_lucene_index_IndexWriter.java,259,error,1
src_java_org_apache_lucene_index_IndexWriter.java,497,warning,2
src_java_org_apache_lucene_index_IndexWriter.java,4080,warning,2
src_java_org_apache_lucene_index_IndexWriter.java,2626,warning,2
src_java_org_apache_lucene_index_IndexWriter.java,4718,warning,2
src_java_org_apache_lucene_index_IndexWriter.java,792,warning,2
src_java_org_apache_lucene_index_IndexWriter.java,1686,warning,2
src_java_org_apache_lucene_index_IndexWriter.java,4492,error,1
src_java_org_apache_lucene_index_IndexWriter.java,4062,warning,2
src_java_org_apache_lucene_index_IndexWriter.java,297,error,1
src_java_org_apache_lucene_index_IndexWriter.java,2398,warning,2
src_java_org_apache_lucene_index_IndexWriter.java,1035,warning,2
src_java_org_apache_lucene_index_IndexWriter.java,2340,warning,2
src_java_org_apache_lucene_index_IndexWriter.java,3871,error,1
src_java_org_apache_lucene_index_IndexWriter.java,2135,warning,2
src_java_org_apache_lucene_index_IndexWriter.java,3550,error,1
src_java_org_apache_lucene_index_IndexWriter.java,4662,warning,2
src_java_org_apache_lucene_index_IndexWriter.java,248,error,1
src_java_org_apache_lucene_index_IndexWriter.java,4629,error,1
src_java_org_apache_lucene_index_IndexWriter.java,487,warning,2
src_java_org_apache_lucene_index_IndexWriter.java,1400,warning,2
src_java_org_apache_lucene_index_IndexWriter.java,1725,warning,2
src_java_org_apache_lucene_index_IndexWriter.java,1924,warning,2
src_java_org_apache_lucene_index_IndexWriter.java,3756,error,1
src_java_org_apache_lucene_index_IndexWriter.java,629,warning,2
src_java_org_apache_lucene_index_IndexWriter.java,4849,warning,2
src_java_org_apache_lucene_index_IndexWriter.java,488,warning,2
src_java_org_apache_lucene_index_IndexWriter.java,3255,warning,2
src_java_org_apache_lucene_index_IndexWriter.java,3300,warning,2
src_java_org_apache_lucene_index_IndexWriter.java,1817,error,1
src_java_org_apache_lucene_index_IndexWriter.java,1450,warning,2
src_java_org_apache_lucene_index_IndexWriter.java,4045,warning,2
src_java_org_apache_lucene_index_IndexWriter.java,3845,error,1
src_java_org_apache_lucene_index_IndexWriter.java,2605,warning,2
src_java_org_apache_lucene_index_IndexWriter.java,1288,warning,2
src_java_org_apache_lucene_index_IndexWriter.java,910,warning,2
src_java_org_apache_lucene_index_IndexWriter.java,4214,warning,2
src_java_org_apache_lucene_index_IndexWriter.java,4634,warning,2
src_java_org_apache_lucene_index_IndexWriter.java,29,warning,2
src_java_org_apache_lucene_index_IndexWriter.java,597,warning,2
src_java_org_apache_lucene_index_IndexWriter.java,748,warning,2
src_java_org_apache_lucene_index_IndexWriter.java,4199,warning,2
src_java_org_apache_lucene_index_IndexWriter.java,3566,warning,2
src_java_org_apache_lucene_index_IndexWriter.java,791,warning,2
src_java_org_apache_lucene_index_IndexWriter.java,242,error,1
src_java_org_apache_lucene_index_IndexWriter.java,3782,error,1
src_java_org_apache_lucene_index_IndexWriter.java,4189,warning,2
src_java_org_apache_lucene_index_IndexWriter.java,3107,warning,2
src_java_org_apache_lucene_index_IndexWriter.java,3302,warning,2
contrib_analyzers_common_src_java_org_apache_lucene_analysis_cjk_CJKAnalyzer.java,100,warning,2
contrib_analyzers_common_src_java_org_apache_lucene_analysis_cjk_CJKAnalyzer.java,147,warning,2
contrib_analyzers_common_src_java_org_apache_lucene_analysis_cjk_CJKAnalyzer.java,110,warning,2
contrib_analyzers_common_src_java_org_apache_lucene_analysis_cjk_CJKAnalyzer.java,69,error,1
contrib_analyzers_common_src_java_org_apache_lucene_analysis_cjk_CJKAnalyzer.java,116,error,1
contrib_analyzers_common_src_java_org_apache_lucene_analysis_cjk_CJKAnalyzer.java,127,warning,2
contrib_analyzers_common_src_java_org_apache_lucene_analysis_cjk_CJKAnalyzer.java,125,error,1
contrib_analyzers_common_src_java_org_apache_lucene_analysis_cjk_CJKAnalyzer.java,98,warning,2
contrib_analyzers_common_src_java_org_apache_lucene_analysis_cjk_CJKAnalyzer.java,149,warning,2
contrib_analyzers_common_src_java_org_apache_lucene_analysis_cjk_CJKAnalyzer.java,126,warning,2
contrib_analyzers_common_src_java_org_apache_lucene_analysis_cjk_CJKAnalyzer.java,49,warning,2
contrib_analyzers_common_src_java_org_apache_lucene_analysis_cjk_CJKAnalyzer.java,48,error,1
contrib_analyzers_common_src_java_org_apache_lucene_analysis_cjk_CJKAnalyzer.java,65,error,1
contrib_analyzers_common_src_java_org_apache_lucene_analysis_cjk_CJKAnalyzer.java,30,warning,2
contrib_analyzers_common_src_java_org_apache_lucene_analysis_cjk_CJKAnalyzer.java,38,warning,2
contrib_analyzers_common_src_java_org_apache_lucene_analysis_cjk_CJKAnalyzer.java,27,warning,2
contrib_analyzers_common_src_java_org_apache_lucene_analysis_cjk_CJKAnalyzer.java,73,warning,2
contrib_analyzers_common_src_java_org_apache_lucene_analysis_cjk_CJKAnalyzer.java,124,error,1
contrib_analyzers_common_src_java_org_apache_lucene_analysis_cjk_CJKAnalyzer.java,157,warning,2
contrib_analyzers_common_src_java_org_apache_lucene_analysis_cjk_CJKAnalyzer.java,153,warning,2
contrib_analyzers_common_src_java_org_apache_lucene_analysis_cjk_CJKAnalyzer.java,155,warning,2
contrib_analyzers_common_src_java_org_apache_lucene_analysis_cjk_CJKAnalyzer.java,66,warning,2
contrib_analyzers_common_src_java_org_apache_lucene_analysis_cjk_CJKAnalyzer.java,53,warning,2
contrib_analyzers_common_src_java_org_apache_lucene_analysis_cjk_CJKAnalyzer.java,78,error,1
contrib_analyzers_common_src_java_org_apache_lucene_analysis_cjk_CJKAnalyzer.java,74,error,1
contrib_analyzers_common_src_java_org_apache_lucene_analysis_cjk_CJKAnalyzer.java,87,warning,2
contrib_analyzers_common_src_java_org_apache_lucene_analysis_cjk_CJKAnalyzer.java,123,warning,2
contrib_analyzers_common_src_java_org_apache_lucene_analysis_cjk_CJKAnalyzer.java,148,warning,2
contrib_analyzers_common_src_java_org_apache_lucene_analysis_cjk_CJKAnalyzer.java,109,warning,2
contrib_analyzers_common_src_java_org_apache_lucene_analysis_cjk_CJKAnalyzer.java,97,error,1
contrib_analyzers_common_src_java_org_apache_lucene_analysis_cjk_CJKAnalyzer.java,3,error,1
contrib_analyzers_common_src_java_org_apache_lucene_analysis_cjk_CJKAnalyzer.java,130,error,1
contrib_analyzers_common_src_java_org_apache_lucene_analysis_cjk_CJKAnalyzer.java,89,error,1
contrib_analyzers_common_src_java_org_apache_lucene_analysis_cjk_CJKAnalyzer.java,70,error,1
contrib_analyzers_common_src_java_org_apache_lucene_analysis_cjk_CJKAnalyzer.java,156,warning,2
contrib_analyzers_common_src_java_org_apache_lucene_analysis_cjk_CJKAnalyzer.java,132,warning,2
contrib_analyzers_common_src_java_org_apache_lucene_analysis_cjk_CJKAnalyzer.java,154,warning,2
contrib_analyzers_common_src_java_org_apache_lucene_analysis_cjk_CJKAnalyzer.java,131,error,1
contrib_analyzers_common_src_java_org_apache_lucene_analysis_cjk_CJKAnalyzer.java,33,error,1
contrib_analyzers_common_src_java_org_apache_lucene_analysis_cjk_CJKAnalyzer.java,28,warning,2
contrib_analyzers_common_src_java_org_apache_lucene_analysis_cjk_CJKAnalyzer.java,143,warning,2
contrib_analyzers_common_src_java_org_apache_lucene_analysis_cjk_CJKAnalyzer.java,152,warning,2
contrib_analyzers_common_src_java_org_apache_lucene_analysis_cjk_CJKAnalyzer.java,54,warning,2
contrib_analyzers_common_src_java_org_apache_lucene_analysis_cjk_CJKAnalyzer.java,44,warning,2
contrib_analyzers_common_src_java_org_apache_lucene_analysis_cjk_CJKAnalyzer.java,52,warning,2
contrib_analyzers_common_src_java_org_apache_lucene_analysis_cjk_CJKAnalyzer.java,85,error,1
contrib_analyzers_common_src_java_org_apache_lucene_analysis_cjk_CJKAnalyzer.java,63,warning,2
contrib_analyzers_common_src_java_org_apache_lucene_analysis_cjk_CJKAnalyzer.java,55,warning,2
contrib_analyzers_common_src_java_org_apache_lucene_analysis_cjk_CJKAnalyzer.java,121,warning,2
contrib_analyzers_common_src_java_org_apache_lucene_analysis_cjk_CJKAnalyzer.java,146,warning,2
contrib_analyzers_common_src_java_org_apache_lucene_analysis_cjk_CJKAnalyzer.java,86,warning,2
contrib_analyzers_common_src_java_org_apache_lucene_analysis_cjk_CJKAnalyzer.java,141,warning,2
contrib_analyzers_common_src_java_org_apache_lucene_analysis_cjk_CJKAnalyzer.java,71,warning,2
contrib_analyzers_common_src_java_org_apache_lucene_analysis_cjk_CJKAnalyzer.java,50,warning,2
contrib_analyzers_common_src_java_org_apache_lucene_analysis_cjk_CJKAnalyzer.java,144,error,1
contrib_analyzers_common_src_java_org_apache_lucene_analysis_cjk_CJKAnalyzer.java,108,error,1
contrib_analyzers_common_src_java_org_apache_lucene_analysis_cjk_CJKAnalyzer.java,129,error,1
contrib_analyzers_common_src_java_org_apache_lucene_analysis_cjk_CJKAnalyzer.java,29,warning,2
contrib_analyzers_common_src_java_org_apache_lucene_analysis_cjk_CJKAnalyzer.java,1,error,1
contrib_analyzers_common_src_java_org_apache_lucene_analysis_cjk_CJKAnalyzer.java,67,warning,2
contrib_analyzers_common_src_java_org_apache_lucene_analysis_cjk_CJKAnalyzer.java,72,warning,2
contrib_analyzers_common_src_java_org_apache_lucene_analysis_cjk_CJKAnalyzer.java,150,error,1
contrib_analyzers_common_src_java_org_apache_lucene_analysis_cjk_CJKAnalyzer.java,99,warning,2
contrib_analyzers_common_src_java_org_apache_lucene_analysis_cjk_CJKAnalyzer.java,56,warning,2
contrib_analyzers_common_src_java_org_apache_lucene_analysis_cjk_CJKAnalyzer.java,51,warning,2
contrib_analyzers_common_src_java_org_apache_lucene_analysis_cjk_CJKAnalyzer.java,77,warning,2
contrib_analyzers_common_src_java_org_apache_lucene_analysis_cjk_CJKAnalyzer.java,111,warning,2
contrib_analyzers_common_src_java_org_apache_lucene_analysis_cn_ChineseTokenizer.java,166,warning,2
contrib_analyzers_common_src_java_org_apache_lucene_analysis_cn_ChineseTokenizer.java,114,warning,2
contrib_analyzers_common_src_java_org_apache_lucene_analysis_cn_ChineseTokenizer.java,151,warning,2
contrib_analyzers_common_src_java_org_apache_lucene_analysis_cn_ChineseTokenizer.java,134,warning,2
contrib_analyzers_common_src_java_org_apache_lucene_analysis_cn_ChineseTokenizer.java,62,warning,2
contrib_analyzers_common_src_java_org_apache_lucene_analysis_cn_ChineseTokenizer.java,147,error,1
contrib_analyzers_common_src_java_org_apache_lucene_analysis_cn_ChineseTokenizer.java,133,error,1
contrib_analyzers_common_src_java_org_apache_lucene_analysis_cn_ChineseTokenizer.java,24,warning,2
contrib_analyzers_common_src_java_org_apache_lucene_analysis_cn_ChineseTokenizer.java,91,error,1
contrib_analyzers_common_src_java_org_apache_lucene_analysis_cn_ChineseTokenizer.java,110,error,1
contrib_analyzers_common_src_java_org_apache_lucene_analysis_cn_ChineseTokenizer.java,69,warning,2
contrib_analyzers_common_src_java_org_apache_lucene_analysis_cn_ChineseTokenizer.java,165,warning,2
contrib_analyzers_common_src_java_org_apache_lucene_analysis_cn_ChineseTokenizer.java,127,warning,2
contrib_analyzers_common_src_java_org_apache_lucene_analysis_cn_ChineseTokenizer.java,116,warning,2
contrib_analyzers_common_src_java_org_apache_lucene_analysis_cn_ChineseTokenizer.java,125,warning,2
contrib_analyzers_common_src_java_org_apache_lucene_analysis_cn_ChineseTokenizer.java,149,warning,2
contrib_analyzers_common_src_java_org_apache_lucene_analysis_cn_ChineseTokenizer.java,179,warning,2
contrib_analyzers_common_src_java_org_apache_lucene_analysis_cn_ChineseTokenizer.java,175,warning,2
contrib_analyzers_common_src_java_org_apache_lucene_analysis_cn_ChineseTokenizer.java,158,warning,2
contrib_analyzers_common_src_java_org_apache_lucene_analysis_cn_ChineseTokenizer.java,73,warning,2
contrib_analyzers_common_src_java_org_apache_lucene_analysis_cn_ChineseTokenizer.java,163,error,1
contrib_analyzers_common_src_java_org_apache_lucene_analysis_cn_ChineseTokenizer.java,124,warning,2
contrib_analyzers_common_src_java_org_apache_lucene_analysis_cn_ChineseTokenizer.java,162,warning,2
contrib_analyzers_common_src_java_org_apache_lucene_analysis_cn_ChineseTokenizer.java,157,warning,2
contrib_analyzers_common_src_java_org_apache_lucene_analysis_cn_ChineseTokenizer.java,88,error,1
contrib_analyzers_common_src_java_org_apache_lucene_analysis_cn_ChineseTokenizer.java,167,warning,2
contrib_analyzers_common_src_java_org_apache_lucene_analysis_cn_ChineseTokenizer.java,153,warning,2
contrib_analyzers_common_src_java_org_apache_lucene_analysis_cn_ChineseTokenizer.java,155,warning,2
contrib_analyzers_common_src_java_org_apache_lucene_analysis_cn_ChineseTokenizer.java,64,warning,2
contrib_analyzers_common_src_java_org_apache_lucene_analysis_cn_ChineseTokenizer.java,66,error,1
contrib_analyzers_common_src_java_org_apache_lucene_analysis_cn_ChineseTokenizer.java,160,warning,2
contrib_analyzers_common_src_java_org_apache_lucene_analysis_cn_ChineseTokenizer.java,176,error,1
contrib_analyzers_common_src_java_org_apache_lucene_analysis_cn_ChineseTokenizer.java,122,warning,2
contrib_analyzers_common_src_java_org_apache_lucene_analysis_cn_ChineseTokenizer.java,118,warning,2
contrib_analyzers_common_src_java_org_apache_lucene_analysis_cn_ChineseTokenizer.java,78,warning,2
contrib_analyzers_common_src_java_org_apache_lucene_analysis_cn_ChineseTokenizer.java,74,warning,2
contrib_analyzers_common_src_java_org_apache_lucene_analysis_cn_ChineseTokenizer.java,94,error,1
contrib_analyzers_common_src_java_org_apache_lucene_analysis_cn_ChineseTokenizer.java,61,error,1
contrib_analyzers_common_src_java_org_apache_lucene_analysis_cn_ChineseTokenizer.java,148,warning,2
contrib_analyzers_common_src_java_org_apache_lucene_analysis_cn_ChineseTokenizer.java,173,warning,2
contrib_analyzers_common_src_java_org_apache_lucene_analysis_cn_ChineseTokenizer.java,109,error,1
contrib_analyzers_common_src_java_org_apache_lucene_analysis_cn_ChineseTokenizer.java,3,error,1
contrib_analyzers_common_src_java_org_apache_lucene_analysis_cn_ChineseTokenizer.java,156,error,1
contrib_analyzers_common_src_java_org_apache_lucene_analysis_cn_ChineseTokenizer.java,97,warning,2
contrib_analyzers_common_src_java_org_apache_lucene_analysis_cn_ChineseTokenizer.java,89,error,1
contrib_analyzers_common_src_java_org_apache_lucene_analysis_cn_ChineseTokenizer.java,132,error,1
contrib_analyzers_common_src_java_org_apache_lucene_analysis_cn_ChineseTokenizer.java,128,warning,2
contrib_analyzers_common_src_java_org_apache_lucene_analysis_cn_ChineseTokenizer.java,92,error,1
contrib_analyzers_common_src_java_org_apache_lucene_analysis_cn_ChineseTokenizer.java,130,warning,2
contrib_analyzers_common_src_java_org_apache_lucene_analysis_cn_ChineseTokenizer.java,171,warning,2
contrib_analyzers_common_src_java_org_apache_lucene_analysis_cn_ChineseTokenizer.java,139,warning,2
contrib_analyzers_common_src_java_org_apache_lucene_analysis_cn_ChineseTokenizer.java,107,error,1
contrib_analyzers_common_src_java_org_apache_lucene_analysis_cn_ChineseTokenizer.java,140,warning,2
contrib_analyzers_common_src_java_org_apache_lucene_analysis_cn_ChineseTokenizer.java,96,error,1
contrib_analyzers_common_src_java_org_apache_lucene_analysis_cn_ChineseTokenizer.java,159,warning,2
contrib_analyzers_common_src_java_org_apache_lucene_analysis_cn_ChineseTokenizer.java,81,error,1
contrib_analyzers_common_src_java_org_apache_lucene_analysis_cn_ChineseTokenizer.java,143,error,1
contrib_analyzers_common_src_java_org_apache_lucene_analysis_cn_ChineseTokenizer.java,152,warning,2
contrib_analyzers_common_src_java_org_apache_lucene_analysis_cn_ChineseTokenizer.java,54,warning,2
contrib_analyzers_common_src_java_org_apache_lucene_analysis_cn_ChineseTokenizer.java,101,error,1
contrib_analyzers_common_src_java_org_apache_lucene_analysis_cn_ChineseTokenizer.java,85,error,1
contrib_analyzers_common_src_java_org_apache_lucene_analysis_cn_ChineseTokenizer.java,63,warning,2
contrib_analyzers_common_src_java_org_apache_lucene_analysis_cn_ChineseTokenizer.java,58,warning,2
contrib_analyzers_common_src_java_org_apache_lucene_analysis_cn_ChineseTokenizer.java,79,warning,2
contrib_analyzers_common_src_java_org_apache_lucene_analysis_cn_ChineseTokenizer.java,146,warning,2
contrib_analyzers_common_src_java_org_apache_lucene_analysis_cn_ChineseTokenizer.java,119,warning,2
contrib_analyzers_common_src_java_org_apache_lucene_analysis_cn_ChineseTokenizer.java,172,error,1
contrib_analyzers_common_src_java_org_apache_lucene_analysis_cn_ChineseTokenizer.java,84,error,1
contrib_analyzers_common_src_java_org_apache_lucene_analysis_cn_ChineseTokenizer.java,141,warning,2
contrib_analyzers_common_src_java_org_apache_lucene_analysis_cn_ChineseTokenizer.java,71,error,1
contrib_analyzers_common_src_java_org_apache_lucene_analysis_cn_ChineseTokenizer.java,178,warning,2
contrib_analyzers_common_src_java_org_apache_lucene_analysis_cn_ChineseTokenizer.java,142,warning,2
contrib_analyzers_common_src_java_org_apache_lucene_analysis_cn_ChineseTokenizer.java,177,warning,2
contrib_analyzers_common_src_java_org_apache_lucene_analysis_cn_ChineseTokenizer.java,103,error,1
contrib_analyzers_common_src_java_org_apache_lucene_analysis_cn_ChineseTokenizer.java,144,warning,2
contrib_analyzers_common_src_java_org_apache_lucene_analysis_cn_ChineseTokenizer.java,108,warning,2
contrib_analyzers_common_src_java_org_apache_lucene_analysis_cn_ChineseTokenizer.java,68,warning,2
contrib_analyzers_common_src_java_org_apache_lucene_analysis_cn_ChineseTokenizer.java,129,warning,2
contrib_analyzers_common_src_java_org_apache_lucene_analysis_cn_ChineseTokenizer.java,1,error,1
contrib_analyzers_common_src_java_org_apache_lucene_analysis_cn_ChineseTokenizer.java,83,error,1
contrib_analyzers_common_src_java_org_apache_lucene_analysis_cn_ChineseTokenizer.java,76,warning,2
contrib_analyzers_common_src_java_org_apache_lucene_analysis_cn_ChineseTokenizer.java,137,error,1
contrib_analyzers_common_src_java_org_apache_lucene_analysis_cn_ChineseTokenizer.java,67,warning,2
contrib_analyzers_common_src_java_org_apache_lucene_analysis_cn_ChineseTokenizer.java,72,warning,2
contrib_analyzers_common_src_java_org_apache_lucene_analysis_cn_ChineseTokenizer.java,112,warning,2
contrib_analyzers_common_src_java_org_apache_lucene_analysis_cn_ChineseTokenizer.java,150,warning,2
contrib_analyzers_common_src_java_org_apache_lucene_analysis_cn_ChineseTokenizer.java,99,warning,2
contrib_analyzers_common_src_java_org_apache_lucene_analysis_cn_ChineseTokenizer.java,169,warning,2
contrib_analyzers_common_src_java_org_apache_lucene_analysis_cn_ChineseTokenizer.java,82,error,1
contrib_analyzers_common_src_java_org_apache_lucene_analysis_cn_ChineseTokenizer.java,77,warning,2
contrib_analyzers_common_src_java_org_apache_lucene_analysis_cn_ChineseTokenizer.java,106,warning,2
contrib_analyzers_common_src_java_org_apache_lucene_analysis_cn_ChineseTokenizer.java,111,warning,2
contrib_analyzers_common_src_java_org_apache_lucene_analysis_ru_RussianAnalyzer.java,114,warning,2
contrib_analyzers_common_src_java_org_apache_lucene_analysis_ru_RussianAnalyzer.java,113,warning,2
contrib_analyzers_common_src_java_org_apache_lucene_analysis_ru_RussianAnalyzer.java,62,warning,2
contrib_analyzers_common_src_java_org_apache_lucene_analysis_ru_RussianAnalyzer.java,93,error,1
contrib_analyzers_common_src_java_org_apache_lucene_analysis_ru_RussianAnalyzer.java,105,warning,2
contrib_analyzers_common_src_java_org_apache_lucene_analysis_ru_RussianAnalyzer.java,147,warning,2
contrib_analyzers_common_src_java_org_apache_lucene_analysis_ru_RussianAnalyzer.java,69,warning,2
contrib_analyzers_common_src_java_org_apache_lucene_analysis_ru_RussianAnalyzer.java,98,error,1
contrib_analyzers_common_src_java_org_apache_lucene_analysis_ru_RussianAnalyzer.java,125,warning,2
contrib_analyzers_common_src_java_org_apache_lucene_analysis_ru_RussianAnalyzer.java,149,warning,2
contrib_analyzers_common_src_java_org_apache_lucene_analysis_ru_RussianAnalyzer.java,126,warning,2
contrib_analyzers_common_src_java_org_apache_lucene_analysis_ru_RussianAnalyzer.java,49,error,1
contrib_analyzers_common_src_java_org_apache_lucene_analysis_ru_RussianAnalyzer.java,48,error,1
contrib_analyzers_common_src_java_org_apache_lucene_analysis_ru_RussianAnalyzer.java,104,error,1
contrib_analyzers_common_src_java_org_apache_lucene_analysis_ru_RussianAnalyzer.java,145,warning,2
contrib_analyzers_common_src_java_org_apache_lucene_analysis_ru_RussianAnalyzer.java,158,warning,2
contrib_analyzers_common_src_java_org_apache_lucene_analysis_ru_RussianAnalyzer.java,73,error,1
contrib_analyzers_common_src_java_org_apache_lucene_analysis_ru_RussianAnalyzer.java,124,warning,2
contrib_analyzers_common_src_java_org_apache_lucene_analysis_ru_RussianAnalyzer.java,157,warning,2
contrib_analyzers_common_src_java_org_apache_lucene_analysis_ru_RussianAnalyzer.java,153,warning,2
contrib_analyzers_common_src_java_org_apache_lucene_analysis_ru_RussianAnalyzer.java,155,warning,2
contrib_analyzers_common_src_java_org_apache_lucene_analysis_ru_RussianAnalyzer.java,64,warning,2
contrib_analyzers_common_src_java_org_apache_lucene_analysis_ru_RussianAnalyzer.java,53,error,1
contrib_analyzers_common_src_java_org_apache_lucene_analysis_ru_RussianAnalyzer.java,122,error,1
contrib_analyzers_common_src_java_org_apache_lucene_analysis_ru_RussianAnalyzer.java,118,error,1
contrib_analyzers_common_src_java_org_apache_lucene_analysis_ru_RussianAnalyzer.java,74,warning,2
contrib_analyzers_common_src_java_org_apache_lucene_analysis_ru_RussianAnalyzer.java,94,warning,2
contrib_analyzers_common_src_java_org_apache_lucene_analysis_ru_RussianAnalyzer.java,43,error,1
contrib_analyzers_common_src_java_org_apache_lucene_analysis_ru_RussianAnalyzer.java,61,error,1
contrib_analyzers_common_src_java_org_apache_lucene_analysis_ru_RussianAnalyzer.java,148,warning,2
contrib_analyzers_common_src_java_org_apache_lucene_analysis_ru_RussianAnalyzer.java,3,error,1
contrib_analyzers_common_src_java_org_apache_lucene_analysis_ru_RussianAnalyzer.java,128,error,1
contrib_analyzers_common_src_java_org_apache_lucene_analysis_ru_RussianAnalyzer.java,130,error,1
contrib_analyzers_common_src_java_org_apache_lucene_analysis_ru_RussianAnalyzer.java,42,warning,2
contrib_analyzers_common_src_java_org_apache_lucene_analysis_ru_RussianAnalyzer.java,60,error,1
contrib_analyzers_common_src_java_org_apache_lucene_analysis_ru_RussianAnalyzer.java,156,warning,2
contrib_analyzers_common_src_java_org_apache_lucene_analysis_ru_RussianAnalyzer.java,115,warning,2
contrib_analyzers_common_src_java_org_apache_lucene_analysis_ru_RussianAnalyzer.java,139,warning,2
contrib_analyzers_common_src_java_org_apache_lucene_analysis_ru_RussianAnalyzer.java,140,warning,2
contrib_analyzers_common_src_java_org_apache_lucene_analysis_ru_RussianAnalyzer.java,154,warning,2
contrib_analyzers_common_src_java_org_apache_lucene_analysis_ru_RussianAnalyzer.java,96,warning,2
contrib_analyzers_common_src_java_org_apache_lucene_analysis_ru_RussianAnalyzer.java,131,warning,2
contrib_analyzers_common_src_java_org_apache_lucene_analysis_ru_RussianAnalyzer.java,159,warning,2
contrib_analyzers_common_src_java_org_apache_lucene_analysis_ru_RussianAnalyzer.java,95,warning,2
contrib_analyzers_common_src_java_org_apache_lucene_analysis_ru_RussianAnalyzer.java,81,error,1
contrib_analyzers_common_src_java_org_apache_lucene_analysis_ru_RussianAnalyzer.java,143,error,1
contrib_analyzers_common_src_java_org_apache_lucene_analysis_ru_RussianAnalyzer.java,152,warning,2
contrib_analyzers_common_src_java_org_apache_lucene_analysis_ru_RussianAnalyzer.java,54,error,1
contrib_analyzers_common_src_java_org_apache_lucene_analysis_ru_RussianAnalyzer.java,101,warning,2
contrib_analyzers_common_src_java_org_apache_lucene_analysis_ru_RussianAnalyzer.java,52,error,1
contrib_analyzers_common_src_java_org_apache_lucene_analysis_ru_RussianAnalyzer.java,85,error,1
contrib_analyzers_common_src_java_org_apache_lucene_analysis_ru_RussianAnalyzer.java,63,warning,2
contrib_analyzers_common_src_java_org_apache_lucene_analysis_ru_RussianAnalyzer.java,55,error,1
contrib_analyzers_common_src_java_org_apache_lucene_analysis_ru_RussianAnalyzer.java,79,warning,2
contrib_analyzers_common_src_java_org_apache_lucene_analysis_ru_RussianAnalyzer.java,121,warning,2
contrib_analyzers_common_src_java_org_apache_lucene_analysis_ru_RussianAnalyzer.java,146,warning,2
contrib_analyzers_common_src_java_org_apache_lucene_analysis_ru_RussianAnalyzer.java,119,error,1
contrib_analyzers_common_src_java_org_apache_lucene_analysis_ru_RussianAnalyzer.java,57,error,1
contrib_analyzers_common_src_java_org_apache_lucene_analysis_ru_RussianAnalyzer.java,117,warning,2
contrib_analyzers_common_src_java_org_apache_lucene_analysis_ru_RussianAnalyzer.java,47,warning,2
contrib_analyzers_common_src_java_org_apache_lucene_analysis_ru_RussianAnalyzer.java,71,error,1
contrib_analyzers_common_src_java_org_apache_lucene_analysis_ru_RussianAnalyzer.java,50,error,1
contrib_analyzers_common_src_java_org_apache_lucene_analysis_ru_RussianAnalyzer.java,142,warning,2
contrib_analyzers_common_src_java_org_apache_lucene_analysis_ru_RussianAnalyzer.java,103,error,1
contrib_analyzers_common_src_java_org_apache_lucene_analysis_ru_RussianAnalyzer.java,144,warning,2
contrib_analyzers_common_src_java_org_apache_lucene_analysis_ru_RussianAnalyzer.java,138,warning,2
contrib_analyzers_common_src_java_org_apache_lucene_analysis_ru_RussianAnalyzer.java,129,error,1
contrib_analyzers_common_src_java_org_apache_lucene_analysis_ru_RussianAnalyzer.java,120,warning,2
contrib_analyzers_common_src_java_org_apache_lucene_analysis_ru_RussianAnalyzer.java,1,error,1
contrib_analyzers_common_src_java_org_apache_lucene_analysis_ru_RussianAnalyzer.java,26,warning,2
contrib_analyzers_common_src_java_org_apache_lucene_analysis_ru_RussianAnalyzer.java,83,warning,2
contrib_analyzers_common_src_java_org_apache_lucene_analysis_ru_RussianAnalyzer.java,82,warning,2
contrib_analyzers_common_src_java_org_apache_lucene_analysis_ru_RussianAnalyzer.java,150,error,1
contrib_analyzers_common_src_java_org_apache_lucene_analysis_ru_RussianAnalyzer.java,56,error,1
contrib_analyzers_common_src_java_org_apache_lucene_analysis_ru_RussianAnalyzer.java,75,warning,2
contrib_analyzers_common_src_java_org_apache_lucene_analysis_ru_RussianAnalyzer.java,51,error,1
contrib_analyzers_common_src_java_org_apache_lucene_analysis_ru_RussianAnalyzer.java,106,warning,2
contrib_fast-vector-highlighter_src_java_org_apache_lucene_search_vectorhighlight_BaseFragmentsBuilder.java,62,error,1
contrib_fast-vector-highlighter_src_java_org_apache_lucene_search_vectorhighlight_BaseFragmentsBuilder.java,105,warning,2
contrib_fast-vector-highlighter_src_java_org_apache_lucene_search_vectorhighlight_BaseFragmentsBuilder.java,91,error,1
contrib_fast-vector-highlighter_src_java_org_apache_lucene_search_vectorhighlight_BaseFragmentsBuilder.java,110,error,1
contrib_fast-vector-highlighter_src_java_org_apache_lucene_search_vectorhighlight_BaseFragmentsBuilder.java,37,error,1
contrib_fast-vector-highlighter_src_java_org_apache_lucene_search_vectorhighlight_BaseFragmentsBuilder.java,98,error,1
contrib_fast-vector-highlighter_src_java_org_apache_lucene_search_vectorhighlight_BaseFragmentsBuilder.java,104,warning,2
contrib_fast-vector-highlighter_src_java_org_apache_lucene_search_vectorhighlight_BaseFragmentsBuilder.java,124,warning,2
contrib_fast-vector-highlighter_src_java_org_apache_lucene_search_vectorhighlight_BaseFragmentsBuilder.java,88,error,1
contrib_fast-vector-highlighter_src_java_org_apache_lucene_search_vectorhighlight_BaseFragmentsBuilder.java,53,error,1
contrib_fast-vector-highlighter_src_java_org_apache_lucene_search_vectorhighlight_BaseFragmentsBuilder.java,118,error,1
contrib_fast-vector-highlighter_src_java_org_apache_lucene_search_vectorhighlight_BaseFragmentsBuilder.java,87,error,1
contrib_fast-vector-highlighter_src_java_org_apache_lucene_search_vectorhighlight_BaseFragmentsBuilder.java,123,warning,2
contrib_fast-vector-highlighter_src_java_org_apache_lucene_search_vectorhighlight_BaseFragmentsBuilder.java,61,error,1
contrib_fast-vector-highlighter_src_java_org_apache_lucene_search_vectorhighlight_BaseFragmentsBuilder.java,109,error,1
contrib_fast-vector-highlighter_src_java_org_apache_lucene_search_vectorhighlight_BaseFragmentsBuilder.java,97,error,1
contrib_fast-vector-highlighter_src_java_org_apache_lucene_search_vectorhighlight_BaseFragmentsBuilder.java,3,error,1
contrib_fast-vector-highlighter_src_java_org_apache_lucene_search_vectorhighlight_BaseFragmentsBuilder.java,89,warning,2
contrib_fast-vector-highlighter_src_java_org_apache_lucene_search_vectorhighlight_BaseFragmentsBuilder.java,92,warning,2
contrib_fast-vector-highlighter_src_java_org_apache_lucene_search_vectorhighlight_BaseFragmentsBuilder.java,115,error,1
contrib_fast-vector-highlighter_src_java_org_apache_lucene_search_vectorhighlight_BaseFragmentsBuilder.java,107,error,1
contrib_fast-vector-highlighter_src_java_org_apache_lucene_search_vectorhighlight_BaseFragmentsBuilder.java,96,error,1
contrib_fast-vector-highlighter_src_java_org_apache_lucene_search_vectorhighlight_BaseFragmentsBuilder.java,33,error,1
contrib_fast-vector-highlighter_src_java_org_apache_lucene_search_vectorhighlight_BaseFragmentsBuilder.java,44,warning,2
contrib_fast-vector-highlighter_src_java_org_apache_lucene_search_vectorhighlight_BaseFragmentsBuilder.java,52,error,1
contrib_fast-vector-highlighter_src_java_org_apache_lucene_search_vectorhighlight_BaseFragmentsBuilder.java,55,warning,2
contrib_fast-vector-highlighter_src_java_org_apache_lucene_search_vectorhighlight_BaseFragmentsBuilder.java,79,error,1
contrib_fast-vector-highlighter_src_java_org_apache_lucene_search_vectorhighlight_BaseFragmentsBuilder.java,102,warning,2
contrib_fast-vector-highlighter_src_java_org_apache_lucene_search_vectorhighlight_BaseFragmentsBuilder.java,36,error,1
contrib_fast-vector-highlighter_src_java_org_apache_lucene_search_vectorhighlight_BaseFragmentsBuilder.java,84,warning,2
contrib_fast-vector-highlighter_src_java_org_apache_lucene_search_vectorhighlight_BaseFragmentsBuilder.java,103,error,1
contrib_fast-vector-highlighter_src_java_org_apache_lucene_search_vectorhighlight_BaseFragmentsBuilder.java,120,warning,2
contrib_fast-vector-highlighter_src_java_org_apache_lucene_search_vectorhighlight_BaseFragmentsBuilder.java,1,error,1
contrib_fast-vector-highlighter_src_java_org_apache_lucene_search_vectorhighlight_BaseFragmentsBuilder.java,83,error,1
contrib_fast-vector-highlighter_src_java_org_apache_lucene_search_vectorhighlight_BaseFragmentsBuilder.java,67,error,1
contrib_fast-vector-highlighter_src_java_org_apache_lucene_search_vectorhighlight_BaseFragmentsBuilder.java,72,error,1
contrib_fast-vector-highlighter_src_java_org_apache_lucene_search_vectorhighlight_BaseFragmentsBuilder.java,112,error,1
contrib_fast-vector-highlighter_src_java_org_apache_lucene_search_vectorhighlight_BaseFragmentsBuilder.java,75,error,1
contrib_fast-vector-highlighter_src_java_org_apache_lucene_search_vectorhighlight_BaseFragmentsBuilder.java,51,error,1
contrib_fast-vector-highlighter_src_java_org_apache_lucene_search_vectorhighlight_BaseFragmentsBuilder.java,111,error,1
contrib_fast-vector-highlighter_src_java_org_apache_lucene_search_vectorhighlight_BaseFragmentsBuilder.java,34,error,1
contrib_fast-vector-highlighter_src_java_org_apache_lucene_search_vectorhighlight_BaseFragmentsBuilder.java,114,warning,2
contrib_fast-vector-highlighter_src_java_org_apache_lucene_search_vectorhighlight_BaseFragmentsBuilder.java,113,warning,2
contrib_fast-vector-highlighter_src_java_org_apache_lucene_search_vectorhighlight_BaseFragmentsBuilder.java,93,warning,2
contrib_fast-vector-highlighter_src_java_org_apache_lucene_search_vectorhighlight_BaseFragmentsBuilder.java,100,warning,2
contrib_fast-vector-highlighter_src_java_org_apache_lucene_search_vectorhighlight_BaseFragmentsBuilder.java,24,warning,2
contrib_fast-vector-highlighter_src_java_org_apache_lucene_search_vectorhighlight_BaseFragmentsBuilder.java,69,error,1
contrib_fast-vector-highlighter_src_java_org_apache_lucene_search_vectorhighlight_BaseFragmentsBuilder.java,116,warning,2
contrib_fast-vector-highlighter_src_java_org_apache_lucene_search_vectorhighlight_BaseFragmentsBuilder.java,49,warning,2
contrib_fast-vector-highlighter_src_java_org_apache_lucene_search_vectorhighlight_BaseFragmentsBuilder.java,48,warning,2
contrib_fast-vector-highlighter_src_java_org_apache_lucene_search_vectorhighlight_BaseFragmentsBuilder.java,38,warning,2
contrib_fast-vector-highlighter_src_java_org_apache_lucene_search_vectorhighlight_BaseFragmentsBuilder.java,31,warning,2
contrib_fast-vector-highlighter_src_java_org_apache_lucene_search_vectorhighlight_BaseFragmentsBuilder.java,40,error,1
contrib_fast-vector-highlighter_src_java_org_apache_lucene_search_vectorhighlight_BaseFragmentsBuilder.java,64,warning,2
contrib_fast-vector-highlighter_src_java_org_apache_lucene_search_vectorhighlight_BaseFragmentsBuilder.java,66,error,1
contrib_fast-vector-highlighter_src_java_org_apache_lucene_search_vectorhighlight_BaseFragmentsBuilder.java,59,error,1
contrib_fast-vector-highlighter_src_java_org_apache_lucene_search_vectorhighlight_BaseFragmentsBuilder.java,122,error,1
contrib_fast-vector-highlighter_src_java_org_apache_lucene_search_vectorhighlight_BaseFragmentsBuilder.java,78,error,1
contrib_fast-vector-highlighter_src_java_org_apache_lucene_search_vectorhighlight_BaseFragmentsBuilder.java,74,error,1
contrib_fast-vector-highlighter_src_java_org_apache_lucene_search_vectorhighlight_BaseFragmentsBuilder.java,94,error,1
contrib_fast-vector-highlighter_src_java_org_apache_lucene_search_vectorhighlight_BaseFragmentsBuilder.java,43,error,1
contrib_fast-vector-highlighter_src_java_org_apache_lucene_search_vectorhighlight_BaseFragmentsBuilder.java,42,error,1
contrib_fast-vector-highlighter_src_java_org_apache_lucene_search_vectorhighlight_BaseFragmentsBuilder.java,35,error,1
contrib_fast-vector-highlighter_src_java_org_apache_lucene_search_vectorhighlight_BaseFragmentsBuilder.java,60,error,1
contrib_fast-vector-highlighter_src_java_org_apache_lucene_search_vectorhighlight_BaseFragmentsBuilder.java,70,error,1
contrib_fast-vector-highlighter_src_java_org_apache_lucene_search_vectorhighlight_BaseFragmentsBuilder.java,95,warning,2
contrib_fast-vector-highlighter_src_java_org_apache_lucene_search_vectorhighlight_BaseFragmentsBuilder.java,81,error,1
contrib_fast-vector-highlighter_src_java_org_apache_lucene_search_vectorhighlight_BaseFragmentsBuilder.java,54,error,1
contrib_fast-vector-highlighter_src_java_org_apache_lucene_search_vectorhighlight_BaseFragmentsBuilder.java,101,warning,2
contrib_fast-vector-highlighter_src_java_org_apache_lucene_search_vectorhighlight_BaseFragmentsBuilder.java,63,warning,2
contrib_fast-vector-highlighter_src_java_org_apache_lucene_search_vectorhighlight_BaseFragmentsBuilder.java,86,error,1
contrib_fast-vector-highlighter_src_java_org_apache_lucene_search_vectorhighlight_BaseFragmentsBuilder.java,119,warning,2
contrib_fast-vector-highlighter_src_java_org_apache_lucene_search_vectorhighlight_BaseFragmentsBuilder.java,57,error,1
contrib_fast-vector-highlighter_src_java_org_apache_lucene_search_vectorhighlight_BaseFragmentsBuilder.java,47,warning,2
contrib_fast-vector-highlighter_src_java_org_apache_lucene_search_vectorhighlight_BaseFragmentsBuilder.java,80,error,1
contrib_fast-vector-highlighter_src_java_org_apache_lucene_search_vectorhighlight_BaseFragmentsBuilder.java,108,error,1
contrib_fast-vector-highlighter_src_java_org_apache_lucene_search_vectorhighlight_BaseFragmentsBuilder.java,68,warning,2
contrib_fast-vector-highlighter_src_java_org_apache_lucene_search_vectorhighlight_BaseFragmentsBuilder.java,99,error,1
contrib_fast-vector-highlighter_src_java_org_apache_lucene_search_vectorhighlight_BaseFragmentsBuilder.java,46,error,1
contrib_fast-vector-highlighter_src_java_org_apache_lucene_search_vectorhighlight_BaseFragmentsBuilder.java,82,warning,2
contrib_fast-vector-highlighter_src_java_org_apache_lucene_search_vectorhighlight_BaseFragmentsBuilder.java,77,warning,2
contrib_fast-vector-highlighter_src_java_org_apache_lucene_search_vectorhighlight_BaseFragmentsBuilder.java,76,error,1
src_java_org_apache_lucene_analysis_StopFilter.java,166,warning,2
src_java_org_apache_lucene_analysis_StopFilter.java,34,warning,2
src_java_org_apache_lucene_analysis_StopFilter.java,151,warning,2
src_java_org_apache_lucene_analysis_StopFilter.java,188,error,1
src_java_org_apache_lucene_analysis_StopFilter.java,62,error,1
src_java_org_apache_lucene_analysis_StopFilter.java,93,error,1
src_java_org_apache_lucene_analysis_StopFilter.java,147,warning,2
src_java_org_apache_lucene_analysis_StopFilter.java,110,warning,2
src_java_org_apache_lucene_analysis_StopFilter.java,69,warning,2
src_java_org_apache_lucene_analysis_StopFilter.java,37,error,1
src_java_org_apache_lucene_analysis_StopFilter.java,45,error,1
src_java_org_apache_lucene_analysis_StopFilter.java,168,error,1
src_java_org_apache_lucene_analysis_StopFilter.java,116,error,1
src_java_org_apache_lucene_analysis_StopFilter.java,149,warning,2
src_java_org_apache_lucene_analysis_StopFilter.java,145,warning,2
src_java_org_apache_lucene_analysis_StopFilter.java,65,warning,2
src_java_org_apache_lucene_analysis_StopFilter.java,190,warning,2
src_java_org_apache_lucene_analysis_StopFilter.java,27,error,1
src_java_org_apache_lucene_analysis_StopFilter.java,163,warning,2
src_java_org_apache_lucene_analysis_StopFilter.java,124,error,1
src_java_org_apache_lucene_analysis_StopFilter.java,162,warning,2
src_java_org_apache_lucene_analysis_StopFilter.java,40,error,1
src_java_org_apache_lucene_analysis_StopFilter.java,64,warning,2
src_java_org_apache_lucene_analysis_StopFilter.java,66,warning,2
src_java_org_apache_lucene_analysis_StopFilter.java,53,error,1
src_java_org_apache_lucene_analysis_StopFilter.java,161,error,1
src_java_org_apache_lucene_analysis_StopFilter.java,59,error,1
src_java_org_apache_lucene_analysis_StopFilter.java,122,warning,2
src_java_org_apache_lucene_analysis_StopFilter.java,78,error,1
src_java_org_apache_lucene_analysis_StopFilter.java,118,warning,2
src_java_org_apache_lucene_analysis_StopFilter.java,94,warning,2
src_java_org_apache_lucene_analysis_StopFilter.java,61,warning,2
src_java_org_apache_lucene_analysis_StopFilter.java,148,warning,2
src_java_org_apache_lucene_analysis_StopFilter.java,3,error,1
src_java_org_apache_lucene_analysis_StopFilter.java,128,error,1
src_java_org_apache_lucene_analysis_StopFilter.java,130,warning,2
src_java_org_apache_lucene_analysis_StopFilter.java,132,warning,2
src_java_org_apache_lucene_analysis_StopFilter.java,60,warning,2
src_java_org_apache_lucene_analysis_StopFilter.java,70,warning,2
src_java_org_apache_lucene_analysis_StopFilter.java,23,warning,2
src_java_org_apache_lucene_analysis_StopFilter.java,107,warning,2
src_java_org_apache_lucene_analysis_StopFilter.java,140,warning,2
src_java_org_apache_lucene_analysis_StopFilter.java,131,warning,2
src_java_org_apache_lucene_analysis_StopFilter.java,95,warning,2
src_java_org_apache_lucene_analysis_StopFilter.java,81,error,1
src_java_org_apache_lucene_analysis_StopFilter.java,25,warning,2
src_java_org_apache_lucene_analysis_StopFilter.java,143,warning,2
src_java_org_apache_lucene_analysis_StopFilter.java,152,warning,2
src_java_org_apache_lucene_analysis_StopFilter.java,63,warning,2
src_java_org_apache_lucene_analysis_StopFilter.java,55,error,1
src_java_org_apache_lucene_analysis_StopFilter.java,58,error,1
src_java_org_apache_lucene_analysis_StopFilter.java,146,warning,2
src_java_org_apache_lucene_analysis_StopFilter.java,102,error,1
src_java_org_apache_lucene_analysis_StopFilter.java,119,warning,2
src_java_org_apache_lucene_analysis_StopFilter.java,36,error,1
src_java_org_apache_lucene_analysis_StopFilter.java,117,warning,2
src_java_org_apache_lucene_analysis_StopFilter.java,184,warning,2
src_java_org_apache_lucene_analysis_StopFilter.java,39,error,1
src_java_org_apache_lucene_analysis_StopFilter.java,141,warning,2
src_java_org_apache_lucene_analysis_StopFilter.java,180,warning,2
src_java_org_apache_lucene_analysis_StopFilter.java,189,warning,2
src_java_org_apache_lucene_analysis_StopFilter.java,142,warning,2
src_java_org_apache_lucene_analysis_StopFilter.java,144,error,1
src_java_org_apache_lucene_analysis_StopFilter.java,108,warning,2
src_java_org_apache_lucene_analysis_StopFilter.java,68,warning,2
src_java_org_apache_lucene_analysis_StopFilter.java,138,error,1
src_java_org_apache_lucene_analysis_StopFilter.java,129,warning,2
src_java_org_apache_lucene_analysis_StopFilter.java,120,warning,2
src_java_org_apache_lucene_analysis_StopFilter.java,1,error,1
src_java_org_apache_lucene_analysis_StopFilter.java,83,warning,2
src_java_org_apache_lucene_analysis_StopFilter.java,137,warning,2
src_java_org_apache_lucene_analysis_StopFilter.java,67,warning,2
src_java_org_apache_lucene_analysis_StopFilter.java,170,warning,2
src_java_org_apache_lucene_analysis_StopFilter.java,169,warning,2
src_java_org_apache_lucene_analysis_StopFilter.java,82,warning,2
src_java_org_apache_lucene_analysis_StopFilter.java,106,error,1
src_java_org_apache_lucene_analysis_StopFilter.java,76,error,1
contrib_analyzers_common_src_java_org_apache_lucene_analysis_th_ThaiAnalyzer.java,42,warning,2
contrib_analyzers_common_src_java_org_apache_lucene_analysis_th_ThaiAnalyzer.java,35,warning,2
contrib_analyzers_common_src_java_org_apache_lucene_analysis_th_ThaiAnalyzer.java,70,warning,2
contrib_analyzers_common_src_java_org_apache_lucene_analysis_th_ThaiAnalyzer.java,32,error,1
contrib_analyzers_common_src_java_org_apache_lucene_analysis_th_ThaiAnalyzer.java,62,error,1
contrib_analyzers_common_src_java_org_apache_lucene_analysis_th_ThaiAnalyzer.java,33,warning,2
contrib_analyzers_common_src_java_org_apache_lucene_analysis_th_ThaiAnalyzer.java,28,error,1
contrib_analyzers_common_src_java_org_apache_lucene_analysis_th_ThaiAnalyzer.java,81,warning,2
contrib_analyzers_common_src_java_org_apache_lucene_analysis_th_ThaiAnalyzer.java,54,warning,2
contrib_analyzers_common_src_java_org_apache_lucene_analysis_th_ThaiAnalyzer.java,44,warning,2
contrib_analyzers_common_src_java_org_apache_lucene_analysis_th_ThaiAnalyzer.java,63,warning,2
contrib_analyzers_common_src_java_org_apache_lucene_analysis_th_ThaiAnalyzer.java,58,error,1
contrib_analyzers_common_src_java_org_apache_lucene_analysis_th_ThaiAnalyzer.java,49,warning,2
contrib_analyzers_common_src_java_org_apache_lucene_analysis_th_ThaiAnalyzer.java,79,warning,2
contrib_analyzers_common_src_java_org_apache_lucene_analysis_th_ThaiAnalyzer.java,48,warning,2
contrib_analyzers_common_src_java_org_apache_lucene_analysis_th_ThaiAnalyzer.java,38,warning,2
contrib_analyzers_common_src_java_org_apache_lucene_analysis_th_ThaiAnalyzer.java,36,warning,2
contrib_analyzers_common_src_java_org_apache_lucene_analysis_th_ThaiAnalyzer.java,57,error,1
contrib_analyzers_common_src_java_org_apache_lucene_analysis_th_ThaiAnalyzer.java,73,warning,2
contrib_analyzers_common_src_java_org_apache_lucene_analysis_th_ThaiAnalyzer.java,39,error,1
contrib_analyzers_common_src_java_org_apache_lucene_analysis_th_ThaiAnalyzer.java,84,warning,2
contrib_analyzers_common_src_java_org_apache_lucene_analysis_th_ThaiAnalyzer.java,47,error,1
contrib_analyzers_common_src_java_org_apache_lucene_analysis_th_ThaiAnalyzer.java,71,warning,2
contrib_analyzers_common_src_java_org_apache_lucene_analysis_th_ThaiAnalyzer.java,80,warning,2
contrib_analyzers_common_src_java_org_apache_lucene_analysis_th_ThaiAnalyzer.java,50,warning,2
contrib_analyzers_common_src_java_org_apache_lucene_analysis_th_ThaiAnalyzer.java,53,warning,2
contrib_analyzers_common_src_java_org_apache_lucene_analysis_th_ThaiAnalyzer.java,41,error,1
contrib_analyzers_common_src_java_org_apache_lucene_analysis_th_ThaiAnalyzer.java,68,warning,2
contrib_analyzers_common_src_java_org_apache_lucene_analysis_th_ThaiAnalyzer.java,59,warning,2
contrib_analyzers_common_src_java_org_apache_lucene_analysis_th_ThaiAnalyzer.java,1,error,1
contrib_analyzers_common_src_java_org_apache_lucene_analysis_th_ThaiAnalyzer.java,78,warning,2
contrib_analyzers_common_src_java_org_apache_lucene_analysis_th_ThaiAnalyzer.java,83,warning,2
contrib_analyzers_common_src_java_org_apache_lucene_analysis_th_ThaiAnalyzer.java,74,warning,2
contrib_analyzers_common_src_java_org_apache_lucene_analysis_th_ThaiAnalyzer.java,67,warning,2
contrib_analyzers_common_src_java_org_apache_lucene_analysis_th_ThaiAnalyzer.java,43,warning,2
contrib_analyzers_common_src_java_org_apache_lucene_analysis_th_ThaiAnalyzer.java,72,warning,2
contrib_analyzers_common_src_java_org_apache_lucene_analysis_th_ThaiAnalyzer.java,82,warning,2
contrib_analyzers_common_src_java_org_apache_lucene_analysis_th_ThaiAnalyzer.java,61,error,1
contrib_analyzers_common_src_java_org_apache_lucene_analysis_th_ThaiAnalyzer.java,46,error,1
contrib_analyzers_common_src_java_org_apache_lucene_analysis_th_ThaiAnalyzer.java,56,error,1
contrib_analyzers_common_src_java_org_apache_lucene_analysis_th_ThaiAnalyzer.java,75,warning,2
contrib_analyzers_common_src_java_org_apache_lucene_analysis_th_ThaiAnalyzer.java,51,error,1
contrib_analyzers_common_src_java_org_apache_lucene_analysis_th_ThaiAnalyzer.java,76,error,1
contrib_analyzers_common_src_java_org_apache_lucene_analysis_th_ThaiAnalyzer.java,3,error,1
src_java_org_apache_lucene_analysis_standard_StandardTokenizer.java,166,error,1
src_java_org_apache_lucene_analysis_standard_StandardTokenizer.java,151,error,1
src_java_org_apache_lucene_analysis_standard_StandardTokenizer.java,188,warning,2
src_java_org_apache_lucene_analysis_standard_StandardTokenizer.java,62,error,1
src_java_org_apache_lucene_analysis_standard_StandardTokenizer.java,105,error,1
src_java_org_apache_lucene_analysis_standard_StandardTokenizer.java,147,warning,2
src_java_org_apache_lucene_analysis_standard_StandardTokenizer.java,91,error,1
src_java_org_apache_lucene_analysis_standard_StandardTokenizer.java,110,warning,2
src_java_org_apache_lucene_analysis_standard_StandardTokenizer.java,127,error,1
src_java_org_apache_lucene_analysis_standard_StandardTokenizer.java,125,warning,2
src_java_org_apache_lucene_analysis_standard_StandardTokenizer.java,174,warning,2
src_java_org_apache_lucene_analysis_standard_StandardTokenizer.java,230,warning,2
src_java_org_apache_lucene_analysis_standard_StandardTokenizer.java,145,warning,2
src_java_org_apache_lucene_analysis_standard_StandardTokenizer.java,65,error,1
src_java_org_apache_lucene_analysis_standard_StandardTokenizer.java,190,warning,2
src_java_org_apache_lucene_analysis_standard_StandardTokenizer.java,124,warning,2
src_java_org_apache_lucene_analysis_standard_StandardTokenizer.java,136,error,1
src_java_org_apache_lucene_analysis_standard_StandardTokenizer.java,53,error,1
src_java_org_apache_lucene_analysis_standard_StandardTokenizer.java,161,warning,2
src_java_org_apache_lucene_analysis_standard_StandardTokenizer.java,199,warning,2
src_java_org_apache_lucene_analysis_standard_StandardTokenizer.java,220,warning,2
src_java_org_apache_lucene_analysis_standard_StandardTokenizer.java,186,error,1
src_java_org_apache_lucene_analysis_standard_StandardTokenizer.java,218,error,1
src_java_org_apache_lucene_analysis_standard_StandardTokenizer.java,123,warning,2
src_java_org_apache_lucene_analysis_standard_StandardTokenizer.java,61,error,1
src_java_org_apache_lucene_analysis_standard_StandardTokenizer.java,173,warning,2
src_java_org_apache_lucene_analysis_standard_StandardTokenizer.java,97,warning,2
src_java_org_apache_lucene_analysis_standard_StandardTokenizer.java,128,error,1
src_java_org_apache_lucene_analysis_standard_StandardTokenizer.java,130,error,1
src_java_org_apache_lucene_analysis_standard_StandardTokenizer.java,89,error,1
src_java_org_apache_lucene_analysis_standard_StandardTokenizer.java,224,error,1
src_java_org_apache_lucene_analysis_standard_StandardTokenizer.java,191,warning,2
src_java_org_apache_lucene_analysis_standard_StandardTokenizer.java,23,error,1
src_java_org_apache_lucene_analysis_standard_StandardTokenizer.java,115,warning,2
src_java_org_apache_lucene_analysis_standard_StandardTokenizer.java,140,warning,2
src_java_org_apache_lucene_analysis_standard_StandardTokenizer.java,96,warning,2
src_java_org_apache_lucene_analysis_standard_StandardTokenizer.java,131,warning,2
src_java_org_apache_lucene_analysis_standard_StandardTokenizer.java,152,error,1
src_java_org_apache_lucene_analysis_standard_StandardTokenizer.java,143,warning,2
src_java_org_apache_lucene_analysis_standard_StandardTokenizer.java,204,warning,2
src_java_org_apache_lucene_analysis_standard_StandardTokenizer.java,236,error,1
src_java_org_apache_lucene_analysis_standard_StandardTokenizer.java,182,warning,2
src_java_org_apache_lucene_analysis_standard_StandardTokenizer.java,85,warning,2
src_java_org_apache_lucene_analysis_standard_StandardTokenizer.java,58,error,1
src_java_org_apache_lucene_analysis_standard_StandardTokenizer.java,79,warning,2
src_java_org_apache_lucene_analysis_standard_StandardTokenizer.java,217,warning,2
src_java_org_apache_lucene_analysis_standard_StandardTokenizer.java,102,warning,2
src_java_org_apache_lucene_analysis_standard_StandardTokenizer.java,215,warning,2
src_java_org_apache_lucene_analysis_standard_StandardTokenizer.java,184,warning,2
src_java_org_apache_lucene_analysis_standard_StandardTokenizer.java,39,error,1
src_java_org_apache_lucene_analysis_standard_StandardTokenizer.java,232,warning,2
src_java_org_apache_lucene_analysis_standard_StandardTokenizer.java,84,warning,2
src_java_org_apache_lucene_analysis_standard_StandardTokenizer.java,231,warning,2
src_java_org_apache_lucene_analysis_standard_StandardTokenizer.java,189,warning,2
src_java_org_apache_lucene_analysis_standard_StandardTokenizer.java,196,warning,2
src_java_org_apache_lucene_analysis_standard_StandardTokenizer.java,177,error,1
src_java_org_apache_lucene_analysis_standard_StandardTokenizer.java,187,warning,2
src_java_org_apache_lucene_analysis_standard_StandardTokenizer.java,1,error,1
src_java_org_apache_lucene_analysis_standard_StandardTokenizer.java,83,warning,2
src_java_org_apache_lucene_analysis_standard_StandardTokenizer.java,214,warning,2
src_java_org_apache_lucene_analysis_standard_StandardTokenizer.java,137,warning,2
src_java_org_apache_lucene_analysis_standard_StandardTokenizer.java,67,error,1
src_java_org_apache_lucene_analysis_standard_StandardTokenizer.java,192,error,1
src_java_org_apache_lucene_analysis_standard_StandardTokenizer.java,112,error,1
src_java_org_apache_lucene_analysis_standard_StandardTokenizer.java,170,warning,2
src_java_org_apache_lucene_analysis_standard_StandardTokenizer.java,169,warning,2
src_java_org_apache_lucene_analysis_standard_StandardTokenizer.java,181,warning,2
src_java_org_apache_lucene_analysis_standard_StandardTokenizer.java,34,warning,2
src_java_org_apache_lucene_analysis_standard_StandardTokenizer.java,114,warning,2
src_java_org_apache_lucene_analysis_standard_StandardTokenizer.java,134,warning,2
src_java_org_apache_lucene_analysis_standard_StandardTokenizer.java,113,warning,2
src_java_org_apache_lucene_analysis_standard_StandardTokenizer.java,195,warning,2
src_java_org_apache_lucene_analysis_standard_StandardTokenizer.java,100,error,1
src_java_org_apache_lucene_analysis_standard_StandardTokenizer.java,213,warning,2
src_java_org_apache_lucene_analysis_standard_StandardTokenizer.java,133,warning,2
src_java_org_apache_lucene_analysis_standard_StandardTokenizer.java,211,warning,2
src_java_org_apache_lucene_analysis_standard_StandardTokenizer.java,116,warning,2
src_java_org_apache_lucene_analysis_standard_StandardTokenizer.java,49,warning,2
src_java_org_apache_lucene_analysis_standard_StandardTokenizer.java,175,warning,2
src_java_org_apache_lucene_analysis_standard_StandardTokenizer.java,183,warning,2
src_java_org_apache_lucene_analysis_standard_StandardTokenizer.java,10,warning,2
src_java_org_apache_lucene_analysis_standard_StandardTokenizer.java,221,warning,2
src_java_org_apache_lucene_analysis_standard_StandardTokenizer.java,163,warning,2
src_java_org_apache_lucene_analysis_standard_StandardTokenizer.java,162,error,1
src_java_org_apache_lucene_analysis_standard_StandardTokenizer.java,167,warning,2
src_java_org_apache_lucene_analysis_standard_StandardTokenizer.java,153,error,1
src_java_org_apache_lucene_analysis_standard_StandardTokenizer.java,64,error,1
src_java_org_apache_lucene_analysis_standard_StandardTokenizer.java,66,error,1
src_java_org_apache_lucene_analysis_standard_StandardTokenizer.java,203,warning,2
src_java_org_apache_lucene_analysis_standard_StandardTokenizer.java,176,warning,2
src_java_org_apache_lucene_analysis_standard_StandardTokenizer.java,59,warning,2
src_java_org_apache_lucene_analysis_standard_StandardTokenizer.java,122,warning,2
src_java_org_apache_lucene_analysis_standard_StandardTokenizer.java,78,warning,2
src_java_org_apache_lucene_analysis_standard_StandardTokenizer.java,74,warning,2
src_java_org_apache_lucene_analysis_standard_StandardTokenizer.java,241,error,1
src_java_org_apache_lucene_analysis_standard_StandardTokenizer.java,239,warning,2
src_java_org_apache_lucene_analysis_standard_StandardTokenizer.java,219,warning,2
src_java_org_apache_lucene_analysis_standard_StandardTokenizer.java,132,warning,2
src_java_org_apache_lucene_analysis_standard_StandardTokenizer.java,70,warning,2
src_java_org_apache_lucene_analysis_standard_StandardTokenizer.java,164,warning,2
src_java_org_apache_lucene_analysis_standard_StandardTokenizer.java,171,warning,2
src_java_org_apache_lucene_analysis_standard_StandardTokenizer.java,154,error,1
src_java_org_apache_lucene_analysis_standard_StandardTokenizer.java,200,error,1
src_java_org_apache_lucene_analysis_standard_StandardTokenizer.java,139,warning,2
src_java_org_apache_lucene_analysis_standard_StandardTokenizer.java,95,error,1
src_java_org_apache_lucene_analysis_standard_StandardTokenizer.java,81,warning,2
src_java_org_apache_lucene_analysis_standard_StandardTokenizer.java,185,warning,2
src_java_org_apache_lucene_analysis_standard_StandardTokenizer.java,243,warning,2
src_java_org_apache_lucene_analysis_standard_StandardTokenizer.java,234,warning,2
src_java_org_apache_lucene_analysis_standard_StandardTokenizer.java,101,warning,2
src_java_org_apache_lucene_analysis_standard_StandardTokenizer.java,63,error,1
src_java_org_apache_lucene_analysis_standard_StandardTokenizer.java,121,error,1
src_java_org_apache_lucene_analysis_standard_StandardTokenizer.java,146,warning,2
src_java_org_apache_lucene_analysis_standard_StandardTokenizer.java,86,warning,2
src_java_org_apache_lucene_analysis_standard_StandardTokenizer.java,57,warning,2
src_java_org_apache_lucene_analysis_standard_StandardTokenizer.java,8,warning,2
src_java_org_apache_lucene_analysis_standard_StandardTokenizer.java,141,warning,2
src_java_org_apache_lucene_analysis_standard_StandardTokenizer.java,80,warning,2
src_java_org_apache_lucene_analysis_standard_StandardTokenizer.java,142,warning,2
src_java_org_apache_lucene_analysis_standard_StandardTokenizer.java,144,warning,2
src_java_org_apache_lucene_analysis_standard_StandardTokenizer.java,68,error,1
src_java_org_apache_lucene_analysis_standard_StandardTokenizer.java,138,warning,2
src_java_org_apache_lucene_analysis_standard_StandardTokenizer.java,202,warning,2
src_java_org_apache_lucene_analysis_standard_StandardTokenizer.java,226,error,1
src_java_org_apache_lucene_analysis_standard_StandardTokenizer.java,197,warning,2
src_java_org_apache_lucene_analysis_standard_StandardTokenizer.java,99,warning,2
src_java_org_apache_lucene_analysis_standard_StandardTokenizer.java,242,warning,2
src_java_org_apache_lucene_analysis_standard_StandardTokenizer.java,82,warning,2
src_java_org_apache_lucene_analysis_standard_StandardTokenizer.java,77,error,1
src_java_org_apache_lucene_analysis_standard_StandardTokenizer.java,76,error,1
contrib_spatial_src_java_org_apache_lucene_spatial_geometry_shape_LLRect.java,166,warning,2
contrib_spatial_src_java_org_apache_lucene_spatial_geometry_shape_LLRect.java,135,warning,2
contrib_spatial_src_java_org_apache_lucene_spatial_geometry_shape_LLRect.java,151,error,1
contrib_spatial_src_java_org_apache_lucene_spatial_geometry_shape_LLRect.java,188,warning,2
contrib_spatial_src_java_org_apache_lucene_spatial_geometry_shape_LLRect.java,105,error,1
contrib_spatial_src_java_org_apache_lucene_spatial_geometry_shape_LLRect.java,91,warning,2
contrib_spatial_src_java_org_apache_lucene_spatial_geometry_shape_LLRect.java,90,error,1
contrib_spatial_src_java_org_apache_lucene_spatial_geometry_shape_LLRect.java,37,error,1
contrib_spatial_src_java_org_apache_lucene_spatial_geometry_shape_LLRect.java,168,error,1
contrib_spatial_src_java_org_apache_lucene_spatial_geometry_shape_LLRect.java,127,warning,2
contrib_spatial_src_java_org_apache_lucene_spatial_geometry_shape_LLRect.java,98,error,1
contrib_spatial_src_java_org_apache_lucene_spatial_geometry_shape_LLRect.java,125,error,1
contrib_spatial_src_java_org_apache_lucene_spatial_geometry_shape_LLRect.java,149,error,1
contrib_spatial_src_java_org_apache_lucene_spatial_geometry_shape_LLRect.java,126,error,1
contrib_spatial_src_java_org_apache_lucene_spatial_geometry_shape_LLRect.java,174,error,1
contrib_spatial_src_java_org_apache_lucene_spatial_geometry_shape_LLRect.java,104,error,1
contrib_spatial_src_java_org_apache_lucene_spatial_geometry_shape_LLRect.java,145,error,1
contrib_spatial_src_java_org_apache_lucene_spatial_geometry_shape_LLRect.java,73,warning,2
contrib_spatial_src_java_org_apache_lucene_spatial_geometry_shape_LLRect.java,124,error,1
contrib_spatial_src_java_org_apache_lucene_spatial_geometry_shape_LLRect.java,136,error,1
contrib_spatial_src_java_org_apache_lucene_spatial_geometry_shape_LLRect.java,53,error,1
contrib_spatial_src_java_org_apache_lucene_spatial_geometry_shape_LLRect.java,161,warning,2
contrib_spatial_src_java_org_apache_lucene_spatial_geometry_shape_LLRect.java,118,warning,2
contrib_spatial_src_java_org_apache_lucene_spatial_geometry_shape_LLRect.java,87,error,1
contrib_spatial_src_java_org_apache_lucene_spatial_geometry_shape_LLRect.java,186,warning,2
contrib_spatial_src_java_org_apache_lucene_spatial_geometry_shape_LLRect.java,61,error,1
contrib_spatial_src_java_org_apache_lucene_spatial_geometry_shape_LLRect.java,148,error,1
contrib_spatial_src_java_org_apache_lucene_spatial_geometry_shape_LLRect.java,173,warning,2
contrib_spatial_src_java_org_apache_lucene_spatial_geometry_shape_LLRect.java,109,error,1
contrib_spatial_src_java_org_apache_lucene_spatial_geometry_shape_LLRect.java,97,error,1
contrib_spatial_src_java_org_apache_lucene_spatial_geometry_shape_LLRect.java,128,error,1
contrib_spatial_src_java_org_apache_lucene_spatial_geometry_shape_LLRect.java,130,error,1
contrib_spatial_src_java_org_apache_lucene_spatial_geometry_shape_LLRect.java,92,warning,2
contrib_spatial_src_java_org_apache_lucene_spatial_geometry_shape_LLRect.java,115,error,1
contrib_spatial_src_java_org_apache_lucene_spatial_geometry_shape_LLRect.java,140,warning,2
contrib_spatial_src_java_org_apache_lucene_spatial_geometry_shape_LLRect.java,96,warning,2
contrib_spatial_src_java_org_apache_lucene_spatial_geometry_shape_LLRect.java,33,error,1
contrib_spatial_src_java_org_apache_lucene_spatial_geometry_shape_LLRect.java,159,error,1
contrib_spatial_src_java_org_apache_lucene_spatial_geometry_shape_LLRect.java,131,warning,2
contrib_spatial_src_java_org_apache_lucene_spatial_geometry_shape_LLRect.java,152,error,1
contrib_spatial_src_java_org_apache_lucene_spatial_geometry_shape_LLRect.java,143,warning,2
contrib_spatial_src_java_org_apache_lucene_spatial_geometry_shape_LLRect.java,182,warning,2
contrib_spatial_src_java_org_apache_lucene_spatial_geometry_shape_LLRect.java,85,warning,2
contrib_spatial_src_java_org_apache_lucene_spatial_geometry_shape_LLRect.java,55,warning,2
contrib_spatial_src_java_org_apache_lucene_spatial_geometry_shape_LLRect.java,58,warning,2
contrib_spatial_src_java_org_apache_lucene_spatial_geometry_shape_LLRect.java,79,error,1
contrib_spatial_src_java_org_apache_lucene_spatial_geometry_shape_LLRect.java,36,error,1
contrib_spatial_src_java_org_apache_lucene_spatial_geometry_shape_LLRect.java,184,warning,2
contrib_spatial_src_java_org_apache_lucene_spatial_geometry_shape_LLRect.java,84,warning,2
contrib_spatial_src_java_org_apache_lucene_spatial_geometry_shape_LLRect.java,180,error,1
contrib_spatial_src_java_org_apache_lucene_spatial_geometry_shape_LLRect.java,71,error,1
contrib_spatial_src_java_org_apache_lucene_spatial_geometry_shape_LLRect.java,178,error,1
contrib_spatial_src_java_org_apache_lucene_spatial_geometry_shape_LLRect.java,177,warning,2
contrib_spatial_src_java_org_apache_lucene_spatial_geometry_shape_LLRect.java,103,error,1
contrib_spatial_src_java_org_apache_lucene_spatial_geometry_shape_LLRect.java,120,error,1
contrib_spatial_src_java_org_apache_lucene_spatial_geometry_shape_LLRect.java,187,warning,2
contrib_spatial_src_java_org_apache_lucene_spatial_geometry_shape_LLRect.java,1,error,1
contrib_spatial_src_java_org_apache_lucene_spatial_geometry_shape_LLRect.java,137,warning,2
contrib_spatial_src_java_org_apache_lucene_spatial_geometry_shape_LLRect.java,67,warning,2
contrib_spatial_src_java_org_apache_lucene_spatial_geometry_shape_LLRect.java,72,warning,2
contrib_spatial_src_java_org_apache_lucene_spatial_geometry_shape_LLRect.java,112,error,1
contrib_spatial_src_java_org_apache_lucene_spatial_geometry_shape_LLRect.java,150,error,1
contrib_spatial_src_java_org_apache_lucene_spatial_geometry_shape_LLRect.java,170,error,1
contrib_spatial_src_java_org_apache_lucene_spatial_geometry_shape_LLRect.java,169,error,1
contrib_spatial_src_java_org_apache_lucene_spatial_geometry_shape_LLRect.java,181,warning,2
contrib_spatial_src_java_org_apache_lucene_spatial_geometry_shape_LLRect.java,51,warning,2
contrib_spatial_src_java_org_apache_lucene_spatial_geometry_shape_LLRect.java,106,error,1
contrib_spatial_src_java_org_apache_lucene_spatial_geometry_shape_LLRect.java,134,error,1
contrib_spatial_src_java_org_apache_lucene_spatial_geometry_shape_LLRect.java,32,warning,2
contrib_spatial_src_java_org_apache_lucene_spatial_geometry_shape_LLRect.java,100,error,1
contrib_spatial_src_java_org_apache_lucene_spatial_geometry_shape_LLRect.java,133,error,1
contrib_spatial_src_java_org_apache_lucene_spatial_geometry_shape_LLRect.java,165,warning,2
contrib_spatial_src_java_org_apache_lucene_spatial_geometry_shape_LLRect.java,179,warning,2
contrib_spatial_src_java_org_apache_lucene_spatial_geometry_shape_LLRect.java,49,error,1
contrib_spatial_src_java_org_apache_lucene_spatial_geometry_shape_LLRect.java,183,error,1
contrib_spatial_src_java_org_apache_lucene_spatial_geometry_shape_LLRect.java,175,warning,2
contrib_spatial_src_java_org_apache_lucene_spatial_geometry_shape_LLRect.java,10,warning,2
contrib_spatial_src_java_org_apache_lucene_spatial_geometry_shape_LLRect.java,38,warning,2
contrib_spatial_src_java_org_apache_lucene_spatial_geometry_shape_LLRect.java,163,warning,2
contrib_spatial_src_java_org_apache_lucene_spatial_geometry_shape_LLRect.java,162,warning,2
contrib_spatial_src_java_org_apache_lucene_spatial_geometry_shape_LLRect.java,157,warning,2
contrib_spatial_src_java_org_apache_lucene_spatial_geometry_shape_LLRect.java,40,error,1
contrib_spatial_src_java_org_apache_lucene_spatial_geometry_shape_LLRect.java,153,error,1
contrib_spatial_src_java_org_apache_lucene_spatial_geometry_shape_LLRect.java,155,error,1
contrib_spatial_src_java_org_apache_lucene_spatial_geometry_shape_LLRect.java,64,warning,2
contrib_spatial_src_java_org_apache_lucene_spatial_geometry_shape_LLRect.java,66,error,1
contrib_spatial_src_java_org_apache_lucene_spatial_geometry_shape_LLRect.java,176,warning,2
contrib_spatial_src_java_org_apache_lucene_spatial_geometry_shape_LLRect.java,59,warning,2
contrib_spatial_src_java_org_apache_lucene_spatial_geometry_shape_LLRect.java,78,error,1
contrib_spatial_src_java_org_apache_lucene_spatial_geometry_shape_LLRect.java,74,warning,2
contrib_spatial_src_java_org_apache_lucene_spatial_geometry_shape_LLRect.java,94,error,1
contrib_spatial_src_java_org_apache_lucene_spatial_geometry_shape_LLRect.java,43,warning,2
contrib_spatial_src_java_org_apache_lucene_spatial_geometry_shape_LLRect.java,156,warning,2
contrib_spatial_src_java_org_apache_lucene_spatial_geometry_shape_LLRect.java,42,error,1
contrib_spatial_src_java_org_apache_lucene_spatial_geometry_shape_LLRect.java,35,error,1
contrib_spatial_src_java_org_apache_lucene_spatial_geometry_shape_LLRect.java,132,error,1
contrib_spatial_src_java_org_apache_lucene_spatial_geometry_shape_LLRect.java,164,warning,2
contrib_spatial_src_java_org_apache_lucene_spatial_geometry_shape_LLRect.java,171,warning,2
contrib_spatial_src_java_org_apache_lucene_spatial_geometry_shape_LLRect.java,154,warning,2
contrib_spatial_src_java_org_apache_lucene_spatial_geometry_shape_LLRect.java,139,warning,2
contrib_spatial_src_java_org_apache_lucene_spatial_geometry_shape_LLRect.java,95,warning,2
contrib_spatial_src_java_org_apache_lucene_spatial_geometry_shape_LLRect.java,185,error,1
contrib_spatial_src_java_org_apache_lucene_spatial_geometry_shape_LLRect.java,54,warning,2
contrib_spatial_src_java_org_apache_lucene_spatial_geometry_shape_LLRect.java,63,warning,2
contrib_spatial_src_java_org_apache_lucene_spatial_geometry_shape_LLRect.java,172,error,1
contrib_spatial_src_java_org_apache_lucene_spatial_geometry_shape_LLRect.java,57,error,1
contrib_spatial_src_java_org_apache_lucene_spatial_geometry_shape_LLRect.java,117,warning,2
contrib_spatial_src_java_org_apache_lucene_spatial_geometry_shape_LLRect.java,8,warning,2
contrib_spatial_src_java_org_apache_lucene_spatial_geometry_shape_LLRect.java,141,error,1
contrib_spatial_src_java_org_apache_lucene_spatial_geometry_shape_LLRect.java,50,error,1
contrib_spatial_src_java_org_apache_lucene_spatial_geometry_shape_LLRect.java,142,warning,2
contrib_spatial_src_java_org_apache_lucene_spatial_geometry_shape_LLRect.java,108,error,1
contrib_spatial_src_java_org_apache_lucene_spatial_geometry_shape_LLRect.java,41,error,1
contrib_spatial_src_java_org_apache_lucene_spatial_geometry_shape_LLRect.java,68,warning,2
contrib_spatial_src_java_org_apache_lucene_spatial_geometry_shape_LLRect.java,138,error,1
contrib_spatial_src_java_org_apache_lucene_spatial_geometry_shape_LLRect.java,129,warning,2
contrib_spatial_src_java_org_apache_lucene_spatial_geometry_shape_LLRect.java,99,error,1
contrib_spatial_src_java_org_apache_lucene_spatial_geometry_shape_LLRect.java,82,error,1
contrib_spatial_src_java_org_apache_lucene_spatial_geometry_shape_LLRect.java,77,warning,2
contrib_spatial_src_java_org_apache_lucene_spatial_geometry_shape_LLRect.java,76,error,1
contrib_spatial_src_java_org_apache_lucene_spatial_tier_projections_CartesianTierPlotter.java,34,error,1
contrib_spatial_src_java_org_apache_lucene_spatial_tier_projections_CartesianTierPlotter.java,114,warning,2
contrib_spatial_src_java_org_apache_lucene_spatial_tier_projections_CartesianTierPlotter.java,151,warning,2
contrib_spatial_src_java_org_apache_lucene_spatial_tier_projections_CartesianTierPlotter.java,32,error,1
contrib_spatial_src_java_org_apache_lucene_spatial_tier_projections_CartesianTierPlotter.java,113,warning,2
contrib_spatial_src_java_org_apache_lucene_spatial_tier_projections_CartesianTierPlotter.java,93,error,1
contrib_spatial_src_java_org_apache_lucene_spatial_tier_projections_CartesianTierPlotter.java,105,error,1
contrib_spatial_src_java_org_apache_lucene_spatial_tier_projections_CartesianTierPlotter.java,100,warning,2
contrib_spatial_src_java_org_apache_lucene_spatial_tier_projections_CartesianTierPlotter.java,147,error,1
contrib_spatial_src_java_org_apache_lucene_spatial_tier_projections_CartesianTierPlotter.java,21,warning,2
contrib_spatial_src_java_org_apache_lucene_spatial_tier_projections_CartesianTierPlotter.java,90,warning,2
contrib_spatial_src_java_org_apache_lucene_spatial_tier_projections_CartesianTierPlotter.java,45,warning,2
contrib_spatial_src_java_org_apache_lucene_spatial_tier_projections_CartesianTierPlotter.java,116,error,1
contrib_spatial_src_java_org_apache_lucene_spatial_tier_projections_CartesianTierPlotter.java,49,warning,2
contrib_spatial_src_java_org_apache_lucene_spatial_tier_projections_CartesianTierPlotter.java,48,error,1
contrib_spatial_src_java_org_apache_lucene_spatial_tier_projections_CartesianTierPlotter.java,104,error,1
contrib_spatial_src_java_org_apache_lucene_spatial_tier_projections_CartesianTierPlotter.java,145,error,1
contrib_spatial_src_java_org_apache_lucene_spatial_tier_projections_CartesianTierPlotter.java,158,warning,2
contrib_spatial_src_java_org_apache_lucene_spatial_tier_projections_CartesianTierPlotter.java,10,warning,2
contrib_spatial_src_java_org_apache_lucene_spatial_tier_projections_CartesianTierPlotter.java,30,error,1
contrib_spatial_src_java_org_apache_lucene_spatial_tier_projections_CartesianTierPlotter.java,38,warning,2
contrib_spatial_src_java_org_apache_lucene_spatial_tier_projections_CartesianTierPlotter.java,163,warning,2
contrib_spatial_src_java_org_apache_lucene_spatial_tier_projections_CartesianTierPlotter.java,124,warning,2
contrib_spatial_src_java_org_apache_lucene_spatial_tier_projections_CartesianTierPlotter.java,31,error,1
contrib_spatial_src_java_org_apache_lucene_spatial_tier_projections_CartesianTierPlotter.java,162,warning,2
contrib_spatial_src_java_org_apache_lucene_spatial_tier_projections_CartesianTierPlotter.java,88,error,1
contrib_spatial_src_java_org_apache_lucene_spatial_tier_projections_CartesianTierPlotter.java,40,warning,2
contrib_spatial_src_java_org_apache_lucene_spatial_tier_projections_CartesianTierPlotter.java,153,warning,2
contrib_spatial_src_java_org_apache_lucene_spatial_tier_projections_CartesianTierPlotter.java,155,error,1
contrib_spatial_src_java_org_apache_lucene_spatial_tier_projections_CartesianTierPlotter.java,136,error,1
contrib_spatial_src_java_org_apache_lucene_spatial_tier_projections_CartesianTierPlotter.java,64,warning,2
contrib_spatial_src_java_org_apache_lucene_spatial_tier_projections_CartesianTierPlotter.java,53,warning,2
contrib_spatial_src_java_org_apache_lucene_spatial_tier_projections_CartesianTierPlotter.java,160,error,1
contrib_spatial_src_java_org_apache_lucene_spatial_tier_projections_CartesianTierPlotter.java,78,warning,2
contrib_spatial_src_java_org_apache_lucene_spatial_tier_projections_CartesianTierPlotter.java,74,warning,2
contrib_spatial_src_java_org_apache_lucene_spatial_tier_projections_CartesianTierPlotter.java,94,warning,2
contrib_spatial_src_java_org_apache_lucene_spatial_tier_projections_CartesianTierPlotter.java,43,warning,2
contrib_spatial_src_java_org_apache_lucene_spatial_tier_projections_CartesianTierPlotter.java,123,warning,2
contrib_spatial_src_java_org_apache_lucene_spatial_tier_projections_CartesianTierPlotter.java,97,error,1
contrib_spatial_src_java_org_apache_lucene_spatial_tier_projections_CartesianTierPlotter.java,42,warning,2
contrib_spatial_src_java_org_apache_lucene_spatial_tier_projections_CartesianTierPlotter.java,132,warning,2
contrib_spatial_src_java_org_apache_lucene_spatial_tier_projections_CartesianTierPlotter.java,92,error,1
contrib_spatial_src_java_org_apache_lucene_spatial_tier_projections_CartesianTierPlotter.java,139,error,1
contrib_spatial_src_java_org_apache_lucene_spatial_tier_projections_CartesianTierPlotter.java,107,error,1
contrib_spatial_src_java_org_apache_lucene_spatial_tier_projections_CartesianTierPlotter.java,33,error,1
contrib_spatial_src_java_org_apache_lucene_spatial_tier_projections_CartesianTierPlotter.java,28,error,1
contrib_spatial_src_java_org_apache_lucene_spatial_tier_projections_CartesianTierPlotter.java,25,warning,2
contrib_spatial_src_java_org_apache_lucene_spatial_tier_projections_CartesianTierPlotter.java,143,warning,2
contrib_spatial_src_java_org_apache_lucene_spatial_tier_projections_CartesianTierPlotter.java,152,warning,2
contrib_spatial_src_java_org_apache_lucene_spatial_tier_projections_CartesianTierPlotter.java,44,warning,2
contrib_spatial_src_java_org_apache_lucene_spatial_tier_projections_CartesianTierPlotter.java,101,warning,2
contrib_spatial_src_java_org_apache_lucene_spatial_tier_projections_CartesianTierPlotter.java,52,error,1
contrib_spatial_src_java_org_apache_lucene_spatial_tier_projections_CartesianTierPlotter.java,85,warning,2
contrib_spatial_src_java_org_apache_lucene_spatial_tier_projections_CartesianTierPlotter.java,55,error,1
contrib_spatial_src_java_org_apache_lucene_spatial_tier_projections_CartesianTierPlotter.java,121,error,1
contrib_spatial_src_java_org_apache_lucene_spatial_tier_projections_CartesianTierPlotter.java,86,warning,2
contrib_spatial_src_java_org_apache_lucene_spatial_tier_projections_CartesianTierPlotter.java,119,warning,2
contrib_spatial_src_java_org_apache_lucene_spatial_tier_projections_CartesianTierPlotter.java,36,error,1
contrib_spatial_src_java_org_apache_lucene_spatial_tier_projections_CartesianTierPlotter.java,8,warning,2
contrib_spatial_src_java_org_apache_lucene_spatial_tier_projections_CartesianTierPlotter.java,39,warning,2
contrib_spatial_src_java_org_apache_lucene_spatial_tier_projections_CartesianTierPlotter.java,141,warning,2
contrib_spatial_src_java_org_apache_lucene_spatial_tier_projections_CartesianTierPlotter.java,47,error,1
contrib_spatial_src_java_org_apache_lucene_spatial_tier_projections_CartesianTierPlotter.java,103,warning,2
contrib_spatial_src_java_org_apache_lucene_spatial_tier_projections_CartesianTierPlotter.java,144,warning,2
contrib_spatial_src_java_org_apache_lucene_spatial_tier_projections_CartesianTierPlotter.java,68,warning,2
contrib_spatial_src_java_org_apache_lucene_spatial_tier_projections_CartesianTierPlotter.java,29,error,1
contrib_spatial_src_java_org_apache_lucene_spatial_tier_projections_CartesianTierPlotter.java,1,error,1
contrib_spatial_src_java_org_apache_lucene_spatial_tier_projections_CartesianTierPlotter.java,26,error,1
contrib_spatial_src_java_org_apache_lucene_spatial_tier_projections_CartesianTierPlotter.java,76,error,1
contrib_spatial_src_java_org_apache_lucene_spatial_tier_projections_CartesianTierPlotter.java,72,error,1
contrib_spatial_src_java_org_apache_lucene_spatial_tier_projections_CartesianTierPlotter.java,150,error,1
contrib_spatial_src_java_org_apache_lucene_spatial_tier_projections_CartesianTierPlotter.java,51,error,1
contrib_spatial_src_java_org_apache_lucene_spatial_tier_projections_CartesianTierPlotter.java,77,warning,2
contrib_spatial_src_java_org_apache_lucene_spatial_tier_projections_CartesianTierPlotter.java,106,warning,2
contrib_spatial_src_java_org_apache_lucene_spatial_tier_projections_CartesianTierPlotter.java,111,error,1
contrib_analyzers_common_src_java_org_apache_lucene_analysis_cjk_CJKTokenizer.java,151,error,1
contrib_analyzers_common_src_java_org_apache_lucene_analysis_cjk_CJKTokenizer.java,62,error,1
contrib_analyzers_common_src_java_org_apache_lucene_analysis_cjk_CJKTokenizer.java,273,warning,2
contrib_analyzers_common_src_java_org_apache_lucene_analysis_cjk_CJKTokenizer.java,105,error,1
contrib_analyzers_common_src_java_org_apache_lucene_analysis_cjk_CJKTokenizer.java,91,warning,2
contrib_analyzers_common_src_java_org_apache_lucene_analysis_cjk_CJKTokenizer.java,304,warning,2
contrib_analyzers_common_src_java_org_apache_lucene_analysis_cjk_CJKTokenizer.java,261,warning,2
contrib_analyzers_common_src_java_org_apache_lucene_analysis_cjk_CJKTokenizer.java,45,error,1
contrib_analyzers_common_src_java_org_apache_lucene_analysis_cjk_CJKTokenizer.java,320,warning,2
contrib_analyzers_common_src_java_org_apache_lucene_analysis_cjk_CJKTokenizer.java,127,warning,2
contrib_analyzers_common_src_java_org_apache_lucene_analysis_cjk_CJKTokenizer.java,210,warning,2
contrib_analyzers_common_src_java_org_apache_lucene_analysis_cjk_CJKTokenizer.java,125,warning,2
contrib_analyzers_common_src_java_org_apache_lucene_analysis_cjk_CJKTokenizer.java,254,warning,2
contrib_analyzers_common_src_java_org_apache_lucene_analysis_cjk_CJKTokenizer.java,126,warning,2
contrib_analyzers_common_src_java_org_apache_lucene_analysis_cjk_CJKTokenizer.java,174,warning,2
contrib_analyzers_common_src_java_org_apache_lucene_analysis_cjk_CJKTokenizer.java,230,warning,2
contrib_analyzers_common_src_java_org_apache_lucene_analysis_cjk_CJKTokenizer.java,104,error,1
contrib_analyzers_common_src_java_org_apache_lucene_analysis_cjk_CJKTokenizer.java,291,warning,2
contrib_analyzers_common_src_java_org_apache_lucene_analysis_cjk_CJKTokenizer.java,65,warning,2
contrib_analyzers_common_src_java_org_apache_lucene_analysis_cjk_CJKTokenizer.java,263,warning,2
contrib_analyzers_common_src_java_org_apache_lucene_analysis_cjk_CJKTokenizer.java,190,warning,2
contrib_analyzers_common_src_java_org_apache_lucene_analysis_cjk_CJKTokenizer.java,73,warning,2
contrib_analyzers_common_src_java_org_apache_lucene_analysis_cjk_CJKTokenizer.java,288,warning,2
contrib_analyzers_common_src_java_org_apache_lucene_analysis_cjk_CJKTokenizer.java,124,error,1
contrib_analyzers_common_src_java_org_apache_lucene_analysis_cjk_CJKTokenizer.java,293,warning,2
contrib_analyzers_common_src_java_org_apache_lucene_analysis_cjk_CJKTokenizer.java,53,warning,2
contrib_analyzers_common_src_java_org_apache_lucene_analysis_cjk_CJKTokenizer.java,161,error,1
contrib_analyzers_common_src_java_org_apache_lucene_analysis_cjk_CJKTokenizer.java,199,error,1
contrib_analyzers_common_src_java_org_apache_lucene_analysis_cjk_CJKTokenizer.java,198,warning,2
contrib_analyzers_common_src_java_org_apache_lucene_analysis_cjk_CJKTokenizer.java,269,warning,2
contrib_analyzers_common_src_java_org_apache_lucene_analysis_cjk_CJKTokenizer.java,220,warning,2
contrib_analyzers_common_src_java_org_apache_lucene_analysis_cjk_CJKTokenizer.java,305,warning,2
contrib_analyzers_common_src_java_org_apache_lucene_analysis_cjk_CJKTokenizer.java,275,warning,2
contrib_analyzers_common_src_java_org_apache_lucene_analysis_cjk_CJKTokenizer.java,209,warning,2
contrib_analyzers_common_src_java_org_apache_lucene_analysis_cjk_CJKTokenizer.java,301,warning,2
contrib_analyzers_common_src_java_org_apache_lucene_analysis_cjk_CJKTokenizer.java,299,warning,2
contrib_analyzers_common_src_java_org_apache_lucene_analysis_cjk_CJKTokenizer.java,87,error,1
contrib_analyzers_common_src_java_org_apache_lucene_analysis_cjk_CJKTokenizer.java,262,warning,2
contrib_analyzers_common_src_java_org_apache_lucene_analysis_cjk_CJKTokenizer.java,61,error,1
contrib_analyzers_common_src_java_org_apache_lucene_analysis_cjk_CJKTokenizer.java,148,error,1
contrib_analyzers_common_src_java_org_apache_lucene_analysis_cjk_CJKTokenizer.java,3,error,1
contrib_analyzers_common_src_java_org_apache_lucene_analysis_cjk_CJKTokenizer.java,194,warning,2
contrib_analyzers_common_src_java_org_apache_lucene_analysis_cjk_CJKTokenizer.java,289,error,1
contrib_analyzers_common_src_java_org_apache_lucene_analysis_cjk_CJKTokenizer.java,130,warning,2
contrib_analyzers_common_src_java_org_apache_lucene_analysis_cjk_CJKTokenizer.java,224,warning,2
contrib_analyzers_common_src_java_org_apache_lucene_analysis_cjk_CJKTokenizer.java,191,warning,2
contrib_analyzers_common_src_java_org_apache_lucene_analysis_cjk_CJKTokenizer.java,23,warning,2
contrib_analyzers_common_src_java_org_apache_lucene_analysis_cjk_CJKTokenizer.java,229,warning,2
contrib_analyzers_common_src_java_org_apache_lucene_analysis_cjk_CJKTokenizer.java,267,warning,2
contrib_analyzers_common_src_java_org_apache_lucene_analysis_cjk_CJKTokenizer.java,253,warning,2
contrib_analyzers_common_src_java_org_apache_lucene_analysis_cjk_CJKTokenizer.java,115,warning,2
contrib_analyzers_common_src_java_org_apache_lucene_analysis_cjk_CJKTokenizer.java,247,warning,2
contrib_analyzers_common_src_java_org_apache_lucene_analysis_cjk_CJKTokenizer.java,96,error,1
contrib_analyzers_common_src_java_org_apache_lucene_analysis_cjk_CJKTokenizer.java,131,warning,2
contrib_analyzers_common_src_java_org_apache_lucene_analysis_cjk_CJKTokenizer.java,204,warning,2
contrib_analyzers_common_src_java_org_apache_lucene_analysis_cjk_CJKTokenizer.java,257,warning,2
contrib_analyzers_common_src_java_org_apache_lucene_analysis_cjk_CJKTokenizer.java,182,warning,2
contrib_analyzers_common_src_java_org_apache_lucene_analysis_cjk_CJKTokenizer.java,280,warning,2
contrib_analyzers_common_src_java_org_apache_lucene_analysis_cjk_CJKTokenizer.java,52,error,1
contrib_analyzers_common_src_java_org_apache_lucene_analysis_cjk_CJKTokenizer.java,311,error,1
contrib_analyzers_common_src_java_org_apache_lucene_analysis_cjk_CJKTokenizer.java,298,warning,2
contrib_analyzers_common_src_java_org_apache_lucene_analysis_cjk_CJKTokenizer.java,85,warning,2
contrib_analyzers_common_src_java_org_apache_lucene_analysis_cjk_CJKTokenizer.java,55,error,1
contrib_analyzers_common_src_java_org_apache_lucene_analysis_cjk_CJKTokenizer.java,58,error,1
contrib_analyzers_common_src_java_org_apache_lucene_analysis_cjk_CJKTokenizer.java,79,warning,2
contrib_analyzers_common_src_java_org_apache_lucene_analysis_cjk_CJKTokenizer.java,285,warning,2
contrib_analyzers_common_src_java_org_apache_lucene_analysis_cjk_CJKTokenizer.java,215,warning,2
contrib_analyzers_common_src_java_org_apache_lucene_analysis_cjk_CJKTokenizer.java,184,warning,2
contrib_analyzers_common_src_java_org_apache_lucene_analysis_cjk_CJKTokenizer.java,178,warning,2
contrib_analyzers_common_src_java_org_apache_lucene_analysis_cjk_CJKTokenizer.java,196,warning,2
contrib_analyzers_common_src_java_org_apache_lucene_analysis_cjk_CJKTokenizer.java,246,warning,2
contrib_analyzers_common_src_java_org_apache_lucene_analysis_cjk_CJKTokenizer.java,177,warning,2
contrib_analyzers_common_src_java_org_apache_lucene_analysis_cjk_CJKTokenizer.java,103,error,1
contrib_analyzers_common_src_java_org_apache_lucene_analysis_cjk_CJKTokenizer.java,294,warning,2
contrib_analyzers_common_src_java_org_apache_lucene_analysis_cjk_CJKTokenizer.java,281,warning,2
contrib_analyzers_common_src_java_org_apache_lucene_analysis_cjk_CJKTokenizer.java,306,warning,2
contrib_analyzers_common_src_java_org_apache_lucene_analysis_cjk_CJKTokenizer.java,120,warning,2
contrib_analyzers_common_src_java_org_apache_lucene_analysis_cjk_CJKTokenizer.java,187,warning,2
contrib_analyzers_common_src_java_org_apache_lucene_analysis_cjk_CJKTokenizer.java,1,error,1
contrib_analyzers_common_src_java_org_apache_lucene_analysis_cjk_CJKTokenizer.java,313,warning,2
contrib_analyzers_common_src_java_org_apache_lucene_analysis_cjk_CJKTokenizer.java,214,warning,2
contrib_analyzers_common_src_java_org_apache_lucene_analysis_cjk_CJKTokenizer.java,67,error,1
contrib_analyzers_common_src_java_org_apache_lucene_analysis_cjk_CJKTokenizer.java,72,error,1
contrib_analyzers_common_src_java_org_apache_lucene_analysis_cjk_CJKTokenizer.java,150,warning,2
contrib_analyzers_common_src_java_org_apache_lucene_analysis_cjk_CJKTokenizer.java,170,warning,2
contrib_analyzers_common_src_java_org_apache_lucene_analysis_cjk_CJKTokenizer.java,75,error,1
contrib_analyzers_common_src_java_org_apache_lucene_analysis_cjk_CJKTokenizer.java,169,warning,2
contrib_analyzers_common_src_java_org_apache_lucene_analysis_cjk_CJKTokenizer.java,181,warning,2
contrib_analyzers_common_src_java_org_apache_lucene_analysis_cjk_CJKTokenizer.java,114,error,1
contrib_analyzers_common_src_java_org_apache_lucene_analysis_cjk_CJKTokenizer.java,271,warning,2
contrib_analyzers_common_src_java_org_apache_lucene_analysis_cjk_CJKTokenizer.java,272,warning,2
contrib_analyzers_common_src_java_org_apache_lucene_analysis_cjk_CJKTokenizer.java,195,warning,2
contrib_analyzers_common_src_java_org_apache_lucene_analysis_cjk_CJKTokenizer.java,314,warning,2
contrib_analyzers_common_src_java_org_apache_lucene_analysis_cjk_CJKTokenizer.java,93,error,1
contrib_analyzers_common_src_java_org_apache_lucene_analysis_cjk_CJKTokenizer.java,133,warning,2
contrib_analyzers_common_src_java_org_apache_lucene_analysis_cjk_CJKTokenizer.java,207,warning,2
contrib_analyzers_common_src_java_org_apache_lucene_analysis_cjk_CJKTokenizer.java,264,warning,2
contrib_analyzers_common_src_java_org_apache_lucene_analysis_cjk_CJKTokenizer.java,165,warning,2
contrib_analyzers_common_src_java_org_apache_lucene_analysis_cjk_CJKTokenizer.java,116,warning,2
contrib_analyzers_common_src_java_org_apache_lucene_analysis_cjk_CJKTokenizer.java,179,warning,2
contrib_analyzers_common_src_java_org_apache_lucene_analysis_cjk_CJKTokenizer.java,183,warning,2
contrib_analyzers_common_src_java_org_apache_lucene_analysis_cjk_CJKTokenizer.java,175,warning,2
contrib_analyzers_common_src_java_org_apache_lucene_analysis_cjk_CJKTokenizer.java,240,warning,2
contrib_analyzers_common_src_java_org_apache_lucene_analysis_cjk_CJKTokenizer.java,158,warning,2
contrib_analyzers_common_src_java_org_apache_lucene_analysis_cjk_CJKTokenizer.java,252,warning,2
contrib_analyzers_common_src_java_org_apache_lucene_analysis_cjk_CJKTokenizer.java,162,warning,2
contrib_analyzers_common_src_java_org_apache_lucene_analysis_cjk_CJKTokenizer.java,157,error,1
contrib_analyzers_common_src_java_org_apache_lucene_analysis_cjk_CJKTokenizer.java,167,warning,2
contrib_analyzers_common_src_java_org_apache_lucene_analysis_cjk_CJKTokenizer.java,319,warning,2
contrib_analyzers_common_src_java_org_apache_lucene_analysis_cjk_CJKTokenizer.java,153,error,1
contrib_analyzers_common_src_java_org_apache_lucene_analysis_cjk_CJKTokenizer.java,155,warning,2
contrib_analyzers_common_src_java_org_apache_lucene_analysis_cjk_CJKTokenizer.java,64,error,1
contrib_analyzers_common_src_java_org_apache_lucene_analysis_cjk_CJKTokenizer.java,310,warning,2
contrib_analyzers_common_src_java_org_apache_lucene_analysis_cjk_CJKTokenizer.java,160,warning,2
contrib_analyzers_common_src_java_org_apache_lucene_analysis_cjk_CJKTokenizer.java,203,warning,2
contrib_analyzers_common_src_java_org_apache_lucene_analysis_cjk_CJKTokenizer.java,176,error,1
contrib_analyzers_common_src_java_org_apache_lucene_analysis_cjk_CJKTokenizer.java,59,warning,2
contrib_analyzers_common_src_java_org_apache_lucene_analysis_cjk_CJKTokenizer.java,274,warning,2
contrib_analyzers_common_src_java_org_apache_lucene_analysis_cjk_CJKTokenizer.java,122,warning,2
contrib_analyzers_common_src_java_org_apache_lucene_analysis_cjk_CJKTokenizer.java,78,error,1
contrib_analyzers_common_src_java_org_apache_lucene_analysis_cjk_CJKTokenizer.java,56,warning,2
contrib_analyzers_common_src_java_org_apache_lucene_analysis_cjk_CJKTokenizer.java,258,warning,2
contrib_analyzers_common_src_java_org_apache_lucene_analysis_cjk_CJKTokenizer.java,241,error,1
contrib_analyzers_common_src_java_org_apache_lucene_analysis_cjk_CJKTokenizer.java,94,warning,2
contrib_analyzers_common_src_java_org_apache_lucene_analysis_cjk_CJKTokenizer.java,287,warning,2
contrib_analyzers_common_src_java_org_apache_lucene_analysis_cjk_CJKTokenizer.java,312,warning,2
contrib_analyzers_common_src_java_org_apache_lucene_analysis_cjk_CJKTokenizer.java,239,warning,2
contrib_analyzers_common_src_java_org_apache_lucene_analysis_cjk_CJKTokenizer.java,266,warning,2
contrib_analyzers_common_src_java_org_apache_lucene_analysis_cjk_CJKTokenizer.java,282,warning,2
contrib_analyzers_common_src_java_org_apache_lucene_analysis_cjk_CJKTokenizer.java,219,warning,2
contrib_analyzers_common_src_java_org_apache_lucene_analysis_cjk_CJKTokenizer.java,250,warning,2
contrib_analyzers_common_src_java_org_apache_lucene_analysis_cjk_CJKTokenizer.java,164,error,1
contrib_analyzers_common_src_java_org_apache_lucene_analysis_cjk_CJKTokenizer.java,132,warning,2
contrib_analyzers_common_src_java_org_apache_lucene_analysis_cjk_CJKTokenizer.java,171,warning,2
contrib_analyzers_common_src_java_org_apache_lucene_analysis_cjk_CJKTokenizer.java,227,warning,2
contrib_analyzers_common_src_java_org_apache_lucene_analysis_cjk_CJKTokenizer.java,139,error,1
contrib_analyzers_common_src_java_org_apache_lucene_analysis_cjk_CJKTokenizer.java,283,warning,2
contrib_analyzers_common_src_java_org_apache_lucene_analysis_cjk_CJKTokenizer.java,292,warning,2
contrib_analyzers_common_src_java_org_apache_lucene_analysis_cjk_CJKTokenizer.java,81,error,1
contrib_analyzers_common_src_java_org_apache_lucene_analysis_cjk_CJKTokenizer.java,185,warning,2
contrib_analyzers_common_src_java_org_apache_lucene_analysis_cjk_CJKTokenizer.java,243,warning,2
contrib_analyzers_common_src_java_org_apache_lucene_analysis_cjk_CJKTokenizer.java,248,warning,2
contrib_analyzers_common_src_java_org_apache_lucene_analysis_cjk_CJKTokenizer.java,256,warning,2
contrib_analyzers_common_src_java_org_apache_lucene_analysis_cjk_CJKTokenizer.java,234,warning,2
contrib_analyzers_common_src_java_org_apache_lucene_analysis_cjk_CJKTokenizer.java,101,warning,2
contrib_analyzers_common_src_java_org_apache_lucene_analysis_cjk_CJKTokenizer.java,290,warning,2
contrib_analyzers_common_src_java_org_apache_lucene_analysis_cjk_CJKTokenizer.java,255,warning,2
contrib_analyzers_common_src_java_org_apache_lucene_analysis_cjk_CJKTokenizer.java,233,warning,2
contrib_analyzers_common_src_java_org_apache_lucene_analysis_cjk_CJKTokenizer.java,121,warning,2
contrib_analyzers_common_src_java_org_apache_lucene_analysis_cjk_CJKTokenizer.java,228,warning,2
contrib_analyzers_common_src_java_org_apache_lucene_analysis_cjk_CJKTokenizer.java,237,warning,2
contrib_analyzers_common_src_java_org_apache_lucene_analysis_cjk_CJKTokenizer.java,119,error,1
contrib_analyzers_common_src_java_org_apache_lucene_analysis_cjk_CJKTokenizer.java,278,warning,2
contrib_analyzers_common_src_java_org_apache_lucene_analysis_cjk_CJKTokenizer.java,172,warning,2
contrib_analyzers_common_src_java_org_apache_lucene_analysis_cjk_CJKTokenizer.java,117,warning,2
contrib_analyzers_common_src_java_org_apache_lucene_analysis_cjk_CJKTokenizer.java,50,warning,2
contrib_analyzers_common_src_java_org_apache_lucene_analysis_cjk_CJKTokenizer.java,276,error,1
contrib_analyzers_common_src_java_org_apache_lucene_analysis_cjk_CJKTokenizer.java,308,warning,2
contrib_analyzers_common_src_java_org_apache_lucene_analysis_cjk_CJKTokenizer.java,284,warning,2
contrib_analyzers_common_src_java_org_apache_lucene_analysis_cjk_CJKTokenizer.java,317,error,1
contrib_analyzers_common_src_java_org_apache_lucene_analysis_cjk_CJKTokenizer.java,68,warning,2
contrib_analyzers_common_src_java_org_apache_lucene_analysis_cjk_CJKTokenizer.java,129,warning,2
contrib_analyzers_common_src_java_org_apache_lucene_analysis_cjk_CJKTokenizer.java,251,warning,2
contrib_analyzers_common_src_java_org_apache_lucene_analysis_cjk_CJKTokenizer.java,279,warning,2
contrib_analyzers_common_src_java_org_apache_lucene_analysis_cjk_CJKTokenizer.java,222,error,1
contrib_analyzers_common_src_java_org_apache_lucene_analysis_cjk_CJKTokenizer.java,202,warning,2
contrib_analyzers_common_src_java_org_apache_lucene_analysis_cjk_CJKTokenizer.java,208,warning,2
contrib_analyzers_common_src_java_org_apache_lucene_analysis_cjk_CJKTokenizer.java,238,warning,2
contrib_analyzers_common_src_java_org_apache_lucene_analysis_cjk_CJKTokenizer.java,245,warning,2
contrib_analyzers_common_src_java_org_apache_lucene_analysis_cjk_CJKTokenizer.java,318,warning,2
contrib_analyzers_common_src_java_org_apache_lucene_analysis_cjk_CJKTokenizer.java,226,warning,2
contrib_analyzers_common_src_java_org_apache_lucene_analysis_cjk_CJKTokenizer.java,197,warning,2
contrib_analyzers_common_src_java_org_apache_lucene_analysis_cjk_CJKTokenizer.java,201,error,1
contrib_analyzers_common_src_java_org_apache_lucene_analysis_cjk_CJKTokenizer.java,225,warning,2
contrib_analyzers_common_src_java_org_apache_lucene_analysis_cjk_CJKTokenizer.java,316,warning,2
contrib_analyzers_common_src_java_org_apache_lucene_analysis_cjk_CJKTokenizer.java,302,error,1
contrib_analyzers_common_src_java_org_apache_lucene_analysis_cjk_CJKTokenizer.java,242,warning,2
contrib_analyzers_common_src_java_org_apache_lucene_analysis_cjk_CJKTokenizer.java,268,warning,2
contrib_analyzers_common_src_java_org_apache_lucene_analysis_cjk_CJKTokenizer.java,244,warning,2
contrib_analyzers_common_src_java_org_apache_lucene_analysis_cjk_CJKTokenizer.java,76,warning,2
contrib_analyzers_common_src_java_org_apache_lucene_analysis_query_QueryAutoStopWordAnalyzer.java,166,error,1
contrib_analyzers_common_src_java_org_apache_lucene_analysis_query_QueryAutoStopWordAnalyzer.java,135,error,1
contrib_analyzers_common_src_java_org_apache_lucene_analysis_query_QueryAutoStopWordAnalyzer.java,151,warning,2
contrib_analyzers_common_src_java_org_apache_lucene_analysis_query_QueryAutoStopWordAnalyzer.java,188,error,1
contrib_analyzers_common_src_java_org_apache_lucene_analysis_query_QueryAutoStopWordAnalyzer.java,62,warning,2
contrib_analyzers_common_src_java_org_apache_lucene_analysis_query_QueryAutoStopWordAnalyzer.java,273,warning,2
contrib_analyzers_common_src_java_org_apache_lucene_analysis_query_QueryAutoStopWordAnalyzer.java,105,warning,2
contrib_analyzers_common_src_java_org_apache_lucene_analysis_query_QueryAutoStopWordAnalyzer.java,147,warning,2
contrib_analyzers_common_src_java_org_apache_lucene_analysis_query_QueryAutoStopWordAnalyzer.java,91,warning,2
contrib_analyzers_common_src_java_org_apache_lucene_analysis_query_QueryAutoStopWordAnalyzer.java,110,warning,2
contrib_analyzers_common_src_java_org_apache_lucene_analysis_query_QueryAutoStopWordAnalyzer.java,206,warning,2
contrib_analyzers_common_src_java_org_apache_lucene_analysis_query_QueryAutoStopWordAnalyzer.java,90,warning,2
contrib_analyzers_common_src_java_org_apache_lucene_analysis_query_QueryAutoStopWordAnalyzer.java,37,error,1
contrib_analyzers_common_src_java_org_apache_lucene_analysis_query_QueryAutoStopWordAnalyzer.java,210,error,1
contrib_analyzers_common_src_java_org_apache_lucene_analysis_query_QueryAutoStopWordAnalyzer.java,98,error,1
contrib_analyzers_common_src_java_org_apache_lucene_analysis_query_QueryAutoStopWordAnalyzer.java,149,warning,2
contrib_analyzers_common_src_java_org_apache_lucene_analysis_query_QueryAutoStopWordAnalyzer.java,126,warning,2
contrib_analyzers_common_src_java_org_apache_lucene_analysis_query_QueryAutoStopWordAnalyzer.java,174,warning,2
contrib_analyzers_common_src_java_org_apache_lucene_analysis_query_QueryAutoStopWordAnalyzer.java,291,warning,2
contrib_analyzers_common_src_java_org_apache_lucene_analysis_query_QueryAutoStopWordAnalyzer.java,145,warning,2
contrib_analyzers_common_src_java_org_apache_lucene_analysis_query_QueryAutoStopWordAnalyzer.java,65,error,1
contrib_analyzers_common_src_java_org_apache_lucene_analysis_query_QueryAutoStopWordAnalyzer.java,30,error,1
contrib_analyzers_common_src_java_org_apache_lucene_analysis_query_QueryAutoStopWordAnalyzer.java,190,error,1
contrib_analyzers_common_src_java_org_apache_lucene_analysis_query_QueryAutoStopWordAnalyzer.java,73,error,1
contrib_analyzers_common_src_java_org_apache_lucene_analysis_query_QueryAutoStopWordAnalyzer.java,288,warning,2
contrib_analyzers_common_src_java_org_apache_lucene_analysis_query_QueryAutoStopWordAnalyzer.java,124,error,1
contrib_analyzers_common_src_java_org_apache_lucene_analysis_query_QueryAutoStopWordAnalyzer.java,88,warning,2
contrib_analyzers_common_src_java_org_apache_lucene_analysis_query_QueryAutoStopWordAnalyzer.java,216,warning,2
contrib_analyzers_common_src_java_org_apache_lucene_analysis_query_QueryAutoStopWordAnalyzer.java,199,error,1
contrib_analyzers_common_src_java_org_apache_lucene_analysis_query_QueryAutoStopWordAnalyzer.java,269,warning,2
contrib_analyzers_common_src_java_org_apache_lucene_analysis_query_QueryAutoStopWordAnalyzer.java,220,warning,2
contrib_analyzers_common_src_java_org_apache_lucene_analysis_query_QueryAutoStopWordAnalyzer.java,2,error,1
contrib_analyzers_common_src_java_org_apache_lucene_analysis_query_QueryAutoStopWordAnalyzer.java,118,error,1
contrib_analyzers_common_src_java_org_apache_lucene_analysis_query_QueryAutoStopWordAnalyzer.java,87,error,1
contrib_analyzers_common_src_java_org_apache_lucene_analysis_query_QueryAutoStopWordAnalyzer.java,123,error,1
contrib_analyzers_common_src_java_org_apache_lucene_analysis_query_QueryAutoStopWordAnalyzer.java,186,warning,2
contrib_analyzers_common_src_java_org_apache_lucene_analysis_query_QueryAutoStopWordAnalyzer.java,61,warning,2
contrib_analyzers_common_src_java_org_apache_lucene_analysis_query_QueryAutoStopWordAnalyzer.java,173,error,1
contrib_analyzers_common_src_java_org_apache_lucene_analysis_query_QueryAutoStopWordAnalyzer.java,148,warning,2
contrib_analyzers_common_src_java_org_apache_lucene_analysis_query_QueryAutoStopWordAnalyzer.java,109,error,1
contrib_analyzers_common_src_java_org_apache_lucene_analysis_query_QueryAutoStopWordAnalyzer.java,97,error,1
contrib_analyzers_common_src_java_org_apache_lucene_analysis_query_QueryAutoStopWordAnalyzer.java,128,error,1
contrib_analyzers_common_src_java_org_apache_lucene_analysis_query_QueryAutoStopWordAnalyzer.java,130,warning,2
contrib_analyzers_common_src_java_org_apache_lucene_analysis_query_QueryAutoStopWordAnalyzer.java,89,error,1
contrib_analyzers_common_src_java_org_apache_lucene_analysis_query_QueryAutoStopWordAnalyzer.java,224,warning,2
contrib_analyzers_common_src_java_org_apache_lucene_analysis_query_QueryAutoStopWordAnalyzer.java,289,warning,2
contrib_analyzers_common_src_java_org_apache_lucene_analysis_query_QueryAutoStopWordAnalyzer.java,92,warning,2
contrib_analyzers_common_src_java_org_apache_lucene_analysis_query_QueryAutoStopWordAnalyzer.java,23,warning,2
contrib_analyzers_common_src_java_org_apache_lucene_analysis_query_QueryAutoStopWordAnalyzer.java,229,warning,2
contrib_analyzers_common_src_java_org_apache_lucene_analysis_query_QueryAutoStopWordAnalyzer.java,267,warning,2
contrib_analyzers_common_src_java_org_apache_lucene_analysis_query_QueryAutoStopWordAnalyzer.java,253,warning,2
contrib_analyzers_common_src_java_org_apache_lucene_analysis_query_QueryAutoStopWordAnalyzer.java,115,warning,2
contrib_analyzers_common_src_java_org_apache_lucene_analysis_query_QueryAutoStopWordAnalyzer.java,107,error,1
contrib_analyzers_common_src_java_org_apache_lucene_analysis_query_QueryAutoStopWordAnalyzer.java,247,error,1
contrib_analyzers_common_src_java_org_apache_lucene_analysis_query_QueryAutoStopWordAnalyzer.java,33,error,1
contrib_analyzers_common_src_java_org_apache_lucene_analysis_query_QueryAutoStopWordAnalyzer.java,159,warning,2
contrib_analyzers_common_src_java_org_apache_lucene_analysis_query_QueryAutoStopWordAnalyzer.java,28,warning,2
contrib_analyzers_common_src_java_org_apache_lucene_analysis_query_QueryAutoStopWordAnalyzer.java,143,error,1
contrib_analyzers_common_src_java_org_apache_lucene_analysis_query_QueryAutoStopWordAnalyzer.java,152,warning,2
contrib_analyzers_common_src_java_org_apache_lucene_analysis_query_QueryAutoStopWordAnalyzer.java,270,warning,2
contrib_analyzers_common_src_java_org_apache_lucene_analysis_query_QueryAutoStopWordAnalyzer.java,265,error,1
contrib_analyzers_common_src_java_org_apache_lucene_analysis_query_QueryAutoStopWordAnalyzer.java,236,warning,2
contrib_analyzers_common_src_java_org_apache_lucene_analysis_query_QueryAutoStopWordAnalyzer.java,182,error,1
contrib_analyzers_common_src_java_org_apache_lucene_analysis_query_QueryAutoStopWordAnalyzer.java,52,error,1
contrib_analyzers_common_src_java_org_apache_lucene_analysis_query_QueryAutoStopWordAnalyzer.java,85,warning,2
contrib_analyzers_common_src_java_org_apache_lucene_analysis_query_QueryAutoStopWordAnalyzer.java,55,error,1
contrib_analyzers_common_src_java_org_apache_lucene_analysis_query_QueryAutoStopWordAnalyzer.java,285,warning,2
contrib_analyzers_common_src_java_org_apache_lucene_analysis_query_QueryAutoStopWordAnalyzer.java,217,warning,2
contrib_analyzers_common_src_java_org_apache_lucene_analysis_query_QueryAutoStopWordAnalyzer.java,102,error,1
contrib_analyzers_common_src_java_org_apache_lucene_analysis_query_QueryAutoStopWordAnalyzer.java,184,warning,2
contrib_analyzers_common_src_java_org_apache_lucene_analysis_query_QueryAutoStopWordAnalyzer.java,231,warning,2
contrib_analyzers_common_src_java_org_apache_lucene_analysis_query_QueryAutoStopWordAnalyzer.java,180,warning,2
contrib_analyzers_common_src_java_org_apache_lucene_analysis_query_QueryAutoStopWordAnalyzer.java,71,warning,2
contrib_analyzers_common_src_java_org_apache_lucene_analysis_query_QueryAutoStopWordAnalyzer.java,178,warning,2
contrib_analyzers_common_src_java_org_apache_lucene_analysis_query_QueryAutoStopWordAnalyzer.java,196,error,1
contrib_analyzers_common_src_java_org_apache_lucene_analysis_query_QueryAutoStopWordAnalyzer.java,246,warning,2
contrib_analyzers_common_src_java_org_apache_lucene_analysis_query_QueryAutoStopWordAnalyzer.java,177,warning,2
contrib_analyzers_common_src_java_org_apache_lucene_analysis_query_QueryAutoStopWordAnalyzer.java,103,error,1
contrib_analyzers_common_src_java_org_apache_lucene_analysis_query_QueryAutoStopWordAnalyzer.java,281,warning,2
contrib_analyzers_common_src_java_org_apache_lucene_analysis_query_QueryAutoStopWordAnalyzer.java,120,error,1
contrib_analyzers_common_src_java_org_apache_lucene_analysis_query_QueryAutoStopWordAnalyzer.java,1,error,1
contrib_analyzers_common_src_java_org_apache_lucene_analysis_query_QueryAutoStopWordAnalyzer.java,214,warning,2
contrib_analyzers_common_src_java_org_apache_lucene_analysis_query_QueryAutoStopWordAnalyzer.java,112,warning,2
contrib_analyzers_common_src_java_org_apache_lucene_analysis_query_QueryAutoStopWordAnalyzer.java,150,warning,2
contrib_analyzers_common_src_java_org_apache_lucene_analysis_query_QueryAutoStopWordAnalyzer.java,170,warning,2
contrib_analyzers_common_src_java_org_apache_lucene_analysis_query_QueryAutoStopWordAnalyzer.java,75,warning,2
contrib_analyzers_common_src_java_org_apache_lucene_analysis_query_QueryAutoStopWordAnalyzer.java,51,error,1
contrib_analyzers_common_src_java_org_apache_lucene_analysis_query_QueryAutoStopWordAnalyzer.java,169,warning,2
contrib_analyzers_common_src_java_org_apache_lucene_analysis_query_QueryAutoStopWordAnalyzer.java,181,warning,2
contrib_analyzers_common_src_java_org_apache_lucene_analysis_query_QueryAutoStopWordAnalyzer.java,111,warning,2
contrib_analyzers_common_src_java_org_apache_lucene_analysis_query_QueryAutoStopWordAnalyzer.java,114,warning,2
contrib_analyzers_common_src_java_org_apache_lucene_analysis_query_QueryAutoStopWordAnalyzer.java,271,warning,2
contrib_analyzers_common_src_java_org_apache_lucene_analysis_query_QueryAutoStopWordAnalyzer.java,272,warning,2
contrib_analyzers_common_src_java_org_apache_lucene_analysis_query_QueryAutoStopWordAnalyzer.java,113,warning,2
contrib_analyzers_common_src_java_org_apache_lucene_analysis_query_QueryAutoStopWordAnalyzer.java,100,error,1
contrib_analyzers_common_src_java_org_apache_lucene_analysis_query_QueryAutoStopWordAnalyzer.java,93,warning,2
contrib_analyzers_common_src_java_org_apache_lucene_analysis_query_QueryAutoStopWordAnalyzer.java,213,warning,2
contrib_analyzers_common_src_java_org_apache_lucene_analysis_query_QueryAutoStopWordAnalyzer.java,133,error,1
contrib_analyzers_common_src_java_org_apache_lucene_analysis_query_QueryAutoStopWordAnalyzer.java,24,warning,2
contrib_analyzers_common_src_java_org_apache_lucene_analysis_query_QueryAutoStopWordAnalyzer.java,207,warning,2
contrib_analyzers_common_src_java_org_apache_lucene_analysis_query_QueryAutoStopWordAnalyzer.java,211,warning,2
contrib_analyzers_common_src_java_org_apache_lucene_analysis_query_QueryAutoStopWordAnalyzer.java,165,error,1
contrib_analyzers_common_src_java_org_apache_lucene_analysis_query_QueryAutoStopWordAnalyzer.java,179,warning,2
contrib_analyzers_common_src_java_org_apache_lucene_analysis_query_QueryAutoStopWordAnalyzer.java,175,warning,2
contrib_analyzers_common_src_java_org_apache_lucene_analysis_query_QueryAutoStopWordAnalyzer.java,48,error,1
contrib_analyzers_common_src_java_org_apache_lucene_analysis_query_QueryAutoStopWordAnalyzer.java,212,warning,2
contrib_analyzers_common_src_java_org_apache_lucene_analysis_query_QueryAutoStopWordAnalyzer.java,240,warning,2
contrib_analyzers_common_src_java_org_apache_lucene_analysis_query_QueryAutoStopWordAnalyzer.java,158,warning,2
contrib_analyzers_common_src_java_org_apache_lucene_analysis_query_QueryAutoStopWordAnalyzer.java,221,warning,2
contrib_analyzers_common_src_java_org_apache_lucene_analysis_query_QueryAutoStopWordAnalyzer.java,38,error,1
contrib_analyzers_common_src_java_org_apache_lucene_analysis_query_QueryAutoStopWordAnalyzer.java,252,warning,2
contrib_analyzers_common_src_java_org_apache_lucene_analysis_query_QueryAutoStopWordAnalyzer.java,157,warning,2
contrib_analyzers_common_src_java_org_apache_lucene_analysis_query_QueryAutoStopWordAnalyzer.java,167,warning,2
contrib_analyzers_common_src_java_org_apache_lucene_analysis_query_QueryAutoStopWordAnalyzer.java,153,warning,2
contrib_analyzers_common_src_java_org_apache_lucene_analysis_query_QueryAutoStopWordAnalyzer.java,155,warning,2
contrib_analyzers_common_src_java_org_apache_lucene_analysis_query_QueryAutoStopWordAnalyzer.java,66,error,1
contrib_analyzers_common_src_java_org_apache_lucene_analysis_query_QueryAutoStopWordAnalyzer.java,160,warning,2
contrib_analyzers_common_src_java_org_apache_lucene_analysis_query_QueryAutoStopWordAnalyzer.java,176,warning,2
contrib_analyzers_common_src_java_org_apache_lucene_analysis_query_QueryAutoStopWordAnalyzer.java,59,error,1
contrib_analyzers_common_src_java_org_apache_lucene_analysis_query_QueryAutoStopWordAnalyzer.java,274,warning,2
contrib_analyzers_common_src_java_org_apache_lucene_analysis_query_QueryAutoStopWordAnalyzer.java,78,error,1
contrib_analyzers_common_src_java_org_apache_lucene_analysis_query_QueryAutoStopWordAnalyzer.java,258,error,1
contrib_analyzers_common_src_java_org_apache_lucene_analysis_query_QueryAutoStopWordAnalyzer.java,74,warning,2
contrib_analyzers_common_src_java_org_apache_lucene_analysis_query_QueryAutoStopWordAnalyzer.java,287,warning,2
contrib_analyzers_common_src_java_org_apache_lucene_analysis_query_QueryAutoStopWordAnalyzer.java,94,warning,2
contrib_analyzers_common_src_java_org_apache_lucene_analysis_query_QueryAutoStopWordAnalyzer.java,239,warning,2
contrib_analyzers_common_src_java_org_apache_lucene_analysis_query_QueryAutoStopWordAnalyzer.java,266,warning,2
contrib_analyzers_common_src_java_org_apache_lucene_analysis_query_QueryAutoStopWordAnalyzer.java,286,warning,2
contrib_analyzers_common_src_java_org_apache_lucene_analysis_query_QueryAutoStopWordAnalyzer.java,282,warning,2
contrib_analyzers_common_src_java_org_apache_lucene_analysis_query_QueryAutoStopWordAnalyzer.java,219,warning,2
contrib_analyzers_common_src_java_org_apache_lucene_analysis_query_QueryAutoStopWordAnalyzer.java,250,error,1
contrib_analyzers_common_src_java_org_apache_lucene_analysis_query_QueryAutoStopWordAnalyzer.java,156,warning,2
contrib_analyzers_common_src_java_org_apache_lucene_analysis_query_QueryAutoStopWordAnalyzer.java,42,error,1
contrib_analyzers_common_src_java_org_apache_lucene_analysis_query_QueryAutoStopWordAnalyzer.java,132,error,1
contrib_analyzers_common_src_java_org_apache_lucene_analysis_query_QueryAutoStopWordAnalyzer.java,60,warning,2
contrib_analyzers_common_src_java_org_apache_lucene_analysis_query_QueryAutoStopWordAnalyzer.java,200,error,1
contrib_analyzers_common_src_java_org_apache_lucene_analysis_query_QueryAutoStopWordAnalyzer.java,139,error,1
contrib_analyzers_common_src_java_org_apache_lucene_analysis_query_QueryAutoStopWordAnalyzer.java,154,warning,2
contrib_analyzers_common_src_java_org_apache_lucene_analysis_query_QueryAutoStopWordAnalyzer.java,283,error,1
contrib_analyzers_common_src_java_org_apache_lucene_analysis_query_QueryAutoStopWordAnalyzer.java,292,warning,2
contrib_analyzers_common_src_java_org_apache_lucene_analysis_query_QueryAutoStopWordAnalyzer.java,95,warning,2
contrib_analyzers_common_src_java_org_apache_lucene_analysis_query_QueryAutoStopWordAnalyzer.java,185,warning,2
contrib_analyzers_common_src_java_org_apache_lucene_analysis_query_QueryAutoStopWordAnalyzer.java,248,error,1
contrib_analyzers_common_src_java_org_apache_lucene_analysis_query_QueryAutoStopWordAnalyzer.java,54,error,1
contrib_analyzers_common_src_java_org_apache_lucene_analysis_query_QueryAutoStopWordAnalyzer.java,256,warning,2
contrib_analyzers_common_src_java_org_apache_lucene_analysis_query_QueryAutoStopWordAnalyzer.java,63,warning,2
contrib_analyzers_common_src_java_org_apache_lucene_analysis_query_QueryAutoStopWordAnalyzer.java,290,warning,2
contrib_analyzers_common_src_java_org_apache_lucene_analysis_query_QueryAutoStopWordAnalyzer.java,255,warning,2
contrib_analyzers_common_src_java_org_apache_lucene_analysis_query_QueryAutoStopWordAnalyzer.java,146,warning,2
contrib_analyzers_common_src_java_org_apache_lucene_analysis_query_QueryAutoStopWordAnalyzer.java,228,error,1
contrib_analyzers_common_src_java_org_apache_lucene_analysis_query_QueryAutoStopWordAnalyzer.java,237,warning,2
contrib_analyzers_common_src_java_org_apache_lucene_analysis_query_QueryAutoStopWordAnalyzer.java,172,error,1
contrib_analyzers_common_src_java_org_apache_lucene_analysis_query_QueryAutoStopWordAnalyzer.java,57,error,1
contrib_analyzers_common_src_java_org_apache_lucene_analysis_query_QueryAutoStopWordAnalyzer.java,117,error,1
contrib_analyzers_common_src_java_org_apache_lucene_analysis_query_QueryAutoStopWordAnalyzer.java,141,warning,2
contrib_analyzers_common_src_java_org_apache_lucene_analysis_query_QueryAutoStopWordAnalyzer.java,47,error,1
contrib_analyzers_common_src_java_org_apache_lucene_analysis_query_QueryAutoStopWordAnalyzer.java,80,error,1
contrib_analyzers_common_src_java_org_apache_lucene_analysis_query_QueryAutoStopWordAnalyzer.java,276,error,1
contrib_analyzers_common_src_java_org_apache_lucene_analysis_query_QueryAutoStopWordAnalyzer.java,284,warning,2
contrib_analyzers_common_src_java_org_apache_lucene_analysis_query_QueryAutoStopWordAnalyzer.java,144,warning,2
contrib_analyzers_common_src_java_org_apache_lucene_analysis_query_QueryAutoStopWordAnalyzer.java,108,warning,2
contrib_analyzers_common_src_java_org_apache_lucene_analysis_query_QueryAutoStopWordAnalyzer.java,68,error,1
contrib_analyzers_common_src_java_org_apache_lucene_analysis_query_QueryAutoStopWordAnalyzer.java,129,error,1
contrib_analyzers_common_src_java_org_apache_lucene_analysis_query_QueryAutoStopWordAnalyzer.java,251,warning,2
contrib_analyzers_common_src_java_org_apache_lucene_analysis_query_QueryAutoStopWordAnalyzer.java,29,warning,2
contrib_analyzers_common_src_java_org_apache_lucene_analysis_query_QueryAutoStopWordAnalyzer.java,202,warning,2
contrib_analyzers_common_src_java_org_apache_lucene_analysis_query_QueryAutoStopWordAnalyzer.java,245,warning,2
contrib_analyzers_common_src_java_org_apache_lucene_analysis_query_QueryAutoStopWordAnalyzer.java,226,error,1
contrib_analyzers_common_src_java_org_apache_lucene_analysis_query_QueryAutoStopWordAnalyzer.java,197,warning,2
contrib_analyzers_common_src_java_org_apache_lucene_analysis_query_QueryAutoStopWordAnalyzer.java,225,error,1
contrib_analyzers_common_src_java_org_apache_lucene_analysis_query_QueryAutoStopWordAnalyzer.java,201,warning,2
contrib_analyzers_common_src_java_org_apache_lucene_analysis_query_QueryAutoStopWordAnalyzer.java,46,warning,2
contrib_analyzers_common_src_java_org_apache_lucene_analysis_query_QueryAutoStopWordAnalyzer.java,268,warning,2
contrib_analyzers_common_src_java_org_apache_lucene_analysis_query_QueryAutoStopWordAnalyzer.java,22,warning,2
contrib_analyzers_common_src_java_org_apache_lucene_analysis_query_QueryAutoStopWordAnalyzer.java,82,error,1
contrib_analyzers_common_src_java_org_apache_lucene_analysis_query_QueryAutoStopWordAnalyzer.java,77,error,1
contrib_instantiated_src_java_org_apache_lucene_store_instantiated_InstantiatedIndex.java,135,warning,2
contrib_instantiated_src_java_org_apache_lucene_store_instantiated_InstantiatedIndex.java,151,warning,2
contrib_instantiated_src_java_org_apache_lucene_store_instantiated_InstantiatedIndex.java,188,warning,2
contrib_instantiated_src_java_org_apache_lucene_store_instantiated_InstantiatedIndex.java,304,warning,2
contrib_instantiated_src_java_org_apache_lucene_store_instantiated_InstantiatedIndex.java,320,error,1
contrib_instantiated_src_java_org_apache_lucene_store_instantiated_InstantiatedIndex.java,210,warning,2
contrib_instantiated_src_java_org_apache_lucene_store_instantiated_InstantiatedIndex.java,98,error,1
contrib_instantiated_src_java_org_apache_lucene_store_instantiated_InstantiatedIndex.java,125,error,1
contrib_instantiated_src_java_org_apache_lucene_store_instantiated_InstantiatedIndex.java,149,warning,2
contrib_instantiated_src_java_org_apache_lucene_store_instantiated_InstantiatedIndex.java,126,warning,2
contrib_instantiated_src_java_org_apache_lucene_store_instantiated_InstantiatedIndex.java,254,warning,2
contrib_instantiated_src_java_org_apache_lucene_store_instantiated_InstantiatedIndex.java,291,warning,2
contrib_instantiated_src_java_org_apache_lucene_store_instantiated_InstantiatedIndex.java,65,warning,2
contrib_instantiated_src_java_org_apache_lucene_store_instantiated_InstantiatedIndex.java,30,warning,2
contrib_instantiated_src_java_org_apache_lucene_store_instantiated_InstantiatedIndex.java,263,warning,2
contrib_instantiated_src_java_org_apache_lucene_store_instantiated_InstantiatedIndex.java,288,warning,2
contrib_instantiated_src_java_org_apache_lucene_store_instantiated_InstantiatedIndex.java,136,error,1
contrib_instantiated_src_java_org_apache_lucene_store_instantiated_InstantiatedIndex.java,199,error,1
contrib_instantiated_src_java_org_apache_lucene_store_instantiated_InstantiatedIndex.java,161,warning,2
contrib_instantiated_src_java_org_apache_lucene_store_instantiated_InstantiatedIndex.java,329,warning,2
contrib_instantiated_src_java_org_apache_lucene_store_instantiated_InstantiatedIndex.java,209,warning,2
contrib_instantiated_src_java_org_apache_lucene_store_instantiated_InstantiatedIndex.java,299,warning,2
contrib_instantiated_src_java_org_apache_lucene_store_instantiated_InstantiatedIndex.java,321,warning,2
contrib_instantiated_src_java_org_apache_lucene_store_instantiated_InstantiatedIndex.java,218,error,1
contrib_instantiated_src_java_org_apache_lucene_store_instantiated_InstantiatedIndex.java,186,warning,2
contrib_instantiated_src_java_org_apache_lucene_store_instantiated_InstantiatedIndex.java,262,warning,2
contrib_instantiated_src_java_org_apache_lucene_store_instantiated_InstantiatedIndex.java,148,warning,2
contrib_instantiated_src_java_org_apache_lucene_store_instantiated_InstantiatedIndex.java,109,error,1
contrib_instantiated_src_java_org_apache_lucene_store_instantiated_InstantiatedIndex.java,128,warning,2
contrib_instantiated_src_java_org_apache_lucene_store_instantiated_InstantiatedIndex.java,130,error,1
contrib_instantiated_src_java_org_apache_lucene_store_instantiated_InstantiatedIndex.java,191,warning,2
contrib_instantiated_src_java_org_apache_lucene_store_instantiated_InstantiatedIndex.java,229,error,1
contrib_instantiated_src_java_org_apache_lucene_store_instantiated_InstantiatedIndex.java,253,error,1
contrib_instantiated_src_java_org_apache_lucene_store_instantiated_InstantiatedIndex.java,247,warning,2
contrib_instantiated_src_java_org_apache_lucene_store_instantiated_InstantiatedIndex.java,131,warning,2
contrib_instantiated_src_java_org_apache_lucene_store_instantiated_InstantiatedIndex.java,343,warning,2
contrib_instantiated_src_java_org_apache_lucene_store_instantiated_InstantiatedIndex.java,270,warning,2
contrib_instantiated_src_java_org_apache_lucene_store_instantiated_InstantiatedIndex.java,350,error,1
contrib_instantiated_src_java_org_apache_lucene_store_instantiated_InstantiatedIndex.java,298,error,1
contrib_instantiated_src_java_org_apache_lucene_store_instantiated_InstantiatedIndex.java,58,error,1
contrib_instantiated_src_java_org_apache_lucene_store_instantiated_InstantiatedIndex.java,55,warning,2
contrib_instantiated_src_java_org_apache_lucene_store_instantiated_InstantiatedIndex.java,79,warning,2
contrib_instantiated_src_java_org_apache_lucene_store_instantiated_InstantiatedIndex.java,217,warning,2
contrib_instantiated_src_java_org_apache_lucene_store_instantiated_InstantiatedIndex.java,223,warning,2
contrib_instantiated_src_java_org_apache_lucene_store_instantiated_InstantiatedIndex.java,231,warning,2
contrib_instantiated_src_java_org_apache_lucene_store_instantiated_InstantiatedIndex.java,180,warning,2
contrib_instantiated_src_java_org_apache_lucene_store_instantiated_InstantiatedIndex.java,306,warning,2
contrib_instantiated_src_java_org_apache_lucene_store_instantiated_InstantiatedIndex.java,281,warning,2
contrib_instantiated_src_java_org_apache_lucene_store_instantiated_InstantiatedIndex.java,313,warning,2
contrib_instantiated_src_java_org_apache_lucene_store_instantiated_InstantiatedIndex.java,67,error,1
contrib_instantiated_src_java_org_apache_lucene_store_instantiated_InstantiatedIndex.java,351,warning,2
contrib_instantiated_src_java_org_apache_lucene_store_instantiated_InstantiatedIndex.java,192,warning,2
contrib_instantiated_src_java_org_apache_lucene_store_instantiated_InstantiatedIndex.java,75,error,1
contrib_instantiated_src_java_org_apache_lucene_store_instantiated_InstantiatedIndex.java,181,warning,2
contrib_instantiated_src_java_org_apache_lucene_store_instantiated_InstantiatedIndex.java,111,error,1
contrib_instantiated_src_java_org_apache_lucene_store_instantiated_InstantiatedIndex.java,322,warning,2
contrib_instantiated_src_java_org_apache_lucene_store_instantiated_InstantiatedIndex.java,328,error,1
contrib_instantiated_src_java_org_apache_lucene_store_instantiated_InstantiatedIndex.java,113,warning,2
contrib_instantiated_src_java_org_apache_lucene_store_instantiated_InstantiatedIndex.java,213,warning,2
contrib_instantiated_src_java_org_apache_lucene_store_instantiated_InstantiatedIndex.java,211,error,1
contrib_instantiated_src_java_org_apache_lucene_store_instantiated_InstantiatedIndex.java,116,warning,2
contrib_instantiated_src_java_org_apache_lucene_store_instantiated_InstantiatedIndex.java,183,warning,2
contrib_instantiated_src_java_org_apache_lucene_store_instantiated_InstantiatedIndex.java,175,warning,2
contrib_instantiated_src_java_org_apache_lucene_store_instantiated_InstantiatedIndex.java,212,warning,2
contrib_instantiated_src_java_org_apache_lucene_store_instantiated_InstantiatedIndex.java,330,warning,2
contrib_instantiated_src_java_org_apache_lucene_store_instantiated_InstantiatedIndex.java,162,error,1
contrib_instantiated_src_java_org_apache_lucene_store_instantiated_InstantiatedIndex.java,157,error,1
contrib_instantiated_src_java_org_apache_lucene_store_instantiated_InstantiatedIndex.java,153,warning,2
contrib_instantiated_src_java_org_apache_lucene_store_instantiated_InstantiatedIndex.java,155,warning,2
contrib_instantiated_src_java_org_apache_lucene_store_instantiated_InstantiatedIndex.java,258,warning,2
contrib_instantiated_src_java_org_apache_lucene_store_instantiated_InstantiatedIndex.java,287,warning,2
contrib_instantiated_src_java_org_apache_lucene_store_instantiated_InstantiatedIndex.java,239,warning,2
contrib_instantiated_src_java_org_apache_lucene_store_instantiated_InstantiatedIndex.java,337,error,1
contrib_instantiated_src_java_org_apache_lucene_store_instantiated_InstantiatedIndex.java,266,warning,2
contrib_instantiated_src_java_org_apache_lucene_store_instantiated_InstantiatedIndex.java,286,error,1
contrib_instantiated_src_java_org_apache_lucene_store_instantiated_InstantiatedIndex.java,282,warning,2
contrib_instantiated_src_java_org_apache_lucene_store_instantiated_InstantiatedIndex.java,156,warning,2
contrib_instantiated_src_java_org_apache_lucene_store_instantiated_InstantiatedIndex.java,352,warning,2
contrib_instantiated_src_java_org_apache_lucene_store_instantiated_InstantiatedIndex.java,164,warning,2
contrib_instantiated_src_java_org_apache_lucene_store_instantiated_InstantiatedIndex.java,227,warning,2
contrib_instantiated_src_java_org_apache_lucene_store_instantiated_InstantiatedIndex.java,139,warning,2
contrib_instantiated_src_java_org_apache_lucene_store_instantiated_InstantiatedIndex.java,292,warning,2
contrib_instantiated_src_java_org_apache_lucene_store_instantiated_InstantiatedIndex.java,81,error,1
contrib_instantiated_src_java_org_apache_lucene_store_instantiated_InstantiatedIndex.java,185,warning,2
contrib_instantiated_src_java_org_apache_lucene_store_instantiated_InstantiatedIndex.java,256,warning,2
contrib_instantiated_src_java_org_apache_lucene_store_instantiated_InstantiatedIndex.java,290,error,1
contrib_instantiated_src_java_org_apache_lucene_store_instantiated_InstantiatedIndex.java,346,error,1
contrib_instantiated_src_java_org_apache_lucene_store_instantiated_InstantiatedIndex.java,121,error,1
contrib_instantiated_src_java_org_apache_lucene_store_instantiated_InstantiatedIndex.java,228,warning,2
contrib_instantiated_src_java_org_apache_lucene_store_instantiated_InstantiatedIndex.java,278,warning,2
contrib_instantiated_src_java_org_apache_lucene_store_instantiated_InstantiatedIndex.java,172,warning,2
contrib_instantiated_src_java_org_apache_lucene_store_instantiated_InstantiatedIndex.java,141,warning,2
contrib_instantiated_src_java_org_apache_lucene_store_instantiated_InstantiatedIndex.java,144,warning,2
contrib_instantiated_src_java_org_apache_lucene_store_instantiated_InstantiatedIndex.java,317,warning,2
contrib_instantiated_src_java_org_apache_lucene_store_instantiated_InstantiatedIndex.java,138,warning,2
contrib_instantiated_src_java_org_apache_lucene_store_instantiated_InstantiatedIndex.java,129,warning,2
contrib_instantiated_src_java_org_apache_lucene_store_instantiated_InstantiatedIndex.java,251,warning,2
contrib_instantiated_src_java_org_apache_lucene_store_instantiated_InstantiatedIndex.java,279,warning,2
contrib_instantiated_src_java_org_apache_lucene_store_instantiated_InstantiatedIndex.java,202,warning,2
contrib_instantiated_src_java_org_apache_lucene_store_instantiated_InstantiatedIndex.java,222,warning,2
contrib_instantiated_src_java_org_apache_lucene_store_instantiated_InstantiatedIndex.java,238,warning,2
contrib_instantiated_src_java_org_apache_lucene_store_instantiated_InstantiatedIndex.java,245,warning,2
contrib_instantiated_src_java_org_apache_lucene_store_instantiated_InstantiatedIndex.java,318,warning,2
contrib_instantiated_src_java_org_apache_lucene_store_instantiated_InstantiatedIndex.java,226,error,1
contrib_instantiated_src_java_org_apache_lucene_store_instantiated_InstantiatedIndex.java,316,error,1
contrib_instantiated_src_java_org_apache_lucene_store_instantiated_InstantiatedIndex.java,56,error,1
contrib_instantiated_src_java_org_apache_lucene_store_instantiated_InstantiatedIndex.java,244,warning,2
contrib_instantiated_src_java_org_apache_lucene_store_instantiated_InstantiatedIndex.java,166,warning,2
contrib_instantiated_src_java_org_apache_lucene_store_instantiated_InstantiatedIndex.java,62,error,1
contrib_instantiated_src_java_org_apache_lucene_store_instantiated_InstantiatedIndex.java,273,warning,2
contrib_instantiated_src_java_org_apache_lucene_store_instantiated_InstantiatedIndex.java,105,error,1
contrib_instantiated_src_java_org_apache_lucene_store_instantiated_InstantiatedIndex.java,147,error,1
contrib_instantiated_src_java_org_apache_lucene_store_instantiated_InstantiatedIndex.java,168,error,1
contrib_instantiated_src_java_org_apache_lucene_store_instantiated_InstantiatedIndex.java,127,warning,2
contrib_instantiated_src_java_org_apache_lucene_store_instantiated_InstantiatedIndex.java,338,warning,2
contrib_instantiated_src_java_org_apache_lucene_store_instantiated_InstantiatedIndex.java,230,warning,2
contrib_instantiated_src_java_org_apache_lucene_store_instantiated_InstantiatedIndex.java,145,warning,2
contrib_instantiated_src_java_org_apache_lucene_store_instantiated_InstantiatedIndex.java,190,warning,2
contrib_instantiated_src_java_org_apache_lucene_store_instantiated_InstantiatedIndex.java,88,warning,2
contrib_instantiated_src_java_org_apache_lucene_store_instantiated_InstantiatedIndex.java,216,warning,2
contrib_instantiated_src_java_org_apache_lucene_store_instantiated_InstantiatedIndex.java,347,warning,2
contrib_instantiated_src_java_org_apache_lucene_store_instantiated_InstantiatedIndex.java,198,warning,2
contrib_instantiated_src_java_org_apache_lucene_store_instantiated_InstantiatedIndex.java,269,warning,2
contrib_instantiated_src_java_org_apache_lucene_store_instantiated_InstantiatedIndex.java,220,warning,2
contrib_instantiated_src_java_org_apache_lucene_store_instantiated_InstantiatedIndex.java,300,warning,2
contrib_instantiated_src_java_org_apache_lucene_store_instantiated_InstantiatedIndex.java,305,warning,2
contrib_instantiated_src_java_org_apache_lucene_store_instantiated_InstantiatedIndex.java,275,warning,2
contrib_instantiated_src_java_org_apache_lucene_store_instantiated_InstantiatedIndex.java,277,error,1
contrib_instantiated_src_java_org_apache_lucene_store_instantiated_InstantiatedIndex.java,356,warning,2
contrib_instantiated_src_java_org_apache_lucene_store_instantiated_InstantiatedIndex.java,193,warning,2
contrib_instantiated_src_java_org_apache_lucene_store_instantiated_InstantiatedIndex.java,87,warning,2
contrib_instantiated_src_java_org_apache_lucene_store_instantiated_InstantiatedIndex.java,3,error,1
contrib_instantiated_src_java_org_apache_lucene_store_instantiated_InstantiatedIndex.java,194,warning,2
contrib_instantiated_src_java_org_apache_lucene_store_instantiated_InstantiatedIndex.java,224,error,1
contrib_instantiated_src_java_org_apache_lucene_store_instantiated_InstantiatedIndex.java,89,warning,2
contrib_instantiated_src_java_org_apache_lucene_store_instantiated_InstantiatedIndex.java,267,warning,2
contrib_instantiated_src_java_org_apache_lucene_store_instantiated_InstantiatedIndex.java,107,error,1
contrib_instantiated_src_java_org_apache_lucene_store_instantiated_InstantiatedIndex.java,140,warning,2
contrib_instantiated_src_java_org_apache_lucene_store_instantiated_InstantiatedIndex.java,96,error,1
contrib_instantiated_src_java_org_apache_lucene_store_instantiated_InstantiatedIndex.java,159,warning,2
contrib_instantiated_src_java_org_apache_lucene_store_instantiated_InstantiatedIndex.java,303,warning,2
contrib_instantiated_src_java_org_apache_lucene_store_instantiated_InstantiatedIndex.java,152,error,1
contrib_instantiated_src_java_org_apache_lucene_store_instantiated_InstantiatedIndex.java,143,warning,2
contrib_instantiated_src_java_org_apache_lucene_store_instantiated_InstantiatedIndex.java,204,warning,2
contrib_instantiated_src_java_org_apache_lucene_store_instantiated_InstantiatedIndex.java,257,warning,2
contrib_instantiated_src_java_org_apache_lucene_store_instantiated_InstantiatedIndex.java,236,warning,2
contrib_instantiated_src_java_org_apache_lucene_store_instantiated_InstantiatedIndex.java,44,warning,2
contrib_instantiated_src_java_org_apache_lucene_store_instantiated_InstantiatedIndex.java,296,warning,2
contrib_instantiated_src_java_org_apache_lucene_store_instantiated_InstantiatedIndex.java,182,warning,2
contrib_instantiated_src_java_org_apache_lucene_store_instantiated_InstantiatedIndex.java,280,warning,2
contrib_instantiated_src_java_org_apache_lucene_store_instantiated_InstantiatedIndex.java,311,error,1
contrib_instantiated_src_java_org_apache_lucene_store_instantiated_InstantiatedIndex.java,52,warning,2
contrib_instantiated_src_java_org_apache_lucene_store_instantiated_InstantiatedIndex.java,85,warning,2
contrib_instantiated_src_java_org_apache_lucene_store_instantiated_InstantiatedIndex.java,232,warning,2
contrib_instantiated_src_java_org_apache_lucene_store_instantiated_InstantiatedIndex.java,84,warning,2
contrib_instantiated_src_java_org_apache_lucene_store_instantiated_InstantiatedIndex.java,189,warning,2
contrib_instantiated_src_java_org_apache_lucene_store_instantiated_InstantiatedIndex.java,196,warning,2
contrib_instantiated_src_java_org_apache_lucene_store_instantiated_InstantiatedIndex.java,357,warning,2
contrib_instantiated_src_java_org_apache_lucene_store_instantiated_InstantiatedIndex.java,294,error,1
contrib_instantiated_src_java_org_apache_lucene_store_instantiated_InstantiatedIndex.java,187,warning,2
contrib_instantiated_src_java_org_apache_lucene_store_instantiated_InstantiatedIndex.java,1,error,1
contrib_instantiated_src_java_org_apache_lucene_store_instantiated_InstantiatedIndex.java,83,warning,2
contrib_instantiated_src_java_org_apache_lucene_store_instantiated_InstantiatedIndex.java,137,warning,2
contrib_instantiated_src_java_org_apache_lucene_store_instantiated_InstantiatedIndex.java,72,error,1
contrib_instantiated_src_java_org_apache_lucene_store_instantiated_InstantiatedIndex.java,150,warning,2
contrib_instantiated_src_java_org_apache_lucene_store_instantiated_InstantiatedIndex.java,170,warning,2
contrib_instantiated_src_java_org_apache_lucene_store_instantiated_InstantiatedIndex.java,325,warning,2
contrib_instantiated_src_java_org_apache_lucene_store_instantiated_InstantiatedIndex.java,169,warning,2
contrib_instantiated_src_java_org_apache_lucene_store_instantiated_InstantiatedIndex.java,114,warning,2
contrib_instantiated_src_java_org_apache_lucene_store_instantiated_InstantiatedIndex.java,341,error,1
contrib_instantiated_src_java_org_apache_lucene_store_instantiated_InstantiatedIndex.java,271,warning,2
contrib_instantiated_src_java_org_apache_lucene_store_instantiated_InstantiatedIndex.java,134,warning,2
contrib_instantiated_src_java_org_apache_lucene_store_instantiated_InstantiatedIndex.java,272,error,1
contrib_instantiated_src_java_org_apache_lucene_store_instantiated_InstantiatedIndex.java,195,warning,2
contrib_instantiated_src_java_org_apache_lucene_store_instantiated_InstantiatedIndex.java,332,error,1
contrib_instantiated_src_java_org_apache_lucene_store_instantiated_InstantiatedIndex.java,93,error,1
contrib_instantiated_src_java_org_apache_lucene_store_instantiated_InstantiatedIndex.java,100,warning,2
contrib_instantiated_src_java_org_apache_lucene_store_instantiated_InstantiatedIndex.java,133,warning,2
contrib_instantiated_src_java_org_apache_lucene_store_instantiated_InstantiatedIndex.java,21,warning,2
contrib_instantiated_src_java_org_apache_lucene_store_instantiated_InstantiatedIndex.java,165,warning,2
contrib_instantiated_src_java_org_apache_lucene_store_instantiated_InstantiatedIndex.java,249,warning,2
contrib_instantiated_src_java_org_apache_lucene_store_instantiated_InstantiatedIndex.java,179,warning,2
contrib_instantiated_src_java_org_apache_lucene_store_instantiated_InstantiatedIndex.java,48,error,1
contrib_instantiated_src_java_org_apache_lucene_store_instantiated_InstantiatedIndex.java,334,warning,2
contrib_instantiated_src_java_org_apache_lucene_store_instantiated_InstantiatedIndex.java,240,warning,2
contrib_instantiated_src_java_org_apache_lucene_store_instantiated_InstantiatedIndex.java,158,warning,2
contrib_instantiated_src_java_org_apache_lucene_store_instantiated_InstantiatedIndex.java,221,error,1
contrib_instantiated_src_java_org_apache_lucene_store_instantiated_InstantiatedIndex.java,163,warning,2
contrib_instantiated_src_java_org_apache_lucene_store_instantiated_InstantiatedIndex.java,167,warning,2
contrib_instantiated_src_java_org_apache_lucene_store_instantiated_InstantiatedIndex.java,355,error,1
contrib_instantiated_src_java_org_apache_lucene_store_instantiated_InstantiatedIndex.java,64,warning,2
contrib_instantiated_src_java_org_apache_lucene_store_instantiated_InstantiatedIndex.java,342,warning,2
contrib_instantiated_src_java_org_apache_lucene_store_instantiated_InstantiatedIndex.java,160,warning,2
contrib_instantiated_src_java_org_apache_lucene_store_instantiated_InstantiatedIndex.java,203,warning,2
contrib_instantiated_src_java_org_apache_lucene_store_instantiated_InstantiatedIndex.java,259,warning,2
contrib_instantiated_src_java_org_apache_lucene_store_instantiated_InstantiatedIndex.java,274,warning,2
contrib_instantiated_src_java_org_apache_lucene_store_instantiated_InstantiatedIndex.java,78,warning,2
contrib_instantiated_src_java_org_apache_lucene_store_instantiated_InstantiatedIndex.java,309,warning,2
contrib_instantiated_src_java_org_apache_lucene_store_instantiated_InstantiatedIndex.java,312,warning,2
contrib_instantiated_src_java_org_apache_lucene_store_instantiated_InstantiatedIndex.java,326,warning,2
contrib_instantiated_src_java_org_apache_lucene_store_instantiated_InstantiatedIndex.java,219,warning,2
contrib_instantiated_src_java_org_apache_lucene_store_instantiated_InstantiatedIndex.java,250,warning,2
contrib_instantiated_src_java_org_apache_lucene_store_instantiated_InstantiatedIndex.java,132,warning,2
contrib_instantiated_src_java_org_apache_lucene_store_instantiated_InstantiatedIndex.java,60,error,1
contrib_instantiated_src_java_org_apache_lucene_store_instantiated_InstantiatedIndex.java,70,error,1
contrib_instantiated_src_java_org_apache_lucene_store_instantiated_InstantiatedIndex.java,171,warning,2
contrib_instantiated_src_java_org_apache_lucene_store_instantiated_InstantiatedIndex.java,154,warning,2
contrib_instantiated_src_java_org_apache_lucene_store_instantiated_InstantiatedIndex.java,200,warning,2
contrib_instantiated_src_java_org_apache_lucene_store_instantiated_InstantiatedIndex.java,283,warning,2
contrib_instantiated_src_java_org_apache_lucene_store_instantiated_InstantiatedIndex.java,95,error,1
contrib_instantiated_src_java_org_apache_lucene_store_instantiated_InstantiatedIndex.java,243,warning,2
contrib_instantiated_src_java_org_apache_lucene_store_instantiated_InstantiatedIndex.java,248,warning,2
contrib_instantiated_src_java_org_apache_lucene_store_instantiated_InstantiatedIndex.java,233,warning,2
contrib_instantiated_src_java_org_apache_lucene_store_instantiated_InstantiatedIndex.java,146,warning,2
contrib_instantiated_src_java_org_apache_lucene_store_instantiated_InstantiatedIndex.java,86,warning,2
contrib_instantiated_src_java_org_apache_lucene_store_instantiated_InstantiatedIndex.java,237,warning,2
contrib_instantiated_src_java_org_apache_lucene_store_instantiated_InstantiatedIndex.java,119,warning,2
contrib_instantiated_src_java_org_apache_lucene_store_instantiated_InstantiatedIndex.java,348,warning,2
contrib_instantiated_src_java_org_apache_lucene_store_instantiated_InstantiatedIndex.java,142,error,1
contrib_instantiated_src_java_org_apache_lucene_store_instantiated_InstantiatedIndex.java,276,warning,2
contrib_instantiated_src_java_org_apache_lucene_store_instantiated_InstantiatedIndex.java,308,warning,2
contrib_instantiated_src_java_org_apache_lucene_store_instantiated_InstantiatedIndex.java,284,warning,2
contrib_instantiated_src_java_org_apache_lucene_store_instantiated_InstantiatedIndex.java,68,error,1
contrib_instantiated_src_java_org_apache_lucene_store_instantiated_InstantiatedIndex.java,333,warning,2
contrib_instantiated_src_java_org_apache_lucene_store_instantiated_InstantiatedIndex.java,307,warning,2
contrib_instantiated_src_java_org_apache_lucene_store_instantiated_InstantiatedIndex.java,197,error,1
contrib_instantiated_src_java_org_apache_lucene_store_instantiated_InstantiatedIndex.java,225,error,1
contrib_instantiated_src_java_org_apache_lucene_store_instantiated_InstantiatedIndex.java,324,error,1
contrib_instantiated_src_java_org_apache_lucene_store_instantiated_InstantiatedIndex.java,201,warning,2
contrib_instantiated_src_java_org_apache_lucene_store_instantiated_InstantiatedIndex.java,99,warning,2
contrib_instantiated_src_java_org_apache_lucene_store_instantiated_InstantiatedIndex.java,302,error,1
contrib_instantiated_src_java_org_apache_lucene_store_instantiated_InstantiatedIndex.java,46,warning,2
contrib_instantiated_src_java_org_apache_lucene_store_instantiated_InstantiatedIndex.java,268,warning,2
contrib_instantiated_src_java_org_apache_lucene_store_instantiated_InstantiatedIndex.java,339,warning,2
contrib_instantiated_src_java_org_apache_lucene_store_instantiated_InstantiatedIndex.java,242,warning,2
contrib_instantiated_src_java_org_apache_lucene_store_instantiated_InstantiatedIndex.java,77,warning,2
contrib_analyzers_common_src_java_org_apache_lucene_analysis_cz_CzechAnalyzer.java,166,warning,2
contrib_analyzers_common_src_java_org_apache_lucene_analysis_cz_CzechAnalyzer.java,151,warning,2
contrib_analyzers_common_src_java_org_apache_lucene_analysis_cz_CzechAnalyzer.java,188,warning,2
contrib_analyzers_common_src_java_org_apache_lucene_analysis_cz_CzechAnalyzer.java,62,error,1
contrib_analyzers_common_src_java_org_apache_lucene_analysis_cz_CzechAnalyzer.java,206,warning,2
contrib_analyzers_common_src_java_org_apache_lucene_analysis_cz_CzechAnalyzer.java,210,warning,2
contrib_analyzers_common_src_java_org_apache_lucene_analysis_cz_CzechAnalyzer.java,104,error,1
contrib_analyzers_common_src_java_org_apache_lucene_analysis_cz_CzechAnalyzer.java,145,warning,2
contrib_analyzers_common_src_java_org_apache_lucene_analysis_cz_CzechAnalyzer.java,65,error,1
contrib_analyzers_common_src_java_org_apache_lucene_analysis_cz_CzechAnalyzer.java,190,error,1
contrib_analyzers_common_src_java_org_apache_lucene_analysis_cz_CzechAnalyzer.java,73,error,1
contrib_analyzers_common_src_java_org_apache_lucene_analysis_cz_CzechAnalyzer.java,124,warning,2
contrib_analyzers_common_src_java_org_apache_lucene_analysis_cz_CzechAnalyzer.java,88,warning,2
contrib_analyzers_common_src_java_org_apache_lucene_analysis_cz_CzechAnalyzer.java,216,warning,2
contrib_analyzers_common_src_java_org_apache_lucene_analysis_cz_CzechAnalyzer.java,53,warning,2
contrib_analyzers_common_src_java_org_apache_lucene_analysis_cz_CzechAnalyzer.java,161,error,1
contrib_analyzers_common_src_java_org_apache_lucene_analysis_cz_CzechAnalyzer.java,199,error,1
contrib_analyzers_common_src_java_org_apache_lucene_analysis_cz_CzechAnalyzer.java,209,warning,2
contrib_analyzers_common_src_java_org_apache_lucene_analysis_cz_CzechAnalyzer.java,193,warning,2
contrib_analyzers_common_src_java_org_apache_lucene_analysis_cz_CzechAnalyzer.java,123,error,1
contrib_analyzers_common_src_java_org_apache_lucene_analysis_cz_CzechAnalyzer.java,186,error,1
contrib_analyzers_common_src_java_org_apache_lucene_analysis_cz_CzechAnalyzer.java,87,warning,2
contrib_analyzers_common_src_java_org_apache_lucene_analysis_cz_CzechAnalyzer.java,61,error,1
contrib_analyzers_common_src_java_org_apache_lucene_analysis_cz_CzechAnalyzer.java,218,warning,2
contrib_analyzers_common_src_java_org_apache_lucene_analysis_cz_CzechAnalyzer.java,3,error,1
contrib_analyzers_common_src_java_org_apache_lucene_analysis_cz_CzechAnalyzer.java,191,error,1
contrib_analyzers_common_src_java_org_apache_lucene_analysis_cz_CzechAnalyzer.java,115,warning,2
contrib_analyzers_common_src_java_org_apache_lucene_analysis_cz_CzechAnalyzer.java,140,error,1
contrib_analyzers_common_src_java_org_apache_lucene_analysis_cz_CzechAnalyzer.java,131,error,1
contrib_analyzers_common_src_java_org_apache_lucene_analysis_cz_CzechAnalyzer.java,33,warning,2
contrib_analyzers_common_src_java_org_apache_lucene_analysis_cz_CzechAnalyzer.java,152,error,1
contrib_analyzers_common_src_java_org_apache_lucene_analysis_cz_CzechAnalyzer.java,204,warning,2
contrib_analyzers_common_src_java_org_apache_lucene_analysis_cz_CzechAnalyzer.java,182,error,1
contrib_analyzers_common_src_java_org_apache_lucene_analysis_cz_CzechAnalyzer.java,205,warning,2
contrib_analyzers_common_src_java_org_apache_lucene_analysis_cz_CzechAnalyzer.java,85,error,1
contrib_analyzers_common_src_java_org_apache_lucene_analysis_cz_CzechAnalyzer.java,58,error,1
contrib_analyzers_common_src_java_org_apache_lucene_analysis_cz_CzechAnalyzer.java,79,warning,2
contrib_analyzers_common_src_java_org_apache_lucene_analysis_cz_CzechAnalyzer.java,217,warning,2
contrib_analyzers_common_src_java_org_apache_lucene_analysis_cz_CzechAnalyzer.java,102,warning,2
contrib_analyzers_common_src_java_org_apache_lucene_analysis_cz_CzechAnalyzer.java,215,warning,2
contrib_analyzers_common_src_java_org_apache_lucene_analysis_cz_CzechAnalyzer.java,36,warning,2
contrib_analyzers_common_src_java_org_apache_lucene_analysis_cz_CzechAnalyzer.java,184,error,1
contrib_analyzers_common_src_java_org_apache_lucene_analysis_cz_CzechAnalyzer.java,180,warning,2
contrib_analyzers_common_src_java_org_apache_lucene_analysis_cz_CzechAnalyzer.java,71,error,1
contrib_analyzers_common_src_java_org_apache_lucene_analysis_cz_CzechAnalyzer.java,178,error,1
contrib_analyzers_common_src_java_org_apache_lucene_analysis_cz_CzechAnalyzer.java,196,error,1
contrib_analyzers_common_src_java_org_apache_lucene_analysis_cz_CzechAnalyzer.java,177,error,1
contrib_analyzers_common_src_java_org_apache_lucene_analysis_cz_CzechAnalyzer.java,120,warning,2
contrib_analyzers_common_src_java_org_apache_lucene_analysis_cz_CzechAnalyzer.java,187,warning,2
contrib_analyzers_common_src_java_org_apache_lucene_analysis_cz_CzechAnalyzer.java,1,error,1
contrib_analyzers_common_src_java_org_apache_lucene_analysis_cz_CzechAnalyzer.java,83,warning,2
contrib_analyzers_common_src_java_org_apache_lucene_analysis_cz_CzechAnalyzer.java,214,warning,2
contrib_analyzers_common_src_java_org_apache_lucene_analysis_cz_CzechAnalyzer.java,137,warning,2
contrib_analyzers_common_src_java_org_apache_lucene_analysis_cz_CzechAnalyzer.java,67,error,1
contrib_analyzers_common_src_java_org_apache_lucene_analysis_cz_CzechAnalyzer.java,72,error,1
contrib_analyzers_common_src_java_org_apache_lucene_analysis_cz_CzechAnalyzer.java,192,error,1
contrib_analyzers_common_src_java_org_apache_lucene_analysis_cz_CzechAnalyzer.java,112,error,1
contrib_analyzers_common_src_java_org_apache_lucene_analysis_cz_CzechAnalyzer.java,150,error,1
contrib_analyzers_common_src_java_org_apache_lucene_analysis_cz_CzechAnalyzer.java,170,warning,2
contrib_analyzers_common_src_java_org_apache_lucene_analysis_cz_CzechAnalyzer.java,181,error,1
contrib_analyzers_common_src_java_org_apache_lucene_analysis_cz_CzechAnalyzer.java,169,error,1
contrib_analyzers_common_src_java_org_apache_lucene_analysis_cz_CzechAnalyzer.java,34,warning,2
contrib_analyzers_common_src_java_org_apache_lucene_analysis_cz_CzechAnalyzer.java,114,warning,2
contrib_analyzers_common_src_java_org_apache_lucene_analysis_cz_CzechAnalyzer.java,32,error,1
contrib_analyzers_common_src_java_org_apache_lucene_analysis_cz_CzechAnalyzer.java,113,warning,2
contrib_analyzers_common_src_java_org_apache_lucene_analysis_cz_CzechAnalyzer.java,100,error,1
contrib_analyzers_common_src_java_org_apache_lucene_analysis_cz_CzechAnalyzer.java,213,warning,2
contrib_analyzers_common_src_java_org_apache_lucene_analysis_cz_CzechAnalyzer.java,133,warning,2
contrib_analyzers_common_src_java_org_apache_lucene_analysis_cz_CzechAnalyzer.java,207,warning,2
contrib_analyzers_common_src_java_org_apache_lucene_analysis_cz_CzechAnalyzer.java,211,error,1
contrib_analyzers_common_src_java_org_apache_lucene_analysis_cz_CzechAnalyzer.java,69,error,1
contrib_analyzers_common_src_java_org_apache_lucene_analysis_cz_CzechAnalyzer.java,183,error,1
contrib_analyzers_common_src_java_org_apache_lucene_analysis_cz_CzechAnalyzer.java,175,error,1
contrib_analyzers_common_src_java_org_apache_lucene_analysis_cz_CzechAnalyzer.java,49,warning,2
contrib_analyzers_common_src_java_org_apache_lucene_analysis_cz_CzechAnalyzer.java,158,warning,2
contrib_analyzers_common_src_java_org_apache_lucene_analysis_cz_CzechAnalyzer.java,163,error,1
contrib_analyzers_common_src_java_org_apache_lucene_analysis_cz_CzechAnalyzer.java,162,warning,2
contrib_analyzers_common_src_java_org_apache_lucene_analysis_cz_CzechAnalyzer.java,167,error,1
contrib_analyzers_common_src_java_org_apache_lucene_analysis_cz_CzechAnalyzer.java,153,warning,2
contrib_analyzers_common_src_java_org_apache_lucene_analysis_cz_CzechAnalyzer.java,155,warning,2
contrib_analyzers_common_src_java_org_apache_lucene_analysis_cz_CzechAnalyzer.java,64,error,1
contrib_analyzers_common_src_java_org_apache_lucene_analysis_cz_CzechAnalyzer.java,66,error,1
contrib_analyzers_common_src_java_org_apache_lucene_analysis_cz_CzechAnalyzer.java,160,warning,2
contrib_analyzers_common_src_java_org_apache_lucene_analysis_cz_CzechAnalyzer.java,203,error,1
contrib_analyzers_common_src_java_org_apache_lucene_analysis_cz_CzechAnalyzer.java,59,error,1
contrib_analyzers_common_src_java_org_apache_lucene_analysis_cz_CzechAnalyzer.java,122,error,1
contrib_analyzers_common_src_java_org_apache_lucene_analysis_cz_CzechAnalyzer.java,74,error,1
contrib_analyzers_common_src_java_org_apache_lucene_analysis_cz_CzechAnalyzer.java,94,warning,2
contrib_analyzers_common_src_java_org_apache_lucene_analysis_cz_CzechAnalyzer.java,156,warning,2
contrib_analyzers_common_src_java_org_apache_lucene_analysis_cz_CzechAnalyzer.java,132,error,1
contrib_analyzers_common_src_java_org_apache_lucene_analysis_cz_CzechAnalyzer.java,60,error,1
contrib_analyzers_common_src_java_org_apache_lucene_analysis_cz_CzechAnalyzer.java,70,error,1
contrib_analyzers_common_src_java_org_apache_lucene_analysis_cz_CzechAnalyzer.java,35,warning,2
contrib_analyzers_common_src_java_org_apache_lucene_analysis_cz_CzechAnalyzer.java,164,warning,2
contrib_analyzers_common_src_java_org_apache_lucene_analysis_cz_CzechAnalyzer.java,171,warning,2
contrib_analyzers_common_src_java_org_apache_lucene_analysis_cz_CzechAnalyzer.java,200,error,1
contrib_analyzers_common_src_java_org_apache_lucene_analysis_cz_CzechAnalyzer.java,139,error,1
contrib_analyzers_common_src_java_org_apache_lucene_analysis_cz_CzechAnalyzer.java,154,warning,2
contrib_analyzers_common_src_java_org_apache_lucene_analysis_cz_CzechAnalyzer.java,95,error,1
contrib_analyzers_common_src_java_org_apache_lucene_analysis_cz_CzechAnalyzer.java,81,error,1
contrib_analyzers_common_src_java_org_apache_lucene_analysis_cz_CzechAnalyzer.java,185,error,1
contrib_analyzers_common_src_java_org_apache_lucene_analysis_cz_CzechAnalyzer.java,101,warning,2
contrib_analyzers_common_src_java_org_apache_lucene_analysis_cz_CzechAnalyzer.java,63,error,1
contrib_analyzers_common_src_java_org_apache_lucene_analysis_cz_CzechAnalyzer.java,146,error,1
contrib_analyzers_common_src_java_org_apache_lucene_analysis_cz_CzechAnalyzer.java,86,error,1
contrib_analyzers_common_src_java_org_apache_lucene_analysis_cz_CzechAnalyzer.java,172,warning,2
contrib_analyzers_common_src_java_org_apache_lucene_analysis_cz_CzechAnalyzer.java,57,error,1
contrib_analyzers_common_src_java_org_apache_lucene_analysis_cz_CzechAnalyzer.java,141,warning,2
contrib_analyzers_common_src_java_org_apache_lucene_analysis_cz_CzechAnalyzer.java,68,error,1
contrib_analyzers_common_src_java_org_apache_lucene_analysis_cz_CzechAnalyzer.java,29,error,1
contrib_analyzers_common_src_java_org_apache_lucene_analysis_cz_CzechAnalyzer.java,202,warning,2
contrib_analyzers_common_src_java_org_apache_lucene_analysis_cz_CzechAnalyzer.java,208,warning,2
contrib_analyzers_common_src_java_org_apache_lucene_analysis_cz_CzechAnalyzer.java,56,error,1
contrib_analyzers_common_src_java_org_apache_lucene_analysis_cz_CzechAnalyzer.java,82,warning,2
contrib_analyzers_common_src_java_org_apache_lucene_analysis_cz_CzechAnalyzer.java,77,error,1
contrib_instantiated_src_java_org_apache_lucene_store_instantiated_InstantiatedTermDocs.java,34,error,1
contrib_instantiated_src_java_org_apache_lucene_store_instantiated_InstantiatedTermDocs.java,114,warning,2
contrib_instantiated_src_java_org_apache_lucene_store_instantiated_InstantiatedTermDocs.java,32,warning,2
contrib_instantiated_src_java_org_apache_lucene_store_instantiated_InstantiatedTermDocs.java,62,error,1
contrib_instantiated_src_java_org_apache_lucene_store_instantiated_InstantiatedTermDocs.java,113,warning,2
contrib_instantiated_src_java_org_apache_lucene_store_instantiated_InstantiatedTermDocs.java,93,error,1
contrib_instantiated_src_java_org_apache_lucene_store_instantiated_InstantiatedTermDocs.java,110,warning,2
contrib_instantiated_src_java_org_apache_lucene_store_instantiated_InstantiatedTermDocs.java,69,warning,2
contrib_instantiated_src_java_org_apache_lucene_store_instantiated_InstantiatedTermDocs.java,45,warning,2
contrib_instantiated_src_java_org_apache_lucene_store_instantiated_InstantiatedTermDocs.java,126,error,1
contrib_instantiated_src_java_org_apache_lucene_store_instantiated_InstantiatedTermDocs.java,49,error,1
contrib_instantiated_src_java_org_apache_lucene_store_instantiated_InstantiatedTermDocs.java,104,warning,2
contrib_instantiated_src_java_org_apache_lucene_store_instantiated_InstantiatedTermDocs.java,65,warning,2
contrib_instantiated_src_java_org_apache_lucene_store_instantiated_InstantiatedTermDocs.java,30,error,1
contrib_instantiated_src_java_org_apache_lucene_store_instantiated_InstantiatedTermDocs.java,124,warning,2
contrib_instantiated_src_java_org_apache_lucene_store_instantiated_InstantiatedTermDocs.java,31,warning,2
contrib_instantiated_src_java_org_apache_lucene_store_instantiated_InstantiatedTermDocs.java,40,warning,2
contrib_instantiated_src_java_org_apache_lucene_store_instantiated_InstantiatedTermDocs.java,88,warning,2
contrib_instantiated_src_java_org_apache_lucene_store_instantiated_InstantiatedTermDocs.java,64,warning,2
contrib_instantiated_src_java_org_apache_lucene_store_instantiated_InstantiatedTermDocs.java,66,warning,2
contrib_instantiated_src_java_org_apache_lucene_store_instantiated_InstantiatedTermDocs.java,53,error,1
contrib_instantiated_src_java_org_apache_lucene_store_instantiated_InstantiatedTermDocs.java,59,warning,2
contrib_instantiated_src_java_org_apache_lucene_store_instantiated_InstantiatedTermDocs.java,122,warning,2
contrib_instantiated_src_java_org_apache_lucene_store_instantiated_InstantiatedTermDocs.java,78,warning,2
contrib_instantiated_src_java_org_apache_lucene_store_instantiated_InstantiatedTermDocs.java,118,warning,2
contrib_instantiated_src_java_org_apache_lucene_store_instantiated_InstantiatedTermDocs.java,51,warning,2
contrib_instantiated_src_java_org_apache_lucene_store_instantiated_InstantiatedTermDocs.java,74,error,1
contrib_instantiated_src_java_org_apache_lucene_store_instantiated_InstantiatedTermDocs.java,123,warning,2
contrib_instantiated_src_java_org_apache_lucene_store_instantiated_InstantiatedTermDocs.java,61,warning,2
contrib_instantiated_src_java_org_apache_lucene_store_instantiated_InstantiatedTermDocs.java,3,error,1
contrib_instantiated_src_java_org_apache_lucene_store_instantiated_InstantiatedTermDocs.java,130,warning,2
contrib_instantiated_src_java_org_apache_lucene_store_instantiated_InstantiatedTermDocs.java,42,warning,2
contrib_instantiated_src_java_org_apache_lucene_store_instantiated_InstantiatedTermDocs.java,35,error,1
contrib_instantiated_src_java_org_apache_lucene_store_instantiated_InstantiatedTermDocs.java,60,warning,2
contrib_instantiated_src_java_org_apache_lucene_store_instantiated_InstantiatedTermDocs.java,70,warning,2
contrib_instantiated_src_java_org_apache_lucene_store_instantiated_InstantiatedTermDocs.java,89,warning,2
contrib_instantiated_src_java_org_apache_lucene_store_instantiated_InstantiatedTermDocs.java,23,error,1
contrib_instantiated_src_java_org_apache_lucene_store_instantiated_InstantiatedTermDocs.java,115,warning,2
contrib_instantiated_src_java_org_apache_lucene_store_instantiated_InstantiatedTermDocs.java,107,warning,2
contrib_instantiated_src_java_org_apache_lucene_store_instantiated_InstantiatedTermDocs.java,28,error,1
contrib_instantiated_src_java_org_apache_lucene_store_instantiated_InstantiatedTermDocs.java,81,warning,2
contrib_instantiated_src_java_org_apache_lucene_store_instantiated_InstantiatedTermDocs.java,25,warning,2
contrib_instantiated_src_java_org_apache_lucene_store_instantiated_InstantiatedTermDocs.java,54,warning,2
contrib_instantiated_src_java_org_apache_lucene_store_instantiated_InstantiatedTermDocs.java,44,error,1
contrib_instantiated_src_java_org_apache_lucene_store_instantiated_InstantiatedTermDocs.java,101,error,1
contrib_instantiated_src_java_org_apache_lucene_store_instantiated_InstantiatedTermDocs.java,63,error,1
contrib_instantiated_src_java_org_apache_lucene_store_instantiated_InstantiatedTermDocs.java,58,error,1
contrib_instantiated_src_java_org_apache_lucene_store_instantiated_InstantiatedTermDocs.java,55,warning,2
contrib_instantiated_src_java_org_apache_lucene_store_instantiated_InstantiatedTermDocs.java,79,warning,2
contrib_instantiated_src_java_org_apache_lucene_store_instantiated_InstantiatedTermDocs.java,121,warning,2
contrib_instantiated_src_java_org_apache_lucene_store_instantiated_InstantiatedTermDocs.java,102,warning,2
contrib_instantiated_src_java_org_apache_lucene_store_instantiated_InstantiatedTermDocs.java,119,error,1
contrib_instantiated_src_java_org_apache_lucene_store_instantiated_InstantiatedTermDocs.java,36,error,1
contrib_instantiated_src_java_org_apache_lucene_store_instantiated_InstantiatedTermDocs.java,117,warning,2
contrib_instantiated_src_java_org_apache_lucene_store_instantiated_InstantiatedTermDocs.java,39,error,1
contrib_instantiated_src_java_org_apache_lucene_store_instantiated_InstantiatedTermDocs.java,84,warning,2
contrib_instantiated_src_java_org_apache_lucene_store_instantiated_InstantiatedTermDocs.java,71,warning,2
contrib_instantiated_src_java_org_apache_lucene_store_instantiated_InstantiatedTermDocs.java,80,warning,2
contrib_instantiated_src_java_org_apache_lucene_store_instantiated_InstantiatedTermDocs.java,50,warning,2
contrib_instantiated_src_java_org_apache_lucene_store_instantiated_InstantiatedTermDocs.java,103,warning,2
contrib_instantiated_src_java_org_apache_lucene_store_instantiated_InstantiatedTermDocs.java,108,warning,2
contrib_instantiated_src_java_org_apache_lucene_store_instantiated_InstantiatedTermDocs.java,41,warning,2
contrib_instantiated_src_java_org_apache_lucene_store_instantiated_InstantiatedTermDocs.java,68,warning,2
contrib_instantiated_src_java_org_apache_lucene_store_instantiated_InstantiatedTermDocs.java,129,warning,2
contrib_instantiated_src_java_org_apache_lucene_store_instantiated_InstantiatedTermDocs.java,120,warning,2
contrib_instantiated_src_java_org_apache_lucene_store_instantiated_InstantiatedTermDocs.java,1,error,1
contrib_instantiated_src_java_org_apache_lucene_store_instantiated_InstantiatedTermDocs.java,26,warning,2
contrib_instantiated_src_java_org_apache_lucene_store_instantiated_InstantiatedTermDocs.java,83,warning,2
contrib_instantiated_src_java_org_apache_lucene_store_instantiated_InstantiatedTermDocs.java,76,warning,2
contrib_instantiated_src_java_org_apache_lucene_store_instantiated_InstantiatedTermDocs.java,67,warning,2
contrib_instantiated_src_java_org_apache_lucene_store_instantiated_InstantiatedTermDocs.java,46,warning,2
contrib_instantiated_src_java_org_apache_lucene_store_instantiated_InstantiatedTermDocs.java,75,warning,2
contrib_instantiated_src_java_org_apache_lucene_store_instantiated_InstantiatedTermDocs.java,82,warning,2
contrib_instantiated_src_java_org_apache_lucene_store_instantiated_InstantiatedTermDocs.java,77,warning,2
contrib_instantiated_src_java_org_apache_lucene_store_instantiated_InstantiatedTermDocs.java,106,warning,2
contrib_instantiated_src_java_org_apache_lucene_store_instantiated_InstantiatedTermDocs.java,111,warning,2
contrib_analyzers_common_src_java_org_apache_lucene_analysis_el_GreekAnalyzer.java,114,error,1
contrib_analyzers_common_src_java_org_apache_lucene_analysis_el_GreekAnalyzer.java,135,error,1
contrib_analyzers_common_src_java_org_apache_lucene_analysis_el_GreekAnalyzer.java,151,warning,2
contrib_analyzers_common_src_java_org_apache_lucene_analysis_el_GreekAnalyzer.java,32,warning,2
contrib_analyzers_common_src_java_org_apache_lucene_analysis_el_GreekAnalyzer.java,105,error,1
contrib_analyzers_common_src_java_org_apache_lucene_analysis_el_GreekAnalyzer.java,147,warning,2
contrib_analyzers_common_src_java_org_apache_lucene_analysis_el_GreekAnalyzer.java,133,warning,2
contrib_analyzers_common_src_java_org_apache_lucene_analysis_el_GreekAnalyzer.java,69,warning,2
contrib_analyzers_common_src_java_org_apache_lucene_analysis_el_GreekAnalyzer.java,127,error,1
contrib_analyzers_common_src_java_org_apache_lucene_analysis_el_GreekAnalyzer.java,116,warning,2
contrib_analyzers_common_src_java_org_apache_lucene_analysis_el_GreekAnalyzer.java,98,warning,2
contrib_analyzers_common_src_java_org_apache_lucene_analysis_el_GreekAnalyzer.java,125,warning,2
contrib_analyzers_common_src_java_org_apache_lucene_analysis_el_GreekAnalyzer.java,149,warning,2
contrib_analyzers_common_src_java_org_apache_lucene_analysis_el_GreekAnalyzer.java,126,error,1
contrib_analyzers_common_src_java_org_apache_lucene_analysis_el_GreekAnalyzer.java,65,warning,2
contrib_analyzers_common_src_java_org_apache_lucene_analysis_el_GreekAnalyzer.java,158,warning,2
contrib_analyzers_common_src_java_org_apache_lucene_analysis_el_GreekAnalyzer.java,30,warning,2
contrib_analyzers_common_src_java_org_apache_lucene_analysis_el_GreekAnalyzer.java,73,warning,2
contrib_analyzers_common_src_java_org_apache_lucene_analysis_el_GreekAnalyzer.java,163,warning,2
contrib_analyzers_common_src_java_org_apache_lucene_analysis_el_GreekAnalyzer.java,162,warning,2
contrib_analyzers_common_src_java_org_apache_lucene_analysis_el_GreekAnalyzer.java,31,warning,2
contrib_analyzers_common_src_java_org_apache_lucene_analysis_el_GreekAnalyzer.java,157,warning,2
contrib_analyzers_common_src_java_org_apache_lucene_analysis_el_GreekAnalyzer.java,153,warning,2
contrib_analyzers_common_src_java_org_apache_lucene_analysis_el_GreekAnalyzer.java,155,error,1
contrib_analyzers_common_src_java_org_apache_lucene_analysis_el_GreekAnalyzer.java,136,error,1
contrib_analyzers_common_src_java_org_apache_lucene_analysis_el_GreekAnalyzer.java,53,error,1
contrib_analyzers_common_src_java_org_apache_lucene_analysis_el_GreekAnalyzer.java,161,warning,2
contrib_analyzers_common_src_java_org_apache_lucene_analysis_el_GreekAnalyzer.java,160,warning,2
contrib_analyzers_common_src_java_org_apache_lucene_analysis_el_GreekAnalyzer.java,59,error,1
contrib_analyzers_common_src_java_org_apache_lucene_analysis_el_GreekAnalyzer.java,122,error,1
contrib_analyzers_common_src_java_org_apache_lucene_analysis_el_GreekAnalyzer.java,74,warning,2
contrib_analyzers_common_src_java_org_apache_lucene_analysis_el_GreekAnalyzer.java,87,error,1
contrib_analyzers_common_src_java_org_apache_lucene_analysis_el_GreekAnalyzer.java,148,error,1
contrib_analyzers_common_src_java_org_apache_lucene_analysis_el_GreekAnalyzer.java,3,error,1
contrib_analyzers_common_src_java_org_apache_lucene_analysis_el_GreekAnalyzer.java,128,warning,2
contrib_analyzers_common_src_java_org_apache_lucene_analysis_el_GreekAnalyzer.java,130,error,1
contrib_analyzers_common_src_java_org_apache_lucene_analysis_el_GreekAnalyzer.java,132,warning,2
contrib_analyzers_common_src_java_org_apache_lucene_analysis_el_GreekAnalyzer.java,60,warning,2
contrib_analyzers_common_src_java_org_apache_lucene_analysis_el_GreekAnalyzer.java,97,warning,2
contrib_analyzers_common_src_java_org_apache_lucene_analysis_el_GreekAnalyzer.java,115,error,1
contrib_analyzers_common_src_java_org_apache_lucene_analysis_el_GreekAnalyzer.java,154,warning,2
contrib_analyzers_common_src_java_org_apache_lucene_analysis_el_GreekAnalyzer.java,107,warning,2
contrib_analyzers_common_src_java_org_apache_lucene_analysis_el_GreekAnalyzer.java,96,warning,2
contrib_analyzers_common_src_java_org_apache_lucene_analysis_el_GreekAnalyzer.java,33,warning,2
contrib_analyzers_common_src_java_org_apache_lucene_analysis_el_GreekAnalyzer.java,159,warning,2
contrib_analyzers_common_src_java_org_apache_lucene_analysis_el_GreekAnalyzer.java,95,error,1
contrib_analyzers_common_src_java_org_apache_lucene_analysis_el_GreekAnalyzer.java,81,error,1
contrib_analyzers_common_src_java_org_apache_lucene_analysis_el_GreekAnalyzer.java,152,warning,2
contrib_analyzers_common_src_java_org_apache_lucene_analysis_el_GreekAnalyzer.java,54,error,1
contrib_analyzers_common_src_java_org_apache_lucene_analysis_el_GreekAnalyzer.java,52,error,1
contrib_analyzers_common_src_java_org_apache_lucene_analysis_el_GreekAnalyzer.java,63,error,1
contrib_analyzers_common_src_java_org_apache_lucene_analysis_el_GreekAnalyzer.java,85,warning,2
contrib_analyzers_common_src_java_org_apache_lucene_analysis_el_GreekAnalyzer.java,55,error,1
contrib_analyzers_common_src_java_org_apache_lucene_analysis_el_GreekAnalyzer.java,58,error,1
contrib_analyzers_common_src_java_org_apache_lucene_analysis_el_GreekAnalyzer.java,79,warning,2
contrib_analyzers_common_src_java_org_apache_lucene_analysis_el_GreekAnalyzer.java,102,warning,2
contrib_analyzers_common_src_java_org_apache_lucene_analysis_el_GreekAnalyzer.java,57,error,1
contrib_analyzers_common_src_java_org_apache_lucene_analysis_el_GreekAnalyzer.java,117,warning,2
contrib_analyzers_common_src_java_org_apache_lucene_analysis_el_GreekAnalyzer.java,84,warning,2
contrib_analyzers_common_src_java_org_apache_lucene_analysis_el_GreekAnalyzer.java,47,error,1
contrib_analyzers_common_src_java_org_apache_lucene_analysis_el_GreekAnalyzer.java,71,error,1
contrib_analyzers_common_src_java_org_apache_lucene_analysis_el_GreekAnalyzer.java,144,error,1
contrib_analyzers_common_src_java_org_apache_lucene_analysis_el_GreekAnalyzer.java,108,warning,2
contrib_analyzers_common_src_java_org_apache_lucene_analysis_el_GreekAnalyzer.java,68,warning,2
contrib_analyzers_common_src_java_org_apache_lucene_analysis_el_GreekAnalyzer.java,138,warning,2
contrib_analyzers_common_src_java_org_apache_lucene_analysis_el_GreekAnalyzer.java,129,warning,2
contrib_analyzers_common_src_java_org_apache_lucene_analysis_el_GreekAnalyzer.java,120,error,1
contrib_analyzers_common_src_java_org_apache_lucene_analysis_el_GreekAnalyzer.java,29,warning,2
contrib_analyzers_common_src_java_org_apache_lucene_analysis_el_GreekAnalyzer.java,1,error,1
contrib_analyzers_common_src_java_org_apache_lucene_analysis_el_GreekAnalyzer.java,26,error,1
contrib_analyzers_common_src_java_org_apache_lucene_analysis_el_GreekAnalyzer.java,83,error,1
contrib_analyzers_common_src_java_org_apache_lucene_analysis_el_GreekAnalyzer.java,137,error,1
contrib_analyzers_common_src_java_org_apache_lucene_analysis_el_GreekAnalyzer.java,67,error,1
contrib_analyzers_common_src_java_org_apache_lucene_analysis_el_GreekAnalyzer.java,72,error,1
contrib_analyzers_common_src_java_org_apache_lucene_analysis_el_GreekAnalyzer.java,112,warning,2
contrib_analyzers_common_src_java_org_apache_lucene_analysis_el_GreekAnalyzer.java,150,warning,2
contrib_analyzers_common_src_java_org_apache_lucene_analysis_el_GreekAnalyzer.java,46,warning,2
contrib_analyzers_common_src_java_org_apache_lucene_analysis_el_GreekAnalyzer.java,56,error,1
contrib_analyzers_common_src_java_org_apache_lucene_analysis_el_GreekAnalyzer.java,51,warning,2
contrib_analyzers_common_src_java_org_apache_lucene_analysis_el_GreekAnalyzer.java,106,error,1
src_java_org_apache_lucene_search_payloads_MaxPayloadFunction.java,34,error,1
src_java_org_apache_lucene_search_payloads_MaxPayloadFunction.java,42,warning,2
src_java_org_apache_lucene_search_payloads_MaxPayloadFunction.java,35,warning,2
src_java_org_apache_lucene_search_payloads_MaxPayloadFunction.java,33,error,1
src_java_org_apache_lucene_search_payloads_MaxPayloadFunction.java,28,error,1
src_java_org_apache_lucene_search_payloads_MaxPayloadFunction.java,54,warning,2
src_java_org_apache_lucene_search_payloads_MaxPayloadFunction.java,44,warning,2
src_java_org_apache_lucene_search_payloads_MaxPayloadFunction.java,52,error,1
src_java_org_apache_lucene_search_payloads_MaxPayloadFunction.java,55,warning,2
src_java_org_apache_lucene_search_payloads_MaxPayloadFunction.java,49,warning,2
src_java_org_apache_lucene_search_payloads_MaxPayloadFunction.java,48,error,1
src_java_org_apache_lucene_search_payloads_MaxPayloadFunction.java,30,warning,2
src_java_org_apache_lucene_search_payloads_MaxPayloadFunction.java,38,error,1
src_java_org_apache_lucene_search_payloads_MaxPayloadFunction.java,36,warning,2
src_java_org_apache_lucene_search_payloads_MaxPayloadFunction.java,27,warning,2
src_java_org_apache_lucene_search_payloads_MaxPayloadFunction.java,47,error,1
src_java_org_apache_lucene_search_payloads_MaxPayloadFunction.java,31,warning,2
src_java_org_apache_lucene_search_payloads_MaxPayloadFunction.java,40,warning,2
src_java_org_apache_lucene_search_payloads_MaxPayloadFunction.java,50,error,1
src_java_org_apache_lucene_search_payloads_MaxPayloadFunction.java,53,warning,2
src_java_org_apache_lucene_search_payloads_MaxPayloadFunction.java,41,warning,2
src_java_org_apache_lucene_search_payloads_MaxPayloadFunction.java,29,error,1
src_java_org_apache_lucene_search_payloads_MaxPayloadFunction.java,1,error,1
src_java_org_apache_lucene_search_payloads_MaxPayloadFunction.java,43,warning,2
src_java_org_apache_lucene_search_payloads_MaxPayloadFunction.java,46,error,1
src_java_org_apache_lucene_search_payloads_MaxPayloadFunction.java,22,error,1
src_java_org_apache_lucene_search_payloads_MaxPayloadFunction.java,51,warning,2
src_java_org_apache_lucene_search_payloads_MaxPayloadFunction.java,3,error,1
src_java_org_apache_lucene_search_CachingWrapperFilter.java,32,warning,2
src_java_org_apache_lucene_search_CachingWrapperFilter.java,100,error,1
src_java_org_apache_lucene_search_CachingWrapperFilter.java,105,error,1
src_java_org_apache_lucene_search_CachingWrapperFilter.java,91,warning,2
src_java_org_apache_lucene_search_CachingWrapperFilter.java,69,warning,2
src_java_org_apache_lucene_search_CachingWrapperFilter.java,45,error,1
src_java_org_apache_lucene_search_CachingWrapperFilter.java,65,warning,2
src_java_org_apache_lucene_search_CachingWrapperFilter.java,38,error,1
src_java_org_apache_lucene_search_CachingWrapperFilter.java,73,warning,2
src_java_org_apache_lucene_search_CachingWrapperFilter.java,40,error,1
src_java_org_apache_lucene_search_CachingWrapperFilter.java,88,warning,2
src_java_org_apache_lucene_search_CachingWrapperFilter.java,64,warning,2
src_java_org_apache_lucene_search_CachingWrapperFilter.java,59,warning,2
src_java_org_apache_lucene_search_CachingWrapperFilter.java,78,warning,2
src_java_org_apache_lucene_search_CachingWrapperFilter.java,94,error,1
src_java_org_apache_lucene_search_CachingWrapperFilter.java,87,warning,2
src_java_org_apache_lucene_search_CachingWrapperFilter.java,3,error,1
src_java_org_apache_lucene_search_CachingWrapperFilter.java,97,warning,2
src_java_org_apache_lucene_search_CachingWrapperFilter.java,42,warning,2
src_java_org_apache_lucene_search_CachingWrapperFilter.java,35,error,1
src_java_org_apache_lucene_search_CachingWrapperFilter.java,70,warning,2
src_java_org_apache_lucene_search_CachingWrapperFilter.java,89,warning,2
src_java_org_apache_lucene_search_CachingWrapperFilter.java,92,warning,2
src_java_org_apache_lucene_search_CachingWrapperFilter.java,107,error,1
src_java_org_apache_lucene_search_CachingWrapperFilter.java,96,error,1
src_java_org_apache_lucene_search_CachingWrapperFilter.java,33,error,1
src_java_org_apache_lucene_search_CachingWrapperFilter.java,81,warning,2
src_java_org_apache_lucene_search_CachingWrapperFilter.java,25,warning,2
src_java_org_apache_lucene_search_CachingWrapperFilter.java,101,error,1
src_java_org_apache_lucene_search_CachingWrapperFilter.java,63,error,1
src_java_org_apache_lucene_search_CachingWrapperFilter.java,85,warning,2
src_java_org_apache_lucene_search_CachingWrapperFilter.java,55,error,1
src_java_org_apache_lucene_search_CachingWrapperFilter.java,58,warning,2
src_java_org_apache_lucene_search_CachingWrapperFilter.java,79,warning,2
src_java_org_apache_lucene_search_CachingWrapperFilter.java,86,warning,2
src_java_org_apache_lucene_search_CachingWrapperFilter.java,102,error,1
src_java_org_apache_lucene_search_CachingWrapperFilter.java,57,warning,2
src_java_org_apache_lucene_search_CachingWrapperFilter.java,84,warning,2
src_java_org_apache_lucene_search_CachingWrapperFilter.java,47,warning,2
src_java_org_apache_lucene_search_CachingWrapperFilter.java,71,warning,2
src_java_org_apache_lucene_search_CachingWrapperFilter.java,103,warning,2
src_java_org_apache_lucene_search_CachingWrapperFilter.java,108,warning,2
src_java_org_apache_lucene_search_CachingWrapperFilter.java,68,error,1
src_java_org_apache_lucene_search_CachingWrapperFilter.java,1,error,1
src_java_org_apache_lucene_search_CachingWrapperFilter.java,83,warning,2
src_java_org_apache_lucene_search_CachingWrapperFilter.java,67,error,1
src_java_org_apache_lucene_search_CachingWrapperFilter.java,82,warning,2
src_java_org_apache_lucene_search_CachingWrapperFilter.java,72,error,1
src_java_org_apache_lucene_search_CachingWrapperFilter.java,99,error,1
src_java_org_apache_lucene_search_CachingWrapperFilter.java,46,warning,2
src_java_org_apache_lucene_search_CachingWrapperFilter.java,56,warning,2
src_java_org_apache_lucene_search_CachingWrapperFilter.java,75,warning,2
src_java_org_apache_lucene_search_CachingWrapperFilter.java,51,error,1
src_java_org_apache_lucene_search_CachingWrapperFilter.java,77,warning,2
src_java_org_apache_lucene_search_CachingWrapperFilter.java,76,error,1
src_java_org_apache_lucene_index_SegmentInfos.java,801,warning,2
src_java_org_apache_lucene_index_SegmentInfos.java,500,warning,2
src_java_org_apache_lucene_index_SegmentInfos.java,604,warning,2
src_java_org_apache_lucene_index_SegmentInfos.java,763,warning,2
src_java_org_apache_lucene_index_SegmentInfos.java,533,warning,2
src_java_org_apache_lucene_index_SegmentInfos.java,707,warning,2
src_java_org_apache_lucene_index_SegmentInfos.java,708,warning,2
src_java_org_apache_lucene_index_SegmentInfos.java,840,warning,2
src_java_org_apache_lucene_index_SegmentInfos.java,719,warning,2
src_java_org_apache_lucene_index_SegmentInfos.java,37,warning,2
src_java_org_apache_lucene_index_SegmentInfos.java,126,error,1
src_java_org_apache_lucene_index_SegmentInfos.java,425,warning,2
src_java_org_apache_lucene_index_SegmentInfos.java,687,warning,2
src_java_org_apache_lucene_index_SegmentInfos.java,104,error,1
src_java_org_apache_lucene_index_SegmentInfos.java,263,warning,2
src_java_org_apache_lucene_index_SegmentInfos.java,288,warning,2
src_java_org_apache_lucene_index_SegmentInfos.java,607,warning,2
src_java_org_apache_lucene_index_SegmentInfos.java,329,warning,2
src_java_org_apache_lucene_index_SegmentInfos.java,518,warning,2
src_java_org_apache_lucene_index_SegmentInfos.java,647,warning,2
src_java_org_apache_lucene_index_SegmentInfos.java,855,warning,2
src_java_org_apache_lucene_index_SegmentInfos.java,812,warning,2
src_java_org_apache_lucene_index_SegmentInfos.java,404,warning,2
src_java_org_apache_lucene_index_SegmentInfos.java,807,warning,2
src_java_org_apache_lucene_index_SegmentInfos.java,186,warning,2
src_java_org_apache_lucene_index_SegmentInfos.java,218,warning,2
src_java_org_apache_lucene_index_SegmentInfos.java,837,warning,2
src_java_org_apache_lucene_index_SegmentInfos.java,712,warning,2
src_java_org_apache_lucene_index_SegmentInfos.java,128,warning,2
src_java_org_apache_lucene_index_SegmentInfos.java,130,warning,2
src_java_org_apache_lucene_index_SegmentInfos.java,796,error,1
src_java_org_apache_lucene_index_SegmentInfos.java,863,error,1
src_java_org_apache_lucene_index_SegmentInfos.java,753,warning,2
src_java_org_apache_lucene_index_SegmentInfos.java,890,warning,2
src_java_org_apache_lucene_index_SegmentInfos.java,844,warning,2
src_java_org_apache_lucene_index_SegmentInfos.java,883,warning,2
src_java_org_apache_lucene_index_SegmentInfos.java,613,warning,2
src_java_org_apache_lucene_index_SegmentInfos.java,270,warning,2
src_java_org_apache_lucene_index_SegmentInfos.java,469,error,1
src_java_org_apache_lucene_index_SegmentInfos.java,362,warning,2
src_java_org_apache_lucene_index_SegmentInfos.java,285,warning,2
src_java_org_apache_lucene_index_SegmentInfos.java,486,error,1
src_java_org_apache_lucene_index_SegmentInfos.java,744,error,1
src_java_org_apache_lucene_index_SegmentInfos.java,856,warning,2
src_java_org_apache_lucene_index_SegmentInfos.java,421,error,1
src_java_org_apache_lucene_index_SegmentInfos.java,903,warning,2
src_java_org_apache_lucene_index_SegmentInfos.java,874,warning,2
src_java_org_apache_lucene_index_SegmentInfos.java,645,warning,2
src_java_org_apache_lucene_index_SegmentInfos.java,873,error,1
src_java_org_apache_lucene_index_SegmentInfos.java,180,warning,2
src_java_org_apache_lucene_index_SegmentInfos.java,71,warning,2
src_java_org_apache_lucene_index_SegmentInfos.java,451,warning,2
src_java_org_apache_lucene_index_SegmentInfos.java,879,error,1
src_java_org_apache_lucene_index_SegmentInfos.java,462,error,1
src_java_org_apache_lucene_index_SegmentInfos.java,306,error,1
src_java_org_apache_lucene_index_SegmentInfos.java,281,warning,2
src_java_org_apache_lucene_index_SegmentInfos.java,860,warning,2
src_java_org_apache_lucene_index_SegmentInfos.java,527,error,1
src_java_org_apache_lucene_index_SegmentInfos.java,710,warning,2
src_java_org_apache_lucene_index_SegmentInfos.java,365,warning,2
src_java_org_apache_lucene_index_SegmentInfos.java,313,warning,2
src_java_org_apache_lucene_index_SegmentInfos.java,582,warning,2
src_java_org_apache_lucene_index_SegmentInfos.java,568,warning,2
src_java_org_apache_lucene_index_SegmentInfos.java,391,error,1
src_java_org_apache_lucene_index_SegmentInfos.java,843,warning,2
src_java_org_apache_lucene_index_SegmentInfos.java,614,warning,2
src_java_org_apache_lucene_index_SegmentInfos.java,793,warning,2
src_java_org_apache_lucene_index_SegmentInfos.java,593,warning,2
src_java_org_apache_lucene_index_SegmentInfos.java,331,warning,2
src_java_org_apache_lucene_index_SegmentInfos.java,817,warning,2
src_java_org_apache_lucene_index_SegmentInfos.java,846,warning,2
src_java_org_apache_lucene_index_SegmentInfos.java,213,warning,2
src_java_org_apache_lucene_index_SegmentInfos.java,422,warning,2
src_java_org_apache_lucene_index_SegmentInfos.java,264,error,1
src_java_org_apache_lucene_index_SegmentInfos.java,116,error,1
src_java_org_apache_lucene_index_SegmentInfos.java,798,warning,2
src_java_org_apache_lucene_index_SegmentInfos.java,528,warning,2
src_java_org_apache_lucene_index_SegmentInfos.java,464,warning,2
src_java_org_apache_lucene_index_SegmentInfos.java,570,error,1
src_java_org_apache_lucene_index_SegmentInfos.java,252,error,1
src_java_org_apache_lucene_index_SegmentInfos.java,31,warning,2
src_java_org_apache_lucene_index_SegmentInfos.java,153,warning,2
src_java_org_apache_lucene_index_SegmentInfos.java,155,warning,2
src_java_org_apache_lucene_index_SegmentInfos.java,310,warning,2
src_java_org_apache_lucene_index_SegmentInfos.java,176,error,1
src_java_org_apache_lucene_index_SegmentInfos.java,367,warning,2
src_java_org_apache_lucene_index_SegmentInfos.java,678,warning,2
src_java_org_apache_lucene_index_SegmentInfos.java,630,warning,2
src_java_org_apache_lucene_index_SegmentInfos.java,738,warning,2
src_java_org_apache_lucene_index_SegmentInfos.java,258,warning,2
src_java_org_apache_lucene_index_SegmentInfos.java,851,warning,2
src_java_org_apache_lucene_index_SegmentInfos.java,396,warning,2
src_java_org_apache_lucene_index_SegmentInfos.java,287,error,1
src_java_org_apache_lucene_index_SegmentInfos.java,516,error,1
src_java_org_apache_lucene_index_SegmentInfos.java,463,warning,2
src_java_org_apache_lucene_index_SegmentInfos.java,871,warning,2
src_java_org_apache_lucene_index_SegmentInfos.java,337,warning,2
src_java_org_apache_lucene_index_SegmentInfos.java,266,warning,2
src_java_org_apache_lucene_index_SegmentInfos.java,164,error,1
src_java_org_apache_lucene_index_SegmentInfos.java,685,warning,2
src_java_org_apache_lucene_index_SegmentInfos.java,139,warning,2
src_java_org_apache_lucene_index_SegmentInfos.java,81,error,1
src_java_org_apache_lucene_index_SegmentInfos.java,185,error,1
src_java_org_apache_lucene_index_SegmentInfos.java,628,error,1
src_java_org_apache_lucene_index_SegmentInfos.java,621,error,1
src_java_org_apache_lucene_index_SegmentInfos.java,346,warning,2
src_java_org_apache_lucene_index_SegmentInfos.java,709,warning,2
src_java_org_apache_lucene_index_SegmentInfos.java,255,warning,2
src_java_org_apache_lucene_index_SegmentInfos.java,423,warning,2
src_java_org_apache_lucene_index_SegmentInfos.java,676,warning,2
src_java_org_apache_lucene_index_SegmentInfos.java,795,warning,2
src_java_org_apache_lucene_index_SegmentInfos.java,833,warning,2
src_java_org_apache_lucene_index_SegmentInfos.java,661,warning,2
src_java_org_apache_lucene_index_SegmentInfos.java,141,warning,2
src_java_org_apache_lucene_index_SegmentInfos.java,740,warning,2
src_java_org_apache_lucene_index_SegmentInfos.java,388,error,1
src_java_org_apache_lucene_index_SegmentInfos.java,202,error,1
src_java_org_apache_lucene_index_SegmentInfos.java,238,error,1
src_java_org_apache_lucene_index_SegmentInfos.java,813,warning,2
src_java_org_apache_lucene_index_SegmentInfos.java,245,warning,2
src_java_org_apache_lucene_index_SegmentInfos.java,714,error,1
src_java_org_apache_lucene_index_SegmentInfos.java,672,warning,2
src_java_org_apache_lucene_index_SegmentInfos.java,664,warning,2
src_java_org_apache_lucene_index_SegmentInfos.java,316,warning,2
src_java_org_apache_lucene_index_SegmentInfos.java,885,error,1
src_java_org_apache_lucene_index_SegmentInfos.java,829,error,1
src_java_org_apache_lucene_index_SegmentInfos.java,344,warning,2
src_java_org_apache_lucene_index_SegmentInfos.java,273,warning,2
src_java_org_apache_lucene_index_SegmentInfos.java,715,warning,2
src_java_org_apache_lucene_index_SegmentInfos.java,904,warning,2
src_java_org_apache_lucene_index_SegmentInfos.java,914,warning,2
src_java_org_apache_lucene_index_SegmentInfos.java,168,warning,2
src_java_org_apache_lucene_index_SegmentInfos.java,466,warning,2
src_java_org_apache_lucene_index_SegmentInfos.java,338,warning,2
src_java_org_apache_lucene_index_SegmentInfos.java,595,warning,2
src_java_org_apache_lucene_index_SegmentInfos.java,842,warning,2
src_java_org_apache_lucene_index_SegmentInfos.java,618,warning,2
src_java_org_apache_lucene_index_SegmentInfos.java,882,warning,2
src_java_org_apache_lucene_index_SegmentInfos.java,588,warning,2
src_java_org_apache_lucene_index_SegmentInfos.java,358,warning,2
src_java_org_apache_lucene_index_SegmentInfos.java,335,warning,2
src_java_org_apache_lucene_index_SegmentInfos.java,797,warning,2
src_java_org_apache_lucene_index_SegmentInfos.java,889,error,1
src_java_org_apache_lucene_index_SegmentInfos.java,881,warning,2
src_java_org_apache_lucene_index_SegmentInfos.java,293,warning,2
src_java_org_apache_lucene_index_SegmentInfos.java,876,warning,2
src_java_org_apache_lucene_index_SegmentInfos.java,378,error,1
src_java_org_apache_lucene_index_SegmentInfos.java,269,warning,2
src_java_org_apache_lucene_index_SegmentInfos.java,718,warning,2
src_java_org_apache_lucene_index_SegmentInfos.java,275,warning,2
src_java_org_apache_lucene_index_SegmentInfos.java,790,error,1
src_java_org_apache_lucene_index_SegmentInfos.java,118,warning,2
src_java_org_apache_lucene_index_SegmentInfos.java,356,warning,2
src_java_org_apache_lucene_index_SegmentInfos.java,87,warning,2
src_java_org_apache_lucene_index_SegmentInfos.java,584,warning,2
src_java_org_apache_lucene_index_SegmentInfos.java,61,warning,2
src_java_org_apache_lucene_index_SegmentInfos.java,439,error,1
src_java_org_apache_lucene_index_SegmentInfos.java,327,warning,2
src_java_org_apache_lucene_index_SegmentInfos.java,3,error,1
src_java_org_apache_lucene_index_SegmentInfos.java,679,warning,2
src_java_org_apache_lucene_index_SegmentInfos.java,289,warning,2
src_java_org_apache_lucene_index_SegmentInfos.java,89,error,1
src_java_org_apache_lucene_index_SegmentInfos.java,426,warning,2
src_java_org_apache_lucene_index_SegmentInfos.java,605,warning,2
src_java_org_apache_lucene_index_SegmentInfos.java,581,error,1
src_java_org_apache_lucene_index_SegmentInfos.java,752,warning,2
src_java_org_apache_lucene_index_SegmentInfos.java,532,warning,2
src_java_org_apache_lucene_index_SegmentInfos.java,418,warning,2
src_java_org_apache_lucene_index_SegmentInfos.java,152,warning,2
src_java_org_apache_lucene_index_SegmentInfos.java,204,warning,2
src_java_org_apache_lucene_index_SegmentInfos.java,257,warning,2
src_java_org_apache_lucene_index_SegmentInfos.java,236,warning,2
src_java_org_apache_lucene_index_SegmentInfos.java,265,warning,2
src_java_org_apache_lucene_index_SegmentInfos.java,296,warning,2
src_java_org_apache_lucene_index_SegmentInfos.java,700,error,1
src_java_org_apache_lucene_index_SegmentInfos.java,280,warning,2
src_java_org_apache_lucene_index_SegmentInfos.java,703,warning,2
src_java_org_apache_lucene_index_SegmentInfos.java,766,warning,2
src_java_org_apache_lucene_index_SegmentInfos.java,295,warning,2
src_java_org_apache_lucene_index_SegmentInfos.java,779,error,1
src_java_org_apache_lucene_index_SegmentInfos.java,908,error,1
src_java_org_apache_lucene_index_SegmentInfos.java,84,warning,2
src_java_org_apache_lucene_index_SegmentInfos.java,189,warning,2
src_java_org_apache_lucene_index_SegmentInfos.java,866,warning,2
src_java_org_apache_lucene_index_SegmentInfos.java,294,warning,2
src_java_org_apache_lucene_index_SegmentInfos.java,526,error,1
src_java_org_apache_lucene_index_SegmentInfos.java,728,error,1
src_java_org_apache_lucene_index_SegmentInfos.java,395,warning,2
src_java_org_apache_lucene_index_SegmentInfos.java,603,warning,2
src_java_org_apache_lucene_index_SegmentInfos.java,640,warning,2
src_java_org_apache_lucene_index_SegmentInfos.java,865,error,1
src_java_org_apache_lucene_index_SegmentInfos.java,770,warning,2
src_java_org_apache_lucene_index_SegmentInfos.java,414,warning,2
src_java_org_apache_lucene_index_SegmentInfos.java,272,warning,2
src_java_org_apache_lucene_index_SegmentInfos.java,481,warning,2
src_java_org_apache_lucene_index_SegmentInfos.java,195,error,1
src_java_org_apache_lucene_index_SegmentInfos.java,522,warning,2
src_java_org_apache_lucene_index_SegmentInfos.java,659,warning,2
src_java_org_apache_lucene_index_SegmentInfos.java,133,error,1
src_java_org_apache_lucene_index_SegmentInfos.java,590,warning,2
src_java_org_apache_lucene_index_SegmentInfos.java,249,warning,2
src_java_org_apache_lucene_index_SegmentInfos.java,626,warning,2
src_java_org_apache_lucene_index_SegmentInfos.java,379,warning,2
src_java_org_apache_lucene_index_SegmentInfos.java,769,warning,2
src_java_org_apache_lucene_index_SegmentInfos.java,240,warning,2
src_java_org_apache_lucene_index_SegmentInfos.java,411,warning,2
src_java_org_apache_lucene_index_SegmentInfos.java,449,warning,2
src_java_org_apache_lucene_index_SegmentInfos.java,780,error,1
src_java_org_apache_lucene_index_SegmentInfos.java,747,warning,2
src_java_org_apache_lucene_index_SegmentInfos.java,757,warning,2
src_java_org_apache_lucene_index_SegmentInfos.java,342,warning,2
src_java_org_apache_lucene_index_SegmentInfos.java,594,warning,2
src_java_org_apache_lucene_index_SegmentInfos.java,482,warning,2
src_java_org_apache_lucene_index_SegmentInfos.java,447,error,1
src_java_org_apache_lucene_index_SegmentInfos.java,368,warning,2
src_java_org_apache_lucene_index_SegmentInfos.java,717,warning,2
src_java_org_apache_lucene_index_SegmentInfos.java,94,error,1
src_java_org_apache_lucene_index_SegmentInfos.java,312,warning,2
src_java_org_apache_lucene_index_SegmentInfos.java,580,warning,2
src_java_org_apache_lucene_index_SegmentInfos.java,615,warning,2
src_java_org_apache_lucene_index_SegmentInfos.java,638,warning,2
src_java_org_apache_lucene_index_SegmentInfos.java,471,warning,2
src_java_org_apache_lucene_index_SegmentInfos.java,720,warning,2
src_java_org_apache_lucene_index_SegmentInfos.java,380,warning,2
src_java_org_apache_lucene_index_SegmentInfos.java,702,warning,2
src_java_org_apache_lucene_index_SegmentInfos.java,602,warning,2
src_java_org_apache_lucene_index_SegmentInfos.java,283,error,1
src_java_org_apache_lucene_index_SegmentInfos.java,713,warning,2
src_java_org_apache_lucene_index_SegmentInfos.java,101,warning,2
src_java_org_apache_lucene_index_SegmentInfos.java,616,warning,2
src_java_org_apache_lucene_index_SegmentInfos.java,805,error,1
src_java_org_apache_lucene_index_SegmentInfos.java,233,warning,2
src_java_org_apache_lucene_index_SegmentInfos.java,880,warning,2
src_java_org_apache_lucene_index_SegmentInfos.java,751,warning,2
src_java_org_apache_lucene_index_SegmentInfos.java,852,warning,2
src_java_org_apache_lucene_index_SegmentInfos.java,608,warning,2
src_java_org_apache_lucene_index_SegmentInfos.java,686,warning,2
src_java_org_apache_lucene_index_SegmentInfos.java,764,warning,2
src_java_org_apache_lucene_index_SegmentInfos.java,50,error,1
src_java_org_apache_lucene_index_SegmentInfos.java,699,warning,2
src_java_org_apache_lucene_index_SegmentInfos.java,853,warning,2
src_java_org_apache_lucene_index_SegmentInfos.java,848,warning,2
src_java_org_apache_lucene_index_SegmentInfos.java,201,warning,2
src_java_org_apache_lucene_index_SegmentInfos.java,99,error,1
src_java_org_apache_lucene_index_SegmentInfos.java,416,error,1
src_java_org_apache_lucene_index_SegmentInfos.java,268,warning,2
src_java_org_apache_lucene_index_SegmentInfos.java,339,warning,2
src_java_org_apache_lucene_index_SegmentInfos.java,557,warning,2
src_java_org_apache_lucene_index_SegmentInfos.java,872,warning,2
src_java_org_apache_lucene_index_SegmentInfos.java,135,warning,2
src_java_org_apache_lucene_index_SegmentInfos.java,151,warning,2
src_java_org_apache_lucene_index_SegmentInfos.java,642,warning,2
src_java_org_apache_lucene_index_SegmentInfos.java,857,warning,2
src_java_org_apache_lucene_index_SegmentInfos.java,304,error,1
src_java_org_apache_lucene_index_SegmentInfos.java,345,warning,2
src_java_org_apache_lucene_index_SegmentInfos.java,320,error,1
src_java_org_apache_lucene_index_SegmentInfos.java,424,warning,2
src_java_org_apache_lucene_index_SegmentInfos.java,456,warning,2
src_java_org_apache_lucene_index_SegmentInfos.java,210,error,1
src_java_org_apache_lucene_index_SegmentInfos.java,149,error,1
src_java_org_apache_lucene_index_SegmentInfos.java,254,warning,2
src_java_org_apache_lucene_index_SegmentInfos.java,612,warning,2
src_java_org_apache_lucene_index_SegmentInfos.java,30,warning,2
src_java_org_apache_lucene_index_SegmentInfos.java,392,warning,2
src_java_org_apache_lucene_index_SegmentInfos.java,136,warning,2
src_java_org_apache_lucene_index_SegmentInfos.java,643,warning,2
src_java_org_apache_lucene_index_SegmentInfos.java,811,warning,2
src_java_org_apache_lucene_index_SegmentInfos.java,199,error,1
src_java_org_apache_lucene_index_SegmentInfos.java,611,warning,2
src_java_org_apache_lucene_index_SegmentInfos.java,644,warning,2
src_java_org_apache_lucene_index_SegmentInfos.java,375,warning,2
src_java_org_apache_lucene_index_SegmentInfos.java,894,warning,2
src_java_org_apache_lucene_index_SegmentInfos.java,716,warning,2
src_java_org_apache_lucene_index_SegmentInfos.java,831,warning,2
src_java_org_apache_lucene_index_SegmentInfos.java,433,warning,2
src_java_org_apache_lucene_index_SegmentInfos.java,583,warning,2
src_java_org_apache_lucene_index_SegmentInfos.java,891,error,1
src_java_org_apache_lucene_index_SegmentInfos.java,737,error,1
src_java_org_apache_lucene_index_SegmentInfos.java,301,warning,2
src_java_org_apache_lucene_index_SegmentInfos.java,495,warning,2
src_java_org_apache_lucene_index_SegmentInfos.java,262,error,1
src_java_org_apache_lucene_index_SegmentInfos.java,706,warning,2
src_java_org_apache_lucene_index_SegmentInfos.java,705,warning,2
src_java_org_apache_lucene_index_SegmentInfos.java,349,warning,2
src_java_org_apache_lucene_index_SegmentInfos.java,23,warning,2
src_java_org_apache_lucene_index_SegmentInfos.java,253,error,1
src_java_org_apache_lucene_index_SegmentInfos.java,816,warning,2
src_java_org_apache_lucene_index_SegmentInfos.java,531,warning,2
src_java_org_apache_lucene_index_SegmentInfos.java,131,warning,2
src_java_org_apache_lucene_index_SegmentInfos.java,800,warning,2
src_java_org_apache_lucene_index_SegmentInfos.java,343,warning,2
src_java_org_apache_lucene_index_SegmentInfos.java,400,warning,2
src_java_org_apache_lucene_index_SegmentInfos.java,765,warning,2
src_java_org_apache_lucene_index_SegmentInfos.java,350,warning,2
src_java_org_apache_lucene_index_SegmentInfos.java,849,warning,2
src_java_org_apache_lucene_index_SegmentInfos.java,454,error,1
src_java_org_apache_lucene_index_SegmentInfos.java,79,warning,2
src_java_org_apache_lucene_index_SegmentInfos.java,217,warning,2
src_java_org_apache_lucene_index_SegmentInfos.java,215,warning,2
src_java_org_apache_lucene_index_SegmentInfos.java,802,warning,2
src_java_org_apache_lucene_index_SegmentInfos.java,836,warning,2
src_java_org_apache_lucene_index_SegmentInfos.java,592,warning,2
src_java_org_apache_lucene_index_SegmentInfos.java,529,warning,2
src_java_org_apache_lucene_index_SegmentInfos.java,668,warning,2
src_java_org_apache_lucene_index_SegmentInfos.java,103,error,1
src_java_org_apache_lucene_index_SegmentInfos.java,394,error,1
src_java_org_apache_lucene_index_SegmentInfos.java,214,warning,2
src_java_org_apache_lucene_index_SegmentInfos.java,67,warning,2
src_java_org_apache_lucene_index_SegmentInfos.java,351,warning,2
src_java_org_apache_lucene_index_SegmentInfos.java,501,warning,2
src_java_org_apache_lucene_index_SegmentInfos.java,667,warning,2
src_java_org_apache_lucene_index_SegmentInfos.java,75,warning,2
src_java_org_apache_lucene_index_SegmentInfos.java,535,warning,2
src_java_org_apache_lucene_index_SegmentInfos.java,512,warning,2
src_java_org_apache_lucene_index_SegmentInfos.java,34,warning,2
src_java_org_apache_lucene_index_SegmentInfos.java,322,error,1
src_java_org_apache_lucene_index_SegmentInfos.java,363,warning,2
src_java_org_apache_lucene_index_SegmentInfos.java,32,warning,2
src_java_org_apache_lucene_index_SegmentInfos.java,328,warning,2
src_java_org_apache_lucene_index_SegmentInfos.java,609,warning,2
src_java_org_apache_lucene_index_SegmentInfos.java,314,warning,2
src_java_org_apache_lucene_index_SegmentInfos.java,24,warning,2
src_java_org_apache_lucene_index_SegmentInfos.java,886,warning,2
src_java_org_apache_lucene_index_SegmentInfos.java,610,warning,2
src_java_org_apache_lucene_index_SegmentInfos.java,211,warning,2
src_java_org_apache_lucene_index_SegmentInfos.java,596,warning,2
src_java_org_apache_lucene_index_SegmentInfos.java,524,error,1
src_java_org_apache_lucene_index_SegmentInfos.java,901,error,1
src_java_org_apache_lucene_index_SegmentInfos.java,711,warning,2
src_java_org_apache_lucene_index_SegmentInfos.java,878,warning,2
src_java_org_apache_lucene_index_SegmentInfos.java,381,warning,2
src_java_org_apache_lucene_index_SegmentInfos.java,431,error,1
src_java_org_apache_lucene_index_SegmentInfos.java,389,warning,2
src_java_org_apache_lucene_index_SegmentInfos.java,330,warning,2
src_java_org_apache_lucene_index_SegmentInfos.java,654,warning,2
src_java_org_apache_lucene_index_SegmentInfos.java,455,warning,2
src_java_org_apache_lucene_index_SegmentInfos.java,286,warning,2
src_java_org_apache_lucene_index_SegmentInfos.java,282,warning,2
src_java_org_apache_lucene_index_SegmentInfos.java,745,warning,2
src_java_org_apache_lucene_index_SegmentInfos.java,483,warning,2
src_java_org_apache_lucene_index_SegmentInfos.java,35,warning,2
src_java_org_apache_lucene_index_SegmentInfos.java,662,warning,2
src_java_org_apache_lucene_index_SegmentInfos.java,490,warning,2
src_java_org_apache_lucene_index_SegmentInfos.java,867,warning,2
src_java_org_apache_lucene_index_SegmentInfos.java,534,warning,2
src_java_org_apache_lucene_index_SegmentInfos.java,438,error,1
src_java_org_apache_lucene_index_SegmentInfos.java,517,warning,2
src_java_org_apache_lucene_index_SegmentInfos.java,437,error,1
src_java_org_apache_lucene_index_SegmentInfos.java,806,error,1
src_java_org_apache_lucene_index_SegmentInfos.java,566,warning,2
src_java_org_apache_lucene_index_SegmentInfos.java,290,warning,2
src_java_org_apache_lucene_index_SegmentInfos.java,781,warning,2
src_java_org_apache_lucene_index_SegmentInfos.java,746,warning,2
src_java_org_apache_lucene_index_SegmentInfos.java,278,warning,2
src_java_org_apache_lucene_index_SegmentInfos.java,117,warning,2
src_java_org_apache_lucene_index_SegmentInfos.java,839,warning,2
src_java_org_apache_lucene_index_SegmentInfos.java,771,warning,2
src_java_org_apache_lucene_index_SegmentInfos.java,587,warning,2
src_java_org_apache_lucene_index_SegmentInfos.java,138,warning,2
src_java_org_apache_lucene_index_SegmentInfos.java,129,warning,2
src_java_org_apache_lucene_index_SegmentInfos.java,251,warning,2
src_java_org_apache_lucene_index_SegmentInfos.java,877,warning,2
src_java_org_apache_lucene_index_SegmentInfos.java,244,warning,2
src_java_org_apache_lucene_index_SegmentInfos.java,913,warning,2
src_java_org_apache_lucene_index_SegmentInfos.java,366,warning,2
src_java_org_apache_lucene_index_SegmentInfos.java,808,warning,2
src_java_org_apache_lucene_index_SegmentInfos.java,499,error,1
src_java_org_apache_lucene_index_SegmentInfos.java,698,error,1
src_java_org_apache_lucene_index_SegmentInfos.java,875,warning,2
src_java_org_apache_lucene_index_SegmentInfos.java,91,warning,2
src_java_org_apache_lucene_index_SegmentInfos.java,261,error,1
src_java_org_apache_lucene_index_SegmentInfos.java,905,warning,2
src_java_org_apache_lucene_index_SegmentInfos.java,498,warning,2
src_java_org_apache_lucene_index_SegmentInfos.java,127,warning,2
src_java_org_apache_lucene_index_SegmentInfos.java,670,warning,2
src_java_org_apache_lucene_index_SegmentInfos.java,641,warning,2
src_java_org_apache_lucene_index_SegmentInfos.java,413,warning,2
src_java_org_apache_lucene_index_SegmentInfos.java,911,error,1
src_java_org_apache_lucene_index_SegmentInfos.java,525,warning,2
src_java_org_apache_lucene_index_SegmentInfos.java,803,warning,2
src_java_org_apache_lucene_index_SegmentInfos.java,750,error,1
src_java_org_apache_lucene_index_SegmentInfos.java,893,warning,2
src_java_org_apache_lucene_index_SegmentInfos.java,216,error,1
src_java_org_apache_lucene_index_SegmentInfos.java,347,warning,2
src_java_org_apache_lucene_index_SegmentInfos.java,782,warning,2
src_java_org_apache_lucene_index_SegmentInfos.java,198,warning,2
src_java_org_apache_lucene_index_SegmentInfos.java,536,warning,2
src_java_org_apache_lucene_index_SegmentInfos.java,599,warning,2
src_java_org_apache_lucene_index_SegmentInfos.java,390,warning,2
src_java_org_apache_lucene_index_SegmentInfos.java,681,warning,2
src_java_org_apache_lucene_index_SegmentInfos.java,480,error,1
src_java_org_apache_lucene_index_SegmentInfos.java,564,warning,2
src_java_org_apache_lucene_index_SegmentInfos.java,277,error,1
src_java_org_apache_lucene_index_SegmentInfos.java,729,warning,2
src_java_org_apache_lucene_index_SegmentInfos.java,586,warning,2
src_java_org_apache_lucene_index_SegmentInfos.java,762,error,1
src_java_org_apache_lucene_index_SegmentInfos.java,868,warning,2
src_java_org_apache_lucene_index_SegmentInfos.java,691,warning,2
src_java_org_apache_lucene_index_SegmentInfos.java,870,error,1
src_java_org_apache_lucene_index_SegmentInfos.java,754,warning,2
src_java_org_apache_lucene_index_SegmentInfos.java,909,warning,2
src_java_org_apache_lucene_index_SegmentInfos.java,140,warning,2
src_java_org_apache_lucene_index_SegmentInfos.java,96,error,1
src_java_org_apache_lucene_index_SegmentInfos.java,33,warning,2
src_java_org_apache_lucene_index_SegmentInfos.java,28,warning,2
src_java_org_apache_lucene_index_SegmentInfos.java,311,error,1
src_java_org_apache_lucene_index_SegmentInfos.java,677,warning,2
src_java_org_apache_lucene_index_SegmentInfos.java,810,warning,2
src_java_org_apache_lucene_index_SegmentInfos.java,815,error,1
src_java_org_apache_lucene_index_SegmentInfos.java,739,warning,2
src_java_org_apache_lucene_index_SegmentInfos.java,412,warning,2
src_java_org_apache_lucene_index_SegmentInfos.java,772,warning,2
src_java_org_apache_lucene_index_SegmentInfos.java,814,warning,2
src_java_org_apache_lucene_index_SegmentInfos.java,36,warning,2
src_java_org_apache_lucene_index_SegmentInfos.java,232,error,1
src_java_org_apache_lucene_index_SegmentInfos.java,622,warning,2
src_java_org_apache_lucene_index_SegmentInfos.java,624,warning,2
src_java_org_apache_lucene_index_SegmentInfos.java,196,warning,2
src_java_org_apache_lucene_index_SegmentInfos.java,246,error,1
src_java_org_apache_lucene_index_SegmentInfos.java,177,warning,2
src_java_org_apache_lucene_index_SegmentInfos.java,850,warning,2
src_java_org_apache_lucene_index_SegmentInfos.java,636,warning,2
src_java_org_apache_lucene_index_SegmentInfos.java,830,warning,2
src_java_org_apache_lucene_index_SegmentInfos.java,623,error,1
src_java_org_apache_lucene_index_SegmentInfos.java,902,warning,2
src_java_org_apache_lucene_index_SegmentInfos.java,1,error,1
src_java_org_apache_lucene_index_SegmentInfos.java,555,error,1
src_java_org_apache_lucene_index_SegmentInfos.java,137,warning,2
src_java_org_apache_lucene_index_SegmentInfos.java,150,warning,2
src_java_org_apache_lucene_index_SegmentInfos.java,834,warning,2
src_java_org_apache_lucene_index_SegmentInfos.java,892,warning,2
src_java_org_apache_lucene_index_SegmentInfos.java,660,warning,2
src_java_org_apache_lucene_index_SegmentInfos.java,114,warning,2
src_java_org_apache_lucene_index_SegmentInfos.java,271,warning,2
src_java_org_apache_lucene_index_SegmentInfos.java,134,warning,2
src_java_org_apache_lucene_index_SegmentInfos.java,341,warning,2
src_java_org_apache_lucene_index_SegmentInfos.java,682,warning,2
src_java_org_apache_lucene_index_SegmentInfos.java,585,warning,2
src_java_org_apache_lucene_index_SegmentInfos.java,854,warning,2
src_java_org_apache_lucene_index_SegmentInfos.java,432,warning,2
src_java_org_apache_lucene_index_SegmentInfos.java,689,error,1
src_java_org_apache_lucene_index_SegmentInfos.java,393,warning,2
src_java_org_apache_lucene_index_SegmentInfos.java,783,warning,2
src_java_org_apache_lucene_index_SegmentInfos.java,165,warning,2
src_java_org_apache_lucene_index_SegmentInfos.java,538,warning,2
src_java_org_apache_lucene_index_SegmentInfos.java,835,warning,2
src_java_org_apache_lucene_index_SegmentInfos.java,598,warning,2
src_java_org_apache_lucene_index_SegmentInfos.java,221,warning,2
src_java_org_apache_lucene_index_SegmentInfos.java,377,warning,2
src_java_org_apache_lucene_index_SegmentInfos.java,799,warning,2
src_java_org_apache_lucene_index_SegmentInfos.java,514,error,1
src_java_org_apache_lucene_index_SegmentInfos.java,838,warning,2
src_java_org_apache_lucene_index_SegmentInfos.java,741,warning,2
src_java_org_apache_lucene_index_SegmentInfos.java,355,warning,2
src_java_org_apache_lucene_index_SegmentInfos.java,493,error,1
src_java_org_apache_lucene_index_SegmentInfos.java,809,warning,2
src_java_org_apache_lucene_index_SegmentInfos.java,887,warning,2
src_java_org_apache_lucene_index_SegmentInfos.java,203,warning,2
src_java_org_apache_lucene_index_SegmentInfos.java,274,error,1
src_java_org_apache_lucene_index_SegmentInfos.java,259,warning,2
src_java_org_apache_lucene_index_SegmentInfos.java,601,warning,2
src_java_org_apache_lucene_index_SegmentInfos.java,497,error,1
src_java_org_apache_lucene_index_SegmentInfos.java,861,warning,2
src_java_org_apache_lucene_index_SegmentInfos.java,792,warning,2
src_java_org_apache_lucene_index_SegmentInfos.java,315,warning,2
src_java_org_apache_lucene_index_SegmentInfos.java,382,warning,2
src_java_org_apache_lucene_index_SegmentInfos.java,494,warning,2
src_java_org_apache_lucene_index_SegmentInfos.java,250,warning,2
src_java_org_apache_lucene_index_SegmentInfos.java,132,warning,2
src_java_org_apache_lucene_index_SegmentInfos.java,154,warning,2
src_java_org_apache_lucene_index_SegmentInfos.java,383,warning,2
src_java_org_apache_lucene_index_SegmentInfos.java,589,warning,2
src_java_org_apache_lucene_index_SegmentInfos.java,248,error,1
src_java_org_apache_lucene_index_SegmentInfos.java,403,error,1
src_java_org_apache_lucene_index_SegmentInfos.java,520,error,1
src_java_org_apache_lucene_index_SegmentInfos.java,487,warning,2
src_java_org_apache_lucene_index_SegmentInfos.java,448,warning,2
src_java_org_apache_lucene_index_SegmentInfos.java,761,warning,2
src_java_org_apache_lucene_index_SegmentInfos.java,629,warning,2
src_java_org_apache_lucene_index_SegmentInfos.java,794,warning,2
src_java_org_apache_lucene_index_SegmentInfos.java,488,warning,2
src_java_org_apache_lucene_index_SegmentInfos.java,832,warning,2
src_java_org_apache_lucene_index_SegmentInfos.java,571,warning,2
src_java_org_apache_lucene_index_SegmentInfos.java,359,warning,2
src_java_org_apache_lucene_index_SegmentInfos.java,912,warning,2
src_java_org_apache_lucene_index_SegmentInfos.java,348,warning,2
src_java_org_apache_lucene_index_SegmentInfos.java,276,warning,2
src_java_org_apache_lucene_index_SegmentInfos.java,308,warning,2
src_java_org_apache_lucene_index_SegmentInfos.java,284,warning,2
src_java_org_apache_lucene_index_SegmentInfos.java,521,warning,2
src_java_org_apache_lucene_index_SegmentInfos.java,108,error,1
src_java_org_apache_lucene_index_SegmentInfos.java,910,error,1
src_java_org_apache_lucene_index_SegmentInfos.java,573,warning,2
src_java_org_apache_lucene_index_SegmentInfos.java,29,warning,2
src_java_org_apache_lucene_index_SegmentInfos.java,597,warning,2
src_java_org_apache_lucene_index_SegmentInfos.java,470,warning,2
src_java_org_apache_lucene_index_SegmentInfos.java,748,warning,2
src_java_org_apache_lucene_index_SegmentInfos.java,354,warning,2
src_java_org_apache_lucene_index_SegmentInfos.java,333,error,1
src_java_org_apache_lucene_index_SegmentInfos.java,197,warning,2
src_java_org_apache_lucene_index_SegmentInfos.java,895,warning,2
src_java_org_apache_lucene_index_SegmentInfos.java,324,warning,2
src_java_org_apache_lucene_index_SegmentInfos.java,46,warning,2
src_java_org_apache_lucene_index_SegmentInfos.java,242,warning,2
src_java_org_apache_lucene_index_SegmentInfos.java,791,warning,2
src_java_org_apache_lucene_index_SegmentInfos.java,680,warning,2
contrib_analyzers_common_src_java_org_apache_lucene_analysis_fr_FrenchAnalyzer.java,135,warning,2
contrib_analyzers_common_src_java_org_apache_lucene_analysis_fr_FrenchAnalyzer.java,151,warning,2
contrib_analyzers_common_src_java_org_apache_lucene_analysis_fr_FrenchAnalyzer.java,188,warning,2
contrib_analyzers_common_src_java_org_apache_lucene_analysis_fr_FrenchAnalyzer.java,110,warning,2
contrib_analyzers_common_src_java_org_apache_lucene_analysis_fr_FrenchAnalyzer.java,90,warning,2
contrib_analyzers_common_src_java_org_apache_lucene_analysis_fr_FrenchAnalyzer.java,37,warning,2
contrib_analyzers_common_src_java_org_apache_lucene_analysis_fr_FrenchAnalyzer.java,210,warning,2
contrib_analyzers_common_src_java_org_apache_lucene_analysis_fr_FrenchAnalyzer.java,149,error,1
contrib_analyzers_common_src_java_org_apache_lucene_analysis_fr_FrenchAnalyzer.java,126,error,1
contrib_analyzers_common_src_java_org_apache_lucene_analysis_fr_FrenchAnalyzer.java,65,warning,2
contrib_analyzers_common_src_java_org_apache_lucene_analysis_fr_FrenchAnalyzer.java,190,warning,2
contrib_analyzers_common_src_java_org_apache_lucene_analysis_fr_FrenchAnalyzer.java,73,error,1
contrib_analyzers_common_src_java_org_apache_lucene_analysis_fr_FrenchAnalyzer.java,124,warning,2
contrib_analyzers_common_src_java_org_apache_lucene_analysis_fr_FrenchAnalyzer.java,88,error,1
contrib_analyzers_common_src_java_org_apache_lucene_analysis_fr_FrenchAnalyzer.java,216,warning,2
contrib_analyzers_common_src_java_org_apache_lucene_analysis_fr_FrenchAnalyzer.java,136,warning,2
contrib_analyzers_common_src_java_org_apache_lucene_analysis_fr_FrenchAnalyzer.java,161,error,1
contrib_analyzers_common_src_java_org_apache_lucene_analysis_fr_FrenchAnalyzer.java,199,warning,2
contrib_analyzers_common_src_java_org_apache_lucene_analysis_fr_FrenchAnalyzer.java,198,warning,2
contrib_analyzers_common_src_java_org_apache_lucene_analysis_fr_FrenchAnalyzer.java,220,warning,2
contrib_analyzers_common_src_java_org_apache_lucene_analysis_fr_FrenchAnalyzer.java,87,error,1
contrib_analyzers_common_src_java_org_apache_lucene_analysis_fr_FrenchAnalyzer.java,123,warning,2
contrib_analyzers_common_src_java_org_apache_lucene_analysis_fr_FrenchAnalyzer.java,218,warning,2
contrib_analyzers_common_src_java_org_apache_lucene_analysis_fr_FrenchAnalyzer.java,148,error,1
contrib_analyzers_common_src_java_org_apache_lucene_analysis_fr_FrenchAnalyzer.java,61,warning,2
contrib_analyzers_common_src_java_org_apache_lucene_analysis_fr_FrenchAnalyzer.java,235,warning,2
contrib_analyzers_common_src_java_org_apache_lucene_analysis_fr_FrenchAnalyzer.java,109,error,1
contrib_analyzers_common_src_java_org_apache_lucene_analysis_fr_FrenchAnalyzer.java,3,error,1
contrib_analyzers_common_src_java_org_apache_lucene_analysis_fr_FrenchAnalyzer.java,194,warning,2
contrib_analyzers_common_src_java_org_apache_lucene_analysis_fr_FrenchAnalyzer.java,224,error,1
contrib_analyzers_common_src_java_org_apache_lucene_analysis_fr_FrenchAnalyzer.java,89,error,1
contrib_analyzers_common_src_java_org_apache_lucene_analysis_fr_FrenchAnalyzer.java,253,warning,2
contrib_analyzers_common_src_java_org_apache_lucene_analysis_fr_FrenchAnalyzer.java,115,warning,2
contrib_analyzers_common_src_java_org_apache_lucene_analysis_fr_FrenchAnalyzer.java,107,warning,2
contrib_analyzers_common_src_java_org_apache_lucene_analysis_fr_FrenchAnalyzer.java,247,warning,2
contrib_analyzers_common_src_java_org_apache_lucene_analysis_fr_FrenchAnalyzer.java,96,warning,2
contrib_analyzers_common_src_java_org_apache_lucene_analysis_fr_FrenchAnalyzer.java,33,warning,2
contrib_analyzers_common_src_java_org_apache_lucene_analysis_fr_FrenchAnalyzer.java,159,warning,2
contrib_analyzers_common_src_java_org_apache_lucene_analysis_fr_FrenchAnalyzer.java,152,warning,2
contrib_analyzers_common_src_java_org_apache_lucene_analysis_fr_FrenchAnalyzer.java,236,error,1
contrib_analyzers_common_src_java_org_apache_lucene_analysis_fr_FrenchAnalyzer.java,85,error,1
contrib_analyzers_common_src_java_org_apache_lucene_analysis_fr_FrenchAnalyzer.java,79,error,1
contrib_analyzers_common_src_java_org_apache_lucene_analysis_fr_FrenchAnalyzer.java,36,warning,2
contrib_analyzers_common_src_java_org_apache_lucene_analysis_fr_FrenchAnalyzer.java,223,error,1
contrib_analyzers_common_src_java_org_apache_lucene_analysis_fr_FrenchAnalyzer.java,84,error,1
contrib_analyzers_common_src_java_org_apache_lucene_analysis_fr_FrenchAnalyzer.java,180,warning,2
contrib_analyzers_common_src_java_org_apache_lucene_analysis_fr_FrenchAnalyzer.java,71,error,1
contrib_analyzers_common_src_java_org_apache_lucene_analysis_fr_FrenchAnalyzer.java,178,error,1
contrib_analyzers_common_src_java_org_apache_lucene_analysis_fr_FrenchAnalyzer.java,189,warning,2
contrib_analyzers_common_src_java_org_apache_lucene_analysis_fr_FrenchAnalyzer.java,103,error,1
contrib_analyzers_common_src_java_org_apache_lucene_analysis_fr_FrenchAnalyzer.java,187,error,1
contrib_analyzers_common_src_java_org_apache_lucene_analysis_fr_FrenchAnalyzer.java,1,error,1
contrib_analyzers_common_src_java_org_apache_lucene_analysis_fr_FrenchAnalyzer.java,83,error,1
contrib_analyzers_common_src_java_org_apache_lucene_analysis_fr_FrenchAnalyzer.java,214,error,1
contrib_analyzers_common_src_java_org_apache_lucene_analysis_fr_FrenchAnalyzer.java,72,error,1
contrib_analyzers_common_src_java_org_apache_lucene_analysis_fr_FrenchAnalyzer.java,150,warning,2
contrib_analyzers_common_src_java_org_apache_lucene_analysis_fr_FrenchAnalyzer.java,170,error,1
contrib_analyzers_common_src_java_org_apache_lucene_analysis_fr_FrenchAnalyzer.java,75,error,1
contrib_analyzers_common_src_java_org_apache_lucene_analysis_fr_FrenchAnalyzer.java,181,warning,2
contrib_analyzers_common_src_java_org_apache_lucene_analysis_fr_FrenchAnalyzer.java,51,warning,2
contrib_analyzers_common_src_java_org_apache_lucene_analysis_fr_FrenchAnalyzer.java,111,warning,2
contrib_analyzers_common_src_java_org_apache_lucene_analysis_fr_FrenchAnalyzer.java,114,error,1
contrib_analyzers_common_src_java_org_apache_lucene_analysis_fr_FrenchAnalyzer.java,34,warning,2
contrib_analyzers_common_src_java_org_apache_lucene_analysis_fr_FrenchAnalyzer.java,134,error,1
contrib_analyzers_common_src_java_org_apache_lucene_analysis_fr_FrenchAnalyzer.java,113,error,1
contrib_analyzers_common_src_java_org_apache_lucene_analysis_fr_FrenchAnalyzer.java,32,warning,2
contrib_analyzers_common_src_java_org_apache_lucene_analysis_fr_FrenchAnalyzer.java,213,warning,2
contrib_analyzers_common_src_java_org_apache_lucene_analysis_fr_FrenchAnalyzer.java,211,error,1
contrib_analyzers_common_src_java_org_apache_lucene_analysis_fr_FrenchAnalyzer.java,69,error,1
contrib_analyzers_common_src_java_org_apache_lucene_analysis_fr_FrenchAnalyzer.java,249,warning,2
contrib_analyzers_common_src_java_org_apache_lucene_analysis_fr_FrenchAnalyzer.java,116,warning,2
contrib_analyzers_common_src_java_org_apache_lucene_analysis_fr_FrenchAnalyzer.java,179,warning,2
contrib_analyzers_common_src_java_org_apache_lucene_analysis_fr_FrenchAnalyzer.java,212,warning,2
contrib_analyzers_common_src_java_org_apache_lucene_analysis_fr_FrenchAnalyzer.java,240,warning,2
contrib_analyzers_common_src_java_org_apache_lucene_analysis_fr_FrenchAnalyzer.java,38,warning,2
contrib_analyzers_common_src_java_org_apache_lucene_analysis_fr_FrenchAnalyzer.java,252,warning,2
contrib_analyzers_common_src_java_org_apache_lucene_analysis_fr_FrenchAnalyzer.java,163,warning,2
contrib_analyzers_common_src_java_org_apache_lucene_analysis_fr_FrenchAnalyzer.java,162,warning,2
contrib_analyzers_common_src_java_org_apache_lucene_analysis_fr_FrenchAnalyzer.java,167,warning,2
contrib_analyzers_common_src_java_org_apache_lucene_analysis_fr_FrenchAnalyzer.java,176,warning,2
contrib_analyzers_common_src_java_org_apache_lucene_analysis_fr_FrenchAnalyzer.java,122,error,1
contrib_analyzers_common_src_java_org_apache_lucene_analysis_fr_FrenchAnalyzer.java,78,error,1
contrib_analyzers_common_src_java_org_apache_lucene_analysis_fr_FrenchAnalyzer.java,74,error,1
contrib_analyzers_common_src_java_org_apache_lucene_analysis_fr_FrenchAnalyzer.java,241,warning,2
contrib_analyzers_common_src_java_org_apache_lucene_analysis_fr_FrenchAnalyzer.java,239,warning,2
contrib_analyzers_common_src_java_org_apache_lucene_analysis_fr_FrenchAnalyzer.java,219,warning,2
contrib_analyzers_common_src_java_org_apache_lucene_analysis_fr_FrenchAnalyzer.java,250,warning,2
contrib_analyzers_common_src_java_org_apache_lucene_analysis_fr_FrenchAnalyzer.java,70,error,1
contrib_analyzers_common_src_java_org_apache_lucene_analysis_fr_FrenchAnalyzer.java,35,warning,2
contrib_analyzers_common_src_java_org_apache_lucene_analysis_fr_FrenchAnalyzer.java,171,warning,2
contrib_analyzers_common_src_java_org_apache_lucene_analysis_fr_FrenchAnalyzer.java,154,warning,2
contrib_analyzers_common_src_java_org_apache_lucene_analysis_fr_FrenchAnalyzer.java,200,warning,2
contrib_analyzers_common_src_java_org_apache_lucene_analysis_fr_FrenchAnalyzer.java,81,error,1
contrib_analyzers_common_src_java_org_apache_lucene_analysis_fr_FrenchAnalyzer.java,243,error,1
contrib_analyzers_common_src_java_org_apache_lucene_analysis_fr_FrenchAnalyzer.java,185,warning,2
contrib_analyzers_common_src_java_org_apache_lucene_analysis_fr_FrenchAnalyzer.java,248,warning,2
contrib_analyzers_common_src_java_org_apache_lucene_analysis_fr_FrenchAnalyzer.java,101,warning,2
contrib_analyzers_common_src_java_org_apache_lucene_analysis_fr_FrenchAnalyzer.java,86,error,1
contrib_analyzers_common_src_java_org_apache_lucene_analysis_fr_FrenchAnalyzer.java,237,warning,2
contrib_analyzers_common_src_java_org_apache_lucene_analysis_fr_FrenchAnalyzer.java,172,warning,2
contrib_analyzers_common_src_java_org_apache_lucene_analysis_fr_FrenchAnalyzer.java,117,warning,2
contrib_analyzers_common_src_java_org_apache_lucene_analysis_fr_FrenchAnalyzer.java,80,error,1
contrib_analyzers_common_src_java_org_apache_lucene_analysis_fr_FrenchAnalyzer.java,68,error,1
contrib_analyzers_common_src_java_org_apache_lucene_analysis_fr_FrenchAnalyzer.java,138,error,1
contrib_analyzers_common_src_java_org_apache_lucene_analysis_fr_FrenchAnalyzer.java,251,warning,2
contrib_analyzers_common_src_java_org_apache_lucene_analysis_fr_FrenchAnalyzer.java,29,error,1
contrib_analyzers_common_src_java_org_apache_lucene_analysis_fr_FrenchAnalyzer.java,222,error,1
contrib_analyzers_common_src_java_org_apache_lucene_analysis_fr_FrenchAnalyzer.java,238,warning,2
contrib_analyzers_common_src_java_org_apache_lucene_analysis_fr_FrenchAnalyzer.java,245,warning,2
contrib_analyzers_common_src_java_org_apache_lucene_analysis_fr_FrenchAnalyzer.java,197,error,1
contrib_analyzers_common_src_java_org_apache_lucene_analysis_fr_FrenchAnalyzer.java,225,warning,2
contrib_analyzers_common_src_java_org_apache_lucene_analysis_fr_FrenchAnalyzer.java,46,error,1
contrib_analyzers_common_src_java_org_apache_lucene_analysis_fr_FrenchAnalyzer.java,242,warning,2
contrib_analyzers_common_src_java_org_apache_lucene_analysis_fr_FrenchAnalyzer.java,82,error,1
contrib_analyzers_common_src_java_org_apache_lucene_analysis_fr_FrenchAnalyzer.java,77,error,1
contrib_analyzers_common_src_java_org_apache_lucene_analysis_fr_FrenchAnalyzer.java,76,error,1
src_java_org_apache_lucene_analysis_standard_StandardFilter.java,34,warning,2
src_java_org_apache_lucene_analysis_standard_StandardFilter.java,42,error,1
src_java_org_apache_lucene_analysis_standard_StandardFilter.java,60,error,1
src_java_org_apache_lucene_analysis_standard_StandardFilter.java,35,warning,2
src_java_org_apache_lucene_analysis_standard_StandardFilter.java,70,warning,2
src_java_org_apache_lucene_analysis_standard_StandardFilter.java,32,warning,2
src_java_org_apache_lucene_analysis_standard_StandardFilter.java,33,warning,2
src_java_org_apache_lucene_analysis_standard_StandardFilter.java,54,warning,2
src_java_org_apache_lucene_analysis_standard_StandardFilter.java,69,warning,2
src_java_org_apache_lucene_analysis_standard_StandardFilter.java,37,error,1
src_java_org_apache_lucene_analysis_standard_StandardFilter.java,45,warning,2
src_java_org_apache_lucene_analysis_standard_StandardFilter.java,52,warning,2
src_java_org_apache_lucene_analysis_standard_StandardFilter.java,63,warning,2
src_java_org_apache_lucene_analysis_standard_StandardFilter.java,58,error,1
src_java_org_apache_lucene_analysis_standard_StandardFilter.java,55,warning,2
src_java_org_apache_lucene_analysis_standard_StandardFilter.java,49,error,1
src_java_org_apache_lucene_analysis_standard_StandardFilter.java,48,warning,2
src_java_org_apache_lucene_analysis_standard_StandardFilter.java,65,warning,2
src_java_org_apache_lucene_analysis_standard_StandardFilter.java,38,error,1
src_java_org_apache_lucene_analysis_standard_StandardFilter.java,27,warning,2
src_java_org_apache_lucene_analysis_standard_StandardFilter.java,31,error,1
src_java_org_apache_lucene_analysis_standard_StandardFilter.java,71,warning,2
src_java_org_apache_lucene_analysis_standard_StandardFilter.java,50,warning,2
src_java_org_apache_lucene_analysis_standard_StandardFilter.java,64,warning,2
src_java_org_apache_lucene_analysis_standard_StandardFilter.java,66,error,1
src_java_org_apache_lucene_analysis_standard_StandardFilter.java,41,error,1
src_java_org_apache_lucene_analysis_standard_StandardFilter.java,68,error,1
src_java_org_apache_lucene_analysis_standard_StandardFilter.java,59,error,1
src_java_org_apache_lucene_analysis_standard_StandardFilter.java,1,error,1
src_java_org_apache_lucene_analysis_standard_StandardFilter.java,74,warning,2
src_java_org_apache_lucene_analysis_standard_StandardFilter.java,67,warning,2
src_java_org_apache_lucene_analysis_standard_StandardFilter.java,72,warning,2
src_java_org_apache_lucene_analysis_standard_StandardFilter.java,61,error,1
src_java_org_apache_lucene_analysis_standard_StandardFilter.java,46,warning,2
src_java_org_apache_lucene_analysis_standard_StandardFilter.java,56,warning,2
src_java_org_apache_lucene_analysis_standard_StandardFilter.java,75,warning,2
src_java_org_apache_lucene_analysis_standard_StandardFilter.java,51,warning,2
src_java_org_apache_lucene_analysis_standard_StandardFilter.java,3,error,1
