filename,line,severity,priority
lucene_src_java_org_apache_lucene_util_AttributeSource.java,560,warning,2
lucene_src_java_org_apache_lucene_util_AttributeSource.java,135,error,1
lucene_src_java_org_apache_lucene_util_AttributeSource.java,151,warning,2
lucene_src_java_org_apache_lucene_util_AttributeSource.java,188,error,1
lucene_src_java_org_apache_lucene_util_AttributeSource.java,533,warning,2
lucene_src_java_org_apache_lucene_util_AttributeSource.java,558,warning,2
lucene_src_java_org_apache_lucene_util_AttributeSource.java,489,warning,2
lucene_src_java_org_apache_lucene_util_AttributeSource.java,496,warning,2
lucene_src_java_org_apache_lucene_util_AttributeSource.java,304,warning,2
lucene_src_java_org_apache_lucene_util_AttributeSource.java,206,warning,2
lucene_src_java_org_apache_lucene_util_AttributeSource.java,376,error,1
lucene_src_java_org_apache_lucene_util_AttributeSource.java,399,warning,2
lucene_src_java_org_apache_lucene_util_AttributeSource.java,320,warning,2
lucene_src_java_org_apache_lucene_util_AttributeSource.java,424,warning,2
lucene_src_java_org_apache_lucene_util_AttributeSource.java,210,warning,2
lucene_src_java_org_apache_lucene_util_AttributeSource.java,98,warning,2
lucene_src_java_org_apache_lucene_util_AttributeSource.java,149,error,1
lucene_src_java_org_apache_lucene_util_AttributeSource.java,254,error,1
lucene_src_java_org_apache_lucene_util_AttributeSource.java,387,warning,2
lucene_src_java_org_apache_lucene_util_AttributeSource.java,126,warning,2
lucene_src_java_org_apache_lucene_util_AttributeSource.java,425,warning,2
lucene_src_java_org_apache_lucene_util_AttributeSource.java,125,warning,2
lucene_src_java_org_apache_lucene_util_AttributeSource.java,386,warning,2
lucene_src_java_org_apache_lucene_util_AttributeSource.java,291,warning,2
lucene_src_java_org_apache_lucene_util_AttributeSource.java,65,warning,2
lucene_src_java_org_apache_lucene_util_AttributeSource.java,30,error,1
lucene_src_java_org_apache_lucene_util_AttributeSource.java,263,error,1
lucene_src_java_org_apache_lucene_util_AttributeSource.java,392,warning,2
lucene_src_java_org_apache_lucene_util_AttributeSource.java,27,warning,2
lucene_src_java_org_apache_lucene_util_AttributeSource.java,288,warning,2
lucene_src_java_org_apache_lucene_util_AttributeSource.java,562,warning,2
lucene_src_java_org_apache_lucene_util_AttributeSource.java,136,warning,2
lucene_src_java_org_apache_lucene_util_AttributeSource.java,161,warning,2
lucene_src_java_org_apache_lucene_util_AttributeSource.java,329,warning,2
lucene_src_java_org_apache_lucene_util_AttributeSource.java,518,warning,2
lucene_src_java_org_apache_lucene_util_AttributeSource.java,553,error,1
lucene_src_java_org_apache_lucene_util_AttributeSource.java,433,error,1
lucene_src_java_org_apache_lucene_util_AttributeSource.java,209,warning,2
lucene_src_java_org_apache_lucene_util_AttributeSource.java,301,error,1
lucene_src_java_org_apache_lucene_util_AttributeSource.java,495,warning,2
lucene_src_java_org_apache_lucene_util_AttributeSource.java,547,warning,2
lucene_src_java_org_apache_lucene_util_AttributeSource.java,321,warning,2
lucene_src_java_org_apache_lucene_util_AttributeSource.java,173,warning,2
lucene_src_java_org_apache_lucene_util_AttributeSource.java,419,warning,2
lucene_src_java_org_apache_lucene_util_AttributeSource.java,550,error,1
lucene_src_java_org_apache_lucene_util_AttributeSource.java,109,error,1
lucene_src_java_org_apache_lucene_util_AttributeSource.java,128,warning,2
lucene_src_java_org_apache_lucene_util_AttributeSource.java,191,error,1
lucene_src_java_org_apache_lucene_util_AttributeSource.java,523,error,1
lucene_src_java_org_apache_lucene_util_AttributeSource.java,551,error,1
lucene_src_java_org_apache_lucene_util_AttributeSource.java,229,error,1
lucene_src_java_org_apache_lucene_util_AttributeSource.java,23,warning,2
lucene_src_java_org_apache_lucene_util_AttributeSource.java,253,warning,2
lucene_src_java_org_apache_lucene_util_AttributeSource.java,115,warning,2
lucene_src_java_org_apache_lucene_util_AttributeSource.java,531,warning,2
lucene_src_java_org_apache_lucene_util_AttributeSource.java,131,error,1
lucene_src_java_org_apache_lucene_util_AttributeSource.java,459,warning,2
lucene_src_java_org_apache_lucene_util_AttributeSource.java,343,warning,2
lucene_src_java_org_apache_lucene_util_AttributeSource.java,400,warning,2
lucene_src_java_org_apache_lucene_util_AttributeSource.java,469,warning,2
lucene_src_java_org_apache_lucene_util_AttributeSource.java,542,error,1
lucene_src_java_org_apache_lucene_util_AttributeSource.java,350,error,1
lucene_src_java_org_apache_lucene_util_AttributeSource.java,407,warning,2
lucene_src_java_org_apache_lucene_util_AttributeSource.java,205,warning,2
lucene_src_java_org_apache_lucene_util_AttributeSource.java,55,error,1
lucene_src_java_org_apache_lucene_util_AttributeSource.java,79,warning,2
lucene_src_java_org_apache_lucene_util_AttributeSource.java,217,error,1
lucene_src_java_org_apache_lucene_util_AttributeSource.java,102,warning,2
lucene_src_java_org_apache_lucene_util_AttributeSource.java,486,warning,2
lucene_src_java_org_apache_lucene_util_AttributeSource.java,215,error,1
lucene_src_java_org_apache_lucene_util_AttributeSource.java,223,warning,2
lucene_src_java_org_apache_lucene_util_AttributeSource.java,421,warning,2
lucene_src_java_org_apache_lucene_util_AttributeSource.java,231,error,1
lucene_src_java_org_apache_lucene_util_AttributeSource.java,180,warning,2
lucene_src_java_org_apache_lucene_util_AttributeSource.java,71,warning,2
lucene_src_java_org_apache_lucene_util_AttributeSource.java,529,warning,2
lucene_src_java_org_apache_lucene_util_AttributeSource.java,178,warning,2
lucene_src_java_org_apache_lucene_util_AttributeSource.java,462,warning,2
lucene_src_java_org_apache_lucene_util_AttributeSource.java,306,warning,2
lucene_src_java_org_apache_lucene_util_AttributeSource.java,281,error,1
lucene_src_java_org_apache_lucene_util_AttributeSource.java,467,error,1
lucene_src_java_org_apache_lucene_util_AttributeSource.java,313,warning,2
lucene_src_java_org_apache_lucene_util_AttributeSource.java,394,warning,2
lucene_src_java_org_apache_lucene_util_AttributeSource.java,26,warning,2
lucene_src_java_org_apache_lucene_util_AttributeSource.java,568,warning,2
lucene_src_java_org_apache_lucene_util_AttributeSource.java,214,error,1
lucene_src_java_org_apache_lucene_util_AttributeSource.java,67,warning,2
lucene_src_java_org_apache_lucene_util_AttributeSource.java,541,error,1
lucene_src_java_org_apache_lucene_util_AttributeSource.java,351,warning,2
lucene_src_java_org_apache_lucene_util_AttributeSource.java,192,error,1
lucene_src_java_org_apache_lucene_util_AttributeSource.java,435,warning,2
lucene_src_java_org_apache_lucene_util_AttributeSource.java,51,error,1
lucene_src_java_org_apache_lucene_util_AttributeSource.java,434,warning,2
lucene_src_java_org_apache_lucene_util_AttributeSource.java,106,error,1
lucene_src_java_org_apache_lucene_util_AttributeSource.java,535,warning,2
lucene_src_java_org_apache_lucene_util_AttributeSource.java,512,warning,2
lucene_src_java_org_apache_lucene_util_AttributeSource.java,322,warning,2
lucene_src_java_org_apache_lucene_util_AttributeSource.java,363,error,1
lucene_src_java_org_apache_lucene_util_AttributeSource.java,32,warning,2
lucene_src_java_org_apache_lucene_util_AttributeSource.java,328,warning,2
lucene_src_java_org_apache_lucene_util_AttributeSource.java,314,warning,2
lucene_src_java_org_apache_lucene_util_AttributeSource.java,24,warning,2
lucene_src_java_org_apache_lucene_util_AttributeSource.java,207,warning,2
lucene_src_java_org_apache_lucene_util_AttributeSource.java,385,warning,2
lucene_src_java_org_apache_lucene_util_AttributeSource.java,211,warning,2
lucene_src_java_org_apache_lucene_util_AttributeSource.java,264,error,1
lucene_src_java_org_apache_lucene_util_AttributeSource.java,524,error,1
lucene_src_java_org_apache_lucene_util_AttributeSource.java,513,warning,2
lucene_src_java_org_apache_lucene_util_AttributeSource.java,116,warning,2
lucene_src_java_org_apache_lucene_util_AttributeSource.java,49,error,1
lucene_src_java_org_apache_lucene_util_AttributeSource.java,175,warning,2
lucene_src_java_org_apache_lucene_util_AttributeSource.java,183,warning,2
lucene_src_java_org_apache_lucene_util_AttributeSource.java,528,error,1
lucene_src_java_org_apache_lucene_util_AttributeSource.java,212,warning,2
lucene_src_java_org_apache_lucene_util_AttributeSource.java,464,warning,2
lucene_src_java_org_apache_lucene_util_AttributeSource.java,381,warning,2
lucene_src_java_org_apache_lucene_util_AttributeSource.java,431,warning,2
lucene_src_java_org_apache_lucene_util_AttributeSource.java,570,warning,2
lucene_src_java_org_apache_lucene_util_AttributeSource.java,252,warning,2
lucene_src_java_org_apache_lucene_util_AttributeSource.java,443,error,1
lucene_src_java_org_apache_lucene_util_AttributeSource.java,157,error,1
lucene_src_java_org_apache_lucene_util_AttributeSource.java,162,warning,2
lucene_src_java_org_apache_lucene_util_AttributeSource.java,319,warning,2
lucene_src_java_org_apache_lucene_util_AttributeSource.java,66,error,1
lucene_src_java_org_apache_lucene_util_AttributeSource.java,310,warning,2
lucene_src_java_org_apache_lucene_util_AttributeSource.java,440,warning,2
lucene_src_java_org_apache_lucene_util_AttributeSource.java,176,warning,2
lucene_src_java_org_apache_lucene_util_AttributeSource.java,59,warning,2
lucene_src_java_org_apache_lucene_util_AttributeSource.java,258,error,1
lucene_src_java_org_apache_lucene_util_AttributeSource.java,396,warning,2
lucene_src_java_org_apache_lucene_util_AttributeSource.java,287,error,1
lucene_src_java_org_apache_lucene_util_AttributeSource.java,516,warning,2
lucene_src_java_org_apache_lucene_util_AttributeSource.java,43,warning,2
lucene_src_java_org_apache_lucene_util_AttributeSource.java,463,warning,2
lucene_src_java_org_apache_lucene_util_AttributeSource.java,239,warning,2
lucene_src_java_org_apache_lucene_util_AttributeSource.java,337,warning,2
lucene_src_java_org_apache_lucene_util_AttributeSource.java,266,warning,2
lucene_src_java_org_apache_lucene_util_AttributeSource.java,479,error,1
lucene_src_java_org_apache_lucene_util_AttributeSource.java,282,error,1
lucene_src_java_org_apache_lucene_util_AttributeSource.java,352,warning,2
lucene_src_java_org_apache_lucene_util_AttributeSource.java,164,warning,2
lucene_src_java_org_apache_lucene_util_AttributeSource.java,490,warning,2
lucene_src_java_org_apache_lucene_util_AttributeSource.java,292,warning,2
lucene_src_java_org_apache_lucene_util_AttributeSource.java,534,warning,2
lucene_src_java_org_apache_lucene_util_AttributeSource.java,81,warning,2
lucene_src_java_org_apache_lucene_util_AttributeSource.java,185,warning,2
lucene_src_java_org_apache_lucene_util_AttributeSource.java,438,warning,2
lucene_src_java_org_apache_lucene_util_AttributeSource.java,517,warning,2
lucene_src_java_org_apache_lucene_util_AttributeSource.java,409,warning,2
lucene_src_java_org_apache_lucene_util_AttributeSource.java,437,warning,2
lucene_src_java_org_apache_lucene_util_AttributeSource.java,290,error,1
lucene_src_java_org_apache_lucene_util_AttributeSource.java,121,error,1
lucene_src_java_org_apache_lucene_util_AttributeSource.java,278,error,1
lucene_src_java_org_apache_lucene_util_AttributeSource.java,430,warning,2
lucene_src_java_org_apache_lucene_util_AttributeSource.java,172,warning,2
lucene_src_java_org_apache_lucene_util_AttributeSource.java,427,warning,2
lucene_src_java_org_apache_lucene_util_AttributeSource.java,47,error,1
lucene_src_java_org_apache_lucene_util_AttributeSource.java,444,warning,2
lucene_src_java_org_apache_lucene_util_AttributeSource.java,317,error,1
lucene_src_java_org_apache_lucene_util_AttributeSource.java,144,warning,2
lucene_src_java_org_apache_lucene_util_AttributeSource.java,388,warning,2
lucene_src_java_org_apache_lucene_util_AttributeSource.java,552,error,1
lucene_src_java_org_apache_lucene_util_AttributeSource.java,420,warning,2
lucene_src_java_org_apache_lucene_util_AttributeSource.java,260,warning,2
lucene_src_java_org_apache_lucene_util_AttributeSource.java,251,warning,2
lucene_src_java_org_apache_lucene_util_AttributeSource.java,428,warning,2
lucene_src_java_org_apache_lucene_util_AttributeSource.java,222,error,1
lucene_src_java_org_apache_lucene_util_AttributeSource.java,202,warning,2
lucene_src_java_org_apache_lucene_util_AttributeSource.java,238,warning,2
lucene_src_java_org_apache_lucene_util_AttributeSource.java,226,warning,2
lucene_src_java_org_apache_lucene_util_AttributeSource.java,402,warning,2
lucene_src_java_org_apache_lucene_util_AttributeSource.java,82,error,1
lucene_src_java_org_apache_lucene_util_AttributeSource.java,76,error,1
lucene_src_java_org_apache_lucene_util_AttributeSource.java,491,warning,2
lucene_src_java_org_apache_lucene_util_AttributeSource.java,166,warning,2
lucene_src_java_org_apache_lucene_util_AttributeSource.java,499,warning,2
lucene_src_java_org_apache_lucene_util_AttributeSource.java,344,warning,2
lucene_src_java_org_apache_lucene_util_AttributeSource.java,273,warning,2
lucene_src_java_org_apache_lucene_util_AttributeSource.java,559,warning,2
lucene_src_java_org_apache_lucene_util_AttributeSource.java,105,error,1
lucene_src_java_org_apache_lucene_util_AttributeSource.java,91,warning,2
lucene_src_java_org_apache_lucene_util_AttributeSource.java,90,warning,2
lucene_src_java_org_apache_lucene_util_AttributeSource.java,261,warning,2
lucene_src_java_org_apache_lucene_util_AttributeSource.java,168,warning,2
lucene_src_java_org_apache_lucene_util_AttributeSource.java,498,warning,2
lucene_src_java_org_apache_lucene_util_AttributeSource.java,127,warning,2
lucene_src_java_org_apache_lucene_util_AttributeSource.java,466,warning,2
lucene_src_java_org_apache_lucene_util_AttributeSource.java,338,warning,2
lucene_src_java_org_apache_lucene_util_AttributeSource.java,174,warning,2
lucene_src_java_org_apache_lucene_util_AttributeSource.java,230,warning,2
lucene_src_java_org_apache_lucene_util_AttributeSource.java,525,error,1
lucene_src_java_org_apache_lucene_util_AttributeSource.java,408,warning,2
lucene_src_java_org_apache_lucene_util_AttributeSource.java,561,warning,2
lucene_src_java_org_apache_lucene_util_AttributeSource.java,358,warning,2
lucene_src_java_org_apache_lucene_util_AttributeSource.java,73,warning,2
lucene_src_java_org_apache_lucene_util_AttributeSource.java,335,warning,2
lucene_src_java_org_apache_lucene_util_AttributeSource.java,124,warning,2
lucene_src_java_org_apache_lucene_util_AttributeSource.java,88,error,1
lucene_src_java_org_apache_lucene_util_AttributeSource.java,216,error,1
lucene_src_java_org_apache_lucene_util_AttributeSource.java,293,warning,2
lucene_src_java_org_apache_lucene_util_AttributeSource.java,536,warning,2
lucene_src_java_org_apache_lucene_util_AttributeSource.java,300,warning,2
lucene_src_java_org_apache_lucene_util_AttributeSource.java,390,error,1
lucene_src_java_org_apache_lucene_util_AttributeSource.java,564,warning,2
lucene_src_java_org_apache_lucene_util_AttributeSource.java,356,warning,2
lucene_src_java_org_apache_lucene_util_AttributeSource.java,384,warning,2
lucene_src_java_org_apache_lucene_util_AttributeSource.java,193,error,1
lucene_src_java_org_apache_lucene_util_AttributeSource.java,87,warning,2
lucene_src_java_org_apache_lucene_util_AttributeSource.java,123,warning,2
lucene_src_java_org_apache_lucene_util_AttributeSource.java,61,error,1
lucene_src_java_org_apache_lucene_util_AttributeSource.java,439,warning,2
lucene_src_java_org_apache_lucene_util_AttributeSource.java,327,warning,2
lucene_src_java_org_apache_lucene_util_AttributeSource.java,544,warning,2
lucene_src_java_org_apache_lucene_util_AttributeSource.java,3,error,1
lucene_src_java_org_apache_lucene_util_AttributeSource.java,97,warning,2
lucene_src_java_org_apache_lucene_util_AttributeSource.java,224,error,1
lucene_src_java_org_apache_lucene_util_AttributeSource.java,289,warning,2
lucene_src_java_org_apache_lucene_util_AttributeSource.java,194,warning,2
lucene_src_java_org_apache_lucene_util_AttributeSource.java,426,warning,2
lucene_src_java_org_apache_lucene_util_AttributeSource.java,92,warning,2
lucene_src_java_org_apache_lucene_util_AttributeSource.java,405,error,1
lucene_src_java_org_apache_lucene_util_AttributeSource.java,468,warning,2
lucene_src_java_org_apache_lucene_util_AttributeSource.java,107,error,1
lucene_src_java_org_apache_lucene_util_AttributeSource.java,96,warning,2
lucene_src_java_org_apache_lucene_util_AttributeSource.java,159,warning,2
lucene_src_java_org_apache_lucene_util_AttributeSource.java,546,warning,2
lucene_src_java_org_apache_lucene_util_AttributeSource.java,28,warning,2
lucene_src_java_org_apache_lucene_util_AttributeSource.java,441,warning,2
lucene_src_java_org_apache_lucene_util_AttributeSource.java,204,error,1
lucene_src_java_org_apache_lucene_util_AttributeSource.java,143,warning,2
lucene_src_java_org_apache_lucene_util_AttributeSource.java,257,warning,2
lucene_src_java_org_apache_lucene_util_AttributeSource.java,236,warning,2
lucene_src_java_org_apache_lucene_util_AttributeSource.java,265,warning,2
lucene_src_java_org_apache_lucene_util_AttributeSource.java,340,warning,2
lucene_src_java_org_apache_lucene_util_AttributeSource.java,182,warning,2
lucene_src_java_org_apache_lucene_util_AttributeSource.java,311,warning,2
lucene_src_java_org_apache_lucene_util_AttributeSource.java,85,warning,2
lucene_src_java_org_apache_lucene_util_AttributeSource.java,412,warning,2
lucene_src_java_org_apache_lucene_util_AttributeSource.java,184,warning,2
lucene_src_java_org_apache_lucene_util_AttributeSource.java,232,error,1
lucene_src_java_org_apache_lucene_util_AttributeSource.java,417,warning,2
lucene_src_java_org_apache_lucene_util_AttributeSource.java,537,error,1
lucene_src_java_org_apache_lucene_util_AttributeSource.java,492,warning,2
lucene_src_java_org_apache_lucene_util_AttributeSource.java,189,error,1
lucene_src_java_org_apache_lucene_util_AttributeSource.java,357,warning,2
lucene_src_java_org_apache_lucene_util_AttributeSource.java,543,warning,2
lucene_src_java_org_apache_lucene_util_AttributeSource.java,187,error,1
lucene_src_java_org_apache_lucene_util_AttributeSource.java,398,error,1
lucene_src_java_org_apache_lucene_util_AttributeSource.java,1,error,1
lucene_src_java_org_apache_lucene_util_AttributeSource.java,519,warning,2
lucene_src_java_org_apache_lucene_util_AttributeSource.java,565,error,1
lucene_src_java_org_apache_lucene_util_AttributeSource.java,395,warning,2
lucene_src_java_org_apache_lucene_util_AttributeSource.java,137,warning,2
lucene_src_java_org_apache_lucene_util_AttributeSource.java,72,error,1
lucene_src_java_org_apache_lucene_util_AttributeSource.java,112,error,1
lucene_src_java_org_apache_lucene_util_AttributeSource.java,150,warning,2
lucene_src_java_org_apache_lucene_util_AttributeSource.java,475,error,1
lucene_src_java_org_apache_lucene_util_AttributeSource.java,170,warning,2
lucene_src_java_org_apache_lucene_util_AttributeSource.java,414,warning,2
lucene_src_java_org_apache_lucene_util_AttributeSource.java,325,warning,2
lucene_src_java_org_apache_lucene_util_AttributeSource.java,114,warning,2
lucene_src_java_org_apache_lucene_util_AttributeSource.java,341,warning,2
lucene_src_java_org_apache_lucene_util_AttributeSource.java,134,error,1
lucene_src_java_org_apache_lucene_util_AttributeSource.java,272,error,1
lucene_src_java_org_apache_lucene_util_AttributeSource.java,415,warning,2
lucene_src_java_org_apache_lucene_util_AttributeSource.java,195,error,1
lucene_src_java_org_apache_lucene_util_AttributeSource.java,93,warning,2
lucene_src_java_org_apache_lucene_util_AttributeSource.java,100,warning,2
lucene_src_java_org_apache_lucene_util_AttributeSource.java,432,warning,2
lucene_src_java_org_apache_lucene_util_AttributeSource.java,133,error,1
lucene_src_java_org_apache_lucene_util_AttributeSource.java,393,warning,2
lucene_src_java_org_apache_lucene_util_AttributeSource.java,249,error,1
lucene_src_java_org_apache_lucene_util_AttributeSource.java,69,warning,2
lucene_src_java_org_apache_lucene_util_AttributeSource.java,429,warning,2
lucene_src_java_org_apache_lucene_util_AttributeSource.java,538,warning,2
lucene_src_java_org_apache_lucene_util_AttributeSource.java,179,warning,2
lucene_src_java_org_apache_lucene_util_AttributeSource.java,503,error,1
lucene_src_java_org_apache_lucene_util_AttributeSource.java,379,warning,2
lucene_src_java_org_apache_lucene_util_AttributeSource.java,567,warning,2
lucene_src_java_org_apache_lucene_util_AttributeSource.java,240,warning,2
lucene_src_java_org_apache_lucene_util_AttributeSource.java,158,warning,2
lucene_src_java_org_apache_lucene_util_AttributeSource.java,377,error,1
lucene_src_java_org_apache_lucene_util_AttributeSource.java,406,error,1
lucene_src_java_org_apache_lucene_util_AttributeSource.java,339,warning,2
lucene_src_java_org_apache_lucene_util_AttributeSource.java,474,error,1
lucene_src_java_org_apache_lucene_util_AttributeSource.java,411,warning,2
lucene_src_java_org_apache_lucene_util_AttributeSource.java,514,warning,2
lucene_src_java_org_apache_lucene_util_AttributeSource.java,163,warning,2
lucene_src_java_org_apache_lucene_util_AttributeSource.java,510,error,1
lucene_src_java_org_apache_lucene_util_AttributeSource.java,167,warning,2
lucene_src_java_org_apache_lucene_util_AttributeSource.java,355,warning,2
lucene_src_java_org_apache_lucene_util_AttributeSource.java,493,warning,2
lucene_src_java_org_apache_lucene_util_AttributeSource.java,342,warning,2
lucene_src_java_org_apache_lucene_util_AttributeSource.java,472,warning,2
lucene_src_java_org_apache_lucene_util_AttributeSource.java,160,warning,2
lucene_src_java_org_apache_lucene_util_AttributeSource.java,203,error,1
lucene_src_java_org_apache_lucene_util_AttributeSource.java,368,warning,2
lucene_src_java_org_apache_lucene_util_AttributeSource.java,259,warning,2
lucene_src_java_org_apache_lucene_util_AttributeSource.java,274,warning,2
lucene_src_java_org_apache_lucene_util_AttributeSource.java,122,warning,2
lucene_src_java_org_apache_lucene_util_AttributeSource.java,78,error,1
lucene_src_java_org_apache_lucene_util_AttributeSource.java,563,error,1
lucene_src_java_org_apache_lucene_util_AttributeSource.java,309,warning,2
lucene_src_java_org_apache_lucene_util_AttributeSource.java,511,warning,2
lucene_src_java_org_apache_lucene_util_AttributeSource.java,74,warning,2
lucene_src_java_org_apache_lucene_util_AttributeSource.java,445,warning,2
lucene_src_java_org_apache_lucene_util_AttributeSource.java,241,warning,2
lucene_src_java_org_apache_lucene_util_AttributeSource.java,94,warning,2
lucene_src_java_org_apache_lucene_util_AttributeSource.java,515,warning,2
lucene_src_java_org_apache_lucene_util_AttributeSource.java,315,warning,2
lucene_src_java_org_apache_lucene_util_AttributeSource.java,326,warning,2
lucene_src_java_org_apache_lucene_util_AttributeSource.java,382,error,1
lucene_src_java_org_apache_lucene_util_AttributeSource.java,297,warning,2
lucene_src_java_org_apache_lucene_util_AttributeSource.java,219,error,1
lucene_src_java_org_apache_lucene_util_AttributeSource.java,494,warning,2
lucene_src_java_org_apache_lucene_util_AttributeSource.java,465,warning,2
lucene_src_java_org_apache_lucene_util_AttributeSource.java,471,warning,2
lucene_src_java_org_apache_lucene_util_AttributeSource.java,250,warning,2
lucene_src_java_org_apache_lucene_util_AttributeSource.java,60,error,1
lucene_src_java_org_apache_lucene_util_AttributeSource.java,70,error,1
lucene_src_java_org_apache_lucene_util_AttributeSource.java,171,error,1
lucene_src_java_org_apache_lucene_util_AttributeSource.java,380,warning,2
lucene_src_java_org_apache_lucene_util_AttributeSource.java,154,error,1
lucene_src_java_org_apache_lucene_util_AttributeSource.java,200,warning,2
lucene_src_java_org_apache_lucene_util_AttributeSource.java,383,error,1
lucene_src_java_org_apache_lucene_util_AttributeSource.java,461,warning,2
lucene_src_java_org_apache_lucene_util_AttributeSource.java,283,error,1
lucene_src_java_org_apache_lucene_util_AttributeSource.java,95,error,1
lucene_src_java_org_apache_lucene_util_AttributeSource.java,403,warning,2
lucene_src_java_org_apache_lucene_util_AttributeSource.java,234,warning,2
lucene_src_java_org_apache_lucene_util_AttributeSource.java,442,warning,2
lucene_src_java_org_apache_lucene_util_AttributeSource.java,101,warning,2
lucene_src_java_org_apache_lucene_util_AttributeSource.java,487,warning,2
lucene_src_java_org_apache_lucene_util_AttributeSource.java,63,error,1
lucene_src_java_org_apache_lucene_util_AttributeSource.java,448,error,1
lucene_src_java_org_apache_lucene_util_AttributeSource.java,485,error,1
lucene_src_java_org_apache_lucene_util_AttributeSource.java,436,warning,2
lucene_src_java_org_apache_lucene_util_AttributeSource.java,86,warning,2
lucene_src_java_org_apache_lucene_util_AttributeSource.java,488,error,1
lucene_src_java_org_apache_lucene_util_AttributeSource.java,237,warning,2
lucene_src_java_org_apache_lucene_util_AttributeSource.java,336,warning,2
lucene_src_java_org_apache_lucene_util_AttributeSource.java,353,warning,2
lucene_src_java_org_apache_lucene_util_AttributeSource.java,57,error,1
lucene_src_java_org_apache_lucene_util_AttributeSource.java,80,warning,2
lucene_src_java_org_apache_lucene_util_AttributeSource.java,571,warning,2
lucene_src_java_org_apache_lucene_util_AttributeSource.java,359,warning,2
lucene_src_java_org_apache_lucene_util_AttributeSource.java,569,warning,2
lucene_src_java_org_apache_lucene_util_AttributeSource.java,142,error,1
lucene_src_java_org_apache_lucene_util_AttributeSource.java,284,error,1
lucene_src_java_org_apache_lucene_util_AttributeSource.java,68,warning,2
lucene_src_java_org_apache_lucene_util_AttributeSource.java,208,warning,2
lucene_src_java_org_apache_lucene_util_AttributeSource.java,470,warning,2
lucene_src_java_org_apache_lucene_util_AttributeSource.java,307,warning,2
lucene_src_java_org_apache_lucene_util_AttributeSource.java,397,warning,2
lucene_src_java_org_apache_lucene_util_AttributeSource.java,197,error,1
lucene_src_java_org_apache_lucene_util_AttributeSource.java,201,warning,2
lucene_src_java_org_apache_lucene_util_AttributeSource.java,225,warning,2
lucene_src_java_org_apache_lucene_util_AttributeSource.java,99,warning,2
lucene_src_java_org_apache_lucene_util_AttributeSource.java,323,warning,2
lucene_src_java_org_apache_lucene_util_AttributeSource.java,302,error,1
lucene_src_java_org_apache_lucene_util_AttributeSource.java,416,warning,2
lucene_src_java_org_apache_lucene_util_AttributeSource.java,324,warning,2
lucene_src_java_org_apache_lucene_util_AttributeSource.java,458,error,1
lucene_src_java_org_apache_lucene_util_AttributeSource.java,77,error,1
lucene_src_java_org_apache_lucene_util_AttributeSource.java,557,error,1
solr_src_java_org_apache_solr_search_function_ScaleFloatFunction.java,114,warning,2
solr_src_java_org_apache_solr_search_function_ScaleFloatFunction.java,135,error,1
solr_src_java_org_apache_solr_search_function_ScaleFloatFunction.java,32,error,1
solr_src_java_org_apache_solr_search_function_ScaleFloatFunction.java,62,error,1
solr_src_java_org_apache_solr_search_function_ScaleFloatFunction.java,113,warning,2
solr_src_java_org_apache_solr_search_function_ScaleFloatFunction.java,100,error,1
solr_src_java_org_apache_solr_search_function_ScaleFloatFunction.java,105,warning,2
solr_src_java_org_apache_solr_search_function_ScaleFloatFunction.java,93,warning,2
solr_src_java_org_apache_solr_search_function_ScaleFloatFunction.java,24,warning,2
solr_src_java_org_apache_solr_search_function_ScaleFloatFunction.java,133,warning,2
solr_src_java_org_apache_solr_search_function_ScaleFloatFunction.java,91,error,1
solr_src_java_org_apache_solr_search_function_ScaleFloatFunction.java,110,warning,2
solr_src_java_org_apache_solr_search_function_ScaleFloatFunction.java,90,warning,2
solr_src_java_org_apache_solr_search_function_ScaleFloatFunction.java,37,warning,2
solr_src_java_org_apache_solr_search_function_ScaleFloatFunction.java,45,warning,2
solr_src_java_org_apache_solr_search_function_ScaleFloatFunction.java,127,warning,2
solr_src_java_org_apache_solr_search_function_ScaleFloatFunction.java,116,warning,2
solr_src_java_org_apache_solr_search_function_ScaleFloatFunction.java,125,error,1
solr_src_java_org_apache_solr_search_function_ScaleFloatFunction.java,98,warning,2
solr_src_java_org_apache_solr_search_function_ScaleFloatFunction.java,48,error,1
solr_src_java_org_apache_solr_search_function_ScaleFloatFunction.java,104,error,1
solr_src_java_org_apache_solr_search_function_ScaleFloatFunction.java,10,warning,2
solr_src_java_org_apache_solr_search_function_ScaleFloatFunction.java,30,warning,2
solr_src_java_org_apache_solr_search_function_ScaleFloatFunction.java,38,error,1
solr_src_java_org_apache_solr_search_function_ScaleFloatFunction.java,73,error,1
solr_src_java_org_apache_solr_search_function_ScaleFloatFunction.java,40,error,1
solr_src_java_org_apache_solr_search_function_ScaleFloatFunction.java,136,error,1
solr_src_java_org_apache_solr_search_function_ScaleFloatFunction.java,64,warning,2
solr_src_java_org_apache_solr_search_function_ScaleFloatFunction.java,53,error,1
solr_src_java_org_apache_solr_search_function_ScaleFloatFunction.java,59,error,1
solr_src_java_org_apache_solr_search_function_ScaleFloatFunction.java,122,warning,2
solr_src_java_org_apache_solr_search_function_ScaleFloatFunction.java,118,warning,2
solr_src_java_org_apache_solr_search_function_ScaleFloatFunction.java,78,warning,2
solr_src_java_org_apache_solr_search_function_ScaleFloatFunction.java,94,warning,2
solr_src_java_org_apache_solr_search_function_ScaleFloatFunction.java,43,warning,2
solr_src_java_org_apache_solr_search_function_ScaleFloatFunction.java,87,warning,2
solr_src_java_org_apache_solr_search_function_ScaleFloatFunction.java,123,warning,2
solr_src_java_org_apache_solr_search_function_ScaleFloatFunction.java,109,warning,2
solr_src_java_org_apache_solr_search_function_ScaleFloatFunction.java,97,warning,2
solr_src_java_org_apache_solr_search_function_ScaleFloatFunction.java,128,error,1
solr_src_java_org_apache_solr_search_function_ScaleFloatFunction.java,130,error,1
solr_src_java_org_apache_solr_search_function_ScaleFloatFunction.java,42,error,1
solr_src_java_org_apache_solr_search_function_ScaleFloatFunction.java,60,error,1
solr_src_java_org_apache_solr_search_function_ScaleFloatFunction.java,89,warning,2
solr_src_java_org_apache_solr_search_function_ScaleFloatFunction.java,92,warning,2
solr_src_java_org_apache_solr_search_function_ScaleFloatFunction.java,132,warning,2
solr_src_java_org_apache_solr_search_function_ScaleFloatFunction.java,23,warning,2
solr_src_java_org_apache_solr_search_function_ScaleFloatFunction.java,115,warning,2
solr_src_java_org_apache_solr_search_function_ScaleFloatFunction.java,139,warning,2
solr_src_java_org_apache_solr_search_function_ScaleFloatFunction.java,107,error,1
solr_src_java_org_apache_solr_search_function_ScaleFloatFunction.java,140,warning,2
solr_src_java_org_apache_solr_search_function_ScaleFloatFunction.java,96,error,1
solr_src_java_org_apache_solr_search_function_ScaleFloatFunction.java,131,warning,2
solr_src_java_org_apache_solr_search_function_ScaleFloatFunction.java,28,warning,2
solr_src_java_org_apache_solr_search_function_ScaleFloatFunction.java,95,error,1
solr_src_java_org_apache_solr_search_function_ScaleFloatFunction.java,81,warning,2
solr_src_java_org_apache_solr_search_function_ScaleFloatFunction.java,54,error,1
solr_src_java_org_apache_solr_search_function_ScaleFloatFunction.java,44,warning,2
solr_src_java_org_apache_solr_search_function_ScaleFloatFunction.java,101,warning,2
solr_src_java_org_apache_solr_search_function_ScaleFloatFunction.java,63,error,1
solr_src_java_org_apache_solr_search_function_ScaleFloatFunction.java,85,error,1
solr_src_java_org_apache_solr_search_function_ScaleFloatFunction.java,55,warning,2
solr_src_java_org_apache_solr_search_function_ScaleFloatFunction.java,79,warning,2
solr_src_java_org_apache_solr_search_function_ScaleFloatFunction.java,121,error,1
solr_src_java_org_apache_solr_search_function_ScaleFloatFunction.java,86,warning,2
solr_src_java_org_apache_solr_search_function_ScaleFloatFunction.java,102,warning,2
solr_src_java_org_apache_solr_search_function_ScaleFloatFunction.java,39,error,1
solr_src_java_org_apache_solr_search_function_ScaleFloatFunction.java,8,warning,2
solr_src_java_org_apache_solr_search_function_ScaleFloatFunction.java,141,warning,2
solr_src_java_org_apache_solr_search_function_ScaleFloatFunction.java,71,error,1
solr_src_java_org_apache_solr_search_function_ScaleFloatFunction.java,80,warning,2
solr_src_java_org_apache_solr_search_function_ScaleFloatFunction.java,50,warning,2
solr_src_java_org_apache_solr_search_function_ScaleFloatFunction.java,142,warning,2
solr_src_java_org_apache_solr_search_function_ScaleFloatFunction.java,103,error,1
solr_src_java_org_apache_solr_search_function_ScaleFloatFunction.java,108,warning,2
solr_src_java_org_apache_solr_search_function_ScaleFloatFunction.java,138,error,1
solr_src_java_org_apache_solr_search_function_ScaleFloatFunction.java,129,warning,2
solr_src_java_org_apache_solr_search_function_ScaleFloatFunction.java,120,error,1
solr_src_java_org_apache_solr_search_function_ScaleFloatFunction.java,1,error,1
solr_src_java_org_apache_solr_search_function_ScaleFloatFunction.java,83,warning,2
solr_src_java_org_apache_solr_search_function_ScaleFloatFunction.java,76,warning,2
solr_src_java_org_apache_solr_search_function_ScaleFloatFunction.java,137,error,1
solr_src_java_org_apache_solr_search_function_ScaleFloatFunction.java,82,warning,2
solr_src_java_org_apache_solr_search_function_ScaleFloatFunction.java,72,warning,2
solr_src_java_org_apache_solr_search_function_ScaleFloatFunction.java,112,warning,2
solr_src_java_org_apache_solr_search_function_ScaleFloatFunction.java,99,error,1
solr_src_java_org_apache_solr_search_function_ScaleFloatFunction.java,46,warning,2
solr_src_java_org_apache_solr_search_function_ScaleFloatFunction.java,56,warning,2
solr_src_java_org_apache_solr_search_function_ScaleFloatFunction.java,51,warning,2
solr_src_java_org_apache_solr_search_function_ScaleFloatFunction.java,77,warning,2
solr_src_java_org_apache_solr_search_function_ScaleFloatFunction.java,106,warning,2
solr_src_java_org_apache_solr_search_function_ScaleFloatFunction.java,111,error,1
solr_src_java_org_apache_solr_search_function_DoubleConstValueSource.java,34,warning,2
solr_src_java_org_apache_solr_search_function_DoubleConstValueSource.java,32,error,1
solr_src_java_org_apache_solr_search_function_DoubleConstValueSource.java,62,warning,2
solr_src_java_org_apache_solr_search_function_DoubleConstValueSource.java,91,error,1
solr_src_java_org_apache_solr_search_function_DoubleConstValueSource.java,69,warning,2
solr_src_java_org_apache_solr_search_function_DoubleConstValueSource.java,45,error,1
solr_src_java_org_apache_solr_search_function_DoubleConstValueSource.java,49,warning,2
solr_src_java_org_apache_solr_search_function_DoubleConstValueSource.java,104,error,1
solr_src_java_org_apache_solr_search_function_DoubleConstValueSource.java,65,error,1
solr_src_java_org_apache_solr_search_function_DoubleConstValueSource.java,10,warning,2
solr_src_java_org_apache_solr_search_function_DoubleConstValueSource.java,30,error,1
solr_src_java_org_apache_solr_search_function_DoubleConstValueSource.java,38,warning,2
solr_src_java_org_apache_solr_search_function_DoubleConstValueSource.java,27,error,1
solr_src_java_org_apache_solr_search_function_DoubleConstValueSource.java,31,warning,2
solr_src_java_org_apache_solr_search_function_DoubleConstValueSource.java,64,warning,2
solr_src_java_org_apache_solr_search_function_DoubleConstValueSource.java,66,warning,2
solr_src_java_org_apache_solr_search_function_DoubleConstValueSource.java,59,warning,2
solr_src_java_org_apache_solr_search_function_DoubleConstValueSource.java,78,warning,2
solr_src_java_org_apache_solr_search_function_DoubleConstValueSource.java,51,warning,2
solr_src_java_org_apache_solr_search_function_DoubleConstValueSource.java,74,warning,2
solr_src_java_org_apache_solr_search_function_DoubleConstValueSource.java,94,error,1
solr_src_java_org_apache_solr_search_function_DoubleConstValueSource.java,43,warning,2
solr_src_java_org_apache_solr_search_function_DoubleConstValueSource.java,87,warning,2
solr_src_java_org_apache_solr_search_function_DoubleConstValueSource.java,61,warning,2
solr_src_java_org_apache_solr_search_function_DoubleConstValueSource.java,109,error,1
solr_src_java_org_apache_solr_search_function_DoubleConstValueSource.java,97,warning,2
solr_src_java_org_apache_solr_search_function_DoubleConstValueSource.java,42,error,1
solr_src_java_org_apache_solr_search_function_DoubleConstValueSource.java,60,error,1
solr_src_java_org_apache_solr_search_function_DoubleConstValueSource.java,70,error,1
solr_src_java_org_apache_solr_search_function_DoubleConstValueSource.java,89,error,1
solr_src_java_org_apache_solr_search_function_DoubleConstValueSource.java,92,warning,2
solr_src_java_org_apache_solr_search_function_DoubleConstValueSource.java,23,warning,2
solr_src_java_org_apache_solr_search_function_DoubleConstValueSource.java,107,warning,2
solr_src_java_org_apache_solr_search_function_DoubleConstValueSource.java,96,warning,2
solr_src_java_org_apache_solr_search_function_DoubleConstValueSource.java,33,error,1
solr_src_java_org_apache_solr_search_function_DoubleConstValueSource.java,28,error,1
solr_src_java_org_apache_solr_search_function_DoubleConstValueSource.java,25,warning,2
solr_src_java_org_apache_solr_search_function_DoubleConstValueSource.java,54,warning,2
solr_src_java_org_apache_solr_search_function_DoubleConstValueSource.java,44,warning,2
solr_src_java_org_apache_solr_search_function_DoubleConstValueSource.java,111,warning,2
solr_src_java_org_apache_solr_search_function_DoubleConstValueSource.java,101,warning,2
solr_src_java_org_apache_solr_search_function_DoubleConstValueSource.java,52,warning,2
solr_src_java_org_apache_solr_search_function_DoubleConstValueSource.java,85,warning,2
solr_src_java_org_apache_solr_search_function_DoubleConstValueSource.java,55,error,1
solr_src_java_org_apache_solr_search_function_DoubleConstValueSource.java,79,error,1
solr_src_java_org_apache_solr_search_function_DoubleConstValueSource.java,86,warning,2
solr_src_java_org_apache_solr_search_function_DoubleConstValueSource.java,102,warning,2
solr_src_java_org_apache_solr_search_function_DoubleConstValueSource.java,36,error,1
solr_src_java_org_apache_solr_search_function_DoubleConstValueSource.java,57,warning,2
solr_src_java_org_apache_solr_search_function_DoubleConstValueSource.java,8,warning,2
solr_src_java_org_apache_solr_search_function_DoubleConstValueSource.java,84,error,1
solr_src_java_org_apache_solr_search_function_DoubleConstValueSource.java,39,warning,2
solr_src_java_org_apache_solr_search_function_DoubleConstValueSource.java,47,warning,2
solr_src_java_org_apache_solr_search_function_DoubleConstValueSource.java,71,warning,2
solr_src_java_org_apache_solr_search_function_DoubleConstValueSource.java,80,warning,2
solr_src_java_org_apache_solr_search_function_DoubleConstValueSource.java,50,error,1
solr_src_java_org_apache_solr_search_function_DoubleConstValueSource.java,41,error,1
solr_src_java_org_apache_solr_search_function_DoubleConstValueSource.java,1,error,1
solr_src_java_org_apache_solr_search_function_DoubleConstValueSource.java,26,error,1
solr_src_java_org_apache_solr_search_function_DoubleConstValueSource.java,83,error,1
solr_src_java_org_apache_solr_search_function_DoubleConstValueSource.java,67,warning,2
solr_src_java_org_apache_solr_search_function_DoubleConstValueSource.java,72,warning,2
solr_src_java_org_apache_solr_search_function_DoubleConstValueSource.java,112,warning,2
solr_src_java_org_apache_solr_search_function_DoubleConstValueSource.java,99,error,1
solr_src_java_org_apache_solr_search_function_DoubleConstValueSource.java,46,warning,2
solr_src_java_org_apache_solr_search_function_DoubleConstValueSource.java,56,warning,2
solr_src_java_org_apache_solr_search_function_DoubleConstValueSource.java,22,warning,2
solr_src_java_org_apache_solr_search_function_DoubleConstValueSource.java,82,error,1
solr_src_java_org_apache_solr_search_function_DoubleConstValueSource.java,106,warning,2
solr_src_java_org_apache_solr_search_function_DoubleConstValueSource.java,76,error,1
lucene_contrib_queryparser_src_java_org_apache_lucene_queryParser_core_nodes_QueryNodeImpl.java,166,warning,2
lucene_contrib_queryparser_src_java_org_apache_lucene_queryParser_core_nodes_QueryNodeImpl.java,151,warning,2
lucene_contrib_queryparser_src_java_org_apache_lucene_queryParser_core_nodes_QueryNodeImpl.java,188,warning,2
lucene_contrib_queryparser_src_java_org_apache_lucene_queryParser_core_nodes_QueryNodeImpl.java,62,warning,2
lucene_contrib_queryparser_src_java_org_apache_lucene_queryParser_core_nodes_QueryNodeImpl.java,273,warning,2
lucene_contrib_queryparser_src_java_org_apache_lucene_queryParser_core_nodes_QueryNodeImpl.java,91,warning,2
lucene_contrib_queryparser_src_java_org_apache_lucene_queryParser_core_nodes_QueryNodeImpl.java,45,error,1
lucene_contrib_queryparser_src_java_org_apache_lucene_queryParser_core_nodes_QueryNodeImpl.java,37,warning,2
lucene_contrib_queryparser_src_java_org_apache_lucene_queryParser_core_nodes_QueryNodeImpl.java,168,error,1
lucene_contrib_queryparser_src_java_org_apache_lucene_queryParser_core_nodes_QueryNodeImpl.java,127,warning,2
lucene_contrib_queryparser_src_java_org_apache_lucene_queryParser_core_nodes_QueryNodeImpl.java,210,warning,2
lucene_contrib_queryparser_src_java_org_apache_lucene_queryParser_core_nodes_QueryNodeImpl.java,125,warning,2
lucene_contrib_queryparser_src_java_org_apache_lucene_queryParser_core_nodes_QueryNodeImpl.java,149,warning,2
lucene_contrib_queryparser_src_java_org_apache_lucene_queryParser_core_nodes_QueryNodeImpl.java,254,warning,2
lucene_contrib_queryparser_src_java_org_apache_lucene_queryParser_core_nodes_QueryNodeImpl.java,126,warning,2
lucene_contrib_queryparser_src_java_org_apache_lucene_queryParser_core_nodes_QueryNodeImpl.java,104,warning,2
lucene_contrib_queryparser_src_java_org_apache_lucene_queryParser_core_nodes_QueryNodeImpl.java,145,warning,2
lucene_contrib_queryparser_src_java_org_apache_lucene_queryParser_core_nodes_QueryNodeImpl.java,65,warning,2
lucene_contrib_queryparser_src_java_org_apache_lucene_queryParser_core_nodes_QueryNodeImpl.java,190,error,1
lucene_contrib_queryparser_src_java_org_apache_lucene_queryParser_core_nodes_QueryNodeImpl.java,27,warning,2
lucene_contrib_queryparser_src_java_org_apache_lucene_queryParser_core_nodes_QueryNodeImpl.java,288,warning,2
lucene_contrib_queryparser_src_java_org_apache_lucene_queryParser_core_nodes_QueryNodeImpl.java,136,error,1
lucene_contrib_queryparser_src_java_org_apache_lucene_queryParser_core_nodes_QueryNodeImpl.java,199,error,1
lucene_contrib_queryparser_src_java_org_apache_lucene_queryParser_core_nodes_QueryNodeImpl.java,161,warning,2
lucene_contrib_queryparser_src_java_org_apache_lucene_queryParser_core_nodes_QueryNodeImpl.java,198,error,1
lucene_contrib_queryparser_src_java_org_apache_lucene_queryParser_core_nodes_QueryNodeImpl.java,269,warning,2
lucene_contrib_queryparser_src_java_org_apache_lucene_queryParser_core_nodes_QueryNodeImpl.java,275,warning,2
lucene_contrib_queryparser_src_java_org_apache_lucene_queryParser_core_nodes_QueryNodeImpl.java,118,warning,2
lucene_contrib_queryparser_src_java_org_apache_lucene_queryParser_core_nodes_QueryNodeImpl.java,209,error,1
lucene_contrib_queryparser_src_java_org_apache_lucene_queryParser_core_nodes_QueryNodeImpl.java,277,warning,2
lucene_contrib_queryparser_src_java_org_apache_lucene_queryParser_core_nodes_QueryNodeImpl.java,193,warning,2
lucene_contrib_queryparser_src_java_org_apache_lucene_queryParser_core_nodes_QueryNodeImpl.java,186,error,1
lucene_contrib_queryparser_src_java_org_apache_lucene_queryParser_core_nodes_QueryNodeImpl.java,87,warning,2
lucene_contrib_queryparser_src_java_org_apache_lucene_queryParser_core_nodes_QueryNodeImpl.java,218,warning,2
lucene_contrib_queryparser_src_java_org_apache_lucene_queryParser_core_nodes_QueryNodeImpl.java,109,warning,2
lucene_contrib_queryparser_src_java_org_apache_lucene_queryParser_core_nodes_QueryNodeImpl.java,3,error,1
lucene_contrib_queryparser_src_java_org_apache_lucene_queryParser_core_nodes_QueryNodeImpl.java,97,warning,2
lucene_contrib_queryparser_src_java_org_apache_lucene_queryParser_core_nodes_QueryNodeImpl.java,224,error,1
lucene_contrib_queryparser_src_java_org_apache_lucene_queryParser_core_nodes_QueryNodeImpl.java,89,error,1
lucene_contrib_queryparser_src_java_org_apache_lucene_queryParser_core_nodes_QueryNodeImpl.java,191,error,1
lucene_contrib_queryparser_src_java_org_apache_lucene_queryParser_core_nodes_QueryNodeImpl.java,128,warning,2
lucene_contrib_queryparser_src_java_org_apache_lucene_queryParser_core_nodes_QueryNodeImpl.java,130,warning,2
lucene_contrib_queryparser_src_java_org_apache_lucene_queryParser_core_nodes_QueryNodeImpl.java,92,warning,2
lucene_contrib_queryparser_src_java_org_apache_lucene_queryParser_core_nodes_QueryNodeImpl.java,289,warning,2
lucene_contrib_queryparser_src_java_org_apache_lucene_queryParser_core_nodes_QueryNodeImpl.java,115,warning,2
lucene_contrib_queryparser_src_java_org_apache_lucene_queryParser_core_nodes_QueryNodeImpl.java,247,error,1
lucene_contrib_queryparser_src_java_org_apache_lucene_queryParser_core_nodes_QueryNodeImpl.java,131,warning,2
lucene_contrib_queryparser_src_java_org_apache_lucene_queryParser_core_nodes_QueryNodeImpl.java,159,warning,2
lucene_contrib_queryparser_src_java_org_apache_lucene_queryParser_core_nodes_QueryNodeImpl.java,143,warning,2
lucene_contrib_queryparser_src_java_org_apache_lucene_queryParser_core_nodes_QueryNodeImpl.java,152,warning,2
lucene_contrib_queryparser_src_java_org_apache_lucene_queryParser_core_nodes_QueryNodeImpl.java,204,warning,2
lucene_contrib_queryparser_src_java_org_apache_lucene_queryParser_core_nodes_QueryNodeImpl.java,265,error,1
lucene_contrib_queryparser_src_java_org_apache_lucene_queryParser_core_nodes_QueryNodeImpl.java,257,warning,2
lucene_contrib_queryparser_src_java_org_apache_lucene_queryParser_core_nodes_QueryNodeImpl.java,205,warning,2
lucene_contrib_queryparser_src_java_org_apache_lucene_queryParser_core_nodes_QueryNodeImpl.java,52,warning,2
lucene_contrib_queryparser_src_java_org_apache_lucene_queryParser_core_nodes_QueryNodeImpl.java,85,error,1
lucene_contrib_queryparser_src_java_org_apache_lucene_queryParser_core_nodes_QueryNodeImpl.java,55,warning,2
lucene_contrib_queryparser_src_java_org_apache_lucene_queryParser_core_nodes_QueryNodeImpl.java,58,warning,2
lucene_contrib_queryparser_src_java_org_apache_lucene_queryParser_core_nodes_QueryNodeImpl.java,79,warning,2
lucene_contrib_queryparser_src_java_org_apache_lucene_queryParser_core_nodes_QueryNodeImpl.java,217,error,1
lucene_contrib_queryparser_src_java_org_apache_lucene_queryParser_core_nodes_QueryNodeImpl.java,102,warning,2
lucene_contrib_queryparser_src_java_org_apache_lucene_queryParser_core_nodes_QueryNodeImpl.java,215,warning,2
lucene_contrib_queryparser_src_java_org_apache_lucene_queryParser_core_nodes_QueryNodeImpl.java,232,error,1
lucene_contrib_queryparser_src_java_org_apache_lucene_queryParser_core_nodes_QueryNodeImpl.java,180,error,1
lucene_contrib_queryparser_src_java_org_apache_lucene_queryParser_core_nodes_QueryNodeImpl.java,178,warning,2
lucene_contrib_queryparser_src_java_org_apache_lucene_queryParser_core_nodes_QueryNodeImpl.java,177,warning,2
lucene_contrib_queryparser_src_java_org_apache_lucene_queryParser_core_nodes_QueryNodeImpl.java,187,warning,2
lucene_contrib_queryparser_src_java_org_apache_lucene_queryParser_core_nodes_QueryNodeImpl.java,1,error,1
lucene_contrib_queryparser_src_java_org_apache_lucene_queryParser_core_nodes_QueryNodeImpl.java,83,warning,2
lucene_contrib_queryparser_src_java_org_apache_lucene_queryParser_core_nodes_QueryNodeImpl.java,214,warning,2
lucene_contrib_queryparser_src_java_org_apache_lucene_queryParser_core_nodes_QueryNodeImpl.java,67,warning,2
lucene_contrib_queryparser_src_java_org_apache_lucene_queryParser_core_nodes_QueryNodeImpl.java,72,error,1
lucene_contrib_queryparser_src_java_org_apache_lucene_queryParser_core_nodes_QueryNodeImpl.java,192,warning,2
lucene_contrib_queryparser_src_java_org_apache_lucene_queryParser_core_nodes_QueryNodeImpl.java,112,warning,2
lucene_contrib_queryparser_src_java_org_apache_lucene_queryParser_core_nodes_QueryNodeImpl.java,150,warning,2
lucene_contrib_queryparser_src_java_org_apache_lucene_queryParser_core_nodes_QueryNodeImpl.java,170,warning,2
lucene_contrib_queryparser_src_java_org_apache_lucene_queryParser_core_nodes_QueryNodeImpl.java,75,warning,2
lucene_contrib_queryparser_src_java_org_apache_lucene_queryParser_core_nodes_QueryNodeImpl.java,51,warning,2
lucene_contrib_queryparser_src_java_org_apache_lucene_queryParser_core_nodes_QueryNodeImpl.java,169,warning,2
lucene_contrib_queryparser_src_java_org_apache_lucene_queryParser_core_nodes_QueryNodeImpl.java,106,warning,2
lucene_contrib_queryparser_src_java_org_apache_lucene_queryParser_core_nodes_QueryNodeImpl.java,114,warning,2
lucene_contrib_queryparser_src_java_org_apache_lucene_queryParser_core_nodes_QueryNodeImpl.java,271,warning,2
lucene_contrib_queryparser_src_java_org_apache_lucene_queryParser_core_nodes_QueryNodeImpl.java,134,warning,2
lucene_contrib_queryparser_src_java_org_apache_lucene_queryParser_core_nodes_QueryNodeImpl.java,272,warning,2
lucene_contrib_queryparser_src_java_org_apache_lucene_queryParser_core_nodes_QueryNodeImpl.java,113,warning,2
lucene_contrib_queryparser_src_java_org_apache_lucene_queryParser_core_nodes_QueryNodeImpl.java,195,warning,2
lucene_contrib_queryparser_src_java_org_apache_lucene_queryParser_core_nodes_QueryNodeImpl.java,93,warning,2
lucene_contrib_queryparser_src_java_org_apache_lucene_queryParser_core_nodes_QueryNodeImpl.java,213,error,1
lucene_contrib_queryparser_src_java_org_apache_lucene_queryParser_core_nodes_QueryNodeImpl.java,133,warning,2
lucene_contrib_queryparser_src_java_org_apache_lucene_queryParser_core_nodes_QueryNodeImpl.java,207,error,1
lucene_contrib_queryparser_src_java_org_apache_lucene_queryParser_core_nodes_QueryNodeImpl.java,211,warning,2
lucene_contrib_queryparser_src_java_org_apache_lucene_queryParser_core_nodes_QueryNodeImpl.java,165,warning,2
lucene_contrib_queryparser_src_java_org_apache_lucene_queryParser_core_nodes_QueryNodeImpl.java,249,warning,2
lucene_contrib_queryparser_src_java_org_apache_lucene_queryParser_core_nodes_QueryNodeImpl.java,49,error,1
lucene_contrib_queryparser_src_java_org_apache_lucene_queryParser_core_nodes_QueryNodeImpl.java,175,warning,2
lucene_contrib_queryparser_src_java_org_apache_lucene_queryParser_core_nodes_QueryNodeImpl.java,240,error,1
lucene_contrib_queryparser_src_java_org_apache_lucene_queryParser_core_nodes_QueryNodeImpl.java,221,error,1
lucene_contrib_queryparser_src_java_org_apache_lucene_queryParser_core_nodes_QueryNodeImpl.java,162,warning,2
lucene_contrib_queryparser_src_java_org_apache_lucene_queryParser_core_nodes_QueryNodeImpl.java,31,error,1
lucene_contrib_queryparser_src_java_org_apache_lucene_queryParser_core_nodes_QueryNodeImpl.java,153,warning,2
lucene_contrib_queryparser_src_java_org_apache_lucene_queryParser_core_nodes_QueryNodeImpl.java,160,error,1
lucene_contrib_queryparser_src_java_org_apache_lucene_queryParser_core_nodes_QueryNodeImpl.java,203,error,1
lucene_contrib_queryparser_src_java_org_apache_lucene_queryParser_core_nodes_QueryNodeImpl.java,176,error,1
lucene_contrib_queryparser_src_java_org_apache_lucene_queryParser_core_nodes_QueryNodeImpl.java,259,warning,2
lucene_contrib_queryparser_src_java_org_apache_lucene_queryParser_core_nodes_QueryNodeImpl.java,122,warning,2
lucene_contrib_queryparser_src_java_org_apache_lucene_queryParser_core_nodes_QueryNodeImpl.java,56,warning,2
lucene_contrib_queryparser_src_java_org_apache_lucene_queryParser_core_nodes_QueryNodeImpl.java,74,warning,2
lucene_contrib_queryparser_src_java_org_apache_lucene_queryParser_core_nodes_QueryNodeImpl.java,241,warning,2
lucene_contrib_queryparser_src_java_org_apache_lucene_queryParser_core_nodes_QueryNodeImpl.java,94,warning,2
lucene_contrib_queryparser_src_java_org_apache_lucene_queryParser_core_nodes_QueryNodeImpl.java,43,error,1
lucene_contrib_queryparser_src_java_org_apache_lucene_queryParser_core_nodes_QueryNodeImpl.java,239,warning,2
lucene_contrib_queryparser_src_java_org_apache_lucene_queryParser_core_nodes_QueryNodeImpl.java,286,warning,2
lucene_contrib_queryparser_src_java_org_apache_lucene_queryParser_core_nodes_QueryNodeImpl.java,219,warning,2
lucene_contrib_queryparser_src_java_org_apache_lucene_queryParser_core_nodes_QueryNodeImpl.java,156,warning,2
lucene_contrib_queryparser_src_java_org_apache_lucene_queryParser_core_nodes_QueryNodeImpl.java,164,error,1
lucene_contrib_queryparser_src_java_org_apache_lucene_queryParser_core_nodes_QueryNodeImpl.java,60,error,1
lucene_contrib_queryparser_src_java_org_apache_lucene_queryParser_core_nodes_QueryNodeImpl.java,35,warning,2
lucene_contrib_queryparser_src_java_org_apache_lucene_queryParser_core_nodes_QueryNodeImpl.java,70,warning,2
lucene_contrib_queryparser_src_java_org_apache_lucene_queryParser_core_nodes_QueryNodeImpl.java,154,warning,2
lucene_contrib_queryparser_src_java_org_apache_lucene_queryParser_core_nodes_QueryNodeImpl.java,139,warning,2
lucene_contrib_queryparser_src_java_org_apache_lucene_queryParser_core_nodes_QueryNodeImpl.java,200,warning,2
lucene_contrib_queryparser_src_java_org_apache_lucene_queryParser_core_nodes_QueryNodeImpl.java,95,warning,2
lucene_contrib_queryparser_src_java_org_apache_lucene_queryParser_core_nodes_QueryNodeImpl.java,185,error,1
lucene_contrib_queryparser_src_java_org_apache_lucene_queryParser_core_nodes_QueryNodeImpl.java,81,warning,2
lucene_contrib_queryparser_src_java_org_apache_lucene_queryParser_core_nodes_QueryNodeImpl.java,243,warning,2
lucene_contrib_queryparser_src_java_org_apache_lucene_queryParser_core_nodes_QueryNodeImpl.java,54,warning,2
lucene_contrib_queryparser_src_java_org_apache_lucene_queryParser_core_nodes_QueryNodeImpl.java,256,warning,2
lucene_contrib_queryparser_src_java_org_apache_lucene_queryParser_core_nodes_QueryNodeImpl.java,63,warning,2
lucene_contrib_queryparser_src_java_org_apache_lucene_queryParser_core_nodes_QueryNodeImpl.java,86,warning,2
lucene_contrib_queryparser_src_java_org_apache_lucene_queryParser_core_nodes_QueryNodeImpl.java,237,error,1
lucene_contrib_queryparser_src_java_org_apache_lucene_queryParser_core_nodes_QueryNodeImpl.java,119,warning,2
lucene_contrib_queryparser_src_java_org_apache_lucene_queryParser_core_nodes_QueryNodeImpl.java,172,warning,2
lucene_contrib_queryparser_src_java_org_apache_lucene_queryParser_core_nodes_QueryNodeImpl.java,117,error,1
lucene_contrib_queryparser_src_java_org_apache_lucene_queryParser_core_nodes_QueryNodeImpl.java,141,error,1
lucene_contrib_queryparser_src_java_org_apache_lucene_queryParser_core_nodes_QueryNodeImpl.java,47,error,1
lucene_contrib_queryparser_src_java_org_apache_lucene_queryParser_core_nodes_QueryNodeImpl.java,80,warning,2
lucene_contrib_queryparser_src_java_org_apache_lucene_queryParser_core_nodes_QueryNodeImpl.java,142,warning,2
lucene_contrib_queryparser_src_java_org_apache_lucene_queryParser_core_nodes_QueryNodeImpl.java,41,error,1
lucene_contrib_queryparser_src_java_org_apache_lucene_queryParser_core_nodes_QueryNodeImpl.java,68,warning,2
lucene_contrib_queryparser_src_java_org_apache_lucene_queryParser_core_nodes_QueryNodeImpl.java,138,warning,2
lucene_contrib_queryparser_src_java_org_apache_lucene_queryParser_core_nodes_QueryNodeImpl.java,129,warning,2
lucene_contrib_queryparser_src_java_org_apache_lucene_queryParser_core_nodes_QueryNodeImpl.java,279,warning,2
lucene_contrib_queryparser_src_java_org_apache_lucene_queryParser_core_nodes_QueryNodeImpl.java,238,error,1
lucene_contrib_queryparser_src_java_org_apache_lucene_queryParser_core_nodes_QueryNodeImpl.java,245,warning,2
lucene_contrib_queryparser_src_java_org_apache_lucene_queryParser_core_nodes_QueryNodeImpl.java,226,error,1
lucene_contrib_queryparser_src_java_org_apache_lucene_queryParser_core_nodes_QueryNodeImpl.java,201,warning,2
lucene_contrib_queryparser_src_java_org_apache_lucene_queryParser_core_nodes_QueryNodeImpl.java,99,warning,2
lucene_contrib_queryparser_src_java_org_apache_lucene_queryParser_core_nodes_QueryNodeImpl.java,242,error,1
lucene_contrib_queryparser_src_java_org_apache_lucene_queryParser_core_nodes_QueryNodeImpl.java,268,warning,2
lucene_contrib_queryparser_src_java_org_apache_lucene_queryParser_core_nodes_QueryNodeImpl.java,244,warning,2
lucene_contrib_queryparser_src_java_org_apache_lucene_queryParser_core_nodes_QueryNodeImpl.java,77,warning,2
solr_src_java_org_apache_solr_search_function_DualFloatFunction.java,34,error,1
solr_src_java_org_apache_solr_search_function_DualFloatFunction.java,62,error,1
solr_src_java_org_apache_solr_search_function_DualFloatFunction.java,93,warning,2
solr_src_java_org_apache_solr_search_function_DualFloatFunction.java,100,warning,2
solr_src_java_org_apache_solr_search_function_DualFloatFunction.java,24,warning,2
solr_src_java_org_apache_solr_search_function_DualFloatFunction.java,91,warning,2
solr_src_java_org_apache_solr_search_function_DualFloatFunction.java,69,error,1
solr_src_java_org_apache_solr_search_function_DualFloatFunction.java,90,error,1
solr_src_java_org_apache_solr_search_function_DualFloatFunction.java,37,warning,2
solr_src_java_org_apache_solr_search_function_DualFloatFunction.java,45,warning,2
solr_src_java_org_apache_solr_search_function_DualFloatFunction.java,98,error,1
solr_src_java_org_apache_solr_search_function_DualFloatFunction.java,49,warning,2
solr_src_java_org_apache_solr_search_function_DualFloatFunction.java,48,error,1
solr_src_java_org_apache_solr_search_function_DualFloatFunction.java,65,error,1
solr_src_java_org_apache_solr_search_function_DualFloatFunction.java,10,warning,2
solr_src_java_org_apache_solr_search_function_DualFloatFunction.java,30,warning,2
solr_src_java_org_apache_solr_search_function_DualFloatFunction.java,27,error,1
solr_src_java_org_apache_solr_search_function_DualFloatFunction.java,73,error,1
solr_src_java_org_apache_solr_search_function_DualFloatFunction.java,88,error,1
solr_src_java_org_apache_solr_search_function_DualFloatFunction.java,40,warning,2
solr_src_java_org_apache_solr_search_function_DualFloatFunction.java,64,warning,2
solr_src_java_org_apache_solr_search_function_DualFloatFunction.java,66,warning,2
solr_src_java_org_apache_solr_search_function_DualFloatFunction.java,53,error,1
solr_src_java_org_apache_solr_search_function_DualFloatFunction.java,59,warning,2
solr_src_java_org_apache_solr_search_function_DualFloatFunction.java,51,warning,2
solr_src_java_org_apache_solr_search_function_DualFloatFunction.java,74,warning,2
solr_src_java_org_apache_solr_search_function_DualFloatFunction.java,87,warning,2
solr_src_java_org_apache_solr_search_function_DualFloatFunction.java,61,error,1
solr_src_java_org_apache_solr_search_function_DualFloatFunction.java,97,error,1
solr_src_java_org_apache_solr_search_function_DualFloatFunction.java,42,error,1
solr_src_java_org_apache_solr_search_function_DualFloatFunction.java,35,warning,2
solr_src_java_org_apache_solr_search_function_DualFloatFunction.java,60,warning,2
solr_src_java_org_apache_solr_search_function_DualFloatFunction.java,70,warning,2
solr_src_java_org_apache_solr_search_function_DualFloatFunction.java,89,warning,2
solr_src_java_org_apache_solr_search_function_DualFloatFunction.java,23,warning,2
solr_src_java_org_apache_solr_search_function_DualFloatFunction.java,92,warning,2
solr_src_java_org_apache_solr_search_function_DualFloatFunction.java,96,error,1
solr_src_java_org_apache_solr_search_function_DualFloatFunction.java,28,error,1
solr_src_java_org_apache_solr_search_function_DualFloatFunction.java,95,error,1
solr_src_java_org_apache_solr_search_function_DualFloatFunction.java,81,error,1
solr_src_java_org_apache_solr_search_function_DualFloatFunction.java,54,warning,2
solr_src_java_org_apache_solr_search_function_DualFloatFunction.java,44,warning,2
solr_src_java_org_apache_solr_search_function_DualFloatFunction.java,101,warning,2
solr_src_java_org_apache_solr_search_function_DualFloatFunction.java,52,warning,2
solr_src_java_org_apache_solr_search_function_DualFloatFunction.java,85,error,1
solr_src_java_org_apache_solr_search_function_DualFloatFunction.java,63,warning,2
solr_src_java_org_apache_solr_search_function_DualFloatFunction.java,58,error,1
solr_src_java_org_apache_solr_search_function_DualFloatFunction.java,55,warning,2
solr_src_java_org_apache_solr_search_function_DualFloatFunction.java,79,error,1
solr_src_java_org_apache_solr_search_function_DualFloatFunction.java,36,warning,2
solr_src_java_org_apache_solr_search_function_DualFloatFunction.java,57,error,1
solr_src_java_org_apache_solr_search_function_DualFloatFunction.java,8,warning,2
solr_src_java_org_apache_solr_search_function_DualFloatFunction.java,39,warning,2
solr_src_java_org_apache_solr_search_function_DualFloatFunction.java,47,error,1
solr_src_java_org_apache_solr_search_function_DualFloatFunction.java,71,warning,2
solr_src_java_org_apache_solr_search_function_DualFloatFunction.java,80,error,1
solr_src_java_org_apache_solr_search_function_DualFloatFunction.java,50,warning,2
solr_src_java_org_apache_solr_search_function_DualFloatFunction.java,68,warning,2
solr_src_java_org_apache_solr_search_function_DualFloatFunction.java,1,error,1
solr_src_java_org_apache_solr_search_function_DualFloatFunction.java,26,warning,2
solr_src_java_org_apache_solr_search_function_DualFloatFunction.java,83,warning,2
solr_src_java_org_apache_solr_search_function_DualFloatFunction.java,67,warning,2
solr_src_java_org_apache_solr_search_function_DualFloatFunction.java,72,warning,2
solr_src_java_org_apache_solr_search_function_DualFloatFunction.java,99,warning,2
solr_src_java_org_apache_solr_search_function_DualFloatFunction.java,56,warning,2
solr_src_java_org_apache_solr_search_function_DualFloatFunction.java,75,warning,2
solr_src_java_org_apache_solr_search_function_DualFloatFunction.java,82,error,1
solr_src_java_org_apache_solr_search_function_DualFloatFunction.java,77,warning,2
solr_src_java_org_apache_solr_search_function_LongFieldSource.java,114,warning,2
solr_src_java_org_apache_solr_search_function_LongFieldSource.java,135,warning,2
solr_src_java_org_apache_solr_search_function_LongFieldSource.java,134,warning,2
solr_src_java_org_apache_solr_search_function_LongFieldSource.java,113,warning,2
solr_src_java_org_apache_solr_search_function_LongFieldSource.java,62,warning,2
solr_src_java_org_apache_solr_search_function_LongFieldSource.java,93,warning,2
solr_src_java_org_apache_solr_search_function_LongFieldSource.java,100,warning,2
solr_src_java_org_apache_solr_search_function_LongFieldSource.java,133,error,1
solr_src_java_org_apache_solr_search_function_LongFieldSource.java,24,warning,2
solr_src_java_org_apache_solr_search_function_LongFieldSource.java,91,warning,2
solr_src_java_org_apache_solr_search_function_LongFieldSource.java,110,error,1
solr_src_java_org_apache_solr_search_function_LongFieldSource.java,69,error,1
solr_src_java_org_apache_solr_search_function_LongFieldSource.java,90,warning,2
solr_src_java_org_apache_solr_search_function_LongFieldSource.java,45,warning,2
solr_src_java_org_apache_solr_search_function_LongFieldSource.java,116,warning,2
solr_src_java_org_apache_solr_search_function_LongFieldSource.java,125,warning,2
solr_src_java_org_apache_solr_search_function_LongFieldSource.java,49,warning,2
solr_src_java_org_apache_solr_search_function_LongFieldSource.java,104,warning,2
solr_src_java_org_apache_solr_search_function_LongFieldSource.java,145,warning,2
solr_src_java_org_apache_solr_search_function_LongFieldSource.java,65,warning,2
solr_src_java_org_apache_solr_search_function_LongFieldSource.java,10,warning,2
solr_src_java_org_apache_solr_search_function_LongFieldSource.java,38,error,1
solr_src_java_org_apache_solr_search_function_LongFieldSource.java,73,warning,2
solr_src_java_org_apache_solr_search_function_LongFieldSource.java,40,warning,2
solr_src_java_org_apache_solr_search_function_LongFieldSource.java,88,warning,2
solr_src_java_org_apache_solr_search_function_LongFieldSource.java,64,error,1
solr_src_java_org_apache_solr_search_function_LongFieldSource.java,136,error,1
solr_src_java_org_apache_solr_search_function_LongFieldSource.java,53,error,1
solr_src_java_org_apache_solr_search_function_LongFieldSource.java,66,warning,2
solr_src_java_org_apache_solr_search_function_LongFieldSource.java,59,error,1
solr_src_java_org_apache_solr_search_function_LongFieldSource.java,122,warning,2
solr_src_java_org_apache_solr_search_function_LongFieldSource.java,118,error,1
solr_src_java_org_apache_solr_search_function_LongFieldSource.java,78,warning,2
solr_src_java_org_apache_solr_search_function_LongFieldSource.java,74,error,1
solr_src_java_org_apache_solr_search_function_LongFieldSource.java,94,error,1
solr_src_java_org_apache_solr_search_function_LongFieldSource.java,43,warning,2
solr_src_java_org_apache_solr_search_function_LongFieldSource.java,123,warning,2
solr_src_java_org_apache_solr_search_function_LongFieldSource.java,109,warning,2
solr_src_java_org_apache_solr_search_function_LongFieldSource.java,42,error,1
solr_src_java_org_apache_solr_search_function_LongFieldSource.java,60,error,1
solr_src_java_org_apache_solr_search_function_LongFieldSource.java,89,error,1
solr_src_java_org_apache_solr_search_function_LongFieldSource.java,132,error,1
solr_src_java_org_apache_solr_search_function_LongFieldSource.java,35,warning,2
solr_src_java_org_apache_solr_search_function_LongFieldSource.java,70,warning,2
solr_src_java_org_apache_solr_search_function_LongFieldSource.java,140,error,1
solr_src_java_org_apache_solr_search_function_LongFieldSource.java,107,warning,2
solr_src_java_org_apache_solr_search_function_LongFieldSource.java,131,error,1
solr_src_java_org_apache_solr_search_function_LongFieldSource.java,28,error,1
solr_src_java_org_apache_solr_search_function_LongFieldSource.java,95,error,1
solr_src_java_org_apache_solr_search_function_LongFieldSource.java,81,warning,2
solr_src_java_org_apache_solr_search_function_LongFieldSource.java,25,warning,2
solr_src_java_org_apache_solr_search_function_LongFieldSource.java,143,warning,2
solr_src_java_org_apache_solr_search_function_LongFieldSource.java,54,warning,2
solr_src_java_org_apache_solr_search_function_LongFieldSource.java,44,warning,2
solr_src_java_org_apache_solr_search_function_LongFieldSource.java,101,warning,2
solr_src_java_org_apache_solr_search_function_LongFieldSource.java,63,warning,2
solr_src_java_org_apache_solr_search_function_LongFieldSource.java,85,warning,2
solr_src_java_org_apache_solr_search_function_LongFieldSource.java,58,error,1
solr_src_java_org_apache_solr_search_function_LongFieldSource.java,55,warning,2
solr_src_java_org_apache_solr_search_function_LongFieldSource.java,79,error,1
solr_src_java_org_apache_solr_search_function_LongFieldSource.java,86,warning,2
solr_src_java_org_apache_solr_search_function_LongFieldSource.java,102,warning,2
solr_src_java_org_apache_solr_search_function_LongFieldSource.java,119,warning,2
solr_src_java_org_apache_solr_search_function_LongFieldSource.java,36,error,1
solr_src_java_org_apache_solr_search_function_LongFieldSource.java,57,error,1
solr_src_java_org_apache_solr_search_function_LongFieldSource.java,117,warning,2
solr_src_java_org_apache_solr_search_function_LongFieldSource.java,8,warning,2
solr_src_java_org_apache_solr_search_function_LongFieldSource.java,84,error,1
solr_src_java_org_apache_solr_search_function_LongFieldSource.java,39,warning,2
solr_src_java_org_apache_solr_search_function_LongFieldSource.java,47,error,1
solr_src_java_org_apache_solr_search_function_LongFieldSource.java,71,warning,2
solr_src_java_org_apache_solr_search_function_LongFieldSource.java,80,warning,2
solr_src_java_org_apache_solr_search_function_LongFieldSource.java,50,warning,2
solr_src_java_org_apache_solr_search_function_LongFieldSource.java,142,error,1
solr_src_java_org_apache_solr_search_function_LongFieldSource.java,103,error,1
solr_src_java_org_apache_solr_search_function_LongFieldSource.java,144,warning,2
solr_src_java_org_apache_solr_search_function_LongFieldSource.java,108,warning,2
solr_src_java_org_apache_solr_search_function_LongFieldSource.java,68,warning,2
solr_src_java_org_apache_solr_search_function_LongFieldSource.java,138,warning,2
solr_src_java_org_apache_solr_search_function_LongFieldSource.java,129,warning,2
solr_src_java_org_apache_solr_search_function_LongFieldSource.java,1,error,1
solr_src_java_org_apache_solr_search_function_LongFieldSource.java,83,warning,2
solr_src_java_org_apache_solr_search_function_LongFieldSource.java,76,warning,2
solr_src_java_org_apache_solr_search_function_LongFieldSource.java,99,error,1
solr_src_java_org_apache_solr_search_function_LongFieldSource.java,75,warning,2
solr_src_java_org_apache_solr_search_function_LongFieldSource.java,106,error,1
solr_src_java_org_apache_solr_search_function_LongFieldSource.java,111,warning,2
solr_src_java_org_apache_solr_schema_RandomSortField.java,166,error,1
solr_src_java_org_apache_solr_schema_RandomSortField.java,135,error,1
solr_src_java_org_apache_solr_schema_RandomSortField.java,91,warning,2
solr_src_java_org_apache_solr_schema_RandomSortField.java,110,error,1
solr_src_java_org_apache_solr_schema_RandomSortField.java,206,warning,2
solr_src_java_org_apache_solr_schema_RandomSortField.java,90,error,1
solr_src_java_org_apache_solr_schema_RandomSortField.java,168,warning,2
solr_src_java_org_apache_solr_schema_RandomSortField.java,210,warning,2
solr_src_java_org_apache_solr_schema_RandomSortField.java,98,error,1
solr_src_java_org_apache_solr_schema_RandomSortField.java,125,warning,2
solr_src_java_org_apache_solr_schema_RandomSortField.java,126,warning,2
solr_src_java_org_apache_solr_schema_RandomSortField.java,174,warning,2
solr_src_java_org_apache_solr_schema_RandomSortField.java,104,error,1
solr_src_java_org_apache_solr_schema_RandomSortField.java,145,warning,2
solr_src_java_org_apache_solr_schema_RandomSortField.java,30,warning,2
solr_src_java_org_apache_solr_schema_RandomSortField.java,190,error,1
solr_src_java_org_apache_solr_schema_RandomSortField.java,73,warning,2
solr_src_java_org_apache_solr_schema_RandomSortField.java,124,error,1
solr_src_java_org_apache_solr_schema_RandomSortField.java,88,error,1
solr_src_java_org_apache_solr_schema_RandomSortField.java,136,warning,2
solr_src_java_org_apache_solr_schema_RandomSortField.java,53,error,1
solr_src_java_org_apache_solr_schema_RandomSortField.java,199,warning,2
solr_src_java_org_apache_solr_schema_RandomSortField.java,118,warning,2
solr_src_java_org_apache_solr_schema_RandomSortField.java,186,error,1
solr_src_java_org_apache_solr_schema_RandomSortField.java,123,warning,2
solr_src_java_org_apache_solr_schema_RandomSortField.java,148,warning,2
solr_src_java_org_apache_solr_schema_RandomSortField.java,128,warning,2
solr_src_java_org_apache_solr_schema_RandomSortField.java,130,error,1
solr_src_java_org_apache_solr_schema_RandomSortField.java,194,warning,2
solr_src_java_org_apache_solr_schema_RandomSortField.java,191,error,1
solr_src_java_org_apache_solr_schema_RandomSortField.java,23,warning,2
solr_src_java_org_apache_solr_schema_RandomSortField.java,115,warning,2
solr_src_java_org_apache_solr_schema_RandomSortField.java,107,error,1
solr_src_java_org_apache_solr_schema_RandomSortField.java,140,warning,2
solr_src_java_org_apache_solr_schema_RandomSortField.java,96,warning,2
solr_src_java_org_apache_solr_schema_RandomSortField.java,131,warning,2
solr_src_java_org_apache_solr_schema_RandomSortField.java,25,error,1
solr_src_java_org_apache_solr_schema_RandomSortField.java,204,error,1
solr_src_java_org_apache_solr_schema_RandomSortField.java,143,warning,2
solr_src_java_org_apache_solr_schema_RandomSortField.java,182,warning,2
solr_src_java_org_apache_solr_schema_RandomSortField.java,205,warning,2
solr_src_java_org_apache_solr_schema_RandomSortField.java,85,warning,2
solr_src_java_org_apache_solr_schema_RandomSortField.java,55,error,1
solr_src_java_org_apache_solr_schema_RandomSortField.java,184,warning,2
solr_src_java_org_apache_solr_schema_RandomSortField.java,84,warning,2
solr_src_java_org_apache_solr_schema_RandomSortField.java,180,error,1
solr_src_java_org_apache_solr_schema_RandomSortField.java,71,error,1
solr_src_java_org_apache_solr_schema_RandomSortField.java,189,warning,2
solr_src_java_org_apache_solr_schema_RandomSortField.java,196,warning,2
solr_src_java_org_apache_solr_schema_RandomSortField.java,177,warning,2
solr_src_java_org_apache_solr_schema_RandomSortField.java,103,warning,2
solr_src_java_org_apache_solr_schema_RandomSortField.java,120,error,1
solr_src_java_org_apache_solr_schema_RandomSortField.java,187,warning,2
solr_src_java_org_apache_solr_schema_RandomSortField.java,1,error,1
solr_src_java_org_apache_solr_schema_RandomSortField.java,83,warning,2
solr_src_java_org_apache_solr_schema_RandomSortField.java,67,error,1
solr_src_java_org_apache_solr_schema_RandomSortField.java,72,error,1
solr_src_java_org_apache_solr_schema_RandomSortField.java,192,warning,2
solr_src_java_org_apache_solr_schema_RandomSortField.java,112,error,1
solr_src_java_org_apache_solr_schema_RandomSortField.java,170,error,1
solr_src_java_org_apache_solr_schema_RandomSortField.java,181,error,1
solr_src_java_org_apache_solr_schema_RandomSortField.java,169,warning,2
solr_src_java_org_apache_solr_schema_RandomSortField.java,106,warning,2
solr_src_java_org_apache_solr_schema_RandomSortField.java,111,warning,2
solr_src_java_org_apache_solr_schema_RandomSortField.java,114,error,1
solr_src_java_org_apache_solr_schema_RandomSortField.java,34,warning,2
solr_src_java_org_apache_solr_schema_RandomSortField.java,134,error,1
solr_src_java_org_apache_solr_schema_RandomSortField.java,113,warning,2
solr_src_java_org_apache_solr_schema_RandomSortField.java,195,error,1
solr_src_java_org_apache_solr_schema_RandomSortField.java,93,error,1
solr_src_java_org_apache_solr_schema_RandomSortField.java,100,warning,2
solr_src_java_org_apache_solr_schema_RandomSortField.java,133,warning,2
solr_src_java_org_apache_solr_schema_RandomSortField.java,211,warning,2
solr_src_java_org_apache_solr_schema_RandomSortField.java,165,error,1
solr_src_java_org_apache_solr_schema_RandomSortField.java,69,warning,2
solr_src_java_org_apache_solr_schema_RandomSortField.java,116,error,1
solr_src_java_org_apache_solr_schema_RandomSortField.java,179,warning,2
solr_src_java_org_apache_solr_schema_RandomSortField.java,175,error,1
solr_src_java_org_apache_solr_schema_RandomSortField.java,212,warning,2
solr_src_java_org_apache_solr_schema_RandomSortField.java,158,warning,2
solr_src_java_org_apache_solr_schema_RandomSortField.java,10,warning,2
solr_src_java_org_apache_solr_schema_RandomSortField.java,163,warning,2
solr_src_java_org_apache_solr_schema_RandomSortField.java,162,warning,2
solr_src_java_org_apache_solr_schema_RandomSortField.java,157,error,1
solr_src_java_org_apache_solr_schema_RandomSortField.java,167,warning,2
solr_src_java_org_apache_solr_schema_RandomSortField.java,153,warning,2
solr_src_java_org_apache_solr_schema_RandomSortField.java,64,error,1
solr_src_java_org_apache_solr_schema_RandomSortField.java,66,error,1
solr_src_java_org_apache_solr_schema_RandomSortField.java,160,error,1
solr_src_java_org_apache_solr_schema_RandomSortField.java,203,error,1
solr_src_java_org_apache_solr_schema_RandomSortField.java,176,error,1
solr_src_java_org_apache_solr_schema_RandomSortField.java,74,warning,2
solr_src_java_org_apache_solr_schema_RandomSortField.java,94,error,1
solr_src_java_org_apache_solr_schema_RandomSortField.java,156,error,1
solr_src_java_org_apache_solr_schema_RandomSortField.java,70,error,1
solr_src_java_org_apache_solr_schema_RandomSortField.java,171,error,1
solr_src_java_org_apache_solr_schema_RandomSortField.java,154,error,1
solr_src_java_org_apache_solr_schema_RandomSortField.java,139,error,1
solr_src_java_org_apache_solr_schema_RandomSortField.java,95,warning,2
solr_src_java_org_apache_solr_schema_RandomSortField.java,81,error,1
solr_src_java_org_apache_solr_schema_RandomSortField.java,185,error,1
solr_src_java_org_apache_solr_schema_RandomSortField.java,54,error,1
solr_src_java_org_apache_solr_schema_RandomSortField.java,101,warning,2
solr_src_java_org_apache_solr_schema_RandomSortField.java,63,warning,2
solr_src_java_org_apache_solr_schema_RandomSortField.java,121,warning,2
solr_src_java_org_apache_solr_schema_RandomSortField.java,146,warning,2
solr_src_java_org_apache_solr_schema_RandomSortField.java,86,warning,2
solr_src_java_org_apache_solr_schema_RandomSortField.java,119,error,1
solr_src_java_org_apache_solr_schema_RandomSortField.java,172,warning,2
solr_src_java_org_apache_solr_schema_RandomSortField.java,8,warning,2
solr_src_java_org_apache_solr_schema_RandomSortField.java,141,warning,2
solr_src_java_org_apache_solr_schema_RandomSortField.java,80,error,1
solr_src_java_org_apache_solr_schema_RandomSortField.java,50,warning,2
solr_src_java_org_apache_solr_schema_RandomSortField.java,144,error,1
solr_src_java_org_apache_solr_schema_RandomSortField.java,68,error,1
solr_src_java_org_apache_solr_schema_RandomSortField.java,138,warning,2
solr_src_java_org_apache_solr_schema_RandomSortField.java,129,error,1
solr_src_java_org_apache_solr_schema_RandomSortField.java,202,error,1
solr_src_java_org_apache_solr_schema_RandomSortField.java,208,error,1
solr_src_java_org_apache_solr_schema_RandomSortField.java,197,warning,2
solr_src_java_org_apache_solr_schema_RandomSortField.java,201,error,1
solr_src_java_org_apache_solr_schema_RandomSortField.java,99,error,1
solr_src_java_org_apache_solr_schema_RandomSortField.java,46,error,1
solr_src_java_org_apache_solr_schema_RandomSortField.java,82,error,1
solr_src_java_org_apache_solr_search_function_distance_VectorDistanceFunction.java,114,warning,2
solr_src_java_org_apache_solr_search_function_distance_VectorDistanceFunction.java,135,warning,2
solr_src_java_org_apache_solr_search_function_distance_VectorDistanceFunction.java,151,error,1
solr_src_java_org_apache_solr_search_function_distance_VectorDistanceFunction.java,100,error,1
solr_src_java_org_apache_solr_search_function_distance_VectorDistanceFunction.java,105,error,1
solr_src_java_org_apache_solr_search_function_distance_VectorDistanceFunction.java,133,warning,2
solr_src_java_org_apache_solr_search_function_distance_VectorDistanceFunction.java,91,warning,2
solr_src_java_org_apache_solr_search_function_distance_VectorDistanceFunction.java,110,error,1
solr_src_java_org_apache_solr_search_function_distance_VectorDistanceFunction.java,90,error,1
solr_src_java_org_apache_solr_search_function_distance_VectorDistanceFunction.java,165,error,1
solr_src_java_org_apache_solr_search_function_distance_VectorDistanceFunction.java,45,error,1
solr_src_java_org_apache_solr_search_function_distance_VectorDistanceFunction.java,168,warning,2
solr_src_java_org_apache_solr_search_function_distance_VectorDistanceFunction.java,127,warning,2
solr_src_java_org_apache_solr_search_function_distance_VectorDistanceFunction.java,116,warning,2
solr_src_java_org_apache_solr_search_function_distance_VectorDistanceFunction.java,125,error,1
solr_src_java_org_apache_solr_search_function_distance_VectorDistanceFunction.java,126,warning,2
solr_src_java_org_apache_solr_search_function_distance_VectorDistanceFunction.java,49,error,1
solr_src_java_org_apache_solr_search_function_distance_VectorDistanceFunction.java,104,warning,2
solr_src_java_org_apache_solr_search_function_distance_VectorDistanceFunction.java,145,error,1
solr_src_java_org_apache_solr_search_function_distance_VectorDistanceFunction.java,27,warning,2
solr_src_java_org_apache_solr_search_function_distance_VectorDistanceFunction.java,73,warning,2
solr_src_java_org_apache_solr_search_function_distance_VectorDistanceFunction.java,163,warning,2
solr_src_java_org_apache_solr_search_function_distance_VectorDistanceFunction.java,124,warning,2
solr_src_java_org_apache_solr_search_function_distance_VectorDistanceFunction.java,157,error,1
solr_src_java_org_apache_solr_search_function_distance_VectorDistanceFunction.java,162,warning,2
solr_src_java_org_apache_solr_search_function_distance_VectorDistanceFunction.java,88,warning,2
solr_src_java_org_apache_solr_search_function_distance_VectorDistanceFunction.java,167,warning,2
solr_src_java_org_apache_solr_search_function_distance_VectorDistanceFunction.java,155,warning,2
solr_src_java_org_apache_solr_search_function_distance_VectorDistanceFunction.java,53,warning,2
solr_src_java_org_apache_solr_search_function_distance_VectorDistanceFunction.java,161,error,1
solr_src_java_org_apache_solr_search_function_distance_VectorDistanceFunction.java,160,error,1
solr_src_java_org_apache_solr_search_function_distance_VectorDistanceFunction.java,59,error,1
solr_src_java_org_apache_solr_search_function_distance_VectorDistanceFunction.java,122,warning,2
solr_src_java_org_apache_solr_search_function_distance_VectorDistanceFunction.java,2,error,1
solr_src_java_org_apache_solr_search_function_distance_VectorDistanceFunction.java,78,warning,2
solr_src_java_org_apache_solr_search_function_distance_VectorDistanceFunction.java,74,warning,2
solr_src_java_org_apache_solr_search_function_distance_VectorDistanceFunction.java,94,warning,2
solr_src_java_org_apache_solr_search_function_distance_VectorDistanceFunction.java,61,warning,2
solr_src_java_org_apache_solr_search_function_distance_VectorDistanceFunction.java,148,warning,2
solr_src_java_org_apache_solr_search_function_distance_VectorDistanceFunction.java,173,warning,2
solr_src_java_org_apache_solr_search_function_distance_VectorDistanceFunction.java,109,warning,2
solr_src_java_org_apache_solr_search_function_distance_VectorDistanceFunction.java,97,warning,2
solr_src_java_org_apache_solr_search_function_distance_VectorDistanceFunction.java,128,warning,2
solr_src_java_org_apache_solr_search_function_distance_VectorDistanceFunction.java,130,warning,2
solr_src_java_org_apache_solr_search_function_distance_VectorDistanceFunction.java,89,warning,2
solr_src_java_org_apache_solr_search_function_distance_VectorDistanceFunction.java,132,warning,2
solr_src_java_org_apache_solr_search_function_distance_VectorDistanceFunction.java,60,warning,2
solr_src_java_org_apache_solr_search_function_distance_VectorDistanceFunction.java,92,warning,2
solr_src_java_org_apache_solr_search_function_distance_VectorDistanceFunction.java,171,warning,2
solr_src_java_org_apache_solr_search_function_distance_VectorDistanceFunction.java,139,warning,2
solr_src_java_org_apache_solr_search_function_distance_VectorDistanceFunction.java,115,error,1
solr_src_java_org_apache_solr_search_function_distance_VectorDistanceFunction.java,154,warning,2
solr_src_java_org_apache_solr_search_function_distance_VectorDistanceFunction.java,107,warning,2
solr_src_java_org_apache_solr_search_function_distance_VectorDistanceFunction.java,140,warning,2
solr_src_java_org_apache_solr_search_function_distance_VectorDistanceFunction.java,96,warning,2
solr_src_java_org_apache_solr_search_function_distance_VectorDistanceFunction.java,131,warning,2
solr_src_java_org_apache_solr_search_function_distance_VectorDistanceFunction.java,159,warning,2
solr_src_java_org_apache_solr_search_function_distance_VectorDistanceFunction.java,169,warning,2
solr_src_java_org_apache_solr_search_function_distance_VectorDistanceFunction.java,28,warning,2
solr_src_java_org_apache_solr_search_function_distance_VectorDistanceFunction.java,95,error,1
solr_src_java_org_apache_solr_search_function_distance_VectorDistanceFunction.java,81,error,1
solr_src_java_org_apache_solr_search_function_distance_VectorDistanceFunction.java,143,error,1
solr_src_java_org_apache_solr_search_function_distance_VectorDistanceFunction.java,152,error,1
solr_src_java_org_apache_solr_search_function_distance_VectorDistanceFunction.java,54,warning,2
solr_src_java_org_apache_solr_search_function_distance_VectorDistanceFunction.java,44,warning,2
solr_src_java_org_apache_solr_search_function_distance_VectorDistanceFunction.java,101,warning,2
solr_src_java_org_apache_solr_search_function_distance_VectorDistanceFunction.java,52,warning,2
solr_src_java_org_apache_solr_search_function_distance_VectorDistanceFunction.java,63,error,1
solr_src_java_org_apache_solr_search_function_distance_VectorDistanceFunction.java,85,warning,2
solr_src_java_org_apache_solr_search_function_distance_VectorDistanceFunction.java,55,warning,2
solr_src_java_org_apache_solr_search_function_distance_VectorDistanceFunction.java,146,error,1
solr_src_java_org_apache_solr_search_function_distance_VectorDistanceFunction.java,121,warning,2
solr_src_java_org_apache_solr_search_function_distance_VectorDistanceFunction.java,102,warning,2
solr_src_java_org_apache_solr_search_function_distance_VectorDistanceFunction.java,119,warning,2
solr_src_java_org_apache_solr_search_function_distance_VectorDistanceFunction.java,172,warning,2
solr_src_java_org_apache_solr_search_function_distance_VectorDistanceFunction.java,57,warning,2
solr_src_java_org_apache_solr_search_function_distance_VectorDistanceFunction.java,117,warning,2
solr_src_java_org_apache_solr_search_function_distance_VectorDistanceFunction.java,141,warning,2
solr_src_java_org_apache_solr_search_function_distance_VectorDistanceFunction.java,47,error,1
solr_src_java_org_apache_solr_search_function_distance_VectorDistanceFunction.java,71,error,1
solr_src_java_org_apache_solr_search_function_distance_VectorDistanceFunction.java,80,error,1
solr_src_java_org_apache_solr_search_function_distance_VectorDistanceFunction.java,50,warning,2
solr_src_java_org_apache_solr_search_function_distance_VectorDistanceFunction.java,144,error,1
solr_src_java_org_apache_solr_search_function_distance_VectorDistanceFunction.java,138,error,1
solr_src_java_org_apache_solr_search_function_distance_VectorDistanceFunction.java,129,warning,2
solr_src_java_org_apache_solr_search_function_distance_VectorDistanceFunction.java,120,error,1
solr_src_java_org_apache_solr_search_function_distance_VectorDistanceFunction.java,1,error,1
solr_src_java_org_apache_solr_search_function_distance_VectorDistanceFunction.java,83,warning,2
solr_src_java_org_apache_solr_search_function_distance_VectorDistanceFunction.java,76,warning,2
solr_src_java_org_apache_solr_search_function_distance_VectorDistanceFunction.java,137,error,1
solr_src_java_org_apache_solr_search_function_distance_VectorDistanceFunction.java,150,error,1
solr_src_java_org_apache_solr_search_function_distance_VectorDistanceFunction.java,112,warning,2
solr_src_java_org_apache_solr_search_function_distance_VectorDistanceFunction.java,99,warning,2
solr_src_java_org_apache_solr_search_function_distance_VectorDistanceFunction.java,46,error,1
solr_src_java_org_apache_solr_search_function_distance_VectorDistanceFunction.java,170,warning,2
solr_src_java_org_apache_solr_search_function_distance_VectorDistanceFunction.java,56,warning,2
solr_src_java_org_apache_solr_search_function_distance_VectorDistanceFunction.java,75,warning,2
solr_src_java_org_apache_solr_search_function_distance_VectorDistanceFunction.java,51,error,1
solr_src_java_org_apache_solr_search_function_distance_VectorDistanceFunction.java,77,warning,2
solr_src_java_org_apache_solr_search_function_distance_VectorDistanceFunction.java,106,warning,2
solr_src_java_org_apache_solr_search_function_distance_VectorDistanceFunction.java,111,warning,2
solr_src_java_org_apache_solr_search_function_LiteralValueSource.java,35,error,1
solr_src_java_org_apache_solr_search_function_LiteralValueSource.java,70,warning,2
solr_src_java_org_apache_solr_search_function_LiteralValueSource.java,32,warning,2
solr_src_java_org_apache_solr_search_function_LiteralValueSource.java,62,error,1
solr_src_java_org_apache_solr_search_function_LiteralValueSource.java,33,warning,2
solr_src_java_org_apache_solr_search_function_LiteralValueSource.java,25,error,1
solr_src_java_org_apache_solr_search_function_LiteralValueSource.java,21,warning,2
solr_src_java_org_apache_solr_search_function_LiteralValueSource.java,54,warning,2
solr_src_java_org_apache_solr_search_function_LiteralValueSource.java,44,warning,2
solr_src_java_org_apache_solr_search_function_LiteralValueSource.java,45,error,1
solr_src_java_org_apache_solr_search_function_LiteralValueSource.java,37,warning,2
solr_src_java_org_apache_solr_search_function_LiteralValueSource.java,52,warning,2
solr_src_java_org_apache_solr_search_function_LiteralValueSource.java,63,error,1
solr_src_java_org_apache_solr_search_function_LiteralValueSource.java,58,warning,2
solr_src_java_org_apache_solr_search_function_LiteralValueSource.java,49,warning,2
solr_src_java_org_apache_solr_search_function_LiteralValueSource.java,30,error,1
solr_src_java_org_apache_solr_search_function_LiteralValueSource.java,38,warning,2
solr_src_java_org_apache_solr_search_function_LiteralValueSource.java,36,error,1
solr_src_java_org_apache_solr_search_function_LiteralValueSource.java,73,error,1
solr_src_java_org_apache_solr_search_function_LiteralValueSource.java,31,error,1
solr_src_java_org_apache_solr_search_function_LiteralValueSource.java,47,warning,2
solr_src_java_org_apache_solr_search_function_LiteralValueSource.java,40,error,1
solr_src_java_org_apache_solr_search_function_LiteralValueSource.java,71,warning,2
solr_src_java_org_apache_solr_search_function_LiteralValueSource.java,50,error,1
solr_src_java_org_apache_solr_search_function_LiteralValueSource.java,64,error,1
solr_src_java_org_apache_solr_search_function_LiteralValueSource.java,66,warning,2
solr_src_java_org_apache_solr_search_function_LiteralValueSource.java,41,error,1
solr_src_java_org_apache_solr_search_function_LiteralValueSource.java,68,error,1
solr_src_java_org_apache_solr_search_function_LiteralValueSource.java,59,warning,2
solr_src_java_org_apache_solr_search_function_LiteralValueSource.java,29,warning,2
solr_src_java_org_apache_solr_search_function_LiteralValueSource.java,1,error,1
solr_src_java_org_apache_solr_search_function_LiteralValueSource.java,2,error,1
solr_src_java_org_apache_solr_search_function_LiteralValueSource.java,74,error,1
solr_src_java_org_apache_solr_search_function_LiteralValueSource.java,43,warning,2
solr_src_java_org_apache_solr_search_function_LiteralValueSource.java,61,error,1
solr_src_java_org_apache_solr_search_function_LiteralValueSource.java,46,warning,2
solr_src_java_org_apache_solr_search_function_LiteralValueSource.java,56,error,1
solr_src_java_org_apache_solr_search_function_LiteralValueSource.java,22,warning,2
solr_src_java_org_apache_solr_search_function_LiteralValueSource.java,51,warning,2
solr_src_java_org_apache_solr_search_function_LiteralValueSource.java,77,warning,2
solr_src_java_org_apache_solr_search_function_LiteralValueSource.java,76,warning,2
solr_src_java_org_apache_solr_schema_IndexSchema.java,723,error,1
solr_src_java_org_apache_solr_schema_IndexSchema.java,763,warning,2
solr_src_java_org_apache_solr_schema_IndexSchema.java,533,warning,2
solr_src_java_org_apache_solr_schema_IndexSchema.java,558,warning,2
solr_src_java_org_apache_solr_schema_IndexSchema.java,824,error,1
solr_src_java_org_apache_solr_schema_IndexSchema.java,110,error,1
solr_src_java_org_apache_solr_schema_IndexSchema.java,206,error,1
solr_src_java_org_apache_solr_schema_IndexSchema.java,840,warning,2
solr_src_java_org_apache_solr_schema_IndexSchema.java,719,warning,2
solr_src_java_org_apache_solr_schema_IndexSchema.java,37,warning,2
solr_src_java_org_apache_solr_schema_IndexSchema.java,126,error,1
solr_src_java_org_apache_solr_schema_IndexSchema.java,687,warning,2
solr_src_java_org_apache_solr_schema_IndexSchema.java,1271,warning,2
solr_src_java_org_apache_solr_schema_IndexSchema.java,291,error,1
solr_src_java_org_apache_solr_schema_IndexSchema.java,1344,error,1
solr_src_java_org_apache_solr_schema_IndexSchema.java,263,error,1
solr_src_java_org_apache_solr_schema_IndexSchema.java,288,warning,2
solr_src_java_org_apache_solr_schema_IndexSchema.java,935,warning,2
solr_src_java_org_apache_solr_schema_IndexSchema.java,673,error,1
solr_src_java_org_apache_solr_schema_IndexSchema.java,562,warning,2
solr_src_java_org_apache_solr_schema_IndexSchema.java,607,error,1
solr_src_java_org_apache_solr_schema_IndexSchema.java,161,warning,2
solr_src_java_org_apache_solr_schema_IndexSchema.java,329,warning,2
solr_src_java_org_apache_solr_schema_IndexSchema.java,647,warning,2
solr_src_java_org_apache_solr_schema_IndexSchema.java,855,error,1
solr_src_java_org_apache_solr_schema_IndexSchema.java,1275,warning,2
solr_src_java_org_apache_solr_schema_IndexSchema.java,404,warning,2
solr_src_java_org_apache_solr_schema_IndexSchema.java,807,error,1
solr_src_java_org_apache_solr_schema_IndexSchema.java,1268,warning,2
solr_src_java_org_apache_solr_schema_IndexSchema.java,675,error,1
solr_src_java_org_apache_solr_schema_IndexSchema.java,173,error,1
solr_src_java_org_apache_solr_schema_IndexSchema.java,837,error,1
solr_src_java_org_apache_solr_schema_IndexSchema.java,1074,error,1
solr_src_java_org_apache_solr_schema_IndexSchema.java,550,warning,2
solr_src_java_org_apache_solr_schema_IndexSchema.java,978,warning,2
solr_src_java_org_apache_solr_schema_IndexSchema.java,229,error,1
solr_src_java_org_apache_solr_schema_IndexSchema.java,1349,warning,2
solr_src_java_org_apache_solr_schema_IndexSchema.java,890,error,1
solr_src_java_org_apache_solr_schema_IndexSchema.java,977,warning,2
solr_src_java_org_apache_solr_schema_IndexSchema.java,844,warning,2
solr_src_java_org_apache_solr_schema_IndexSchema.java,1257,warning,2
solr_src_java_org_apache_solr_schema_IndexSchema.java,613,warning,2
solr_src_java_org_apache_solr_schema_IndexSchema.java,542,warning,2
solr_src_java_org_apache_solr_schema_IndexSchema.java,407,error,1
solr_src_java_org_apache_solr_schema_IndexSchema.java,205,error,1
solr_src_java_org_apache_solr_schema_IndexSchema.java,362,error,1
solr_src_java_org_apache_solr_schema_IndexSchema.java,1154,error,1
solr_src_java_org_apache_solr_schema_IndexSchema.java,473,error,1
solr_src_java_org_apache_solr_schema_IndexSchema.java,744,error,1
solr_src_java_org_apache_solr_schema_IndexSchema.java,903,warning,2
solr_src_java_org_apache_solr_schema_IndexSchema.java,645,error,1
solr_src_java_org_apache_solr_schema_IndexSchema.java,656,warning,2
solr_src_java_org_apache_solr_schema_IndexSchema.java,873,warning,2
solr_src_java_org_apache_solr_schema_IndexSchema.java,1116,error,1
solr_src_java_org_apache_solr_schema_IndexSchema.java,462,warning,2
solr_src_java_org_apache_solr_schema_IndexSchema.java,281,warning,2
solr_src_java_org_apache_solr_schema_IndexSchema.java,527,error,1
solr_src_java_org_apache_solr_schema_IndexSchema.java,365,error,1
solr_src_java_org_apache_solr_schema_IndexSchema.java,843,warning,2
solr_src_java_org_apache_solr_schema_IndexSchema.java,1084,warning,2
solr_src_java_org_apache_solr_schema_IndexSchema.java,614,warning,2
solr_src_java_org_apache_solr_schema_IndexSchema.java,556,error,1
solr_src_java_org_apache_solr_schema_IndexSchema.java,593,error,1
solr_src_java_org_apache_solr_schema_IndexSchema.java,1133,error,1
solr_src_java_org_apache_solr_schema_IndexSchema.java,51,error,1
solr_src_java_org_apache_solr_schema_IndexSchema.java,1049,warning,2
solr_src_java_org_apache_solr_schema_IndexSchema.java,692,warning,2
solr_src_java_org_apache_solr_schema_IndexSchema.java,213,error,1
solr_src_java_org_apache_solr_schema_IndexSchema.java,1178,error,1
solr_src_java_org_apache_solr_schema_IndexSchema.java,513,error,1
solr_src_java_org_apache_solr_schema_IndexSchema.java,116,warning,2
solr_src_java_org_apache_solr_schema_IndexSchema.java,798,error,1
solr_src_java_org_apache_solr_schema_IndexSchema.java,822,error,1
solr_src_java_org_apache_solr_schema_IndexSchema.java,528,warning,2
solr_src_java_org_apache_solr_schema_IndexSchema.java,1071,error,1
solr_src_java_org_apache_solr_schema_IndexSchema.java,954,warning,2
solr_src_java_org_apache_solr_schema_IndexSchema.java,620,warning,2
solr_src_java_org_apache_solr_schema_IndexSchema.java,319,warning,2
solr_src_java_org_apache_solr_schema_IndexSchema.java,157,warning,2
solr_src_java_org_apache_solr_schema_IndexSchema.java,401,warning,2
solr_src_java_org_apache_solr_schema_IndexSchema.java,828,warning,2
solr_src_java_org_apache_solr_schema_IndexSchema.java,440,error,1
solr_src_java_org_apache_solr_schema_IndexSchema.java,1307,warning,2
solr_src_java_org_apache_solr_schema_IndexSchema.java,774,error,1
solr_src_java_org_apache_solr_schema_IndexSchema.java,176,warning,2
solr_src_java_org_apache_solr_schema_IndexSchema.java,851,warning,2
solr_src_java_org_apache_solr_schema_IndexSchema.java,1246,warning,2
solr_src_java_org_apache_solr_schema_IndexSchema.java,396,warning,2
solr_src_java_org_apache_solr_schema_IndexSchema.java,871,warning,2
solr_src_java_org_apache_solr_schema_IndexSchema.java,337,error,1
solr_src_java_org_apache_solr_schema_IndexSchema.java,694,warning,2
solr_src_java_org_apache_solr_schema_IndexSchema.java,352,warning,2
solr_src_java_org_apache_solr_schema_IndexSchema.java,1335,warning,2
solr_src_java_org_apache_solr_schema_IndexSchema.java,227,error,1
solr_src_java_org_apache_solr_schema_IndexSchema.java,730,error,1
solr_src_java_org_apache_solr_schema_IndexSchema.java,665,error,1
solr_src_java_org_apache_solr_schema_IndexSchema.java,928,warning,2
solr_src_java_org_apache_solr_schema_IndexSchema.java,655,warning,2
solr_src_java_org_apache_solr_schema_IndexSchema.java,423,warning,2
solr_src_java_org_apache_solr_schema_IndexSchema.java,1296,warning,2
solr_src_java_org_apache_solr_schema_IndexSchema.java,141,error,1
solr_src_java_org_apache_solr_schema_IndexSchema.java,374,error,1
solr_src_java_org_apache_solr_schema_IndexSchema.java,388,warning,2
solr_src_java_org_apache_solr_schema_IndexSchema.java,420,warning,2
solr_src_java_org_apache_solr_schema_IndexSchema.java,279,error,1
solr_src_java_org_apache_solr_schema_IndexSchema.java,995,error,1
solr_src_java_org_apache_solr_schema_IndexSchema.java,714,warning,2
solr_src_java_org_apache_solr_schema_IndexSchema.java,664,error,1
solr_src_java_org_apache_solr_schema_IndexSchema.java,82,error,1
solr_src_java_org_apache_solr_schema_IndexSchema.java,885,error,1
solr_src_java_org_apache_solr_schema_IndexSchema.java,648,warning,2
solr_src_java_org_apache_solr_schema_IndexSchema.java,273,warning,2
solr_src_java_org_apache_solr_schema_IndexSchema.java,559,warning,2
solr_src_java_org_apache_solr_schema_IndexSchema.java,845,warning,2
solr_src_java_org_apache_solr_schema_IndexSchema.java,147,warning,2
solr_src_java_org_apache_solr_schema_IndexSchema.java,914,error,1
solr_src_java_org_apache_solr_schema_IndexSchema.java,466,error,1
solr_src_java_org_apache_solr_schema_IndexSchema.java,1058,error,1
solr_src_java_org_apache_solr_schema_IndexSchema.java,338,warning,2
solr_src_java_org_apache_solr_schema_IndexSchema.java,595,warning,2
solr_src_java_org_apache_solr_schema_IndexSchema.java,450,error,1
solr_src_java_org_apache_solr_schema_IndexSchema.java,882,error,1
solr_src_java_org_apache_solr_schema_IndexSchema.java,408,error,1
solr_src_java_org_apache_solr_schema_IndexSchema.java,963,warning,2
solr_src_java_org_apache_solr_schema_IndexSchema.java,1134,warning,2
solr_src_java_org_apache_solr_schema_IndexSchema.java,73,error,1
solr_src_java_org_apache_solr_schema_IndexSchema.java,335,warning,2
solr_src_java_org_apache_solr_schema_IndexSchema.java,797,warning,2
solr_src_java_org_apache_solr_schema_IndexSchema.java,881,error,1
solr_src_java_org_apache_solr_schema_IndexSchema.java,1027,warning,2
solr_src_java_org_apache_solr_schema_IndexSchema.java,876,error,1
solr_src_java_org_apache_solr_schema_IndexSchema.java,1053,warning,2
solr_src_java_org_apache_solr_schema_IndexSchema.java,378,error,1
solr_src_java_org_apache_solr_schema_IndexSchema.java,1097,error,1
solr_src_java_org_apache_solr_schema_IndexSchema.java,275,error,1
solr_src_java_org_apache_solr_schema_IndexSchema.java,1269,warning,2
solr_src_java_org_apache_solr_schema_IndexSchema.java,584,warning,2
solr_src_java_org_apache_solr_schema_IndexSchema.java,1352,error,1
solr_src_java_org_apache_solr_schema_IndexSchema.java,971,warning,2
solr_src_java_org_apache_solr_schema_IndexSchema.java,327,warning,2
solr_src_java_org_apache_solr_schema_IndexSchema.java,679,warning,2
solr_src_java_org_apache_solr_schema_IndexSchema.java,1330,error,1
solr_src_java_org_apache_solr_schema_IndexSchema.java,1029,error,1
solr_src_java_org_apache_solr_schema_IndexSchema.java,605,warning,2
solr_src_java_org_apache_solr_schema_IndexSchema.java,1065,error,1
solr_src_java_org_apache_solr_schema_IndexSchema.java,152,warning,2
solr_src_java_org_apache_solr_schema_IndexSchema.java,236,error,1
solr_src_java_org_apache_solr_schema_IndexSchema.java,182,error,1
solr_src_java_org_apache_solr_schema_IndexSchema.java,858,error,1
solr_src_java_org_apache_solr_schema_IndexSchema.java,766,warning,2
solr_src_java_org_apache_solr_schema_IndexSchema.java,295,error,1
solr_src_java_org_apache_solr_schema_IndexSchema.java,639,warning,2
solr_src_java_org_apache_solr_schema_IndexSchema.java,779,warning,2
solr_src_java_org_apache_solr_schema_IndexSchema.java,530,warning,2
solr_src_java_org_apache_solr_schema_IndexSchema.java,922,error,1
solr_src_java_org_apache_solr_schema_IndexSchema.java,398,error,1
solr_src_java_org_apache_solr_schema_IndexSchema.java,565,warning,2
solr_src_java_org_apache_solr_schema_IndexSchema.java,728,warning,2
solr_src_java_org_apache_solr_schema_IndexSchema.java,917,error,1
solr_src_java_org_apache_solr_schema_IndexSchema.java,603,error,1
solr_src_java_org_apache_solr_schema_IndexSchema.java,770,warning,2
solr_src_java_org_apache_solr_schema_IndexSchema.java,1274,warning,2
solr_src_java_org_apache_solr_schema_IndexSchema.java,414,error,1
solr_src_java_org_apache_solr_schema_IndexSchema.java,1331,warning,2
solr_src_java_org_apache_solr_schema_IndexSchema.java,195,error,1
solr_src_java_org_apache_solr_schema_IndexSchema.java,522,error,1
solr_src_java_org_apache_solr_schema_IndexSchema.java,1016,error,1
solr_src_java_org_apache_solr_schema_IndexSchema.java,590,warning,2
solr_src_java_org_apache_solr_schema_IndexSchema.java,1280,warning,2
solr_src_java_org_apache_solr_schema_IndexSchema.java,429,warning,2
solr_src_java_org_apache_solr_schema_IndexSchema.java,1144,warning,2
solr_src_java_org_apache_solr_schema_IndexSchema.java,760,warning,2
solr_src_java_org_apache_solr_schema_IndexSchema.java,1099,warning,2
solr_src_java_org_apache_solr_schema_IndexSchema.java,1254,error,1
solr_src_java_org_apache_solr_schema_IndexSchema.java,48,warning,2
solr_src_java_org_apache_solr_schema_IndexSchema.java,379,error,1
solr_src_java_org_apache_solr_schema_IndexSchema.java,1113,warning,2
solr_src_java_org_apache_solr_schema_IndexSchema.java,961,error,1
solr_src_java_org_apache_solr_schema_IndexSchema.java,474,warning,2
solr_src_java_org_apache_solr_schema_IndexSchema.java,449,error,1
solr_src_java_org_apache_solr_schema_IndexSchema.java,1247,error,1
solr_src_java_org_apache_solr_schema_IndexSchema.java,1304,warning,2
solr_src_java_org_apache_solr_schema_IndexSchema.java,64,error,1
solr_src_java_org_apache_solr_schema_IndexSchema.java,757,warning,2
solr_src_java_org_apache_solr_schema_IndexSchema.java,888,error,1
solr_src_java_org_apache_solr_schema_IndexSchema.java,1207,warning,2
solr_src_java_org_apache_solr_schema_IndexSchema.java,368,warning,2
solr_src_java_org_apache_solr_schema_IndexSchema.java,1297,warning,2
solr_src_java_org_apache_solr_schema_IndexSchema.java,960,error,1
solr_src_java_org_apache_solr_schema_IndexSchema.java,515,error,1
solr_src_java_org_apache_solr_schema_IndexSchema.java,638,warning,2
solr_src_java_org_apache_solr_schema_IndexSchema.java,465,error,1
solr_src_java_org_apache_solr_schema_IndexSchema.java,945,error,1
solr_src_java_org_apache_solr_schema_IndexSchema.java,720,warning,2
solr_src_java_org_apache_solr_schema_IndexSchema.java,773,error,1
solr_src_java_org_apache_solr_schema_IndexSchema.java,171,warning,2
solr_src_java_org_apache_solr_schema_IndexSchema.java,702,warning,2
solr_src_java_org_apache_solr_schema_IndexSchema.java,369,warning,2
solr_src_java_org_apache_solr_schema_IndexSchema.java,713,warning,2
solr_src_java_org_apache_solr_schema_IndexSchema.java,1100,warning,2
solr_src_java_org_apache_solr_schema_IndexSchema.java,695,warning,2
solr_src_java_org_apache_solr_schema_IndexSchema.java,234,error,1
solr_src_java_org_apache_solr_schema_IndexSchema.java,1303,warning,2
solr_src_java_org_apache_solr_schema_IndexSchema.java,616,warning,2
solr_src_java_org_apache_solr_schema_IndexSchema.java,63,error,1
solr_src_java_org_apache_solr_schema_IndexSchema.java,1177,error,1
solr_src_java_org_apache_solr_schema_IndexSchema.java,751,error,1
solr_src_java_org_apache_solr_schema_IndexSchema.java,1158,warning,2
solr_src_java_org_apache_solr_schema_IndexSchema.java,1305,warning,2
solr_src_java_org_apache_solr_schema_IndexSchema.java,608,error,1
solr_src_java_org_apache_solr_schema_IndexSchema.java,697,warning,2
solr_src_java_org_apache_solr_schema_IndexSchema.java,764,error,1
solr_src_java_org_apache_solr_schema_IndexSchema.java,631,warning,2
solr_src_java_org_apache_solr_schema_IndexSchema.java,50,warning,2
solr_src_java_org_apache_solr_schema_IndexSchema.java,569,error,1
solr_src_java_org_apache_solr_schema_IndexSchema.java,768,error,1
solr_src_java_org_apache_solr_schema_IndexSchema.java,848,warning,2
solr_src_java_org_apache_solr_schema_IndexSchema.java,1009,warning,2
solr_src_java_org_apache_solr_schema_IndexSchema.java,502,warning,2
solr_src_java_org_apache_solr_schema_IndexSchema.java,397,error,1
solr_src_java_org_apache_solr_schema_IndexSchema.java,932,error,1
solr_src_java_org_apache_solr_schema_IndexSchema.java,151,error,1
solr_src_java_org_apache_solr_schema_IndexSchema.java,642,warning,2
solr_src_java_org_apache_solr_schema_IndexSchema.java,688,error,1
solr_src_java_org_apache_solr_schema_IndexSchema.java,1198,warning,2
solr_src_java_org_apache_solr_schema_IndexSchema.java,456,warning,2
solr_src_java_org_apache_solr_schema_IndexSchema.java,1155,warning,2
solr_src_java_org_apache_solr_schema_IndexSchema.java,125,warning,2
solr_src_java_org_apache_solr_schema_IndexSchema.java,919,warning,2
solr_src_java_org_apache_solr_schema_IndexSchema.java,1294,error,1
solr_src_java_org_apache_solr_schema_IndexSchema.java,612,error,1
solr_src_java_org_apache_solr_schema_IndexSchema.java,758,error,1
solr_src_java_org_apache_solr_schema_IndexSchema.java,392,warning,2
solr_src_java_org_apache_solr_schema_IndexSchema.java,1089,error,1
solr_src_java_org_apache_solr_schema_IndexSchema.java,478,warning,2
solr_src_java_org_apache_solr_schema_IndexSchema.java,643,warning,2
solr_src_java_org_apache_solr_schema_IndexSchema.java,611,error,1
solr_src_java_org_apache_solr_schema_IndexSchema.java,811,warning,2
solr_src_java_org_apache_solr_schema_IndexSchema.java,375,warning,2
solr_src_java_org_apache_solr_schema_IndexSchema.java,716,warning,2
solr_src_java_org_apache_solr_schema_IndexSchema.java,1062,error,1
solr_src_java_org_apache_solr_schema_IndexSchema.java,749,error,1
solr_src_java_org_apache_solr_schema_IndexSchema.java,1130,warning,2
solr_src_java_org_apache_solr_schema_IndexSchema.java,1354,warning,2
solr_src_java_org_apache_solr_schema_IndexSchema.java,495,error,1
solr_src_java_org_apache_solr_schema_IndexSchema.java,419,error,1
solr_src_java_org_apache_solr_schema_IndexSchema.java,706,warning,2
solr_src_java_org_apache_solr_schema_IndexSchema.java,958,warning,2
solr_src_java_org_apache_solr_schema_IndexSchema.java,1327,warning,2
solr_src_java_org_apache_solr_schema_IndexSchema.java,523,error,1
solr_src_java_org_apache_solr_schema_IndexSchema.java,115,error,1
solr_src_java_org_apache_solr_schema_IndexSchema.java,800,error,1
solr_src_java_org_apache_solr_schema_IndexSchema.java,400,error,1
solr_src_java_org_apache_solr_schema_IndexSchema.java,765,error,1
solr_src_java_org_apache_solr_schema_IndexSchema.java,1302,error,1
solr_src_java_org_apache_solr_schema_IndexSchema.java,1252,error,1
solr_src_java_org_apache_solr_schema_IndexSchema.java,982,warning,2
solr_src_java_org_apache_solr_schema_IndexSchema.java,79,error,1
solr_src_java_org_apache_solr_schema_IndexSchema.java,1262,warning,2
solr_src_java_org_apache_solr_schema_IndexSchema.java,1096,warning,2
solr_src_java_org_apache_solr_schema_IndexSchema.java,1111,error,1
solr_src_java_org_apache_solr_schema_IndexSchema.java,802,warning,2
solr_src_java_org_apache_solr_schema_IndexSchema.java,231,error,1
solr_src_java_org_apache_solr_schema_IndexSchema.java,529,warning,2
solr_src_java_org_apache_solr_schema_IndexSchema.java,178,error,1
solr_src_java_org_apache_solr_schema_IndexSchema.java,1038,warning,2
solr_src_java_org_apache_solr_schema_IndexSchema.java,962,warning,2
solr_src_java_org_apache_solr_schema_IndexSchema.java,674,warning,2
solr_src_java_org_apache_solr_schema_IndexSchema.java,1093,warning,2
solr_src_java_org_apache_solr_schema_IndexSchema.java,67,error,1
solr_src_java_org_apache_solr_schema_IndexSchema.java,351,warning,2
solr_src_java_org_apache_solr_schema_IndexSchema.java,652,warning,2
solr_src_java_org_apache_solr_schema_IndexSchema.java,106,warning,2
solr_src_java_org_apache_solr_schema_IndexSchema.java,535,warning,2
solr_src_java_org_apache_solr_schema_IndexSchema.java,512,error,1
solr_src_java_org_apache_solr_schema_IndexSchema.java,111,warning,2
solr_src_java_org_apache_solr_schema_IndexSchema.java,1120,warning,2
solr_src_java_org_apache_solr_schema_IndexSchema.java,34,warning,2
solr_src_java_org_apache_solr_schema_IndexSchema.java,363,error,1
solr_src_java_org_apache_solr_schema_IndexSchema.java,314,warning,2
solr_src_java_org_apache_solr_schema_IndexSchema.java,916,warning,2
solr_src_java_org_apache_solr_schema_IndexSchema.java,385,error,1
solr_src_java_org_apache_solr_schema_IndexSchema.java,524,error,1
solr_src_java_org_apache_solr_schema_IndexSchema.java,1128,error,1
solr_src_java_org_apache_solr_schema_IndexSchema.java,507,warning,2
solr_src_java_org_apache_solr_schema_IndexSchema.java,606,warning,2
solr_src_java_org_apache_solr_schema_IndexSchema.java,1083,warning,2
solr_src_java_org_apache_solr_schema_IndexSchema.java,389,error,1
solr_src_java_org_apache_solr_schema_IndexSchema.java,1245,error,1
solr_src_java_org_apache_solr_schema_IndexSchema.java,504,error,1
solr_src_java_org_apache_solr_schema_IndexSchema.java,505,error,1
solr_src_java_org_apache_solr_schema_IndexSchema.java,455,warning,2
solr_src_java_org_apache_solr_schema_IndexSchema.java,1295,error,1
solr_src_java_org_apache_solr_schema_IndexSchema.java,940,warning,2
solr_src_java_org_apache_solr_schema_IndexSchema.java,35,warning,2
solr_src_java_org_apache_solr_schema_IndexSchema.java,1044,error,1
solr_src_java_org_apache_solr_schema_IndexSchema.java,574,warning,2
solr_src_java_org_apache_solr_schema_IndexSchema.java,490,error,1
solr_src_java_org_apache_solr_schema_IndexSchema.java,1007,warning,2
solr_src_java_org_apache_solr_schema_IndexSchema.java,867,error,1
solr_src_java_org_apache_solr_schema_IndexSchema.java,1324,warning,2
solr_src_java_org_apache_solr_schema_IndexSchema.java,617,warning,2
solr_src_java_org_apache_solr_schema_IndexSchema.java,438,error,1
solr_src_java_org_apache_solr_schema_IndexSchema.java,517,error,1
solr_src_java_org_apache_solr_schema_IndexSchema.java,575,warning,2
solr_src_java_org_apache_solr_schema_IndexSchema.java,1311,warning,2
solr_src_java_org_apache_solr_schema_IndexSchema.java,121,warning,2
solr_src_java_org_apache_solr_schema_IndexSchema.java,746,warning,2
solr_src_java_org_apache_solr_schema_IndexSchema.java,278,warning,2
solr_src_java_org_apache_solr_schema_IndexSchema.java,427,warning,2
solr_src_java_org_apache_solr_schema_IndexSchema.java,360,warning,2
solr_src_java_org_apache_solr_schema_IndexSchema.java,47,warning,2
solr_src_java_org_apache_solr_schema_IndexSchema.java,839,warning,2
solr_src_java_org_apache_solr_schema_IndexSchema.java,317,error,1
solr_src_java_org_apache_solr_schema_IndexSchema.java,1112,warning,2
solr_src_java_org_apache_solr_schema_IndexSchema.java,318,error,1
solr_src_java_org_apache_solr_schema_IndexSchema.java,402,warning,2
solr_src_java_org_apache_solr_schema_IndexSchema.java,1202,warning,2
solr_src_java_org_apache_solr_schema_IndexSchema.java,788,error,1
solr_src_java_org_apache_solr_schema_IndexSchema.java,491,warning,2
solr_src_java_org_apache_solr_schema_IndexSchema.java,600,error,1
solr_src_java_org_apache_solr_schema_IndexSchema.java,996,warning,2
solr_src_java_org_apache_solr_schema_IndexSchema.java,499,warning,2
solr_src_java_org_apache_solr_schema_IndexSchema.java,1298,warning,2
solr_src_java_org_apache_solr_schema_IndexSchema.java,875,warning,2
solr_src_java_org_apache_solr_schema_IndexSchema.java,1088,warning,2
solr_src_java_org_apache_solr_schema_IndexSchema.java,641,error,1
solr_src_java_org_apache_solr_schema_IndexSchema.java,789,warning,2
solr_src_java_org_apache_solr_schema_IndexSchema.java,525,warning,2
solr_src_java_org_apache_solr_schema_IndexSchema.java,803,error,1
solr_src_java_org_apache_solr_schema_IndexSchema.java,1316,warning,2
solr_src_java_org_apache_solr_schema_IndexSchema.java,782,warning,2
solr_src_java_org_apache_solr_schema_IndexSchema.java,198,error,1
solr_src_java_org_apache_solr_schema_IndexSchema.java,536,warning,2
solr_src_java_org_apache_solr_schema_IndexSchema.java,390,warning,2
solr_src_java_org_apache_solr_schema_IndexSchema.java,1117,warning,2
solr_src_java_org_apache_solr_schema_IndexSchema.java,277,error,1
solr_src_java_org_apache_solr_schema_IndexSchema.java,384,error,1
solr_src_java_org_apache_solr_schema_IndexSchema.java,123,warning,2
solr_src_java_org_apache_solr_schema_IndexSchema.java,762,warning,2
solr_src_java_org_apache_solr_schema_IndexSchema.java,1055,warning,2
solr_src_java_org_apache_solr_schema_IndexSchema.java,898,warning,2
solr_src_java_org_apache_solr_schema_IndexSchema.java,909,error,1
solr_src_java_org_apache_solr_schema_IndexSchema.java,952,error,1
solr_src_java_org_apache_solr_schema_IndexSchema.java,107,warning,2
solr_src_java_org_apache_solr_schema_IndexSchema.java,775,error,1
solr_src_java_org_apache_solr_schema_IndexSchema.java,52,warning,2
solr_src_java_org_apache_solr_schema_IndexSchema.java,85,error,1
solr_src_java_org_apache_solr_schema_IndexSchema.java,677,error,1
solr_src_java_org_apache_solr_schema_IndexSchema.java,739,error,1
solr_src_java_org_apache_solr_schema_IndexSchema.java,1063,error,1
solr_src_java_org_apache_solr_schema_IndexSchema.java,1211,warning,2
solr_src_java_org_apache_solr_schema_IndexSchema.java,624,error,1
solr_src_java_org_apache_solr_schema_IndexSchema.java,1107,warning,2
solr_src_java_org_apache_solr_schema_IndexSchema.java,896,error,1
solr_src_java_org_apache_solr_schema_IndexSchema.java,1137,warning,2
solr_src_java_org_apache_solr_schema_IndexSchema.java,830,error,1
solr_src_java_org_apache_solr_schema_IndexSchema.java,623,error,1
solr_src_java_org_apache_solr_schema_IndexSchema.java,120,warning,2
solr_src_java_org_apache_solr_schema_IndexSchema.java,137,warning,2
solr_src_java_org_apache_solr_schema_IndexSchema.java,834,error,1
solr_src_java_org_apache_solr_schema_IndexSchema.java,1051,error,1
solr_src_java_org_apache_solr_schema_IndexSchema.java,134,warning,2
solr_src_java_org_apache_solr_schema_IndexSchema.java,732,warning,2
solr_src_java_org_apache_solr_schema_IndexSchema.java,955,error,1
solr_src_java_org_apache_solr_schema_IndexSchema.java,415,warning,2
solr_src_java_org_apache_solr_schema_IndexSchema.java,1291,warning,2
solr_src_java_org_apache_solr_schema_IndexSchema.java,585,warning,2
solr_src_java_org_apache_solr_schema_IndexSchema.java,854,error,1
solr_src_java_org_apache_solr_schema_IndexSchema.java,432,warning,2
solr_src_java_org_apache_solr_schema_IndexSchema.java,689,warning,2
solr_src_java_org_apache_solr_schema_IndexSchema.java,783,warning,2
solr_src_java_org_apache_solr_schema_IndexSchema.java,165,error,1
solr_src_java_org_apache_solr_schema_IndexSchema.java,179,warning,2
solr_src_java_org_apache_solr_schema_IndexSchema.java,859,warning,2
solr_src_java_org_apache_solr_schema_IndexSchema.java,598,warning,2
solr_src_java_org_apache_solr_schema_IndexSchema.java,221,error,1
solr_src_java_org_apache_solr_schema_IndexSchema.java,799,error,1
solr_src_java_org_apache_solr_schema_IndexSchema.java,514,warning,2
solr_src_java_org_apache_solr_schema_IndexSchema.java,355,warning,2
solr_src_java_org_apache_solr_schema_IndexSchema.java,809,warning,2
solr_src_java_org_apache_solr_schema_IndexSchema.java,887,error,1
solr_src_java_org_apache_solr_schema_IndexSchema.java,601,warning,2
solr_src_java_org_apache_solr_schema_IndexSchema.java,78,error,1
solr_src_java_org_apache_solr_schema_IndexSchema.java,309,error,1
solr_src_java_org_apache_solr_schema_IndexSchema.java,445,error,1
solr_src_java_org_apache_solr_schema_IndexSchema.java,132,error,1
solr_src_java_org_apache_solr_schema_IndexSchema.java,70,error,1
solr_src_java_org_apache_solr_schema_IndexSchema.java,967,error,1
solr_src_java_org_apache_solr_schema_IndexSchema.java,383,warning,2
solr_src_java_org_apache_solr_schema_IndexSchema.java,998,warning,2
solr_src_java_org_apache_solr_schema_IndexSchema.java,589,warning,2
solr_src_java_org_apache_solr_schema_IndexSchema.java,243,warning,2
solr_src_java_org_apache_solr_schema_IndexSchema.java,403,warning,2
solr_src_java_org_apache_solr_schema_IndexSchema.java,1025,warning,2
solr_src_java_org_apache_solr_schema_IndexSchema.java,520,warning,2
solr_src_java_org_apache_solr_schema_IndexSchema.java,965,warning,2
solr_src_java_org_apache_solr_schema_IndexSchema.java,823,warning,2
solr_src_java_org_apache_solr_schema_IndexSchema.java,761,warning,2
solr_src_java_org_apache_solr_schema_IndexSchema.java,794,error,1
solr_src_java_org_apache_solr_schema_IndexSchema.java,1017,error,1
solr_src_java_org_apache_solr_schema_IndexSchema.java,8,warning,2
solr_src_java_org_apache_solr_schema_IndexSchema.java,1015,warning,2
solr_src_java_org_apache_solr_schema_IndexSchema.java,832,error,1
solr_src_java_org_apache_solr_schema_IndexSchema.java,571,warning,2
solr_src_java_org_apache_solr_schema_IndexSchema.java,276,error,1
solr_src_java_org_apache_solr_schema_IndexSchema.java,284,error,1
solr_src_java_org_apache_solr_schema_IndexSchema.java,521,warning,2
solr_src_java_org_apache_solr_schema_IndexSchema.java,573,error,1
solr_src_java_org_apache_solr_schema_IndexSchema.java,956,error,1
solr_src_java_org_apache_solr_schema_IndexSchema.java,895,error,1
solr_src_java_org_apache_solr_schema_IndexSchema.java,1276,warning,2
solr_src_java_org_apache_solr_schema_IndexSchema.java,46,warning,2
solr_src_java_org_apache_solr_schema_IndexSchema.java,1032,warning,2
solr_src_java_org_apache_solr_schema_IndexSchema.java,496,error,1
solr_src_java_org_apache_solr_schema_IndexSchema.java,801,warning,2
solr_src_java_org_apache_solr_schema_IndexSchema.java,500,error,1
solr_src_java_org_apache_solr_schema_IndexSchema.java,604,error,1
solr_src_java_org_apache_solr_schema_IndexSchema.java,931,warning,2
solr_src_java_org_apache_solr_schema_IndexSchema.java,707,error,1
solr_src_java_org_apache_solr_schema_IndexSchema.java,992,error,1
solr_src_java_org_apache_solr_schema_IndexSchema.java,708,warning,2
solr_src_java_org_apache_solr_schema_IndexSchema.java,399,warning,2
solr_src_java_org_apache_solr_schema_IndexSchema.java,696,warning,2
solr_src_java_org_apache_solr_schema_IndexSchema.java,425,error,1
solr_src_java_org_apache_solr_schema_IndexSchema.java,104,warning,2
solr_src_java_org_apache_solr_schema_IndexSchema.java,1119,warning,2
solr_src_java_org_apache_solr_schema_IndexSchema.java,968,error,1
solr_src_java_org_apache_solr_schema_IndexSchema.java,53,warning,2
solr_src_java_org_apache_solr_schema_IndexSchema.java,1090,warning,2
solr_src_java_org_apache_solr_schema_IndexSchema.java,518,error,1
solr_src_java_org_apache_solr_schema_IndexSchema.java,1059,error,1
solr_src_java_org_apache_solr_schema_IndexSchema.java,1061,error,1
solr_src_java_org_apache_solr_schema_IndexSchema.java,1164,warning,2
solr_src_java_org_apache_solr_schema_IndexSchema.java,934,warning,2
solr_src_java_org_apache_solr_schema_IndexSchema.java,321,error,1
solr_src_java_org_apache_solr_schema_IndexSchema.java,218,error,1
solr_src_java_org_apache_solr_schema_IndexSchema.java,148,warning,2
solr_src_java_org_apache_solr_schema_IndexSchema.java,1136,warning,2
solr_src_java_org_apache_solr_schema_IndexSchema.java,712,warning,2
solr_src_java_org_apache_solr_schema_IndexSchema.java,1250,warning,2
solr_src_java_org_apache_solr_schema_IndexSchema.java,796,error,1
solr_src_java_org_apache_solr_schema_IndexSchema.java,1020,warning,2
solr_src_java_org_apache_solr_schema_IndexSchema.java,753,warning,2
solr_src_java_org_apache_solr_schema_IndexSchema.java,1343,error,1
solr_src_java_org_apache_solr_schema_IndexSchema.java,459,warning,2
solr_src_java_org_apache_solr_schema_IndexSchema.java,883,warning,2
solr_src_java_org_apache_solr_schema_IndexSchema.java,1323,warning,2
solr_src_java_org_apache_solr_schema_IndexSchema.java,1223,warning,2
solr_src_java_org_apache_solr_schema_IndexSchema.java,1322,warning,2
solr_src_java_org_apache_solr_schema_IndexSchema.java,704,error,1
solr_src_java_org_apache_solr_schema_IndexSchema.java,1248,warning,2
solr_src_java_org_apache_solr_schema_IndexSchema.java,486,warning,2
solr_src_java_org_apache_solr_schema_IndexSchema.java,856,warning,2
solr_src_java_org_apache_solr_schema_IndexSchema.java,421,warning,2
solr_src_java_org_apache_solr_schema_IndexSchema.java,874,warning,2
solr_src_java_org_apache_solr_schema_IndexSchema.java,71,error,1
solr_src_java_org_apache_solr_schema_IndexSchema.java,879,error,1
solr_src_java_org_apache_solr_schema_IndexSchema.java,993,error,1
solr_src_java_org_apache_solr_schema_IndexSchema.java,306,error,1
solr_src_java_org_apache_solr_schema_IndexSchema.java,860,error,1
solr_src_java_org_apache_solr_schema_IndexSchema.java,959,error,1
solr_src_java_org_apache_solr_schema_IndexSchema.java,467,error,1
solr_src_java_org_apache_solr_schema_IndexSchema.java,651,warning,2
solr_src_java_org_apache_solr_schema_IndexSchema.java,710,warning,2
solr_src_java_org_apache_solr_schema_IndexSchema.java,915,error,1
solr_src_java_org_apache_solr_schema_IndexSchema.java,582,warning,2
solr_src_java_org_apache_solr_schema_IndexSchema.java,755,error,1
solr_src_java_org_apache_solr_schema_IndexSchema.java,391,warning,2
solr_src_java_org_apache_solr_schema_IndexSchema.java,1197,error,1
solr_src_java_org_apache_solr_schema_IndexSchema.java,793,error,1
solr_src_java_org_apache_solr_schema_IndexSchema.java,435,error,1
solr_src_java_org_apache_solr_schema_IndexSchema.java,331,error,1
solr_src_java_org_apache_solr_schema_IndexSchema.java,929,warning,2
solr_src_java_org_apache_solr_schema_IndexSchema.java,181,error,1
solr_src_java_org_apache_solr_schema_IndexSchema.java,817,error,1
solr_src_java_org_apache_solr_schema_IndexSchema.java,434,warning,2
solr_src_java_org_apache_solr_schema_IndexSchema.java,948,error,1
solr_src_java_org_apache_solr_schema_IndexSchema.java,1310,warning,2
solr_src_java_org_apache_solr_schema_IndexSchema.java,846,error,1
solr_src_java_org_apache_solr_schema_IndexSchema.java,1231,warning,2
solr_src_java_org_apache_solr_schema_IndexSchema.java,422,warning,2
solr_src_java_org_apache_solr_schema_IndexSchema.java,1127,error,1
solr_src_java_org_apache_solr_schema_IndexSchema.java,1072,error,1
solr_src_java_org_apache_solr_schema_IndexSchema.java,671,warning,2
solr_src_java_org_apache_solr_schema_IndexSchema.java,175,warning,2
solr_src_java_org_apache_solr_schema_IndexSchema.java,464,warning,2
solr_src_java_org_apache_solr_schema_IndexSchema.java,1026,warning,2
solr_src_java_org_apache_solr_schema_IndexSchema.java,570,error,1
solr_src_java_org_apache_solr_schema_IndexSchema.java,726,warning,2
solr_src_java_org_apache_solr_schema_IndexSchema.java,1000,error,1
solr_src_java_org_apache_solr_schema_IndexSchema.java,443,warning,2
solr_src_java_org_apache_solr_schema_IndexSchema.java,578,warning,2
solr_src_java_org_apache_solr_schema_IndexSchema.java,153,warning,2
solr_src_java_org_apache_solr_schema_IndexSchema.java,825,warning,2
solr_src_java_org_apache_solr_schema_IndexSchema.java,155,warning,2
solr_src_java_org_apache_solr_schema_IndexSchema.java,1199,error,1
solr_src_java_org_apache_solr_schema_IndexSchema.java,678,error,1
solr_src_java_org_apache_solr_schema_IndexSchema.java,367,warning,2
solr_src_java_org_apache_solr_schema_IndexSchema.java,847,error,1
solr_src_java_org_apache_solr_schema_IndexSchema.java,630,warning,2
solr_src_java_org_apache_solr_schema_IndexSchema.java,738,error,1
solr_src_java_org_apache_solr_schema_IndexSchema.java,287,error,1
solr_src_java_org_apache_solr_schema_IndexSchema.java,239,error,1
solr_src_java_org_apache_solr_schema_IndexSchema.java,156,warning,2
solr_src_java_org_apache_solr_schema_IndexSchema.java,1150,warning,2
solr_src_java_org_apache_solr_schema_IndexSchema.java,453,error,1
solr_src_java_org_apache_solr_schema_IndexSchema.java,628,warning,2
solr_src_java_org_apache_solr_schema_IndexSchema.java,621,warning,2
solr_src_java_org_apache_solr_schema_IndexSchema.java,900,warning,2
solr_src_java_org_apache_solr_schema_IndexSchema.java,709,warning,2
solr_src_java_org_apache_solr_schema_IndexSchema.java,255,warning,2
solr_src_java_org_apache_solr_schema_IndexSchema.java,795,warning,2
solr_src_java_org_apache_solr_schema_IndexSchema.java,1082,warning,2
solr_src_java_org_apache_solr_schema_IndexSchema.java,833,error,1
solr_src_java_org_apache_solr_schema_IndexSchema.java,661,error,1
solr_src_java_org_apache_solr_schema_IndexSchema.java,430,warning,2
solr_src_java_org_apache_solr_schema_IndexSchema.java,1041,error,1
solr_src_java_org_apache_solr_schema_IndexSchema.java,756,error,1
solr_src_java_org_apache_solr_schema_IndexSchema.java,1301,warning,2
solr_src_java_org_apache_solr_schema_IndexSchema.java,444,error,1
solr_src_java_org_apache_solr_schema_IndexSchema.java,1332,warning,2
solr_src_java_org_apache_solr_schema_IndexSchema.java,1023,error,1
solr_src_java_org_apache_solr_schema_IndexSchema.java,1030,error,1
solr_src_java_org_apache_solr_schema_IndexSchema.java,1056,warning,2
solr_src_java_org_apache_solr_schema_IndexSchema.java,428,warning,2
solr_src_java_org_apache_solr_schema_IndexSchema.java,650,warning,2
solr_src_java_org_apache_solr_schema_IndexSchema.java,672,warning,2
solr_src_java_org_apache_solr_schema_IndexSchema.java,1048,warning,2
solr_src_java_org_apache_solr_schema_IndexSchema.java,1172,error,1
solr_src_java_org_apache_solr_schema_IndexSchema.java,829,warning,2
solr_src_java_org_apache_solr_schema_IndexSchema.java,684,warning,2
solr_src_java_org_apache_solr_schema_IndexSchema.java,1337,error,1
solr_src_java_org_apache_solr_schema_IndexSchema.java,1235,error,1
solr_src_java_org_apache_solr_schema_IndexSchema.java,105,error,1
solr_src_java_org_apache_solr_schema_IndexSchema.java,715,warning,2
solr_src_java_org_apache_solr_schema_IndexSchema.java,637,warning,2
solr_src_java_org_apache_solr_schema_IndexSchema.java,904,warning,2
solr_src_java_org_apache_solr_schema_IndexSchema.java,1325,error,1
solr_src_java_org_apache_solr_schema_IndexSchema.java,786,warning,2
solr_src_java_org_apache_solr_schema_IndexSchema.java,90,error,1
solr_src_java_org_apache_solr_schema_IndexSchema.java,1279,warning,2
solr_src_java_org_apache_solr_schema_IndexSchema.java,45,warning,2
solr_src_java_org_apache_solr_schema_IndexSchema.java,168,warning,2
solr_src_java_org_apache_solr_schema_IndexSchema.java,884,error,1
solr_src_java_org_apache_solr_schema_IndexSchema.java,618,warning,2
solr_src_java_org_apache_solr_schema_IndexSchema.java,1205,error,1
solr_src_java_org_apache_solr_schema_IndexSchema.java,588,error,1
solr_src_java_org_apache_solr_schema_IndexSchema.java,777,warning,2
solr_src_java_org_apache_solr_schema_IndexSchema.java,358,warning,2
solr_src_java_org_apache_solr_schema_IndexSchema.java,964,warning,2
solr_src_java_org_apache_solr_schema_IndexSchema.java,889,error,1
solr_src_java_org_apache_solr_schema_IndexSchema.java,293,warning,2
solr_src_java_org_apache_solr_schema_IndexSchema.java,300,error,1
solr_src_java_org_apache_solr_schema_IndexSchema.java,718,error,1
solr_src_java_org_apache_solr_schema_IndexSchema.java,118,warning,2
solr_src_java_org_apache_solr_schema_IndexSchema.java,790,warning,2
solr_src_java_org_apache_solr_schema_IndexSchema.java,767,error,1
solr_src_java_org_apache_solr_schema_IndexSchema.java,356,error,1
solr_src_java_org_apache_solr_schema_IndexSchema.java,727,warning,2
solr_src_java_org_apache_solr_schema_IndexSchema.java,666,warning,2
solr_src_java_org_apache_solr_schema_IndexSchema.java,439,error,1
solr_src_java_org_apache_solr_schema_IndexSchema.java,785,warning,2
solr_src_java_org_apache_solr_schema_IndexSchema.java,289,warning,2
solr_src_java_org_apache_solr_schema_IndexSchema.java,89,error,1
solr_src_java_org_apache_solr_schema_IndexSchema.java,426,warning,2
solr_src_java_org_apache_solr_schema_IndexSchema.java,581,error,1
solr_src_java_org_apache_solr_schema_IndexSchema.java,752,error,1
solr_src_java_org_apache_solr_schema_IndexSchema.java,1019,error,1
solr_src_java_org_apache_solr_schema_IndexSchema.java,532,warning,2
solr_src_java_org_apache_solr_schema_IndexSchema.java,950,error,1
solr_src_java_org_apache_solr_schema_IndexSchema.java,918,error,1
solr_src_java_org_apache_solr_schema_IndexSchema.java,441,warning,2
solr_src_java_org_apache_solr_schema_IndexSchema.java,280,warning,2
solr_src_java_org_apache_solr_schema_IndexSchema.java,1272,warning,2
solr_src_java_org_apache_solr_schema_IndexSchema.java,1077,error,1
solr_src_java_org_apache_solr_schema_IndexSchema.java,908,error,1
solr_src_java_org_apache_solr_schema_IndexSchema.java,417,warning,2
solr_src_java_org_apache_solr_schema_IndexSchema.java,953,warning,2
solr_src_java_org_apache_solr_schema_IndexSchema.java,866,error,1
solr_src_java_org_apache_solr_schema_IndexSchema.java,1045,error,1
solr_src_java_org_apache_solr_schema_IndexSchema.java,526,warning,2
solr_src_java_org_apache_solr_schema_IndexSchema.java,1253,warning,2
solr_src_java_org_apache_solr_schema_IndexSchema.java,519,error,1
solr_src_java_org_apache_solr_schema_IndexSchema.java,395,error,1
solr_src_java_org_apache_solr_schema_IndexSchema.java,1132,warning,2
solr_src_java_org_apache_solr_schema_IndexSchema.java,865,error,1
solr_src_java_org_apache_solr_schema_IndexSchema.java,332,warning,2
solr_src_java_org_apache_solr_schema_IndexSchema.java,1170,error,1
solr_src_java_org_apache_solr_schema_IndexSchema.java,659,warning,2
solr_src_java_org_apache_solr_schema_IndexSchema.java,690,warning,2
solr_src_java_org_apache_solr_schema_IndexSchema.java,1153,warning,2
solr_src_java_org_apache_solr_schema_IndexSchema.java,1160,error,1
solr_src_java_org_apache_solr_schema_IndexSchema.java,969,error,1
solr_src_java_org_apache_solr_schema_IndexSchema.java,926,error,1
solr_src_java_org_apache_solr_schema_IndexSchema.java,334,warning,2
solr_src_java_org_apache_solr_schema_IndexSchema.java,567,warning,2
solr_src_java_org_apache_solr_schema_IndexSchema.java,769,warning,2
solr_src_java_org_apache_solr_schema_IndexSchema.java,1229,warning,2
solr_src_java_org_apache_solr_schema_IndexSchema.java,406,warning,2
solr_src_java_org_apache_solr_schema_IndexSchema.java,1345,warning,2
solr_src_java_org_apache_solr_schema_IndexSchema.java,411,warning,2
solr_src_java_org_apache_solr_schema_IndexSchema.java,1267,warning,2
solr_src_java_org_apache_solr_schema_IndexSchema.java,925,error,1
solr_src_java_org_apache_solr_schema_IndexSchema.java,1278,warning,2
solr_src_java_org_apache_solr_schema_IndexSchema.java,167,warning,2
solr_src_java_org_apache_solr_schema_IndexSchema.java,747,warning,2
solr_src_java_org_apache_solr_schema_IndexSchema.java,472,error,1
solr_src_java_org_apache_solr_schema_IndexSchema.java,594,warning,2
solr_src_java_org_apache_solr_schema_IndexSchema.java,1249,error,1
solr_src_java_org_apache_solr_schema_IndexSchema.java,1066,warning,2
solr_src_java_org_apache_solr_schema_IndexSchema.java,615,error,1
solr_src_java_org_apache_solr_schema_IndexSchema.java,580,warning,2
solr_src_java_org_apache_solr_schema_IndexSchema.java,1206,error,1
solr_src_java_org_apache_solr_schema_IndexSchema.java,471,error,1
solr_src_java_org_apache_solr_schema_IndexSchema.java,1092,warning,2
solr_src_java_org_apache_solr_schema_IndexSchema.java,862,error,1
solr_src_java_org_apache_solr_schema_IndexSchema.java,380,error,1
solr_src_java_org_apache_solr_schema_IndexSchema.java,461,warning,2
solr_src_java_org_apache_solr_schema_IndexSchema.java,1067,warning,2
solr_src_java_org_apache_solr_schema_IndexSchema.java,1078,warning,2
solr_src_java_org_apache_solr_schema_IndexSchema.java,1098,warning,2
solr_src_java_org_apache_solr_schema_IndexSchema.java,1087,error,1
solr_src_java_org_apache_solr_schema_IndexSchema.java,841,warning,2
solr_src_java_org_apache_solr_schema_IndexSchema.java,924,error,1
solr_src_java_org_apache_solr_schema_IndexSchema.java,1047,error,1
solr_src_java_org_apache_solr_schema_IndexSchema.java,1012,warning,2
solr_src_java_org_apache_solr_schema_IndexSchema.java,460,warning,2
solr_src_java_org_apache_solr_schema_IndexSchema.java,1031,warning,2
solr_src_java_org_apache_solr_schema_IndexSchema.java,485,error,1
solr_src_java_org_apache_solr_schema_IndexSchema.java,997,error,1
solr_src_java_org_apache_solr_schema_IndexSchema.java,86,error,1
solr_src_java_org_apache_solr_schema_IndexSchema.java,1326,warning,2
solr_src_java_org_apache_solr_schema_IndexSchema.java,119,warning,2
solr_src_java_org_apache_solr_schema_IndexSchema.java,336,warning,2
solr_src_java_org_apache_solr_schema_IndexSchema.java,353,warning,2
solr_src_java_org_apache_solr_schema_IndexSchema.java,57,error,1
solr_src_java_org_apache_solr_schema_IndexSchema.java,548,warning,2
solr_src_java_org_apache_solr_schema_IndexSchema.java,804,warning,2
solr_src_java_org_apache_solr_schema_IndexSchema.java,686,error,1
solr_src_java_org_apache_solr_schema_IndexSchema.java,80,error,1
solr_src_java_org_apache_solr_schema_IndexSchema.java,1037,warning,2
solr_src_java_org_apache_solr_schema_IndexSchema.java,669,warning,2
solr_src_java_org_apache_solr_schema_IndexSchema.java,1168,warning,2
solr_src_java_org_apache_solr_schema_IndexSchema.java,1328,warning,2
solr_src_java_org_apache_solr_schema_IndexSchema.java,658,warning,2
solr_src_java_org_apache_solr_schema_IndexSchema.java,1036,warning,2
solr_src_java_org_apache_solr_schema_IndexSchema.java,938,error,1
solr_src_java_org_apache_solr_schema_IndexSchema.java,458,error,1
solr_src_java_org_apache_solr_schema_IndexSchema.java,339,warning,2
solr_src_java_org_apache_solr_schema_IndexSchema.java,936,error,1
solr_src_java_org_apache_solr_schema_IndexSchema.java,557,error,1
solr_src_java_org_apache_solr_schema_IndexSchema.java,872,error,1
solr_src_java_org_apache_solr_schema_IndexSchema.java,135,warning,2
solr_src_java_org_apache_solr_schema_IndexSchema.java,857,error,1
solr_src_java_org_apache_solr_schema_IndexSchema.java,304,warning,2
solr_src_java_org_apache_solr_schema_IndexSchema.java,1080,warning,2
solr_src_java_org_apache_solr_schema_IndexSchema.java,424,warning,2
solr_src_java_org_apache_solr_schema_IndexSchema.java,372,error,1
solr_src_java_org_apache_solr_schema_IndexSchema.java,724,error,1
solr_src_java_org_apache_solr_schema_IndexSchema.java,386,warning,2
solr_src_java_org_apache_solr_schema_IndexSchema.java,1129,warning,2
solr_src_java_org_apache_solr_schema_IndexSchema.java,364,warning,2
solr_src_java_org_apache_solr_schema_IndexSchema.java,1064,warning,2
solr_src_java_org_apache_solr_schema_IndexSchema.java,869,warning,2
solr_src_java_org_apache_solr_schema_IndexSchema.java,1212,warning,2
solr_src_java_org_apache_solr_schema_IndexSchema.java,759,error,1
solr_src_java_org_apache_solr_schema_IndexSchema.java,894,error,1
solr_src_java_org_apache_solr_schema_IndexSchema.java,553,warning,2
solr_src_java_org_apache_solr_schema_IndexSchema.java,1230,error,1
solr_src_java_org_apache_solr_schema_IndexSchema.java,831,warning,2
solr_src_java_org_apache_solr_schema_IndexSchema.java,1076,error,1
solr_src_java_org_apache_solr_schema_IndexSchema.java,583,warning,2
solr_src_java_org_apache_solr_schema_IndexSchema.java,891,warning,2
solr_src_java_org_apache_solr_schema_IndexSchema.java,737,error,1
solr_src_java_org_apache_solr_schema_IndexSchema.java,721,warning,2
solr_src_java_org_apache_solr_schema_IndexSchema.java,1210,error,1
solr_src_java_org_apache_solr_schema_IndexSchema.java,1021,warning,2
solr_src_java_org_apache_solr_schema_IndexSchema.java,705,error,1
solr_src_java_org_apache_solr_schema_IndexSchema.java,349,warning,2
solr_src_java_org_apache_solr_schema_IndexSchema.java,1091,warning,2
solr_src_java_org_apache_solr_schema_IndexSchema.java,1329,warning,2
solr_src_java_org_apache_solr_schema_IndexSchema.java,627,error,1
solr_src_java_org_apache_solr_schema_IndexSchema.java,350,error,1
solr_src_java_org_apache_solr_schema_IndexSchema.java,1042,error,1
solr_src_java_org_apache_solr_schema_IndexSchema.java,1115,warning,2
solr_src_java_org_apache_solr_schema_IndexSchema.java,298,warning,2
solr_src_java_org_apache_solr_schema_IndexSchema.java,849,warning,2
solr_src_java_org_apache_solr_schema_IndexSchema.java,454,error,1
solr_src_java_org_apache_solr_schema_IndexSchema.java,947,error,1
solr_src_java_org_apache_solr_schema_IndexSchema.java,836,error,1
solr_src_java_org_apache_solr_schema_IndexSchema.java,1334,warning,2
solr_src_java_org_apache_solr_schema_IndexSchema.java,371,error,1
solr_src_java_org_apache_solr_schema_IndexSchema.java,725,error,1
solr_src_java_org_apache_solr_schema_IndexSchema.java,1180,error,1
solr_src_java_org_apache_solr_schema_IndexSchema.java,943,error,1
solr_src_java_org_apache_solr_schema_IndexSchema.java,1069,warning,2
solr_src_java_org_apache_solr_schema_IndexSchema.java,501,error,1
solr_src_java_org_apache_solr_schema_IndexSchema.java,667,warning,2
solr_src_java_org_apache_solr_schema_IndexSchema.java,1149,error,1
solr_src_java_org_apache_solr_schema_IndexSchema.java,328,error,1
solr_src_java_org_apache_solr_schema_IndexSchema.java,32,warning,2
solr_src_java_org_apache_solr_schema_IndexSchema.java,609,warning,2
solr_src_java_org_apache_solr_schema_IndexSchema.java,24,warning,2
solr_src_java_org_apache_solr_schema_IndexSchema.java,886,warning,2
solr_src_java_org_apache_solr_schema_IndexSchema.java,211,error,1
solr_src_java_org_apache_solr_schema_IndexSchema.java,596,error,1
solr_src_java_org_apache_solr_schema_IndexSchema.java,901,error,1
solr_src_java_org_apache_solr_schema_IndexSchema.java,970,error,1
solr_src_java_org_apache_solr_schema_IndexSchema.java,711,error,1
solr_src_java_org_apache_solr_schema_IndexSchema.java,49,warning,2
solr_src_java_org_apache_solr_schema_IndexSchema.java,212,error,1
solr_src_java_org_apache_solr_schema_IndexSchema.java,381,warning,2
solr_src_java_org_apache_solr_schema_IndexSchema.java,410,error,1
solr_src_java_org_apache_solr_schema_IndexSchema.java,1306,warning,2
solr_src_java_org_apache_solr_schema_IndexSchema.java,10,warning,2
solr_src_java_org_apache_solr_schema_IndexSchema.java,654,warning,2
solr_src_java_org_apache_solr_schema_IndexSchema.java,1266,error,1
solr_src_java_org_apache_solr_schema_IndexSchema.java,40,error,1
solr_src_java_org_apache_solr_schema_IndexSchema.java,66,error,1
solr_src_java_org_apache_solr_schema_IndexSchema.java,1110,error,1
solr_src_java_org_apache_solr_schema_IndexSchema.java,957,error,1
solr_src_java_org_apache_solr_schema_IndexSchema.java,1201,warning,2
solr_src_java_org_apache_solr_schema_IndexSchema.java,981,warning,2
solr_src_java_org_apache_solr_schema_IndexSchema.java,1073,error,1
solr_src_java_org_apache_solr_schema_IndexSchema.java,479,error,1
solr_src_java_org_apache_solr_schema_IndexSchema.java,282,warning,2
solr_src_java_org_apache_solr_schema_IndexSchema.java,745,error,1
solr_src_java_org_apache_solr_schema_IndexSchema.java,1256,warning,2
solr_src_java_org_apache_solr_schema_IndexSchema.java,1171,warning,2
solr_src_java_org_apache_solr_schema_IndexSchema.java,921,error,1
solr_src_java_org_apache_solr_schema_IndexSchema.java,506,error,1
solr_src_java_org_apache_solr_schema_IndexSchema.java,662,warning,2
solr_src_java_org_apache_solr_schema_IndexSchema.java,1151,error,1
solr_src_java_org_apache_solr_schema_IndexSchema.java,54,warning,2
solr_src_java_org_apache_solr_schema_IndexSchema.java,409,error,1
solr_src_java_org_apache_solr_schema_IndexSchema.java,776,error,1
solr_src_java_org_apache_solr_schema_IndexSchema.java,437,warning,2
solr_src_java_org_apache_solr_schema_IndexSchema.java,806,error,1
solr_src_java_org_apache_solr_schema_IndexSchema.java,484,error,1
solr_src_java_org_apache_solr_schema_IndexSchema.java,566,warning,2
solr_src_java_org_apache_solr_schema_IndexSchema.java,781,warning,2
solr_src_java_org_apache_solr_schema_IndexSchema.java,731,error,1
solr_src_java_org_apache_solr_schema_IndexSchema.java,1011,warning,2
solr_src_java_org_apache_solr_schema_IndexSchema.java,373,error,1
solr_src_java_org_apache_solr_schema_IndexSchema.java,572,warning,2
solr_src_java_org_apache_solr_schema_IndexSchema.java,1181,warning,2
solr_src_java_org_apache_solr_schema_IndexSchema.java,117,error,1
solr_src_java_org_apache_solr_schema_IndexSchema.java,771,warning,2
solr_src_java_org_apache_solr_schema_IndexSchema.java,41,error,1
solr_src_java_org_apache_solr_schema_IndexSchema.java,587,error,1
solr_src_java_org_apache_solr_schema_IndexSchema.java,251,error,1
solr_src_java_org_apache_solr_schema_IndexSchema.java,129,warning,2
solr_src_java_org_apache_solr_schema_IndexSchema.java,1277,warning,2
solr_src_java_org_apache_solr_schema_IndexSchema.java,975,warning,2
solr_src_java_org_apache_solr_schema_IndexSchema.java,1192,warning,2
solr_src_java_org_apache_solr_schema_IndexSchema.java,76,error,1
solr_src_java_org_apache_solr_schema_IndexSchema.java,366,warning,2
solr_src_java_org_apache_solr_schema_IndexSchema.java,808,warning,2
solr_src_java_org_apache_solr_schema_IndexSchema.java,62,warning,2
solr_src_java_org_apache_solr_schema_IndexSchema.java,698,warning,2
solr_src_java_org_apache_solr_schema_IndexSchema.java,1289,error,1
solr_src_java_org_apache_solr_schema_IndexSchema.java,905,error,1
solr_src_java_org_apache_solr_schema_IndexSchema.java,670,warning,2
solr_src_java_org_apache_solr_schema_IndexSchema.java,127,warning,2
solr_src_java_org_apache_solr_schema_IndexSchema.java,927,error,1
solr_src_java_org_apache_solr_schema_IndexSchema.java,750,warning,2
solr_src_java_org_apache_solr_schema_IndexSchema.java,561,warning,2
solr_src_java_org_apache_solr_schema_IndexSchema.java,1232,warning,2
solr_src_java_org_apache_solr_schema_IndexSchema.java,124,warning,2
solr_src_java_org_apache_solr_schema_IndexSchema.java,1284,warning,2
solr_src_java_org_apache_solr_schema_IndexSchema.java,216,error,1
solr_src_java_org_apache_solr_schema_IndexSchema.java,1342,error,1
solr_src_java_org_apache_solr_schema_IndexSchema.java,653,warning,2
solr_src_java_org_apache_solr_schema_IndexSchema.java,649,warning,2
solr_src_java_org_apache_solr_schema_IndexSchema.java,509,error,1
solr_src_java_org_apache_solr_schema_IndexSchema.java,599,warning,2
solr_src_java_org_apache_solr_schema_IndexSchema.java,1124,warning,2
solr_src_java_org_apache_solr_schema_IndexSchema.java,480,error,1
solr_src_java_org_apache_solr_schema_IndexSchema.java,564,warning,2
solr_src_java_org_apache_solr_schema_IndexSchema.java,1060,warning,2
solr_src_java_org_apache_solr_schema_IndexSchema.java,193,error,1
solr_src_java_org_apache_solr_schema_IndexSchema.java,868,warning,2
solr_src_java_org_apache_solr_schema_IndexSchema.java,691,warning,2
solr_src_java_org_apache_solr_schema_IndexSchema.java,1157,warning,2
solr_src_java_org_apache_solr_schema_IndexSchema.java,983,warning,2
solr_src_java_org_apache_solr_schema_IndexSchema.java,194,error,1
solr_src_java_org_apache_solr_schema_IndexSchema.java,468,warning,2
solr_src_java_org_apache_solr_schema_IndexSchema.java,920,error,1
solr_src_java_org_apache_solr_schema_IndexSchema.java,140,error,1
solr_src_java_org_apache_solr_schema_IndexSchema.java,96,warning,2
solr_src_java_org_apache_solr_schema_IndexSchema.java,864,error,1
solr_src_java_org_apache_solr_schema_IndexSchema.java,1024,warning,2
solr_src_java_org_apache_solr_schema_IndexSchema.java,143,warning,2
solr_src_java_org_apache_solr_schema_IndexSchema.java,1013,warning,2
solr_src_java_org_apache_solr_schema_IndexSchema.java,44,warning,2
solr_src_java_org_apache_solr_schema_IndexSchema.java,340,warning,2
solr_src_java_org_apache_solr_schema_IndexSchema.java,1095,error,1
solr_src_java_org_apache_solr_schema_IndexSchema.java,311,error,1
solr_src_java_org_apache_solr_schema_IndexSchema.java,663,error,1
solr_src_java_org_apache_solr_schema_IndexSchema.java,810,warning,2
solr_src_java_org_apache_solr_schema_IndexSchema.java,1240,warning,2
solr_src_java_org_apache_solr_schema_IndexSchema.java,827,error,1
solr_src_java_org_apache_solr_schema_IndexSchema.java,772,error,1
solr_src_java_org_apache_solr_schema_IndexSchema.java,412,warning,2
solr_src_java_org_apache_solr_schema_IndexSchema.java,577,warning,2
solr_src_java_org_apache_solr_schema_IndexSchema.java,980,error,1
solr_src_java_org_apache_solr_schema_IndexSchema.java,36,warning,2
solr_src_java_org_apache_solr_schema_IndexSchema.java,622,error,1
solr_src_java_org_apache_solr_schema_IndexSchema.java,1255,warning,2
solr_src_java_org_apache_solr_schema_IndexSchema.java,537,warning,2
solr_src_java_org_apache_solr_schema_IndexSchema.java,1052,warning,2
solr_src_java_org_apache_solr_schema_IndexSchema.java,933,warning,2
solr_src_java_org_apache_solr_schema_IndexSchema.java,1006,warning,2
solr_src_java_org_apache_solr_schema_IndexSchema.java,902,warning,2
solr_src_java_org_apache_solr_schema_IndexSchema.java,1,error,1
solr_src_java_org_apache_solr_schema_IndexSchema.java,1070,error,1
solr_src_java_org_apache_solr_schema_IndexSchema.java,83,error,1
solr_src_java_org_apache_solr_schema_IndexSchema.java,619,warning,2
solr_src_java_org_apache_solr_schema_IndexSchema.java,1040,warning,2
solr_src_java_org_apache_solr_schema_IndexSchema.java,112,warning,2
solr_src_java_org_apache_solr_schema_IndexSchema.java,892,error,1
solr_src_java_org_apache_solr_schema_IndexSchema.java,457,warning,2
solr_src_java_org_apache_solr_schema_IndexSchema.java,452,error,1
solr_src_java_org_apache_solr_schema_IndexSchema.java,1353,warning,2
solr_src_java_org_apache_solr_schema_IndexSchema.java,682,warning,2
solr_src_java_org_apache_solr_schema_IndexSchema.java,1270,warning,2
solr_src_java_org_apache_solr_schema_IndexSchema.java,944,error,1
solr_src_java_org_apache_solr_schema_IndexSchema.java,646,error,1
solr_src_java_org_apache_solr_schema_IndexSchema.java,69,error,1
solr_src_java_org_apache_solr_schema_IndexSchema.java,1034,warning,2
solr_src_java_org_apache_solr_schema_IndexSchema.java,835,warning,2
solr_src_java_org_apache_solr_schema_IndexSchema.java,377,warning,2
solr_src_java_org_apache_solr_schema_IndexSchema.java,634,error,1
solr_src_java_org_apache_solr_schema_IndexSchema.java,1057,error,1
solr_src_java_org_apache_solr_schema_IndexSchema.java,493,warning,2
solr_src_java_org_apache_solr_schema_IndexSchema.java,122,warning,2
solr_src_java_org_apache_solr_schema_IndexSchema.java,497,error,1
solr_src_java_org_apache_solr_schema_IndexSchema.java,511,warning,2
solr_src_java_org_apache_solr_schema_IndexSchema.java,861,error,1
solr_src_java_org_apache_solr_schema_IndexSchema.java,792,error,1
solr_src_java_org_apache_solr_schema_IndexSchema.java,326,error,1
solr_src_java_org_apache_solr_schema_IndexSchema.java,297,warning,2
solr_src_java_org_apache_solr_schema_IndexSchema.java,95,warning,2
solr_src_java_org_apache_solr_schema_IndexSchema.java,1321,error,1
solr_src_java_org_apache_solr_schema_IndexSchema.java,784,warning,2
solr_src_java_org_apache_solr_schema_IndexSchema.java,487,warning,2
solr_src_java_org_apache_solr_schema_IndexSchema.java,448,warning,2
solr_src_java_org_apache_solr_schema_IndexSchema.java,1273,warning,2
solr_src_java_org_apache_solr_schema_IndexSchema.java,146,error,1
solr_src_java_org_apache_solr_schema_IndexSchema.java,1228,error,1
solr_src_java_org_apache_solr_schema_IndexSchema.java,629,warning,2
solr_src_java_org_apache_solr_schema_IndexSchema.java,488,warning,2
solr_src_java_org_apache_solr_schema_IndexSchema.java,359,warning,2
solr_src_java_org_apache_solr_schema_IndexSchema.java,142,warning,2
solr_src_java_org_apache_solr_schema_IndexSchema.java,308,error,1
solr_src_java_org_apache_solr_schema_IndexSchema.java,1288,warning,2
solr_src_java_org_apache_solr_schema_IndexSchema.java,591,error,1
solr_src_java_org_apache_solr_schema_IndexSchema.java,910,warning,2
solr_src_java_org_apache_solr_schema_IndexSchema.java,68,error,1
solr_src_java_org_apache_solr_schema_IndexSchema.java,597,error,1
solr_src_java_org_apache_solr_schema_IndexSchema.java,897,error,1
solr_src_java_org_apache_solr_schema_IndexSchema.java,733,warning,2
solr_src_java_org_apache_solr_schema_IndexSchema.java,470,warning,2
solr_src_java_org_apache_solr_schema_IndexSchema.java,333,error,1
solr_src_java_org_apache_solr_schema_IndexSchema.java,324,warning,2
solr_src_java_org_apache_solr_schema_IndexSchema.java,302,error,1
solr_src_java_org_apache_solr_search_function_SimpleFloatFunction.java,34,error,1
solr_src_java_org_apache_solr_search_function_SimpleFloatFunction.java,42,warning,2
solr_src_java_org_apache_solr_search_function_SimpleFloatFunction.java,35,error,1
solr_src_java_org_apache_solr_search_function_SimpleFloatFunction.java,60,warning,2
solr_src_java_org_apache_solr_search_function_SimpleFloatFunction.java,23,warning,2
solr_src_java_org_apache_solr_search_function_SimpleFloatFunction.java,32,warning,2
solr_src_java_org_apache_solr_search_function_SimpleFloatFunction.java,28,error,1
solr_src_java_org_apache_solr_search_function_SimpleFloatFunction.java,25,error,1
solr_src_java_org_apache_solr_search_function_SimpleFloatFunction.java,54,warning,2
solr_src_java_org_apache_solr_search_function_SimpleFloatFunction.java,44,error,1
solr_src_java_org_apache_solr_search_function_SimpleFloatFunction.java,37,warning,2
solr_src_java_org_apache_solr_search_function_SimpleFloatFunction.java,45,warning,2
solr_src_java_org_apache_solr_search_function_SimpleFloatFunction.java,52,error,1
solr_src_java_org_apache_solr_search_function_SimpleFloatFunction.java,63,warning,2
solr_src_java_org_apache_solr_search_function_SimpleFloatFunction.java,55,error,1
solr_src_java_org_apache_solr_search_function_SimpleFloatFunction.java,58,warning,2
solr_src_java_org_apache_solr_search_function_SimpleFloatFunction.java,49,warning,2
solr_src_java_org_apache_solr_search_function_SimpleFloatFunction.java,48,error,1
solr_src_java_org_apache_solr_search_function_SimpleFloatFunction.java,10,warning,2
solr_src_java_org_apache_solr_search_function_SimpleFloatFunction.java,30,warning,2
solr_src_java_org_apache_solr_search_function_SimpleFloatFunction.java,38,warning,2
solr_src_java_org_apache_solr_search_function_SimpleFloatFunction.java,36,warning,2
solr_src_java_org_apache_solr_search_function_SimpleFloatFunction.java,27,warning,2
solr_src_java_org_apache_solr_search_function_SimpleFloatFunction.java,57,warning,2
solr_src_java_org_apache_solr_search_function_SimpleFloatFunction.java,39,error,1
solr_src_java_org_apache_solr_search_function_SimpleFloatFunction.java,8,warning,2
solr_src_java_org_apache_solr_search_function_SimpleFloatFunction.java,47,error,1
solr_src_java_org_apache_solr_search_function_SimpleFloatFunction.java,40,warning,2
solr_src_java_org_apache_solr_search_function_SimpleFloatFunction.java,50,warning,2
solr_src_java_org_apache_solr_search_function_SimpleFloatFunction.java,53,warning,2
solr_src_java_org_apache_solr_search_function_SimpleFloatFunction.java,41,warning,2
solr_src_java_org_apache_solr_search_function_SimpleFloatFunction.java,59,error,1
solr_src_java_org_apache_solr_search_function_SimpleFloatFunction.java,29,warning,2
solr_src_java_org_apache_solr_search_function_SimpleFloatFunction.java,1,error,1
solr_src_java_org_apache_solr_search_function_SimpleFloatFunction.java,43,error,1
solr_src_java_org_apache_solr_search_function_SimpleFloatFunction.java,61,warning,2
solr_src_java_org_apache_solr_search_function_SimpleFloatFunction.java,46,warning,2
solr_src_java_org_apache_solr_search_function_SimpleFloatFunction.java,56,warning,2
solr_src_java_org_apache_solr_search_function_SimpleFloatFunction.java,22,warning,2
solr_src_java_org_apache_solr_search_function_SimpleFloatFunction.java,51,error,1
solr_src_java_org_apache_solr_search_function_ConstValueSource.java,34,warning,2
solr_src_java_org_apache_solr_search_function_ConstValueSource.java,32,error,1
solr_src_java_org_apache_solr_search_function_ConstValueSource.java,62,error,1
solr_src_java_org_apache_solr_search_function_ConstValueSource.java,91,error,1
solr_src_java_org_apache_solr_search_function_ConstValueSource.java,37,error,1
solr_src_java_org_apache_solr_search_function_ConstValueSource.java,45,warning,2
solr_src_java_org_apache_solr_search_function_ConstValueSource.java,49,warning,2
solr_src_java_org_apache_solr_search_function_ConstValueSource.java,48,warning,2
solr_src_java_org_apache_solr_search_function_ConstValueSource.java,104,error,1
solr_src_java_org_apache_solr_search_function_ConstValueSource.java,65,warning,2
solr_src_java_org_apache_solr_search_function_ConstValueSource.java,10,warning,2
solr_src_java_org_apache_solr_search_function_ConstValueSource.java,30,error,1
solr_src_java_org_apache_solr_search_function_ConstValueSource.java,40,warning,2
solr_src_java_org_apache_solr_search_function_ConstValueSource.java,64,warning,2
solr_src_java_org_apache_solr_search_function_ConstValueSource.java,66,error,1
solr_src_java_org_apache_solr_search_function_ConstValueSource.java,53,warning,2
solr_src_java_org_apache_solr_search_function_ConstValueSource.java,59,warning,2
solr_src_java_org_apache_solr_search_function_ConstValueSource.java,78,error,1
solr_src_java_org_apache_solr_search_function_ConstValueSource.java,74,error,1
solr_src_java_org_apache_solr_search_function_ConstValueSource.java,94,error,1
solr_src_java_org_apache_solr_search_function_ConstValueSource.java,43,error,1
solr_src_java_org_apache_solr_search_function_ConstValueSource.java,87,warning,2
solr_src_java_org_apache_solr_search_function_ConstValueSource.java,61,warning,2
solr_src_java_org_apache_solr_search_function_ConstValueSource.java,97,warning,2
solr_src_java_org_apache_solr_search_function_ConstValueSource.java,42,error,1
solr_src_java_org_apache_solr_search_function_ConstValueSource.java,89,error,1
solr_src_java_org_apache_solr_search_function_ConstValueSource.java,35,warning,2
solr_src_java_org_apache_solr_search_function_ConstValueSource.java,60,warning,2
solr_src_java_org_apache_solr_search_function_ConstValueSource.java,70,warning,2
solr_src_java_org_apache_solr_search_function_ConstValueSource.java,23,warning,2
solr_src_java_org_apache_solr_search_function_ConstValueSource.java,92,warning,2
solr_src_java_org_apache_solr_search_function_ConstValueSource.java,22,warning,2
solr_src_java_org_apache_solr_search_function_ConstValueSource.java,107,warning,2
solr_src_java_org_apache_solr_search_function_ConstValueSource.java,96,warning,2
solr_src_java_org_apache_solr_search_function_ConstValueSource.java,33,warning,2
solr_src_java_org_apache_solr_search_function_ConstValueSource.java,28,warning,2
solr_src_java_org_apache_solr_search_function_ConstValueSource.java,81,warning,2
solr_src_java_org_apache_solr_search_function_ConstValueSource.java,25,error,1
solr_src_java_org_apache_solr_search_function_ConstValueSource.java,54,error,1
solr_src_java_org_apache_solr_search_function_ConstValueSource.java,44,warning,2
solr_src_java_org_apache_solr_search_function_ConstValueSource.java,101,warning,2
solr_src_java_org_apache_solr_search_function_ConstValueSource.java,52,warning,2
solr_src_java_org_apache_solr_search_function_ConstValueSource.java,63,warning,2
solr_src_java_org_apache_solr_search_function_ConstValueSource.java,55,error,1
solr_src_java_org_apache_solr_search_function_ConstValueSource.java,58,error,1
solr_src_java_org_apache_solr_search_function_ConstValueSource.java,79,error,1
solr_src_java_org_apache_solr_search_function_ConstValueSource.java,86,error,1
solr_src_java_org_apache_solr_search_function_ConstValueSource.java,102,warning,2
solr_src_java_org_apache_solr_search_function_ConstValueSource.java,57,warning,2
solr_src_java_org_apache_solr_search_function_ConstValueSource.java,8,warning,2
solr_src_java_org_apache_solr_search_function_ConstValueSource.java,84,error,1
solr_src_java_org_apache_solr_search_function_ConstValueSource.java,39,warning,2
solr_src_java_org_apache_solr_search_function_ConstValueSource.java,47,warning,2
solr_src_java_org_apache_solr_search_function_ConstValueSource.java,80,error,1
solr_src_java_org_apache_solr_search_function_ConstValueSource.java,50,error,1
solr_src_java_org_apache_solr_search_function_ConstValueSource.java,68,warning,2
solr_src_java_org_apache_solr_search_function_ConstValueSource.java,29,error,1
solr_src_java_org_apache_solr_search_function_ConstValueSource.java,1,error,1
solr_src_java_org_apache_solr_search_function_ConstValueSource.java,67,warning,2
solr_src_java_org_apache_solr_search_function_ConstValueSource.java,82,warning,2
solr_src_java_org_apache_solr_search_function_ConstValueSource.java,72,error,1
solr_src_java_org_apache_solr_search_function_ConstValueSource.java,99,error,1
solr_src_java_org_apache_solr_search_function_ConstValueSource.java,46,error,1
solr_src_java_org_apache_solr_search_function_ConstValueSource.java,56,warning,2
solr_src_java_org_apache_solr_search_function_ConstValueSource.java,75,warning,2
solr_src_java_org_apache_solr_search_function_ConstValueSource.java,51,error,1
solr_src_java_org_apache_solr_search_function_ConstValueSource.java,77,error,1
solr_src_java_org_apache_solr_search_function_ConstValueSource.java,106,warning,2
solr_src_java_org_apache_solr_search_function_distance_GeohashHaversineFunction.java,135,error,1
solr_src_java_org_apache_solr_search_function_distance_GeohashHaversineFunction.java,134,warning,2
solr_src_java_org_apache_solr_search_function_distance_GeohashHaversineFunction.java,113,warning,2
solr_src_java_org_apache_solr_search_function_distance_GeohashHaversineFunction.java,62,warning,2
solr_src_java_org_apache_solr_search_function_distance_GeohashHaversineFunction.java,93,warning,2
solr_src_java_org_apache_solr_search_function_distance_GeohashHaversineFunction.java,105,warning,2
solr_src_java_org_apache_solr_search_function_distance_GeohashHaversineFunction.java,100,warning,2
solr_src_java_org_apache_solr_search_function_distance_GeohashHaversineFunction.java,147,warning,2
solr_src_java_org_apache_solr_search_function_distance_GeohashHaversineFunction.java,24,warning,2
solr_src_java_org_apache_solr_search_function_distance_GeohashHaversineFunction.java,133,warning,2
solr_src_java_org_apache_solr_search_function_distance_GeohashHaversineFunction.java,91,warning,2
solr_src_java_org_apache_solr_search_function_distance_GeohashHaversineFunction.java,110,warning,2
solr_src_java_org_apache_solr_search_function_distance_GeohashHaversineFunction.java,90,warning,2
solr_src_java_org_apache_solr_search_function_distance_GeohashHaversineFunction.java,69,warning,2
solr_src_java_org_apache_solr_search_function_distance_GeohashHaversineFunction.java,116,error,1
solr_src_java_org_apache_solr_search_function_distance_GeohashHaversineFunction.java,127,error,1
solr_src_java_org_apache_solr_search_function_distance_GeohashHaversineFunction.java,98,error,1
solr_src_java_org_apache_solr_search_function_distance_GeohashHaversineFunction.java,125,warning,2
solr_src_java_org_apache_solr_search_function_distance_GeohashHaversineFunction.java,149,warning,2
solr_src_java_org_apache_solr_search_function_distance_GeohashHaversineFunction.java,126,error,1
solr_src_java_org_apache_solr_search_function_distance_GeohashHaversineFunction.java,49,warning,2
solr_src_java_org_apache_solr_search_function_distance_GeohashHaversineFunction.java,48,warning,2
solr_src_java_org_apache_solr_search_function_distance_GeohashHaversineFunction.java,145,warning,2
solr_src_java_org_apache_solr_search_function_distance_GeohashHaversineFunction.java,65,warning,2
solr_src_java_org_apache_solr_search_function_distance_GeohashHaversineFunction.java,38,error,1
solr_src_java_org_apache_solr_search_function_distance_GeohashHaversineFunction.java,27,warning,2
solr_src_java_org_apache_solr_search_function_distance_GeohashHaversineFunction.java,73,error,1
solr_src_java_org_apache_solr_search_function_distance_GeohashHaversineFunction.java,124,warning,2
solr_src_java_org_apache_solr_search_function_distance_GeohashHaversineFunction.java,88,error,1
solr_src_java_org_apache_solr_search_function_distance_GeohashHaversineFunction.java,136,error,1
solr_src_java_org_apache_solr_search_function_distance_GeohashHaversineFunction.java,64,warning,2
solr_src_java_org_apache_solr_search_function_distance_GeohashHaversineFunction.java,53,warning,2
solr_src_java_org_apache_solr_search_function_distance_GeohashHaversineFunction.java,59,warning,2
solr_src_java_org_apache_solr_search_function_distance_GeohashHaversineFunction.java,122,error,1
solr_src_java_org_apache_solr_search_function_distance_GeohashHaversineFunction.java,2,error,1
solr_src_java_org_apache_solr_search_function_distance_GeohashHaversineFunction.java,78,error,1
solr_src_java_org_apache_solr_search_function_distance_GeohashHaversineFunction.java,118,warning,2
solr_src_java_org_apache_solr_search_function_distance_GeohashHaversineFunction.java,74,warning,2
solr_src_java_org_apache_solr_search_function_distance_GeohashHaversineFunction.java,94,warning,2
solr_src_java_org_apache_solr_search_function_distance_GeohashHaversineFunction.java,43,error,1
solr_src_java_org_apache_solr_search_function_distance_GeohashHaversineFunction.java,123,error,1
solr_src_java_org_apache_solr_search_function_distance_GeohashHaversineFunction.java,87,warning,2
solr_src_java_org_apache_solr_search_function_distance_GeohashHaversineFunction.java,61,warning,2
solr_src_java_org_apache_solr_search_function_distance_GeohashHaversineFunction.java,148,warning,2
solr_src_java_org_apache_solr_search_function_distance_GeohashHaversineFunction.java,109,error,1
solr_src_java_org_apache_solr_search_function_distance_GeohashHaversineFunction.java,128,warning,2
solr_src_java_org_apache_solr_search_function_distance_GeohashHaversineFunction.java,89,warning,2
solr_src_java_org_apache_solr_search_function_distance_GeohashHaversineFunction.java,70,warning,2
solr_src_java_org_apache_solr_search_function_distance_GeohashHaversineFunction.java,92,warning,2
solr_src_java_org_apache_solr_search_function_distance_GeohashHaversineFunction.java,23,warning,2
solr_src_java_org_apache_solr_search_function_distance_GeohashHaversineFunction.java,22,warning,2
solr_src_java_org_apache_solr_search_function_distance_GeohashHaversineFunction.java,115,error,1
solr_src_java_org_apache_solr_search_function_distance_GeohashHaversineFunction.java,139,warning,2
solr_src_java_org_apache_solr_search_function_distance_GeohashHaversineFunction.java,107,error,1
solr_src_java_org_apache_solr_search_function_distance_GeohashHaversineFunction.java,140,warning,2
solr_src_java_org_apache_solr_search_function_distance_GeohashHaversineFunction.java,131,error,1
solr_src_java_org_apache_solr_search_function_distance_GeohashHaversineFunction.java,96,warning,2
solr_src_java_org_apache_solr_search_function_distance_GeohashHaversineFunction.java,28,warning,2
solr_src_java_org_apache_solr_search_function_distance_GeohashHaversineFunction.java,25,warning,2
solr_src_java_org_apache_solr_search_function_distance_GeohashHaversineFunction.java,54,warning,2
solr_src_java_org_apache_solr_search_function_distance_GeohashHaversineFunction.java,44,error,1
solr_src_java_org_apache_solr_search_function_distance_GeohashHaversineFunction.java,101,warning,2
solr_src_java_org_apache_solr_search_function_distance_GeohashHaversineFunction.java,52,error,1
solr_src_java_org_apache_solr_search_function_distance_GeohashHaversineFunction.java,63,error,1
solr_src_java_org_apache_solr_search_function_distance_GeohashHaversineFunction.java,85,warning,2
solr_src_java_org_apache_solr_search_function_distance_GeohashHaversineFunction.java,58,warning,2
solr_src_java_org_apache_solr_search_function_distance_GeohashHaversineFunction.java,79,warning,2
solr_src_java_org_apache_solr_search_function_distance_GeohashHaversineFunction.java,121,error,1
solr_src_java_org_apache_solr_search_function_distance_GeohashHaversineFunction.java,146,warning,2
solr_src_java_org_apache_solr_search_function_distance_GeohashHaversineFunction.java,102,error,1
solr_src_java_org_apache_solr_search_function_distance_GeohashHaversineFunction.java,119,warning,2
solr_src_java_org_apache_solr_search_function_distance_GeohashHaversineFunction.java,57,error,1
solr_src_java_org_apache_solr_search_function_distance_GeohashHaversineFunction.java,117,warning,2
solr_src_java_org_apache_solr_search_function_distance_GeohashHaversineFunction.java,84,warning,2
solr_src_java_org_apache_solr_search_function_distance_GeohashHaversineFunction.java,47,warning,2
solr_src_java_org_apache_solr_search_function_distance_GeohashHaversineFunction.java,80,warning,2
solr_src_java_org_apache_solr_search_function_distance_GeohashHaversineFunction.java,50,warning,2
solr_src_java_org_apache_solr_search_function_distance_GeohashHaversineFunction.java,142,error,1
solr_src_java_org_apache_solr_search_function_distance_GeohashHaversineFunction.java,103,error,1
solr_src_java_org_apache_solr_search_function_distance_GeohashHaversineFunction.java,144,warning,2
solr_src_java_org_apache_solr_search_function_distance_GeohashHaversineFunction.java,41,warning,2
solr_src_java_org_apache_solr_search_function_distance_GeohashHaversineFunction.java,68,error,1
solr_src_java_org_apache_solr_search_function_distance_GeohashHaversineFunction.java,138,error,1
solr_src_java_org_apache_solr_search_function_distance_GeohashHaversineFunction.java,129,warning,2
solr_src_java_org_apache_solr_search_function_distance_GeohashHaversineFunction.java,1,error,1
solr_src_java_org_apache_solr_search_function_distance_GeohashHaversineFunction.java,83,error,1
solr_src_java_org_apache_solr_search_function_distance_GeohashHaversineFunction.java,137,error,1
solr_src_java_org_apache_solr_search_function_distance_GeohashHaversineFunction.java,67,warning,2
solr_src_java_org_apache_solr_search_function_distance_GeohashHaversineFunction.java,72,warning,2
solr_src_java_org_apache_solr_search_function_distance_GeohashHaversineFunction.java,112,warning,2
solr_src_java_org_apache_solr_search_function_distance_GeohashHaversineFunction.java,99,warning,2
solr_src_java_org_apache_solr_search_function_distance_GeohashHaversineFunction.java,46,error,1
solr_src_java_org_apache_solr_search_function_distance_GeohashHaversineFunction.java,56,error,1
solr_src_java_org_apache_solr_search_function_distance_GeohashHaversineFunction.java,75,warning,2
solr_src_java_org_apache_solr_search_function_distance_GeohashHaversineFunction.java,82,warning,2
solr_src_java_org_apache_solr_search_function_distance_GeohashHaversineFunction.java,77,warning,2
solr_src_java_org_apache_solr_search_function_distance_GeohashHaversineFunction.java,106,warning,2
solr_src_java_org_apache_solr_search_function_distance_GeohashHaversineFunction.java,111,warning,2
solr_src_java_org_apache_solr_search_ValueSourceParser.java,801,warning,2
solr_src_java_org_apache_solr_search_ValueSourceParser.java,500,warning,2
solr_src_java_org_apache_solr_search_ValueSourceParser.java,723,error,1
solr_src_java_org_apache_solr_search_ValueSourceParser.java,188,warning,2
solr_src_java_org_apache_solr_search_ValueSourceParser.java,604,error,1
solr_src_java_org_apache_solr_search_ValueSourceParser.java,763,warning,2
solr_src_java_org_apache_solr_search_ValueSourceParser.java,533,warning,2
solr_src_java_org_apache_solr_search_ValueSourceParser.java,558,warning,2
solr_src_java_org_apache_solr_search_ValueSourceParser.java,708,error,1
solr_src_java_org_apache_solr_search_ValueSourceParser.java,110,warning,2
solr_src_java_org_apache_solr_search_ValueSourceParser.java,206,warning,2
solr_src_java_org_apache_solr_search_ValueSourceParser.java,840,warning,2
solr_src_java_org_apache_solr_search_ValueSourceParser.java,399,warning,2
solr_src_java_org_apache_solr_search_ValueSourceParser.java,719,warning,2
solr_src_java_org_apache_solr_search_ValueSourceParser.java,696,warning,2
solr_src_java_org_apache_solr_search_ValueSourceParser.java,387,warning,2
solr_src_java_org_apache_solr_search_ValueSourceParser.java,126,error,1
solr_src_java_org_apache_solr_search_ValueSourceParser.java,425,warning,2
solr_src_java_org_apache_solr_search_ValueSourceParser.java,687,warning,2
solr_src_java_org_apache_solr_search_ValueSourceParser.java,291,warning,2
solr_src_java_org_apache_solr_search_ValueSourceParser.java,263,warning,2
solr_src_java_org_apache_solr_search_ValueSourceParser.java,935,error,1
solr_src_java_org_apache_solr_search_ValueSourceParser.java,673,warning,2
solr_src_java_org_apache_solr_search_ValueSourceParser.java,562,warning,2
solr_src_java_org_apache_solr_search_ValueSourceParser.java,607,warning,2
solr_src_java_org_apache_solr_search_ValueSourceParser.java,161,warning,2
solr_src_java_org_apache_solr_search_ValueSourceParser.java,329,warning,2
solr_src_java_org_apache_solr_search_ValueSourceParser.java,518,warning,2
solr_src_java_org_apache_solr_search_ValueSourceParser.java,855,warning,2
solr_src_java_org_apache_solr_search_ValueSourceParser.java,547,warning,2
solr_src_java_org_apache_solr_search_ValueSourceParser.java,934,warning,2
solr_src_java_org_apache_solr_search_ValueSourceParser.java,404,warning,2
solr_src_java_org_apache_solr_search_ValueSourceParser.java,807,error,1
solr_src_java_org_apache_solr_search_ValueSourceParser.java,186,warning,2
solr_src_java_org_apache_solr_search_ValueSourceParser.java,148,error,1
solr_src_java_org_apache_solr_search_ValueSourceParser.java,675,warning,2
solr_src_java_org_apache_solr_search_ValueSourceParser.java,173,warning,2
solr_src_java_org_apache_solr_search_ValueSourceParser.java,722,warning,2
solr_src_java_org_apache_solr_search_ValueSourceParser.java,235,warning,2
solr_src_java_org_apache_solr_search_ValueSourceParser.java,109,warning,2
solr_src_java_org_apache_solr_search_ValueSourceParser.java,550,warning,2
solr_src_java_org_apache_solr_search_ValueSourceParser.java,837,warning,2
solr_src_java_org_apache_solr_search_ValueSourceParser.java,712,warning,2
solr_src_java_org_apache_solr_search_ValueSourceParser.java,128,warning,2
solr_src_java_org_apache_solr_search_ValueSourceParser.java,130,warning,2
solr_src_java_org_apache_solr_search_ValueSourceParser.java,796,error,1
solr_src_java_org_apache_solr_search_ValueSourceParser.java,863,warning,2
solr_src_java_org_apache_solr_search_ValueSourceParser.java,229,warning,2
solr_src_java_org_apache_solr_search_ValueSourceParser.java,890,warning,2
solr_src_java_org_apache_solr_search_ValueSourceParser.java,844,warning,2
solr_src_java_org_apache_solr_search_ValueSourceParser.java,459,warning,2
solr_src_java_org_apache_solr_search_ValueSourceParser.java,883,warning,2
solr_src_java_org_apache_solr_search_ValueSourceParser.java,613,error,1
solr_src_java_org_apache_solr_search_ValueSourceParser.java,270,warning,2
solr_src_java_org_apache_solr_search_ValueSourceParser.java,370,warning,2
solr_src_java_org_apache_solr_search_ValueSourceParser.java,407,warning,2
solr_src_java_org_apache_solr_search_ValueSourceParser.java,205,warning,2
solr_src_java_org_apache_solr_search_ValueSourceParser.java,362,warning,2
solr_src_java_org_apache_solr_search_ValueSourceParser.java,285,warning,2
solr_src_java_org_apache_solr_search_ValueSourceParser.java,473,warning,2
solr_src_java_org_apache_solr_search_ValueSourceParser.java,704,error,1
solr_src_java_org_apache_solr_search_ValueSourceParser.java,17,warning,2
solr_src_java_org_apache_solr_search_ValueSourceParser.java,102,warning,2
solr_src_java_org_apache_solr_search_ValueSourceParser.java,486,warning,2
solr_src_java_org_apache_solr_search_ValueSourceParser.java,744,warning,2
solr_src_java_org_apache_solr_search_ValueSourceParser.java,223,warning,2
solr_src_java_org_apache_solr_search_ValueSourceParser.java,903,error,1
solr_src_java_org_apache_solr_search_ValueSourceParser.java,874,warning,2
solr_src_java_org_apache_solr_search_ValueSourceParser.java,645,warning,2
solr_src_java_org_apache_solr_search_ValueSourceParser.java,656,warning,2
solr_src_java_org_apache_solr_search_ValueSourceParser.java,180,warning,2
solr_src_java_org_apache_solr_search_ValueSourceParser.java,71,warning,2
solr_src_java_org_apache_solr_search_ValueSourceParser.java,879,warning,2
solr_src_java_org_apache_solr_search_ValueSourceParser.java,462,warning,2
solr_src_java_org_apache_solr_search_ValueSourceParser.java,625,warning,2
solr_src_java_org_apache_solr_search_ValueSourceParser.java,306,warning,2
solr_src_java_org_apache_solr_search_ValueSourceParser.java,860,warning,2
solr_src_java_org_apache_solr_search_ValueSourceParser.java,467,warning,2
solr_src_java_org_apache_solr_search_ValueSourceParser.java,710,warning,2
solr_src_java_org_apache_solr_search_ValueSourceParser.java,915,warning,2
solr_src_java_org_apache_solr_search_ValueSourceParser.java,365,warning,2
solr_src_java_org_apache_solr_search_ValueSourceParser.java,313,warning,2
solr_src_java_org_apache_solr_search_ValueSourceParser.java,582,warning,2
solr_src_java_org_apache_solr_search_ValueSourceParser.java,568,warning,2
solr_src_java_org_apache_solr_search_ValueSourceParser.java,843,error,1
solr_src_java_org_apache_solr_search_ValueSourceParser.java,614,error,1
solr_src_java_org_apache_solr_search_ValueSourceParser.java,556,warning,2
solr_src_java_org_apache_solr_search_ValueSourceParser.java,793,warning,2
solr_src_java_org_apache_solr_search_ValueSourceParser.java,435,warning,2
solr_src_java_org_apache_solr_search_ValueSourceParser.java,331,warning,2
solr_src_java_org_apache_solr_search_ValueSourceParser.java,929,warning,2
solr_src_java_org_apache_solr_search_ValueSourceParser.java,434,warning,2
solr_src_java_org_apache_solr_search_ValueSourceParser.java,948,warning,2
solr_src_java_org_apache_solr_search_ValueSourceParser.java,113,warning,2
solr_src_java_org_apache_solr_search_ValueSourceParser.java,692,warning,2
solr_src_java_org_apache_solr_search_ValueSourceParser.java,213,error,1
solr_src_java_org_apache_solr_search_ValueSourceParser.java,422,warning,2
solr_src_java_org_apache_solr_search_ValueSourceParser.java,207,warning,2
solr_src_java_org_apache_solr_search_ValueSourceParser.java,264,error,1
solr_src_java_org_apache_solr_search_ValueSourceParser.java,513,warning,2
solr_src_java_org_apache_solr_search_ValueSourceParser.java,116,warning,2
solr_src_java_org_apache_solr_search_ValueSourceParser.java,798,warning,2
solr_src_java_org_apache_solr_search_ValueSourceParser.java,175,error,1
solr_src_java_org_apache_solr_search_ValueSourceParser.java,576,warning,2
solr_src_java_org_apache_solr_search_ValueSourceParser.java,464,warning,2
solr_src_java_org_apache_solr_search_ValueSourceParser.java,570,error,1
solr_src_java_org_apache_solr_search_ValueSourceParser.java,954,warning,2
solr_src_java_org_apache_solr_search_ValueSourceParser.java,620,error,1
solr_src_java_org_apache_solr_search_ValueSourceParser.java,319,warning,2
solr_src_java_org_apache_solr_search_ValueSourceParser.java,157,error,1
solr_src_java_org_apache_solr_search_ValueSourceParser.java,443,warning,2
solr_src_java_org_apache_solr_search_ValueSourceParser.java,578,warning,2
solr_src_java_org_apache_solr_search_ValueSourceParser.java,153,warning,2
solr_src_java_org_apache_solr_search_ValueSourceParser.java,825,warning,2
solr_src_java_org_apache_solr_search_ValueSourceParser.java,155,warning,2
solr_src_java_org_apache_solr_search_ValueSourceParser.java,310,warning,2
solr_src_java_org_apache_solr_search_ValueSourceParser.java,401,warning,2
solr_src_java_org_apache_solr_search_ValueSourceParser.java,828,warning,2
solr_src_java_org_apache_solr_search_ValueSourceParser.java,440,warning,2
solr_src_java_org_apache_solr_search_ValueSourceParser.java,774,warning,2
solr_src_java_org_apache_solr_search_ValueSourceParser.java,176,warning,2
solr_src_java_org_apache_solr_search_ValueSourceParser.java,367,warning,2
solr_src_java_org_apache_solr_search_ValueSourceParser.java,678,warning,2
solr_src_java_org_apache_solr_search_ValueSourceParser.java,847,warning,2
solr_src_java_org_apache_solr_search_ValueSourceParser.java,738,error,1
solr_src_java_org_apache_solr_search_ValueSourceParser.java,258,warning,2
solr_src_java_org_apache_solr_search_ValueSourceParser.java,396,warning,2
solr_src_java_org_apache_solr_search_ValueSourceParser.java,287,error,1
solr_src_java_org_apache_solr_search_ValueSourceParser.java,239,error,1
solr_src_java_org_apache_solr_search_ValueSourceParser.java,266,warning,2
solr_src_java_org_apache_solr_search_ValueSourceParser.java,554,error,1
solr_src_java_org_apache_solr_search_ValueSourceParser.java,156,warning,2
solr_src_java_org_apache_solr_search_ValueSourceParser.java,352,warning,2
solr_src_java_org_apache_solr_search_ValueSourceParser.java,164,warning,2
solr_src_java_org_apache_solr_search_ValueSourceParser.java,730,warning,2
solr_src_java_org_apache_solr_search_ValueSourceParser.java,139,error,1
solr_src_java_org_apache_solr_search_ValueSourceParser.java,928,error,1
solr_src_java_org_apache_solr_search_ValueSourceParser.java,453,warning,2
solr_src_java_org_apache_solr_search_ValueSourceParser.java,185,warning,2
solr_src_java_org_apache_solr_search_ValueSourceParser.java,628,warning,2
solr_src_java_org_apache_solr_search_ValueSourceParser.java,256,warning,2
solr_src_java_org_apache_solr_search_ValueSourceParser.java,621,warning,2
solr_src_java_org_apache_solr_search_ValueSourceParser.java,655,warning,2
solr_src_java_org_apache_solr_search_ValueSourceParser.java,346,warning,2
solr_src_java_org_apache_solr_search_ValueSourceParser.java,900,warning,2
solr_src_java_org_apache_solr_search_ValueSourceParser.java,709,warning,2
solr_src_java_org_apache_solr_search_ValueSourceParser.java,255,warning,2
solr_src_java_org_apache_solr_search_ValueSourceParser.java,676,error,1
solr_src_java_org_apache_solr_search_ValueSourceParser.java,423,warning,2
solr_src_java_org_apache_solr_search_ValueSourceParser.java,833,error,1
solr_src_java_org_apache_solr_search_ValueSourceParser.java,661,warning,2
solr_src_java_org_apache_solr_search_ValueSourceParser.java,430,error,1
solr_src_java_org_apache_solr_search_ValueSourceParser.java,923,error,1
solr_src_java_org_apache_solr_search_ValueSourceParser.java,756,error,1
solr_src_java_org_apache_solr_search_ValueSourceParser.java,740,warning,2
solr_src_java_org_apache_solr_search_ValueSourceParser.java,444,warning,2
solr_src_java_org_apache_solr_search_ValueSourceParser.java,374,warning,2
solr_src_java_org_apache_solr_search_ValueSourceParser.java,144,warning,2
solr_src_java_org_apache_solr_search_ValueSourceParser.java,388,error,1
solr_src_java_org_apache_solr_search_ValueSourceParser.java,420,warning,2
solr_src_java_org_apache_solr_search_ValueSourceParser.java,279,warning,2
solr_src_java_org_apache_solr_search_ValueSourceParser.java,428,warning,2
solr_src_java_org_apache_solr_search_ValueSourceParser.java,202,warning,2
solr_src_java_org_apache_solr_search_ValueSourceParser.java,222,warning,2
solr_src_java_org_apache_solr_search_ValueSourceParser.java,238,warning,2
solr_src_java_org_apache_solr_search_ValueSourceParser.java,813,warning,2
solr_src_java_org_apache_solr_search_ValueSourceParser.java,245,warning,2
solr_src_java_org_apache_solr_search_ValueSourceParser.java,650,warning,2
solr_src_java_org_apache_solr_search_ValueSourceParser.java,226,warning,2
solr_src_java_org_apache_solr_search_ValueSourceParser.java,714,warning,2
solr_src_java_org_apache_solr_search_ValueSourceParser.java,734,warning,2
solr_src_java_org_apache_solr_search_ValueSourceParser.java,672,warning,2
solr_src_java_org_apache_solr_search_ValueSourceParser.java,664,warning,2
solr_src_java_org_apache_solr_search_ValueSourceParser.java,316,warning,2
solr_src_java_org_apache_solr_search_ValueSourceParser.java,82,error,1
solr_src_java_org_apache_solr_search_ValueSourceParser.java,829,error,1
solr_src_java_org_apache_solr_search_ValueSourceParser.java,684,warning,2
solr_src_java_org_apache_solr_search_ValueSourceParser.java,648,warning,2
solr_src_java_org_apache_solr_search_ValueSourceParser.java,273,warning,2
solr_src_java_org_apache_solr_search_ValueSourceParser.java,559,warning,2
solr_src_java_org_apache_solr_search_ValueSourceParser.java,845,warning,2
solr_src_java_org_apache_solr_search_ValueSourceParser.java,105,error,1
solr_src_java_org_apache_solr_search_ValueSourceParser.java,147,warning,2
solr_src_java_org_apache_solr_search_ValueSourceParser.java,904,warning,2
solr_src_java_org_apache_solr_search_ValueSourceParser.java,914,warning,2
solr_src_java_org_apache_solr_search_ValueSourceParser.java,786,warning,2
solr_src_java_org_apache_solr_search_ValueSourceParser.java,168,warning,2
solr_src_java_org_apache_solr_search_ValueSourceParser.java,466,error,1
solr_src_java_org_apache_solr_search_ValueSourceParser.java,338,warning,2
solr_src_java_org_apache_solr_search_ValueSourceParser.java,595,warning,2
solr_src_java_org_apache_solr_search_ValueSourceParser.java,230,error,1
solr_src_java_org_apache_solr_search_ValueSourceParser.java,842,warning,2
solr_src_java_org_apache_solr_search_ValueSourceParser.java,450,warning,2
solr_src_java_org_apache_solr_search_ValueSourceParser.java,408,warning,2
solr_src_java_org_apache_solr_search_ValueSourceParser.java,588,error,1
solr_src_java_org_apache_solr_search_ValueSourceParser.java,190,warning,2
solr_src_java_org_apache_solr_search_ValueSourceParser.java,358,warning,2
solr_src_java_org_apache_solr_search_ValueSourceParser.java,335,warning,2
solr_src_java_org_apache_solr_search_ValueSourceParser.java,797,warning,2
solr_src_java_org_apache_solr_search_ValueSourceParser.java,889,warning,2
solr_src_java_org_apache_solr_search_ValueSourceParser.java,881,error,1
solr_src_java_org_apache_solr_search_ValueSourceParser.java,88,warning,2
solr_src_java_org_apache_solr_search_ValueSourceParser.java,293,warning,2
solr_src_java_org_apache_solr_search_ValueSourceParser.java,545,warning,2
solr_src_java_org_apache_solr_search_ValueSourceParser.java,876,warning,2
solr_src_java_org_apache_solr_search_ValueSourceParser.java,378,warning,2
solr_src_java_org_apache_solr_search_ValueSourceParser.java,269,warning,2
solr_src_java_org_apache_solr_search_ValueSourceParser.java,275,error,1
solr_src_java_org_apache_solr_search_ValueSourceParser.java,118,warning,2
solr_src_java_org_apache_solr_search_ValueSourceParser.java,356,warning,2
solr_src_java_org_apache_solr_search_ValueSourceParser.java,727,warning,2
solr_src_java_org_apache_solr_search_ValueSourceParser.java,735,warning,2
solr_src_java_org_apache_solr_search_ValueSourceParser.java,327,warning,2
solr_src_java_org_apache_solr_search_ValueSourceParser.java,97,error,1
solr_src_java_org_apache_solr_search_ValueSourceParser.java,289,warning,2
solr_src_java_org_apache_solr_search_ValueSourceParser.java,89,warning,2
solr_src_java_org_apache_solr_search_ValueSourceParser.java,426,warning,2
solr_src_java_org_apache_solr_search_ValueSourceParser.java,605,warning,2
solr_src_java_org_apache_solr_search_ValueSourceParser.java,581,warning,2
solr_src_java_org_apache_solr_search_ValueSourceParser.java,752,warning,2
solr_src_java_org_apache_solr_search_ValueSourceParser.java,532,warning,2
solr_src_java_org_apache_solr_search_ValueSourceParser.java,303,warning,2
solr_src_java_org_apache_solr_search_ValueSourceParser.java,950,warning,2
solr_src_java_org_apache_solr_search_ValueSourceParser.java,159,warning,2
solr_src_java_org_apache_solr_search_ValueSourceParser.java,918,error,1
solr_src_java_org_apache_solr_search_ValueSourceParser.java,418,error,1
solr_src_java_org_apache_solr_search_ValueSourceParser.java,441,warning,2
solr_src_java_org_apache_solr_search_ValueSourceParser.java,549,warning,2
solr_src_java_org_apache_solr_search_ValueSourceParser.java,204,error,1
solr_src_java_org_apache_solr_search_ValueSourceParser.java,152,warning,2
solr_src_java_org_apache_solr_search_ValueSourceParser.java,257,error,1
solr_src_java_org_apache_solr_search_ValueSourceParser.java,265,warning,2
solr_src_java_org_apache_solr_search_ValueSourceParser.java,296,warning,2
solr_src_java_org_apache_solr_search_ValueSourceParser.java,818,warning,2
solr_src_java_org_apache_solr_search_ValueSourceParser.java,743,error,1
solr_src_java_org_apache_solr_search_ValueSourceParser.java,182,warning,2
solr_src_java_org_apache_solr_search_ValueSourceParser.java,280,warning,2
solr_src_java_org_apache_solr_search_ValueSourceParser.java,858,error,1
solr_src_java_org_apache_solr_search_ValueSourceParser.java,703,warning,2
solr_src_java_org_apache_solr_search_ValueSourceParser.java,766,warning,2
solr_src_java_org_apache_solr_search_ValueSourceParser.java,639,warning,2
solr_src_java_org_apache_solr_search_ValueSourceParser.java,779,warning,2
solr_src_java_org_apache_solr_search_ValueSourceParser.java,908,error,1
solr_src_java_org_apache_solr_search_ValueSourceParser.java,530,warning,2
solr_src_java_org_apache_solr_search_ValueSourceParser.java,184,error,1
solr_src_java_org_apache_solr_search_ValueSourceParser.java,417,warning,2
solr_src_java_org_apache_solr_search_ValueSourceParser.java,922,warning,2
solr_src_java_org_apache_solr_search_ValueSourceParser.java,778,warning,2
solr_src_java_org_apache_solr_search_ValueSourceParser.java,357,warning,2
solr_src_java_org_apache_solr_search_ValueSourceParser.java,953,warning,2
solr_src_java_org_apache_solr_search_ValueSourceParser.java,294,warning,2
solr_src_java_org_apache_solr_search_ValueSourceParser.java,526,warning,2
solr_src_java_org_apache_solr_search_ValueSourceParser.java,398,warning,2
solr_src_java_org_apache_solr_search_ValueSourceParser.java,519,error,1
solr_src_java_org_apache_solr_search_ValueSourceParser.java,728,error,1
solr_src_java_org_apache_solr_search_ValueSourceParser.java,565,warning,2
solr_src_java_org_apache_solr_search_ValueSourceParser.java,395,warning,2
solr_src_java_org_apache_solr_search_ValueSourceParser.java,603,error,1
solr_src_java_org_apache_solr_search_ValueSourceParser.java,917,warning,2
solr_src_java_org_apache_solr_search_ValueSourceParser.java,72,warning,2
solr_src_java_org_apache_solr_search_ValueSourceParser.java,414,warning,2
solr_src_java_org_apache_solr_search_ValueSourceParser.java,195,warning,2
solr_src_java_org_apache_solr_search_ValueSourceParser.java,332,warning,2
solr_src_java_org_apache_solr_search_ValueSourceParser.java,522,warning,2
solr_src_java_org_apache_solr_search_ValueSourceParser.java,659,warning,2
solr_src_java_org_apache_solr_search_ValueSourceParser.java,690,error,1
solr_src_java_org_apache_solr_search_ValueSourceParser.java,133,warning,2
solr_src_java_org_apache_solr_search_ValueSourceParser.java,590,error,1
solr_src_java_org_apache_solr_search_ValueSourceParser.java,742,warning,2
solr_src_java_org_apache_solr_search_ValueSourceParser.java,249,error,1
solr_src_java_org_apache_solr_search_ValueSourceParser.java,626,warning,2
solr_src_java_org_apache_solr_search_ValueSourceParser.java,429,warning,2
solr_src_java_org_apache_solr_search_ValueSourceParser.java,760,error,1
solr_src_java_org_apache_solr_search_ValueSourceParser.java,503,warning,2
solr_src_java_org_apache_solr_search_ValueSourceParser.java,334,warning,2
solr_src_java_org_apache_solr_search_ValueSourceParser.java,567,error,1
solr_src_java_org_apache_solr_search_ValueSourceParser.java,240,warning,2
solr_src_java_org_apache_solr_search_ValueSourceParser.java,769,warning,2
solr_src_java_org_apache_solr_search_ValueSourceParser.java,158,warning,2
solr_src_java_org_apache_solr_search_ValueSourceParser.java,937,warning,2
solr_src_java_org_apache_solr_search_ValueSourceParser.java,406,error,1
solr_src_java_org_apache_solr_search_ValueSourceParser.java,411,warning,2
solr_src_java_org_apache_solr_search_ValueSourceParser.java,474,warning,2
solr_src_java_org_apache_solr_search_ValueSourceParser.java,449,warning,2
solr_src_java_org_apache_solr_search_ValueSourceParser.java,163,warning,2
solr_src_java_org_apache_solr_search_ValueSourceParser.java,925,warning,2
solr_src_java_org_apache_solr_search_ValueSourceParser.java,167,warning,2
solr_src_java_org_apache_solr_search_ValueSourceParser.java,747,warning,2
solr_src_java_org_apache_solr_search_ValueSourceParser.java,757,warning,2
solr_src_java_org_apache_solr_search_ValueSourceParser.java,342,warning,2
solr_src_java_org_apache_solr_search_ValueSourceParser.java,888,warning,2
solr_src_java_org_apache_solr_search_ValueSourceParser.java,472,error,1
solr_src_java_org_apache_solr_search_ValueSourceParser.java,482,warning,2
solr_src_java_org_apache_solr_search_ValueSourceParser.java,447,warning,2
solr_src_java_org_apache_solr_search_ValueSourceParser.java,368,error,1
solr_src_java_org_apache_solr_search_ValueSourceParser.java,717,warning,2
solr_src_java_org_apache_solr_search_ValueSourceParser.java,508,warning,2
solr_src_java_org_apache_solr_search_ValueSourceParser.java,241,warning,2
solr_src_java_org_apache_solr_search_ValueSourceParser.java,94,error,1
solr_src_java_org_apache_solr_search_ValueSourceParser.java,580,warning,2
solr_src_java_org_apache_solr_search_ValueSourceParser.java,615,warning,2
solr_src_java_org_apache_solr_search_ValueSourceParser.java,907,warning,2
solr_src_java_org_apache_solr_search_ValueSourceParser.java,638,warning,2
solr_src_java_org_apache_solr_search_ValueSourceParser.java,219,warning,2
solr_src_java_org_apache_solr_search_ValueSourceParser.java,465,warning,2
solr_src_java_org_apache_solr_search_ValueSourceParser.java,945,error,1
solr_src_java_org_apache_solr_search_ValueSourceParser.java,471,warning,2
solr_src_java_org_apache_solr_search_ValueSourceParser.java,720,error,1
solr_src_java_org_apache_solr_search_ValueSourceParser.java,171,warning,2
solr_src_java_org_apache_solr_search_ValueSourceParser.java,773,warning,2
solr_src_java_org_apache_solr_search_ValueSourceParser.java,380,warning,2
solr_src_java_org_apache_solr_search_ValueSourceParser.java,862,warning,2
solr_src_java_org_apache_solr_search_ValueSourceParser.java,461,warning,2
solr_src_java_org_apache_solr_search_ValueSourceParser.java,369,warning,2
solr_src_java_org_apache_solr_search_ValueSourceParser.java,602,error,1
solr_src_java_org_apache_solr_search_ValueSourceParser.java,283,warning,2
solr_src_java_org_apache_solr_search_ValueSourceParser.java,695,warning,2
solr_src_java_org_apache_solr_search_ValueSourceParser.java,101,warning,2
solr_src_java_org_apache_solr_search_ValueSourceParser.java,924,warning,2
solr_src_java_org_apache_solr_search_ValueSourceParser.java,616,warning,2
solr_src_java_org_apache_solr_search_ValueSourceParser.java,460,error,1
solr_src_java_org_apache_solr_search_ValueSourceParser.java,485,warning,2
solr_src_java_org_apache_solr_search_ValueSourceParser.java,946,warning,2
solr_src_java_org_apache_solr_search_ValueSourceParser.java,233,warning,2
solr_src_java_org_apache_solr_search_ValueSourceParser.java,436,error,1
solr_src_java_org_apache_solr_search_ValueSourceParser.java,880,error,1
solr_src_java_org_apache_solr_search_ValueSourceParser.java,119,error,1
solr_src_java_org_apache_solr_search_ValueSourceParser.java,852,warning,2
solr_src_java_org_apache_solr_search_ValueSourceParser.java,353,warning,2
solr_src_java_org_apache_solr_search_ValueSourceParser.java,608,warning,2
solr_src_java_org_apache_solr_search_ValueSourceParser.java,686,warning,2
solr_src_java_org_apache_solr_search_ValueSourceParser.java,764,warning,2
solr_src_java_org_apache_solr_search_ValueSourceParser.java,768,warning,2
solr_src_java_org_apache_solr_search_ValueSourceParser.java,669,warning,2
solr_src_java_org_apache_solr_search_ValueSourceParser.java,853,error,1
solr_src_java_org_apache_solr_search_ValueSourceParser.java,658,warning,2
solr_src_java_org_apache_solr_search_ValueSourceParser.java,848,error,1
solr_src_java_org_apache_solr_search_ValueSourceParser.java,502,error,1
solr_src_java_org_apache_solr_search_ValueSourceParser.java,821,warning,2
solr_src_java_org_apache_solr_search_ValueSourceParser.java,307,warning,2
solr_src_java_org_apache_solr_search_ValueSourceParser.java,938,warning,2
solr_src_java_org_apache_solr_search_ValueSourceParser.java,323,warning,2
solr_src_java_org_apache_solr_search_ValueSourceParser.java,416,warning,2
solr_src_java_org_apache_solr_search_ValueSourceParser.java,268,warning,2
solr_src_java_org_apache_solr_search_ValueSourceParser.java,458,warning,2
solr_src_java_org_apache_solr_search_ValueSourceParser.java,339,warning,2
solr_src_java_org_apache_solr_search_ValueSourceParser.java,936,warning,2
solr_src_java_org_apache_solr_search_ValueSourceParser.java,557,error,1
solr_src_java_org_apache_solr_search_ValueSourceParser.java,872,warning,2
solr_src_java_org_apache_solr_search_ValueSourceParser.java,135,warning,2
solr_src_java_org_apache_solr_search_ValueSourceParser.java,151,warning,2
solr_src_java_org_apache_solr_search_ValueSourceParser.java,932,warning,2
solr_src_java_org_apache_solr_search_ValueSourceParser.java,857,warning,2
solr_src_java_org_apache_solr_search_ValueSourceParser.java,489,warning,2
solr_src_java_org_apache_solr_search_ValueSourceParser.java,304,warning,2
solr_src_java_org_apache_solr_search_ValueSourceParser.java,345,warning,2
solr_src_java_org_apache_solr_search_ValueSourceParser.java,376,error,1
solr_src_java_org_apache_solr_search_ValueSourceParser.java,424,error,1
solr_src_java_org_apache_solr_search_ValueSourceParser.java,320,warning,2
solr_src_java_org_apache_solr_search_ValueSourceParser.java,456,warning,2
solr_src_java_org_apache_solr_search_ValueSourceParser.java,724,warning,2
solr_src_java_org_apache_solr_search_ValueSourceParser.java,210,warning,2
solr_src_java_org_apache_solr_search_ValueSourceParser.java,125,warning,2
solr_src_java_org_apache_solr_search_ValueSourceParser.java,149,warning,2
solr_src_java_org_apache_solr_search_ValueSourceParser.java,386,warning,2
solr_src_java_org_apache_solr_search_ValueSourceParser.java,919,warning,2
solr_src_java_org_apache_solr_search_ValueSourceParser.java,820,warning,2
solr_src_java_org_apache_solr_search_ValueSourceParser.java,612,warning,2
solr_src_java_org_apache_solr_search_ValueSourceParser.java,364,warning,2
solr_src_java_org_apache_solr_search_ValueSourceParser.java,392,warning,2
solr_src_java_org_apache_solr_search_ValueSourceParser.java,869,warning,2
solr_src_java_org_apache_solr_search_ValueSourceParser.java,759,warning,2
solr_src_java_org_apache_solr_search_ValueSourceParser.java,478,error,1
solr_src_java_org_apache_solr_search_ValueSourceParser.java,643,warning,2
solr_src_java_org_apache_solr_search_ValueSourceParser.java,611,error,1
solr_src_java_org_apache_solr_search_ValueSourceParser.java,811,warning,2
solr_src_java_org_apache_solr_search_ValueSourceParser.java,199,warning,2
solr_src_java_org_apache_solr_search_ValueSourceParser.java,477,warning,2
solr_src_java_org_apache_solr_search_ValueSourceParser.java,375,warning,2
solr_src_java_org_apache_solr_search_ValueSourceParser.java,644,warning,2
solr_src_java_org_apache_solr_search_ValueSourceParser.java,894,warning,2
solr_src_java_org_apache_solr_search_ValueSourceParser.java,716,warning,2
solr_src_java_org_apache_solr_search_ValueSourceParser.java,831,warning,2
solr_src_java_org_apache_solr_search_ValueSourceParser.java,583,warning,2
solr_src_java_org_apache_solr_search_ValueSourceParser.java,749,warning,2
solr_src_java_org_apache_solr_search_ValueSourceParser.java,737,warning,2
solr_src_java_org_apache_solr_search_ValueSourceParser.java,721,warning,2
solr_src_java_org_apache_solr_search_ValueSourceParser.java,209,warning,2
solr_src_java_org_apache_solr_search_ValueSourceParser.java,951,error,1
solr_src_java_org_apache_solr_search_ValueSourceParser.java,301,warning,2
solr_src_java_org_apache_solr_search_ValueSourceParser.java,495,warning,2
solr_src_java_org_apache_solr_search_ValueSourceParser.java,419,warning,2
solr_src_java_org_apache_solr_search_ValueSourceParser.java,706,error,1
solr_src_java_org_apache_solr_search_ValueSourceParser.java,705,error,1
solr_src_java_org_apache_solr_search_ValueSourceParser.java,349,warning,2
solr_src_java_org_apache_solr_search_ValueSourceParser.java,191,warning,2
solr_src_java_org_apache_solr_search_ValueSourceParser.java,523,warning,2
solr_src_java_org_apache_solr_search_ValueSourceParser.java,551,warning,2
solr_src_java_org_apache_solr_search_ValueSourceParser.java,253,warning,2
solr_src_java_org_apache_solr_search_ValueSourceParser.java,816,warning,2
solr_src_java_org_apache_solr_search_ValueSourceParser.java,531,error,1
solr_src_java_org_apache_solr_search_ValueSourceParser.java,131,warning,2
solr_src_java_org_apache_solr_search_ValueSourceParser.java,800,warning,2
solr_src_java_org_apache_solr_search_ValueSourceParser.java,400,error,1
solr_src_java_org_apache_solr_search_ValueSourceParser.java,343,warning,2
solr_src_java_org_apache_solr_search_ValueSourceParser.java,350,error,1
solr_src_java_org_apache_solr_search_ValueSourceParser.java,298,warning,2
solr_src_java_org_apache_solr_search_ValueSourceParser.java,849,warning,2
solr_src_java_org_apache_solr_search_ValueSourceParser.java,454,error,1
solr_src_java_org_apache_solr_search_ValueSourceParser.java,217,warning,2
solr_src_java_org_apache_solr_search_ValueSourceParser.java,947,warning,2
solr_src_java_org_apache_solr_search_ValueSourceParser.java,215,warning,2
solr_src_java_org_apache_solr_search_ValueSourceParser.java,802,warning,2
solr_src_java_org_apache_solr_search_ValueSourceParser.java,231,warning,2
solr_src_java_org_apache_solr_search_ValueSourceParser.java,529,warning,2
solr_src_java_org_apache_solr_search_ValueSourceParser.java,178,warning,2
solr_src_java_org_apache_solr_search_ValueSourceParser.java,668,error,1
solr_src_java_org_apache_solr_search_ValueSourceParser.java,371,warning,2
solr_src_java_org_apache_solr_search_ValueSourceParser.java,725,warning,2
solr_src_java_org_apache_solr_search_ValueSourceParser.java,394,error,1
solr_src_java_org_apache_solr_search_ValueSourceParser.java,214,warning,2
solr_src_java_org_apache_solr_search_ValueSourceParser.java,943,error,1
solr_src_java_org_apache_solr_search_ValueSourceParser.java,67,warning,2
solr_src_java_org_apache_solr_search_ValueSourceParser.java,541,warning,2
solr_src_java_org_apache_solr_search_ValueSourceParser.java,501,warning,2
solr_src_java_org_apache_solr_search_ValueSourceParser.java,192,error,1
solr_src_java_org_apache_solr_search_ValueSourceParser.java,535,warning,2
solr_src_java_org_apache_solr_search_ValueSourceParser.java,322,warning,2
solr_src_java_org_apache_solr_search_ValueSourceParser.java,363,warning,2
solr_src_java_org_apache_solr_search_ValueSourceParser.java,328,error,1
solr_src_java_org_apache_solr_search_ValueSourceParser.java,314,warning,2
solr_src_java_org_apache_solr_search_ValueSourceParser.java,930,warning,2
solr_src_java_org_apache_solr_search_ValueSourceParser.java,610,error,1
solr_src_java_org_apache_solr_search_ValueSourceParser.java,596,error,1
solr_src_java_org_apache_solr_search_ValueSourceParser.java,524,warning,2
solr_src_java_org_apache_solr_search_ValueSourceParser.java,901,warning,2
solr_src_java_org_apache_solr_search_ValueSourceParser.java,507,warning,2
solr_src_java_org_apache_solr_search_ValueSourceParser.java,711,warning,2
solr_src_java_org_apache_solr_search_ValueSourceParser.java,183,warning,2
solr_src_java_org_apache_solr_search_ValueSourceParser.java,606,warning,2
solr_src_java_org_apache_solr_search_ValueSourceParser.java,212,warning,2
solr_src_java_org_apache_solr_search_ValueSourceParser.java,381,warning,2
solr_src_java_org_apache_solr_search_ValueSourceParser.java,410,warning,2
solr_src_java_org_apache_solr_search_ValueSourceParser.java,10,warning,2
solr_src_java_org_apache_solr_search_ValueSourceParser.java,431,warning,2
solr_src_java_org_apache_solr_search_ValueSourceParser.java,389,warning,2
solr_src_java_org_apache_solr_search_ValueSourceParser.java,654,error,1
solr_src_java_org_apache_solr_search_ValueSourceParser.java,942,warning,2
solr_src_java_org_apache_solr_search_ValueSourceParser.java,504,warning,2
solr_src_java_org_apache_solr_search_ValueSourceParser.java,66,warning,2
solr_src_java_org_apache_solr_search_ValueSourceParser.java,957,warning,2
solr_src_java_org_apache_solr_search_ValueSourceParser.java,455,warning,2
solr_src_java_org_apache_solr_search_ValueSourceParser.java,286,warning,2
solr_src_java_org_apache_solr_search_ValueSourceParser.java,479,warning,2
solr_src_java_org_apache_solr_search_ValueSourceParser.java,745,warning,2
solr_src_java_org_apache_solr_search_ValueSourceParser.java,940,warning,2
solr_src_java_org_apache_solr_search_ValueSourceParser.java,483,warning,2
solr_src_java_org_apache_solr_search_ValueSourceParser.java,446,warning,2
solr_src_java_org_apache_solr_search_ValueSourceParser.java,662,error,1
solr_src_java_org_apache_solr_search_ValueSourceParser.java,574,warning,2
solr_src_java_org_apache_solr_search_ValueSourceParser.java,490,error,1
solr_src_java_org_apache_solr_search_ValueSourceParser.java,867,warning,2
solr_src_java_org_apache_solr_search_ValueSourceParser.java,617,warning,2
solr_src_java_org_apache_solr_search_ValueSourceParser.java,438,warning,2
solr_src_java_org_apache_solr_search_ValueSourceParser.java,517,warning,2
solr_src_java_org_apache_solr_search_ValueSourceParser.java,575,warning,2
solr_src_java_org_apache_solr_search_ValueSourceParser.java,776,warning,2
solr_src_java_org_apache_solr_search_ValueSourceParser.java,437,warning,2
solr_src_java_org_apache_solr_search_ValueSourceParser.java,566,warning,2
solr_src_java_org_apache_solr_search_ValueSourceParser.java,484,error,1
solr_src_java_org_apache_solr_search_ValueSourceParser.java,806,warning,2
solr_src_java_org_apache_solr_search_ValueSourceParser.java,290,error,1
solr_src_java_org_apache_solr_search_ValueSourceParser.java,781,warning,2
solr_src_java_org_apache_solr_search_ValueSourceParser.java,683,warning,2
solr_src_java_org_apache_solr_search_ValueSourceParser.java,121,warning,2
solr_src_java_org_apache_solr_search_ValueSourceParser.java,228,warning,2
solr_src_java_org_apache_solr_search_ValueSourceParser.java,278,warning,2
solr_src_java_org_apache_solr_search_ValueSourceParser.java,572,warning,2
solr_src_java_org_apache_solr_search_ValueSourceParser.java,117,warning,2
solr_src_java_org_apache_solr_search_ValueSourceParser.java,360,warning,2
solr_src_java_org_apache_solr_search_ValueSourceParser.java,839,warning,2
solr_src_java_org_apache_solr_search_ValueSourceParser.java,771,warning,2
solr_src_java_org_apache_solr_search_ValueSourceParser.java,317,warning,2
solr_src_java_org_apache_solr_search_ValueSourceParser.java,138,warning,2
solr_src_java_org_apache_solr_search_ValueSourceParser.java,552,warning,2
solr_src_java_org_apache_solr_search_ValueSourceParser.java,251,warning,2
solr_src_java_org_apache_solr_search_ValueSourceParser.java,819,error,1
solr_src_java_org_apache_solr_search_ValueSourceParser.java,402,warning,2
solr_src_java_org_apache_solr_search_ValueSourceParser.java,877,warning,2
solr_src_java_org_apache_solr_search_ValueSourceParser.java,788,warning,2
solr_src_java_org_apache_solr_search_ValueSourceParser.java,913,error,1
solr_src_java_org_apache_solr_search_ValueSourceParser.java,76,error,1
solr_src_java_org_apache_solr_search_ValueSourceParser.java,491,warning,2
solr_src_java_org_apache_solr_search_ValueSourceParser.java,166,warning,2
solr_src_java_org_apache_solr_search_ValueSourceParser.java,600,warning,2
solr_src_java_org_apache_solr_search_ValueSourceParser.java,366,warning,2
solr_src_java_org_apache_solr_search_ValueSourceParser.java,808,warning,2
solr_src_java_org_apache_solr_search_ValueSourceParser.java,875,error,1
solr_src_java_org_apache_solr_search_ValueSourceParser.java,91,error,1
solr_src_java_org_apache_solr_search_ValueSourceParser.java,261,warning,2
solr_src_java_org_apache_solr_search_ValueSourceParser.java,905,warning,2
solr_src_java_org_apache_solr_search_ValueSourceParser.java,498,warning,2
solr_src_java_org_apache_solr_search_ValueSourceParser.java,127,warning,2
solr_src_java_org_apache_solr_search_ValueSourceParser.java,670,warning,2
solr_src_java_org_apache_solr_search_ValueSourceParser.java,174,warning,2
solr_src_java_org_apache_solr_search_ValueSourceParser.java,927,warning,2
solr_src_java_org_apache_solr_search_ValueSourceParser.java,413,warning,2
solr_src_java_org_apache_solr_search_ValueSourceParser.java,789,warning,2
solr_src_java_org_apache_solr_search_ValueSourceParser.java,750,warning,2
solr_src_java_org_apache_solr_search_ValueSourceParser.java,124,warning,2
solr_src_java_org_apache_solr_search_ValueSourceParser.java,198,warning,2
solr_src_java_org_apache_solr_search_ValueSourceParser.java,536,warning,2
solr_src_java_org_apache_solr_search_ValueSourceParser.java,220,warning,2
solr_src_java_org_apache_solr_search_ValueSourceParser.java,649,warning,2
solr_src_java_org_apache_solr_search_ValueSourceParser.java,305,warning,2
solr_src_java_org_apache_solr_search_ValueSourceParser.java,509,error,1
solr_src_java_org_apache_solr_search_ValueSourceParser.java,599,error,1
solr_src_java_org_apache_solr_search_ValueSourceParser.java,390,warning,2
solr_src_java_org_apache_solr_search_ValueSourceParser.java,480,warning,2
solr_src_java_org_apache_solr_search_ValueSourceParser.java,564,warning,2
solr_src_java_org_apache_solr_search_ValueSourceParser.java,277,warning,2
solr_src_java_org_apache_solr_search_ValueSourceParser.java,729,warning,2
solr_src_java_org_apache_solr_search_ValueSourceParser.java,384,warning,2
solr_src_java_org_apache_solr_search_ValueSourceParser.java,193,warning,2
solr_src_java_org_apache_solr_search_ValueSourceParser.java,868,error,1
solr_src_java_org_apache_solr_search_ValueSourceParser.java,586,warning,2
solr_src_java_org_apache_solr_search_ValueSourceParser.java,762,warning,2
solr_src_java_org_apache_solr_search_ValueSourceParser.java,691,warning,2
solr_src_java_org_apache_solr_search_ValueSourceParser.java,899,warning,2
solr_src_java_org_apache_solr_search_ValueSourceParser.java,898,error,1
solr_src_java_org_apache_solr_search_ValueSourceParser.java,870,warning,2
solr_src_java_org_apache_solr_search_ValueSourceParser.java,194,warning,2
solr_src_java_org_apache_solr_search_ValueSourceParser.java,224,warning,2
solr_src_java_org_apache_solr_search_ValueSourceParser.java,468,warning,2
solr_src_java_org_apache_solr_search_ValueSourceParser.java,920,warning,2
solr_src_java_org_apache_solr_search_ValueSourceParser.java,754,warning,2
solr_src_java_org_apache_solr_search_ValueSourceParser.java,405,warning,2
solr_src_java_org_apache_solr_search_ValueSourceParser.java,267,warning,2
solr_src_java_org_apache_solr_search_ValueSourceParser.java,909,warning,2
solr_src_java_org_apache_solr_search_ValueSourceParser.java,952,error,1
solr_src_java_org_apache_solr_search_ValueSourceParser.java,140,warning,2
solr_src_java_org_apache_solr_search_ValueSourceParser.java,546,warning,2
solr_src_java_org_apache_solr_search_ValueSourceParser.java,143,warning,2
solr_src_java_org_apache_solr_search_ValueSourceParser.java,340,error,1
solr_src_java_org_apache_solr_search_ValueSourceParser.java,311,warning,2
solr_src_java_org_apache_solr_search_ValueSourceParser.java,476,warning,2
solr_src_java_org_apache_solr_search_ValueSourceParser.java,663,warning,2
solr_src_java_org_apache_solr_search_ValueSourceParser.java,677,warning,2
solr_src_java_org_apache_solr_search_ValueSourceParser.java,815,warning,2
solr_src_java_org_apache_solr_search_ValueSourceParser.java,739,warning,2
solr_src_java_org_apache_solr_search_ValueSourceParser.java,412,error,1
solr_src_java_org_apache_solr_search_ValueSourceParser.java,577,warning,2
solr_src_java_org_apache_solr_search_ValueSourceParser.java,814,error,1
solr_src_java_org_apache_solr_search_ValueSourceParser.java,232,error,1
solr_src_java_org_apache_solr_search_ValueSourceParser.java,622,warning,2
solr_src_java_org_apache_solr_search_ValueSourceParser.java,537,error,1
solr_src_java_org_apache_solr_search_ValueSourceParser.java,492,warning,2
solr_src_java_org_apache_solr_search_ValueSourceParser.java,196,warning,2
solr_src_java_org_apache_solr_search_ValueSourceParser.java,246,warning,2
solr_src_java_org_apache_solr_search_ValueSourceParser.java,177,warning,2
solr_src_java_org_apache_solr_search_ValueSourceParser.java,850,warning,2
solr_src_java_org_apache_solr_search_ValueSourceParser.java,543,error,1
solr_src_java_org_apache_solr_search_ValueSourceParser.java,830,warning,2
solr_src_java_org_apache_solr_search_ValueSourceParser.java,623,error,1
solr_src_java_org_apache_solr_search_ValueSourceParser.java,120,warning,2
solr_src_java_org_apache_solr_search_ValueSourceParser.java,187,warning,2
solr_src_java_org_apache_solr_search_ValueSourceParser.java,902,warning,2
solr_src_java_org_apache_solr_search_ValueSourceParser.java,1,error,1
solr_src_java_org_apache_solr_search_ValueSourceParser.java,83,warning,2
solr_src_java_org_apache_solr_search_ValueSourceParser.java,619,warning,2
solr_src_java_org_apache_solr_search_ValueSourceParser.java,555,warning,2
solr_src_java_org_apache_solr_search_ValueSourceParser.java,137,warning,2
solr_src_java_org_apache_solr_search_ValueSourceParser.java,112,error,1
solr_src_java_org_apache_solr_search_ValueSourceParser.java,150,warning,2
solr_src_java_org_apache_solr_search_ValueSourceParser.java,834,warning,2
solr_src_java_org_apache_solr_search_ValueSourceParser.java,170,warning,2
solr_src_java_org_apache_solr_search_ValueSourceParser.java,892,warning,2
solr_src_java_org_apache_solr_search_ValueSourceParser.java,169,warning,2
solr_src_java_org_apache_solr_search_ValueSourceParser.java,452,warning,2
solr_src_java_org_apache_solr_search_ValueSourceParser.java,114,warning,2
solr_src_java_org_apache_solr_search_ValueSourceParser.java,271,warning,2
solr_src_java_org_apache_solr_search_ValueSourceParser.java,134,warning,2
solr_src_java_org_apache_solr_search_ValueSourceParser.java,732,warning,2
solr_src_java_org_apache_solr_search_ValueSourceParser.java,955,warning,2
solr_src_java_org_apache_solr_search_ValueSourceParser.java,682,error,1
solr_src_java_org_apache_solr_search_ValueSourceParser.java,100,error,1
solr_src_java_org_apache_solr_search_ValueSourceParser.java,585,warning,2
solr_src_java_org_apache_solr_search_ValueSourceParser.java,854,warning,2
solr_src_java_org_apache_solr_search_ValueSourceParser.java,432,warning,2
solr_src_java_org_apache_solr_search_ValueSourceParser.java,393,warning,2
solr_src_java_org_apache_solr_search_ValueSourceParser.java,689,warning,2
solr_src_java_org_apache_solr_search_ValueSourceParser.java,944,warning,2
solr_src_java_org_apache_solr_search_ValueSourceParser.java,783,warning,2
solr_src_java_org_apache_solr_search_ValueSourceParser.java,165,error,1
solr_src_java_org_apache_solr_search_ValueSourceParser.java,69,warning,2
solr_src_java_org_apache_solr_search_ValueSourceParser.java,538,warning,2
solr_src_java_org_apache_solr_search_ValueSourceParser.java,835,warning,2
solr_src_java_org_apache_solr_search_ValueSourceParser.java,179,warning,2
solr_src_java_org_apache_solr_search_ValueSourceParser.java,826,warning,2
solr_src_java_org_apache_solr_search_ValueSourceParser.java,859,warning,2
solr_src_java_org_apache_solr_search_ValueSourceParser.java,598,warning,2
solr_src_java_org_apache_solr_search_ValueSourceParser.java,221,error,1
solr_src_java_org_apache_solr_search_ValueSourceParser.java,377,warning,2
solr_src_java_org_apache_solr_search_ValueSourceParser.java,361,warning,2
solr_src_java_org_apache_solr_search_ValueSourceParser.java,514,warning,2
solr_src_java_org_apache_solr_search_ValueSourceParser.java,838,error,1
solr_src_java_org_apache_solr_search_ValueSourceParser.java,510,warning,2
solr_src_java_org_apache_solr_search_ValueSourceParser.java,809,warning,2
solr_src_java_org_apache_solr_search_ValueSourceParser.java,887,error,1
solr_src_java_org_apache_solr_search_ValueSourceParser.java,160,warning,2
solr_src_java_org_apache_solr_search_ValueSourceParser.java,203,warning,2
solr_src_java_org_apache_solr_search_ValueSourceParser.java,259,warning,2
solr_src_java_org_apache_solr_search_ValueSourceParser.java,274,warning,2
solr_src_java_org_apache_solr_search_ValueSourceParser.java,122,warning,2
solr_src_java_org_apache_solr_search_ValueSourceParser.java,78,warning,2
solr_src_java_org_apache_solr_search_ValueSourceParser.java,309,warning,2
solr_src_java_org_apache_solr_search_ValueSourceParser.java,497,warning,2
solr_src_java_org_apache_solr_search_ValueSourceParser.java,511,warning,2
solr_src_java_org_apache_solr_search_ValueSourceParser.java,563,warning,2
solr_src_java_org_apache_solr_search_ValueSourceParser.java,315,warning,2
solr_src_java_org_apache_solr_search_ValueSourceParser.java,326,warning,2
solr_src_java_org_apache_solr_search_ValueSourceParser.java,382,error,1
solr_src_java_org_apache_solr_search_ValueSourceParser.java,297,warning,2
solr_src_java_org_apache_solr_search_ValueSourceParser.java,494,warning,2
solr_src_java_org_apache_solr_search_ValueSourceParser.java,250,warning,2
solr_src_java_org_apache_solr_search_ValueSourceParser.java,132,error,1
solr_src_java_org_apache_solr_search_ValueSourceParser.java,70,warning,2
solr_src_java_org_apache_solr_search_ValueSourceParser.java,383,warning,2
solr_src_java_org_apache_solr_search_ValueSourceParser.java,589,error,1
solr_src_java_org_apache_solr_search_ValueSourceParser.java,243,warning,2
solr_src_java_org_apache_solr_search_ValueSourceParser.java,248,warning,2
solr_src_java_org_apache_solr_search_ValueSourceParser.java,784,warning,2
solr_src_java_org_apache_solr_search_ValueSourceParser.java,520,warning,2
solr_src_java_org_apache_solr_search_ValueSourceParser.java,442,error,1
solr_src_java_org_apache_solr_search_ValueSourceParser.java,448,error,1
solr_src_java_org_apache_solr_search_ValueSourceParser.java,823,warning,2
solr_src_java_org_apache_solr_search_ValueSourceParser.java,761,error,1
solr_src_java_org_apache_solr_search_ValueSourceParser.java,146,warning,2
solr_src_java_org_apache_solr_search_ValueSourceParser.java,629,warning,2
solr_src_java_org_apache_solr_search_ValueSourceParser.java,794,error,1
solr_src_java_org_apache_solr_search_ValueSourceParser.java,488,warning,2
solr_src_java_org_apache_solr_search_ValueSourceParser.java,237,warning,2
solr_src_java_org_apache_solr_search_ValueSourceParser.java,8,warning,2
solr_src_java_org_apache_solr_search_ValueSourceParser.java,832,warning,2
solr_src_java_org_apache_solr_search_ValueSourceParser.java,571,warning,2
solr_src_java_org_apache_solr_search_ValueSourceParser.java,359,warning,2
solr_src_java_org_apache_solr_search_ValueSourceParser.java,912,warning,2
solr_src_java_org_apache_solr_search_ValueSourceParser.java,348,warning,2
solr_src_java_org_apache_solr_search_ValueSourceParser.java,142,error,1
solr_src_java_org_apache_solr_search_ValueSourceParser.java,276,warning,2
solr_src_java_org_apache_solr_search_ValueSourceParser.java,308,warning,2
solr_src_java_org_apache_solr_search_ValueSourceParser.java,521,warning,2
solr_src_java_org_apache_solr_search_ValueSourceParser.java,591,warning,2
solr_src_java_org_apache_solr_search_ValueSourceParser.java,108,error,1
solr_src_java_org_apache_solr_search_ValueSourceParser.java,910,warning,2
solr_src_java_org_apache_solr_search_ValueSourceParser.java,68,warning,2
solr_src_java_org_apache_solr_search_ValueSourceParser.java,573,warning,2
solr_src_java_org_apache_solr_search_ValueSourceParser.java,956,warning,2
solr_src_java_org_apache_solr_search_ValueSourceParser.java,733,error,1
solr_src_java_org_apache_solr_search_ValueSourceParser.java,897,warning,2
solr_src_java_org_apache_solr_search_ValueSourceParser.java,748,error,1
solr_src_java_org_apache_solr_search_ValueSourceParser.java,470,warning,2
solr_src_java_org_apache_solr_search_ValueSourceParser.java,354,warning,2
solr_src_java_org_apache_solr_search_ValueSourceParser.java,539,warning,2
solr_src_java_org_apache_solr_search_ValueSourceParser.java,197,warning,2
solr_src_java_org_apache_solr_search_ValueSourceParser.java,895,warning,2
solr_src_java_org_apache_solr_search_ValueSourceParser.java,302,warning,2
solr_src_java_org_apache_solr_search_ValueSourceParser.java,242,warning,2
solr_src_java_org_apache_solr_search_ValueSourceParser.java,496,error,1
solr_src_java_org_apache_solr_search_function_distance_HaversineConstFunction.java,135,error,1
solr_src_java_org_apache_solr_search_function_distance_HaversineConstFunction.java,151,error,1
solr_src_java_org_apache_solr_search_function_distance_HaversineConstFunction.java,110,warning,2
solr_src_java_org_apache_solr_search_function_distance_HaversineConstFunction.java,210,warning,2
solr_src_java_org_apache_solr_search_function_distance_HaversineConstFunction.java,125,error,1
solr_src_java_org_apache_solr_search_function_distance_HaversineConstFunction.java,149,error,1
solr_src_java_org_apache_solr_search_function_distance_HaversineConstFunction.java,98,warning,2
solr_src_java_org_apache_solr_search_function_distance_HaversineConstFunction.java,126,warning,2
solr_src_java_org_apache_solr_search_function_distance_HaversineConstFunction.java,254,warning,2
solr_src_java_org_apache_solr_search_function_distance_HaversineConstFunction.java,104,warning,2
solr_src_java_org_apache_solr_search_function_distance_HaversineConstFunction.java,65,warning,2
solr_src_java_org_apache_solr_search_function_distance_HaversineConstFunction.java,30,warning,2
solr_src_java_org_apache_solr_search_function_distance_HaversineConstFunction.java,263,error,1
solr_src_java_org_apache_solr_search_function_distance_HaversineConstFunction.java,136,warning,2
solr_src_java_org_apache_solr_search_function_distance_HaversineConstFunction.java,53,warning,2
solr_src_java_org_apache_solr_search_function_distance_HaversineConstFunction.java,199,error,1
solr_src_java_org_apache_solr_search_function_distance_HaversineConstFunction.java,161,warning,2
solr_src_java_org_apache_solr_search_function_distance_HaversineConstFunction.java,2,error,1
solr_src_java_org_apache_solr_search_function_distance_HaversineConstFunction.java,209,warning,2
solr_src_java_org_apache_solr_search_function_distance_HaversineConstFunction.java,218,error,1
solr_src_java_org_apache_solr_search_function_distance_HaversineConstFunction.java,186,warning,2
solr_src_java_org_apache_solr_search_function_distance_HaversineConstFunction.java,262,warning,2
solr_src_java_org_apache_solr_search_function_distance_HaversineConstFunction.java,148,error,1
solr_src_java_org_apache_solr_search_function_distance_HaversineConstFunction.java,173,error,1
solr_src_java_org_apache_solr_search_function_distance_HaversineConstFunction.java,235,warning,2
solr_src_java_org_apache_solr_search_function_distance_HaversineConstFunction.java,109,warning,2
solr_src_java_org_apache_solr_search_function_distance_HaversineConstFunction.java,130,warning,2
solr_src_java_org_apache_solr_search_function_distance_HaversineConstFunction.java,191,warning,2
solr_src_java_org_apache_solr_search_function_distance_HaversineConstFunction.java,253,warning,2
solr_src_java_org_apache_solr_search_function_distance_HaversineConstFunction.java,131,warning,2
solr_src_java_org_apache_solr_search_function_distance_HaversineConstFunction.java,205,warning,2
solr_src_java_org_apache_solr_search_function_distance_HaversineConstFunction.java,55,error,1
solr_src_java_org_apache_solr_search_function_distance_HaversineConstFunction.java,58,warning,2
solr_src_java_org_apache_solr_search_function_distance_HaversineConstFunction.java,79,warning,2
solr_src_java_org_apache_solr_search_function_distance_HaversineConstFunction.java,217,warning,2
solr_src_java_org_apache_solr_search_function_distance_HaversineConstFunction.java,215,warning,2
solr_src_java_org_apache_solr_search_function_distance_HaversineConstFunction.java,223,error,1
solr_src_java_org_apache_solr_search_function_distance_HaversineConstFunction.java,39,warning,2
solr_src_java_org_apache_solr_search_function_distance_HaversineConstFunction.java,231,error,1
solr_src_java_org_apache_solr_search_function_distance_HaversineConstFunction.java,180,error,1
solr_src_java_org_apache_solr_search_function_distance_HaversineConstFunction.java,71,warning,2
solr_src_java_org_apache_solr_search_function_distance_HaversineConstFunction.java,103,warning,2
solr_src_java_org_apache_solr_search_function_distance_HaversineConstFunction.java,214,warning,2
solr_src_java_org_apache_solr_search_function_distance_HaversineConstFunction.java,67,warning,2
solr_src_java_org_apache_solr_search_function_distance_HaversineConstFunction.java,75,warning,2
solr_src_java_org_apache_solr_search_function_distance_HaversineConstFunction.java,181,warning,2
solr_src_java_org_apache_solr_search_function_distance_HaversineConstFunction.java,111,warning,2
solr_src_java_org_apache_solr_search_function_distance_HaversineConstFunction.java,32,warning,2
solr_src_java_org_apache_solr_search_function_distance_HaversineConstFunction.java,113,warning,2
solr_src_java_org_apache_solr_search_function_distance_HaversineConstFunction.java,213,error,1
solr_src_java_org_apache_solr_search_function_distance_HaversineConstFunction.java,207,warning,2
solr_src_java_org_apache_solr_search_function_distance_HaversineConstFunction.java,264,warning,2
solr_src_java_org_apache_solr_search_function_distance_HaversineConstFunction.java,116,warning,2
solr_src_java_org_apache_solr_search_function_distance_HaversineConstFunction.java,183,warning,2
solr_src_java_org_apache_solr_search_function_distance_HaversineConstFunction.java,212,warning,2
solr_src_java_org_apache_solr_search_function_distance_HaversineConstFunction.java,252,warning,2
solr_src_java_org_apache_solr_search_function_distance_HaversineConstFunction.java,162,warning,2
solr_src_java_org_apache_solr_search_function_distance_HaversineConstFunction.java,31,warning,2
solr_src_java_org_apache_solr_search_function_distance_HaversineConstFunction.java,157,warning,2
solr_src_java_org_apache_solr_search_function_distance_HaversineConstFunction.java,153,warning,2
solr_src_java_org_apache_solr_search_function_distance_HaversineConstFunction.java,176,error,1
solr_src_java_org_apache_solr_search_function_distance_HaversineConstFunction.java,59,warning,2
solr_src_java_org_apache_solr_search_function_distance_HaversineConstFunction.java,258,error,1
solr_src_java_org_apache_solr_search_function_distance_HaversineConstFunction.java,43,error,1
solr_src_java_org_apache_solr_search_function_distance_HaversineConstFunction.java,266,warning,2
solr_src_java_org_apache_solr_search_function_distance_HaversineConstFunction.java,156,error,1
solr_src_java_org_apache_solr_search_function_distance_HaversineConstFunction.java,164,error,1
solr_src_java_org_apache_solr_search_function_distance_HaversineConstFunction.java,42,warning,2
solr_src_java_org_apache_solr_search_function_distance_HaversineConstFunction.java,227,warning,2
solr_src_java_org_apache_solr_search_function_distance_HaversineConstFunction.java,139,warning,2
solr_src_java_org_apache_solr_search_function_distance_HaversineConstFunction.java,81,warning,2
solr_src_java_org_apache_solr_search_function_distance_HaversineConstFunction.java,185,warning,2
solr_src_java_org_apache_solr_search_function_distance_HaversineConstFunction.java,256,warning,2
solr_src_java_org_apache_solr_search_function_distance_HaversineConstFunction.java,121,warning,2
solr_src_java_org_apache_solr_search_function_distance_HaversineConstFunction.java,228,warning,2
solr_src_java_org_apache_solr_search_function_distance_HaversineConstFunction.java,172,error,1
solr_src_java_org_apache_solr_search_function_distance_HaversineConstFunction.java,117,error,1
solr_src_java_org_apache_solr_search_function_distance_HaversineConstFunction.java,141,warning,2
solr_src_java_org_apache_solr_search_function_distance_HaversineConstFunction.java,144,error,1
solr_src_java_org_apache_solr_search_function_distance_HaversineConstFunction.java,41,error,1
solr_src_java_org_apache_solr_search_function_distance_HaversineConstFunction.java,138,warning,2
solr_src_java_org_apache_solr_search_function_distance_HaversineConstFunction.java,129,warning,2
solr_src_java_org_apache_solr_search_function_distance_HaversineConstFunction.java,251,warning,2
solr_src_java_org_apache_solr_search_function_distance_HaversineConstFunction.java,260,warning,2
solr_src_java_org_apache_solr_search_function_distance_HaversineConstFunction.java,202,warning,2
solr_src_java_org_apache_solr_search_function_distance_HaversineConstFunction.java,222,warning,2
solr_src_java_org_apache_solr_search_function_distance_HaversineConstFunction.java,238,warning,2
solr_src_java_org_apache_solr_search_function_distance_HaversineConstFunction.java,245,warning,2
solr_src_java_org_apache_solr_search_function_distance_HaversineConstFunction.java,226,warning,2
solr_src_java_org_apache_solr_search_function_distance_HaversineConstFunction.java,244,warning,2
solr_src_java_org_apache_solr_search_function_distance_HaversineConstFunction.java,82,warning,2
solr_src_java_org_apache_solr_search_function_distance_HaversineConstFunction.java,76,warning,2
solr_src_java_org_apache_solr_search_function_distance_HaversineConstFunction.java,62,error,1
solr_src_java_org_apache_solr_search_function_distance_HaversineConstFunction.java,105,warning,2
solr_src_java_org_apache_solr_search_function_distance_HaversineConstFunction.java,147,error,1
solr_src_java_org_apache_solr_search_function_distance_HaversineConstFunction.java,91,warning,2
solr_src_java_org_apache_solr_search_function_distance_HaversineConstFunction.java,90,error,1
solr_src_java_org_apache_solr_search_function_distance_HaversineConstFunction.java,261,warning,2
solr_src_java_org_apache_solr_search_function_distance_HaversineConstFunction.java,45,error,1
solr_src_java_org_apache_solr_search_function_distance_HaversineConstFunction.java,168,error,1
solr_src_java_org_apache_solr_search_function_distance_HaversineConstFunction.java,127,warning,2
solr_src_java_org_apache_solr_search_function_distance_HaversineConstFunction.java,174,error,1
solr_src_java_org_apache_solr_search_function_distance_HaversineConstFunction.java,230,warning,2
solr_src_java_org_apache_solr_search_function_distance_HaversineConstFunction.java,145,warning,2
solr_src_java_org_apache_solr_search_function_distance_HaversineConstFunction.java,190,warning,2
solr_src_java_org_apache_solr_search_function_distance_HaversineConstFunction.java,73,error,1
solr_src_java_org_apache_solr_search_function_distance_HaversineConstFunction.java,124,error,1
solr_src_java_org_apache_solr_search_function_distance_HaversineConstFunction.java,88,error,1
solr_src_java_org_apache_solr_search_function_distance_HaversineConstFunction.java,198,warning,2
solr_src_java_org_apache_solr_search_function_distance_HaversineConstFunction.java,269,error,1
solr_src_java_org_apache_solr_search_function_distance_HaversineConstFunction.java,220,warning,2
solr_src_java_org_apache_solr_search_function_distance_HaversineConstFunction.java,118,warning,2
solr_src_java_org_apache_solr_search_function_distance_HaversineConstFunction.java,193,error,1
solr_src_java_org_apache_solr_search_function_distance_HaversineConstFunction.java,87,error,1
solr_src_java_org_apache_solr_search_function_distance_HaversineConstFunction.java,61,warning,2
solr_src_java_org_apache_solr_search_function_distance_HaversineConstFunction.java,97,warning,2
solr_src_java_org_apache_solr_search_function_distance_HaversineConstFunction.java,194,error,1
solr_src_java_org_apache_solr_search_function_distance_HaversineConstFunction.java,224,error,1
solr_src_java_org_apache_solr_search_function_distance_HaversineConstFunction.java,89,error,1
solr_src_java_org_apache_solr_search_function_distance_HaversineConstFunction.java,92,warning,2
solr_src_java_org_apache_solr_search_function_distance_HaversineConstFunction.java,267,warning,2
solr_src_java_org_apache_solr_search_function_distance_HaversineConstFunction.java,107,error,1
solr_src_java_org_apache_solr_search_function_distance_HaversineConstFunction.java,140,warning,2
solr_src_java_org_apache_solr_search_function_distance_HaversineConstFunction.java,96,warning,2
solr_src_java_org_apache_solr_search_function_distance_HaversineConstFunction.java,33,warning,2
solr_src_java_org_apache_solr_search_function_distance_HaversineConstFunction.java,159,warning,2
solr_src_java_org_apache_solr_search_function_distance_HaversineConstFunction.java,28,error,1
solr_src_java_org_apache_solr_search_function_distance_HaversineConstFunction.java,143,warning,2
solr_src_java_org_apache_solr_search_function_distance_HaversineConstFunction.java,152,warning,2
solr_src_java_org_apache_solr_search_function_distance_HaversineConstFunction.java,204,warning,2
solr_src_java_org_apache_solr_search_function_distance_HaversineConstFunction.java,265,error,1
solr_src_java_org_apache_solr_search_function_distance_HaversineConstFunction.java,236,error,1
solr_src_java_org_apache_solr_search_function_distance_HaversineConstFunction.java,44,error,1
solr_src_java_org_apache_solr_search_function_distance_HaversineConstFunction.java,182,warning,2
solr_src_java_org_apache_solr_search_function_distance_HaversineConstFunction.java,52,warning,2
solr_src_java_org_apache_solr_search_function_distance_HaversineConstFunction.java,85,error,1
solr_src_java_org_apache_solr_search_function_distance_HaversineConstFunction.java,36,error,1
solr_src_java_org_apache_solr_search_function_distance_HaversineConstFunction.java,184,warning,2
solr_src_java_org_apache_solr_search_function_distance_HaversineConstFunction.java,232,warning,2
solr_src_java_org_apache_solr_search_function_distance_HaversineConstFunction.java,84,warning,2
solr_src_java_org_apache_solr_search_function_distance_HaversineConstFunction.java,189,error,1
solr_src_java_org_apache_solr_search_function_distance_HaversineConstFunction.java,196,warning,2
solr_src_java_org_apache_solr_search_function_distance_HaversineConstFunction.java,246,warning,2
solr_src_java_org_apache_solr_search_function_distance_HaversineConstFunction.java,177,error,1
solr_src_java_org_apache_solr_search_function_distance_HaversineConstFunction.java,120,error,1
solr_src_java_org_apache_solr_search_function_distance_HaversineConstFunction.java,187,warning,2
solr_src_java_org_apache_solr_search_function_distance_HaversineConstFunction.java,1,error,1
solr_src_java_org_apache_solr_search_function_distance_HaversineConstFunction.java,83,warning,2
solr_src_java_org_apache_solr_search_function_distance_HaversineConstFunction.java,137,error,1
solr_src_java_org_apache_solr_search_function_distance_HaversineConstFunction.java,72,warning,2
solr_src_java_org_apache_solr_search_function_distance_HaversineConstFunction.java,150,error,1
solr_src_java_org_apache_solr_search_function_distance_HaversineConstFunction.java,112,warning,2
solr_src_java_org_apache_solr_search_function_distance_HaversineConstFunction.java,170,error,1
solr_src_java_org_apache_solr_search_function_distance_HaversineConstFunction.java,114,warning,2
solr_src_java_org_apache_solr_search_function_distance_HaversineConstFunction.java,271,warning,2
solr_src_java_org_apache_solr_search_function_distance_HaversineConstFunction.java,272,warning,2
solr_src_java_org_apache_solr_search_function_distance_HaversineConstFunction.java,195,warning,2
solr_src_java_org_apache_solr_search_function_distance_HaversineConstFunction.java,100,warning,2
solr_src_java_org_apache_solr_search_function_distance_HaversineConstFunction.java,133,warning,2
solr_src_java_org_apache_solr_search_function_distance_HaversineConstFunction.java,69,error,1
solr_src_java_org_apache_solr_search_function_distance_HaversineConstFunction.java,249,error,1
solr_src_java_org_apache_solr_search_function_distance_HaversineConstFunction.java,165,warning,2
solr_src_java_org_apache_solr_search_function_distance_HaversineConstFunction.java,240,warning,2
solr_src_java_org_apache_solr_search_function_distance_HaversineConstFunction.java,158,error,1
solr_src_java_org_apache_solr_search_function_distance_HaversineConstFunction.java,221,warning,2
solr_src_java_org_apache_solr_search_function_distance_HaversineConstFunction.java,163,warning,2
solr_src_java_org_apache_solr_search_function_distance_HaversineConstFunction.java,64,warning,2
solr_src_java_org_apache_solr_search_function_distance_HaversineConstFunction.java,160,warning,2
solr_src_java_org_apache_solr_search_function_distance_HaversineConstFunction.java,203,error,1
solr_src_java_org_apache_solr_search_function_distance_HaversineConstFunction.java,78,error,1
solr_src_java_org_apache_solr_search_function_distance_HaversineConstFunction.java,74,warning,2
solr_src_java_org_apache_solr_search_function_distance_HaversineConstFunction.java,94,warning,2
solr_src_java_org_apache_solr_search_function_distance_HaversineConstFunction.java,219,warning,2
solr_src_java_org_apache_solr_search_function_distance_HaversineConstFunction.java,250,error,1
solr_src_java_org_apache_solr_search_function_distance_HaversineConstFunction.java,132,warning,2
solr_src_java_org_apache_solr_search_function_distance_HaversineConstFunction.java,60,warning,2
solr_src_java_org_apache_solr_search_function_distance_HaversineConstFunction.java,70,warning,2
solr_src_java_org_apache_solr_search_function_distance_HaversineConstFunction.java,171,error,1
solr_src_java_org_apache_solr_search_function_distance_HaversineConstFunction.java,154,warning,2
solr_src_java_org_apache_solr_search_function_distance_HaversineConstFunction.java,95,warning,2
solr_src_java_org_apache_solr_search_function_distance_HaversineConstFunction.java,243,error,1
solr_src_java_org_apache_solr_search_function_distance_HaversineConstFunction.java,248,error,1
solr_src_java_org_apache_solr_search_function_distance_HaversineConstFunction.java,101,warning,2
solr_src_java_org_apache_solr_search_function_distance_HaversineConstFunction.java,63,warning,2
solr_src_java_org_apache_solr_search_function_distance_HaversineConstFunction.java,233,warning,2
solr_src_java_org_apache_solr_search_function_distance_HaversineConstFunction.java,86,warning,2
solr_src_java_org_apache_solr_search_function_distance_HaversineConstFunction.java,237,error,1
solr_src_java_org_apache_solr_search_function_distance_HaversineConstFunction.java,57,warning,2
solr_src_java_org_apache_solr_search_function_distance_HaversineConstFunction.java,80,error,1
solr_src_java_org_apache_solr_search_function_distance_HaversineConstFunction.java,50,error,1
solr_src_java_org_apache_solr_search_function_distance_HaversineConstFunction.java,142,warning,2
solr_src_java_org_apache_solr_search_function_distance_HaversineConstFunction.java,108,warning,2
solr_src_java_org_apache_solr_search_function_distance_HaversineConstFunction.java,68,error,1
solr_src_java_org_apache_solr_search_function_distance_HaversineConstFunction.java,208,error,1
solr_src_java_org_apache_solr_search_function_distance_HaversineConstFunction.java,197,warning,2
solr_src_java_org_apache_solr_search_function_distance_HaversineConstFunction.java,225,error,1
solr_src_java_org_apache_solr_search_function_distance_HaversineConstFunction.java,201,warning,2
solr_src_java_org_apache_solr_search_function_distance_HaversineConstFunction.java,99,error,1
solr_src_java_org_apache_solr_search_function_distance_HaversineConstFunction.java,46,warning,2
solr_src_java_org_apache_solr_search_function_distance_HaversineConstFunction.java,242,error,1
solr_src_java_org_apache_solr_search_function_distance_HaversineConstFunction.java,77,error,1
solr_src_java_org_apache_solr_core_PluginInfo.java,34,error,1
solr_src_java_org_apache_solr_core_PluginInfo.java,32,warning,2
solr_src_java_org_apache_solr_core_PluginInfo.java,62,warning,2
solr_src_java_org_apache_solr_core_PluginInfo.java,93,error,1
solr_src_java_org_apache_solr_core_PluginInfo.java,100,error,1
solr_src_java_org_apache_solr_core_PluginInfo.java,105,warning,2
solr_src_java_org_apache_solr_core_PluginInfo.java,24,error,1
solr_src_java_org_apache_solr_core_PluginInfo.java,91,error,1
solr_src_java_org_apache_solr_core_PluginInfo.java,69,warning,2
solr_src_java_org_apache_solr_core_PluginInfo.java,45,warning,2
solr_src_java_org_apache_solr_core_PluginInfo.java,49,warning,2
solr_src_java_org_apache_solr_core_PluginInfo.java,48,error,1
solr_src_java_org_apache_solr_core_PluginInfo.java,104,warning,2
solr_src_java_org_apache_solr_core_PluginInfo.java,65,warning,2
solr_src_java_org_apache_solr_core_PluginInfo.java,10,warning,2
solr_src_java_org_apache_solr_core_PluginInfo.java,30,warning,2
solr_src_java_org_apache_solr_core_PluginInfo.java,38,error,1
solr_src_java_org_apache_solr_core_PluginInfo.java,73,warning,2
solr_src_java_org_apache_solr_core_PluginInfo.java,40,warning,2
solr_src_java_org_apache_solr_core_PluginInfo.java,88,warning,2
solr_src_java_org_apache_solr_core_PluginInfo.java,64,error,1
solr_src_java_org_apache_solr_core_PluginInfo.java,66,error,1
solr_src_java_org_apache_solr_core_PluginInfo.java,53,warning,2
solr_src_java_org_apache_solr_core_PluginInfo.java,59,error,1
solr_src_java_org_apache_solr_core_PluginInfo.java,78,warning,2
solr_src_java_org_apache_solr_core_PluginInfo.java,51,warning,2
solr_src_java_org_apache_solr_core_PluginInfo.java,74,error,1
solr_src_java_org_apache_solr_core_PluginInfo.java,94,warning,2
solr_src_java_org_apache_solr_core_PluginInfo.java,43,warning,2
solr_src_java_org_apache_solr_core_PluginInfo.java,87,error,1
solr_src_java_org_apache_solr_core_PluginInfo.java,61,warning,2
solr_src_java_org_apache_solr_core_PluginInfo.java,97,warning,2
solr_src_java_org_apache_solr_core_PluginInfo.java,42,warning,2
solr_src_java_org_apache_solr_core_PluginInfo.java,35,error,1
solr_src_java_org_apache_solr_core_PluginInfo.java,60,warning,2
solr_src_java_org_apache_solr_core_PluginInfo.java,89,warning,2
solr_src_java_org_apache_solr_core_PluginInfo.java,92,warning,2
solr_src_java_org_apache_solr_core_PluginInfo.java,107,error,1
solr_src_java_org_apache_solr_core_PluginInfo.java,96,error,1
solr_src_java_org_apache_solr_core_PluginInfo.java,33,error,1
solr_src_java_org_apache_solr_core_PluginInfo.java,28,error,1
solr_src_java_org_apache_solr_core_PluginInfo.java,25,warning,2
solr_src_java_org_apache_solr_core_PluginInfo.java,54,warning,2
solr_src_java_org_apache_solr_core_PluginInfo.java,44,error,1
solr_src_java_org_apache_solr_core_PluginInfo.java,101,error,1
solr_src_java_org_apache_solr_core_PluginInfo.java,52,warning,2
solr_src_java_org_apache_solr_core_PluginInfo.java,63,error,1
solr_src_java_org_apache_solr_core_PluginInfo.java,85,warning,2
solr_src_java_org_apache_solr_core_PluginInfo.java,58,error,1
solr_src_java_org_apache_solr_core_PluginInfo.java,55,warning,2
solr_src_java_org_apache_solr_core_PluginInfo.java,79,warning,2
solr_src_java_org_apache_solr_core_PluginInfo.java,17,warning,2
solr_src_java_org_apache_solr_core_PluginInfo.java,102,warning,2
solr_src_java_org_apache_solr_core_PluginInfo.java,36,error,1
solr_src_java_org_apache_solr_core_PluginInfo.java,57,error,1
solr_src_java_org_apache_solr_core_PluginInfo.java,8,warning,2
solr_src_java_org_apache_solr_core_PluginInfo.java,39,warning,2
solr_src_java_org_apache_solr_core_PluginInfo.java,84,warning,2
solr_src_java_org_apache_solr_core_PluginInfo.java,71,error,1
solr_src_java_org_apache_solr_core_PluginInfo.java,80,warning,2
solr_src_java_org_apache_solr_core_PluginInfo.java,50,warning,2
solr_src_java_org_apache_solr_core_PluginInfo.java,103,error,1
solr_src_java_org_apache_solr_core_PluginInfo.java,20,warning,2
solr_src_java_org_apache_solr_core_PluginInfo.java,41,warning,2
solr_src_java_org_apache_solr_core_PluginInfo.java,68,error,1
solr_src_java_org_apache_solr_core_PluginInfo.java,1,error,1
solr_src_java_org_apache_solr_core_PluginInfo.java,26,warning,2
solr_src_java_org_apache_solr_core_PluginInfo.java,83,warning,2
solr_src_java_org_apache_solr_core_PluginInfo.java,67,warning,2
solr_src_java_org_apache_solr_core_PluginInfo.java,75,error,1
solr_src_java_org_apache_solr_core_PluginInfo.java,82,error,1
solr_src_java_org_apache_solr_core_PluginInfo.java,77,error,1
solr_src_java_org_apache_solr_core_PluginInfo.java,106,error,1
solr_src_java_org_apache_solr_core_PluginInfo.java,76,error,1
solr_src_java_org_apache_solr_handler_component_SpellCheckComponent.java,560,warning,2
solr_src_java_org_apache_solr_handler_component_SpellCheckComponent.java,500,warning,2
solr_src_java_org_apache_solr_handler_component_SpellCheckComponent.java,188,warning,2
solr_src_java_org_apache_solr_handler_component_SpellCheckComponent.java,604,warning,2
solr_src_java_org_apache_solr_handler_component_SpellCheckComponent.java,533,error,1
solr_src_java_org_apache_solr_handler_component_SpellCheckComponent.java,558,warning,2
solr_src_java_org_apache_solr_handler_component_SpellCheckComponent.java,707,warning,2
solr_src_java_org_apache_solr_handler_component_SpellCheckComponent.java,206,error,1
solr_src_java_org_apache_solr_handler_component_SpellCheckComponent.java,110,warning,2
solr_src_java_org_apache_solr_handler_component_SpellCheckComponent.java,708,warning,2
solr_src_java_org_apache_solr_handler_component_SpellCheckComponent.java,399,error,1
solr_src_java_org_apache_solr_handler_component_SpellCheckComponent.java,719,error,1
solr_src_java_org_apache_solr_handler_component_SpellCheckComponent.java,37,warning,2
solr_src_java_org_apache_solr_handler_component_SpellCheckComponent.java,696,warning,2
solr_src_java_org_apache_solr_handler_component_SpellCheckComponent.java,98,warning,2
solr_src_java_org_apache_solr_handler_component_SpellCheckComponent.java,387,warning,2
solr_src_java_org_apache_solr_handler_component_SpellCheckComponent.java,126,warning,2
solr_src_java_org_apache_solr_handler_component_SpellCheckComponent.java,687,warning,2
solr_src_java_org_apache_solr_handler_component_SpellCheckComponent.java,104,warning,2
solr_src_java_org_apache_solr_handler_component_SpellCheckComponent.java,263,warning,2
solr_src_java_org_apache_solr_handler_component_SpellCheckComponent.java,288,error,1
solr_src_java_org_apache_solr_handler_component_SpellCheckComponent.java,673,warning,2
solr_src_java_org_apache_solr_handler_component_SpellCheckComponent.java,562,error,1
solr_src_java_org_apache_solr_handler_component_SpellCheckComponent.java,607,warning,2
solr_src_java_org_apache_solr_handler_component_SpellCheckComponent.java,53,warning,2
solr_src_java_org_apache_solr_handler_component_SpellCheckComponent.java,161,warning,2
solr_src_java_org_apache_solr_handler_component_SpellCheckComponent.java,329,warning,2
solr_src_java_org_apache_solr_handler_component_SpellCheckComponent.java,518,warning,2
solr_src_java_org_apache_solr_handler_component_SpellCheckComponent.java,647,warning,2
solr_src_java_org_apache_solr_handler_component_SpellCheckComponent.java,404,warning,2
solr_src_java_org_apache_solr_handler_component_SpellCheckComponent.java,321,warning,2
solr_src_java_org_apache_solr_handler_component_SpellCheckComponent.java,218,error,1
solr_src_java_org_apache_solr_handler_component_SpellCheckComponent.java,186,warning,2
solr_src_java_org_apache_solr_handler_component_SpellCheckComponent.java,675,error,1
solr_src_java_org_apache_solr_handler_component_SpellCheckComponent.java,148,warning,2
solr_src_java_org_apache_solr_handler_component_SpellCheckComponent.java,173,warning,2
solr_src_java_org_apache_solr_handler_component_SpellCheckComponent.java,235,warning,2
solr_src_java_org_apache_solr_handler_component_SpellCheckComponent.java,109,warning,2
solr_src_java_org_apache_solr_handler_component_SpellCheckComponent.java,722,warning,2
solr_src_java_org_apache_solr_handler_component_SpellCheckComponent.java,128,warning,2
solr_src_java_org_apache_solr_handler_component_SpellCheckComponent.java,130,error,1
solr_src_java_org_apache_solr_handler_component_SpellCheckComponent.java,459,warning,2
solr_src_java_org_apache_solr_handler_component_SpellCheckComponent.java,25,warning,2
solr_src_java_org_apache_solr_handler_component_SpellCheckComponent.java,270,error,1
solr_src_java_org_apache_solr_handler_component_SpellCheckComponent.java,370,warning,2
solr_src_java_org_apache_solr_handler_component_SpellCheckComponent.java,469,warning,2
solr_src_java_org_apache_solr_handler_component_SpellCheckComponent.java,542,warning,2
solr_src_java_org_apache_solr_handler_component_SpellCheckComponent.java,407,warning,2
solr_src_java_org_apache_solr_handler_component_SpellCheckComponent.java,362,warning,2
solr_src_java_org_apache_solr_handler_component_SpellCheckComponent.java,58,error,1
solr_src_java_org_apache_solr_handler_component_SpellCheckComponent.java,55,warning,2
solr_src_java_org_apache_solr_handler_component_SpellCheckComponent.java,285,warning,2
solr_src_java_org_apache_solr_handler_component_SpellCheckComponent.java,473,error,1
solr_src_java_org_apache_solr_handler_component_SpellCheckComponent.java,704,warning,2
solr_src_java_org_apache_solr_handler_component_SpellCheckComponent.java,102,error,1
solr_src_java_org_apache_solr_handler_component_SpellCheckComponent.java,486,warning,2
solr_src_java_org_apache_solr_handler_component_SpellCheckComponent.java,223,error,1
solr_src_java_org_apache_solr_handler_component_SpellCheckComponent.java,39,warning,2
solr_src_java_org_apache_solr_handler_component_SpellCheckComponent.java,645,warning,2
solr_src_java_org_apache_solr_handler_component_SpellCheckComponent.java,656,error,1
solr_src_java_org_apache_solr_handler_component_SpellCheckComponent.java,71,error,1
solr_src_java_org_apache_solr_handler_component_SpellCheckComponent.java,451,warning,2
solr_src_java_org_apache_solr_handler_component_SpellCheckComponent.java,633,warning,2
solr_src_java_org_apache_solr_handler_component_SpellCheckComponent.java,462,warning,2
solr_src_java_org_apache_solr_handler_component_SpellCheckComponent.java,625,warning,2
solr_src_java_org_apache_solr_handler_component_SpellCheckComponent.java,306,warning,2
solr_src_java_org_apache_solr_handler_component_SpellCheckComponent.java,281,warning,2
solr_src_java_org_apache_solr_handler_component_SpellCheckComponent.java,651,error,1
solr_src_java_org_apache_solr_handler_component_SpellCheckComponent.java,467,warning,2
solr_src_java_org_apache_solr_handler_component_SpellCheckComponent.java,527,error,1
solr_src_java_org_apache_solr_handler_component_SpellCheckComponent.java,365,warning,2
solr_src_java_org_apache_solr_handler_component_SpellCheckComponent.java,313,warning,2
solr_src_java_org_apache_solr_handler_component_SpellCheckComponent.java,391,warning,2
solr_src_java_org_apache_solr_handler_component_SpellCheckComponent.java,614,error,1
solr_src_java_org_apache_solr_handler_component_SpellCheckComponent.java,593,warning,2
solr_src_java_org_apache_solr_handler_component_SpellCheckComponent.java,435,warning,2
solr_src_java_org_apache_solr_handler_component_SpellCheckComponent.java,51,warning,2
solr_src_java_org_apache_solr_handler_component_SpellCheckComponent.java,692,error,1
solr_src_java_org_apache_solr_handler_component_SpellCheckComponent.java,113,warning,2
solr_src_java_org_apache_solr_handler_component_SpellCheckComponent.java,213,warning,2
solr_src_java_org_apache_solr_handler_component_SpellCheckComponent.java,632,warning,2
solr_src_java_org_apache_solr_handler_component_SpellCheckComponent.java,207,error,1
solr_src_java_org_apache_solr_handler_component_SpellCheckComponent.java,264,warning,2
solr_src_java_org_apache_solr_handler_component_SpellCheckComponent.java,513,error,1
solr_src_java_org_apache_solr_handler_component_SpellCheckComponent.java,116,warning,2
solr_src_java_org_apache_solr_handler_component_SpellCheckComponent.java,671,warning,2
solr_src_java_org_apache_solr_handler_component_SpellCheckComponent.java,175,error,1
solr_src_java_org_apache_solr_handler_component_SpellCheckComponent.java,528,warning,2
solr_src_java_org_apache_solr_handler_component_SpellCheckComponent.java,576,warning,2
solr_src_java_org_apache_solr_handler_component_SpellCheckComponent.java,464,warning,2
solr_src_java_org_apache_solr_handler_component_SpellCheckComponent.java,570,error,1
solr_src_java_org_apache_solr_handler_component_SpellCheckComponent.java,726,warning,2
solr_src_java_org_apache_solr_handler_component_SpellCheckComponent.java,620,warning,2
solr_src_java_org_apache_solr_handler_component_SpellCheckComponent.java,319,error,1
solr_src_java_org_apache_solr_handler_component_SpellCheckComponent.java,157,warning,2
solr_src_java_org_apache_solr_handler_component_SpellCheckComponent.java,443,warning,2
solr_src_java_org_apache_solr_handler_component_SpellCheckComponent.java,578,warning,2
solr_src_java_org_apache_solr_handler_component_SpellCheckComponent.java,153,warning,2
solr_src_java_org_apache_solr_handler_component_SpellCheckComponent.java,155,error,1
solr_src_java_org_apache_solr_handler_component_SpellCheckComponent.java,310,warning,2
solr_src_java_org_apache_solr_handler_component_SpellCheckComponent.java,401,warning,2
solr_src_java_org_apache_solr_handler_component_SpellCheckComponent.java,440,warning,2
solr_src_java_org_apache_solr_handler_component_SpellCheckComponent.java,176,warning,2
solr_src_java_org_apache_solr_handler_component_SpellCheckComponent.java,367,error,1
solr_src_java_org_apache_solr_handler_component_SpellCheckComponent.java,59,warning,2
solr_src_java_org_apache_solr_handler_component_SpellCheckComponent.java,463,warning,2
solr_src_java_org_apache_solr_handler_component_SpellCheckComponent.java,43,warning,2
solr_src_java_org_apache_solr_handler_component_SpellCheckComponent.java,239,warning,2
solr_src_java_org_apache_solr_handler_component_SpellCheckComponent.java,337,warning,2
solr_src_java_org_apache_solr_handler_component_SpellCheckComponent.java,554,warning,2
solr_src_java_org_apache_solr_handler_component_SpellCheckComponent.java,694,error,1
solr_src_java_org_apache_solr_handler_component_SpellCheckComponent.java,156,warning,2
solr_src_java_org_apache_solr_handler_component_SpellCheckComponent.java,352,error,1
solr_src_java_org_apache_solr_handler_component_SpellCheckComponent.java,164,warning,2
solr_src_java_org_apache_solr_handler_component_SpellCheckComponent.java,685,error,1
solr_src_java_org_apache_solr_handler_component_SpellCheckComponent.java,227,warning,2
solr_src_java_org_apache_solr_handler_component_SpellCheckComponent.java,139,error,1
solr_src_java_org_apache_solr_handler_component_SpellCheckComponent.java,453,warning,2
solr_src_java_org_apache_solr_handler_component_SpellCheckComponent.java,185,warning,2
solr_src_java_org_apache_solr_handler_component_SpellCheckComponent.java,628,error,1
solr_src_java_org_apache_solr_handler_component_SpellCheckComponent.java,256,warning,2
solr_src_java_org_apache_solr_handler_component_SpellCheckComponent.java,621,warning,2
solr_src_java_org_apache_solr_handler_component_SpellCheckComponent.java,346,warning,2
solr_src_java_org_apache_solr_handler_component_SpellCheckComponent.java,255,error,1
solr_src_java_org_apache_solr_handler_component_SpellCheckComponent.java,423,warning,2
solr_src_java_org_apache_solr_handler_component_SpellCheckComponent.java,676,warning,2
solr_src_java_org_apache_solr_handler_component_SpellCheckComponent.java,661,warning,2
solr_src_java_org_apache_solr_handler_component_SpellCheckComponent.java,141,warning,2
solr_src_java_org_apache_solr_handler_component_SpellCheckComponent.java,444,warning,2
solr_src_java_org_apache_solr_handler_component_SpellCheckComponent.java,374,warning,2
solr_src_java_org_apache_solr_handler_component_SpellCheckComponent.java,144,warning,2
solr_src_java_org_apache_solr_handler_component_SpellCheckComponent.java,388,warning,2
solr_src_java_org_apache_solr_handler_component_SpellCheckComponent.java,420,warning,2
solr_src_java_org_apache_solr_handler_component_SpellCheckComponent.java,260,warning,2
solr_src_java_org_apache_solr_handler_component_SpellCheckComponent.java,222,error,1
solr_src_java_org_apache_solr_handler_component_SpellCheckComponent.java,238,error,1
solr_src_java_org_apache_solr_handler_component_SpellCheckComponent.java,202,warning,2
solr_src_java_org_apache_solr_handler_component_SpellCheckComponent.java,650,warning,2
solr_src_java_org_apache_solr_handler_component_SpellCheckComponent.java,714,error,1
solr_src_java_org_apache_solr_handler_component_SpellCheckComponent.java,226,warning,2
solr_src_java_org_apache_solr_handler_component_SpellCheckComponent.java,672,warning,2
solr_src_java_org_apache_solr_handler_component_SpellCheckComponent.java,664,warning,2
solr_src_java_org_apache_solr_handler_component_SpellCheckComponent.java,56,warning,2
solr_src_java_org_apache_solr_handler_component_SpellCheckComponent.java,82,error,1
solr_src_java_org_apache_solr_handler_component_SpellCheckComponent.java,684,warning,2
solr_src_java_org_apache_solr_handler_component_SpellCheckComponent.java,648,warning,2
solr_src_java_org_apache_solr_handler_component_SpellCheckComponent.java,344,error,1
solr_src_java_org_apache_solr_handler_component_SpellCheckComponent.java,273,warning,2
solr_src_java_org_apache_solr_handler_component_SpellCheckComponent.java,559,warning,2
solr_src_java_org_apache_solr_handler_component_SpellCheckComponent.java,105,warning,2
solr_src_java_org_apache_solr_handler_component_SpellCheckComponent.java,147,warning,2
solr_src_java_org_apache_solr_handler_component_SpellCheckComponent.java,637,warning,2
solr_src_java_org_apache_solr_handler_component_SpellCheckComponent.java,45,warning,2
solr_src_java_org_apache_solr_handler_component_SpellCheckComponent.java,168,warning,2
solr_src_java_org_apache_solr_handler_component_SpellCheckComponent.java,466,warning,2
solr_src_java_org_apache_solr_handler_component_SpellCheckComponent.java,338,warning,2
solr_src_java_org_apache_solr_handler_component_SpellCheckComponent.java,595,warning,2
solr_src_java_org_apache_solr_handler_component_SpellCheckComponent.java,230,error,1
solr_src_java_org_apache_solr_handler_component_SpellCheckComponent.java,450,error,1
solr_src_java_org_apache_solr_handler_component_SpellCheckComponent.java,618,error,1
solr_src_java_org_apache_solr_handler_component_SpellCheckComponent.java,145,warning,2
solr_src_java_org_apache_solr_handler_component_SpellCheckComponent.java,588,warning,2
solr_src_java_org_apache_solr_handler_component_SpellCheckComponent.java,190,error,1
solr_src_java_org_apache_solr_handler_component_SpellCheckComponent.java,358,warning,2
solr_src_java_org_apache_solr_handler_component_SpellCheckComponent.java,335,warning,2
solr_src_java_org_apache_solr_handler_component_SpellCheckComponent.java,378,error,1
solr_src_java_org_apache_solr_handler_component_SpellCheckComponent.java,269,warning,2
solr_src_java_org_apache_solr_handler_component_SpellCheckComponent.java,300,warning,2
solr_src_java_org_apache_solr_handler_component_SpellCheckComponent.java,275,warning,2
solr_src_java_org_apache_solr_handler_component_SpellCheckComponent.java,118,error,1
solr_src_java_org_apache_solr_handler_component_SpellCheckComponent.java,356,error,1
solr_src_java_org_apache_solr_handler_component_SpellCheckComponent.java,727,warning,2
solr_src_java_org_apache_solr_handler_component_SpellCheckComponent.java,666,error,1
solr_src_java_org_apache_solr_handler_component_SpellCheckComponent.java,584,warning,2
solr_src_java_org_apache_solr_handler_component_SpellCheckComponent.java,439,warning,2
solr_src_java_org_apache_solr_handler_component_SpellCheckComponent.java,327,warning,2
solr_src_java_org_apache_solr_handler_component_SpellCheckComponent.java,544,warning,2
solr_src_java_org_apache_solr_handler_component_SpellCheckComponent.java,97,warning,2
solr_src_java_org_apache_solr_handler_component_SpellCheckComponent.java,679,warning,2
solr_src_java_org_apache_solr_handler_component_SpellCheckComponent.java,89,error,1
solr_src_java_org_apache_solr_handler_component_SpellCheckComponent.java,605,warning,2
solr_src_java_org_apache_solr_handler_component_SpellCheckComponent.java,581,warning,2
solr_src_java_org_apache_solr_handler_component_SpellCheckComponent.java,532,error,1
solr_src_java_org_apache_solr_handler_component_SpellCheckComponent.java,303,error,1
solr_src_java_org_apache_solr_handler_component_SpellCheckComponent.java,159,warning,2
solr_src_java_org_apache_solr_handler_component_SpellCheckComponent.java,418,warning,2
solr_src_java_org_apache_solr_handler_component_SpellCheckComponent.java,441,warning,2
solr_src_java_org_apache_solr_handler_component_SpellCheckComponent.java,152,warning,2
solr_src_java_org_apache_solr_handler_component_SpellCheckComponent.java,204,warning,2
solr_src_java_org_apache_solr_handler_component_SpellCheckComponent.java,257,warning,2
solr_src_java_org_apache_solr_handler_component_SpellCheckComponent.java,265,warning,2
solr_src_java_org_apache_solr_handler_component_SpellCheckComponent.java,700,warning,2
solr_src_java_org_apache_solr_handler_component_SpellCheckComponent.java,280,warning,2
solr_src_java_org_apache_solr_handler_component_SpellCheckComponent.java,540,error,1
solr_src_java_org_apache_solr_handler_component_SpellCheckComponent.java,703,warning,2
solr_src_java_org_apache_solr_handler_component_SpellCheckComponent.java,295,error,1
solr_src_java_org_apache_solr_handler_component_SpellCheckComponent.java,639,warning,2
solr_src_java_org_apache_solr_handler_component_SpellCheckComponent.java,530,warning,2
solr_src_java_org_apache_solr_handler_component_SpellCheckComponent.java,357,error,1
solr_src_java_org_apache_solr_handler_component_SpellCheckComponent.java,189,warning,2
solr_src_java_org_apache_solr_handler_component_SpellCheckComponent.java,526,error,1
solr_src_java_org_apache_solr_handler_component_SpellCheckComponent.java,519,error,1
solr_src_java_org_apache_solr_handler_component_SpellCheckComponent.java,565,warning,2
solr_src_java_org_apache_solr_handler_component_SpellCheckComponent.java,395,warning,2
solr_src_java_org_apache_solr_handler_component_SpellCheckComponent.java,603,warning,2
solr_src_java_org_apache_solr_handler_component_SpellCheckComponent.java,640,warning,2
solr_src_java_org_apache_solr_handler_component_SpellCheckComponent.java,72,error,1
solr_src_java_org_apache_solr_handler_component_SpellCheckComponent.java,475,warning,2
solr_src_java_org_apache_solr_handler_component_SpellCheckComponent.java,414,error,1
solr_src_java_org_apache_solr_handler_component_SpellCheckComponent.java,272,warning,2
solr_src_java_org_apache_solr_handler_component_SpellCheckComponent.java,481,warning,2
solr_src_java_org_apache_solr_handler_component_SpellCheckComponent.java,195,warning,2
solr_src_java_org_apache_solr_handler_component_SpellCheckComponent.java,332,warning,2
solr_src_java_org_apache_solr_handler_component_SpellCheckComponent.java,659,warning,2
solr_src_java_org_apache_solr_handler_component_SpellCheckComponent.java,133,warning,2
solr_src_java_org_apache_solr_handler_component_SpellCheckComponent.java,690,warning,2
solr_src_java_org_apache_solr_handler_component_SpellCheckComponent.java,590,warning,2
solr_src_java_org_apache_solr_handler_component_SpellCheckComponent.java,249,warning,2
solr_src_java_org_apache_solr_handler_component_SpellCheckComponent.java,429,error,1
solr_src_java_org_apache_solr_handler_component_SpellCheckComponent.java,48,warning,2
solr_src_java_org_apache_solr_handler_component_SpellCheckComponent.java,503,warning,2
solr_src_java_org_apache_solr_handler_component_SpellCheckComponent.java,334,warning,2
solr_src_java_org_apache_solr_handler_component_SpellCheckComponent.java,379,warning,2
solr_src_java_org_apache_solr_handler_component_SpellCheckComponent.java,567,warning,2
solr_src_java_org_apache_solr_handler_component_SpellCheckComponent.java,240,warning,2
solr_src_java_org_apache_solr_handler_component_SpellCheckComponent.java,158,warning,2
solr_src_java_org_apache_solr_handler_component_SpellCheckComponent.java,406,warning,2
solr_src_java_org_apache_solr_handler_component_SpellCheckComponent.java,38,warning,2
solr_src_java_org_apache_solr_handler_component_SpellCheckComponent.java,411,warning,2
solr_src_java_org_apache_solr_handler_component_SpellCheckComponent.java,474,warning,2
solr_src_java_org_apache_solr_handler_component_SpellCheckComponent.java,449,warning,2
solr_src_java_org_apache_solr_handler_component_SpellCheckComponent.java,163,warning,2
solr_src_java_org_apache_solr_handler_component_SpellCheckComponent.java,167,warning,2
solr_src_java_org_apache_solr_handler_component_SpellCheckComponent.java,342,error,1
solr_src_java_org_apache_solr_handler_component_SpellCheckComponent.java,594,warning,2
solr_src_java_org_apache_solr_handler_component_SpellCheckComponent.java,482,warning,2
solr_src_java_org_apache_solr_handler_component_SpellCheckComponent.java,447,warning,2
solr_src_java_org_apache_solr_handler_component_SpellCheckComponent.java,368,error,1
solr_src_java_org_apache_solr_handler_component_SpellCheckComponent.java,717,warning,2
solr_src_java_org_apache_solr_handler_component_SpellCheckComponent.java,508,warning,2
solr_src_java_org_apache_solr_handler_component_SpellCheckComponent.java,74,error,1
solr_src_java_org_apache_solr_handler_component_SpellCheckComponent.java,241,warning,2
solr_src_java_org_apache_solr_handler_component_SpellCheckComponent.java,312,warning,2
solr_src_java_org_apache_solr_handler_component_SpellCheckComponent.java,515,warning,2
solr_src_java_org_apache_solr_handler_component_SpellCheckComponent.java,615,error,1
solr_src_java_org_apache_solr_handler_component_SpellCheckComponent.java,580,warning,2
solr_src_java_org_apache_solr_handler_component_SpellCheckComponent.java,638,warning,2
solr_src_java_org_apache_solr_handler_component_SpellCheckComponent.java,219,warning,2
solr_src_java_org_apache_solr_handler_component_SpellCheckComponent.java,465,warning,2
solr_src_java_org_apache_solr_handler_component_SpellCheckComponent.java,471,warning,2
solr_src_java_org_apache_solr_handler_component_SpellCheckComponent.java,171,error,1
solr_src_java_org_apache_solr_handler_component_SpellCheckComponent.java,380,warning,2
solr_src_java_org_apache_solr_handler_component_SpellCheckComponent.java,200,warning,2
solr_src_java_org_apache_solr_handler_component_SpellCheckComponent.java,702,warning,2
solr_src_java_org_apache_solr_handler_component_SpellCheckComponent.java,461,warning,2
solr_src_java_org_apache_solr_handler_component_SpellCheckComponent.java,369,warning,2
solr_src_java_org_apache_solr_handler_component_SpellCheckComponent.java,602,warning,2
solr_src_java_org_apache_solr_handler_component_SpellCheckComponent.java,283,warning,2
solr_src_java_org_apache_solr_handler_component_SpellCheckComponent.java,695,warning,2
solr_src_java_org_apache_solr_handler_component_SpellCheckComponent.java,234,error,1
solr_src_java_org_apache_solr_handler_component_SpellCheckComponent.java,616,error,1
solr_src_java_org_apache_solr_handler_component_SpellCheckComponent.java,460,warning,2
solr_src_java_org_apache_solr_handler_component_SpellCheckComponent.java,485,error,1
solr_src_java_org_apache_solr_handler_component_SpellCheckComponent.java,436,warning,2
solr_src_java_org_apache_solr_handler_component_SpellCheckComponent.java,86,error,1
solr_src_java_org_apache_solr_handler_component_SpellCheckComponent.java,336,warning,2
solr_src_java_org_apache_solr_handler_component_SpellCheckComponent.java,353,error,1
solr_src_java_org_apache_solr_handler_component_SpellCheckComponent.java,608,warning,2
solr_src_java_org_apache_solr_handler_component_SpellCheckComponent.java,57,warning,2
solr_src_java_org_apache_solr_handler_component_SpellCheckComponent.java,697,warning,2
solr_src_java_org_apache_solr_handler_component_SpellCheckComponent.java,631,warning,2
solr_src_java_org_apache_solr_handler_component_SpellCheckComponent.java,686,warning,2
solr_src_java_org_apache_solr_handler_component_SpellCheckComponent.java,80,warning,2
solr_src_java_org_apache_solr_handler_component_SpellCheckComponent.java,50,warning,2
solr_src_java_org_apache_solr_handler_component_SpellCheckComponent.java,699,warning,2
solr_src_java_org_apache_solr_handler_component_SpellCheckComponent.java,569,warning,2
solr_src_java_org_apache_solr_handler_component_SpellCheckComponent.java,658,warning,2
solr_src_java_org_apache_solr_handler_component_SpellCheckComponent.java,502,error,1
solr_src_java_org_apache_solr_handler_component_SpellCheckComponent.java,307,warning,2
solr_src_java_org_apache_solr_handler_component_SpellCheckComponent.java,201,warning,2
solr_src_java_org_apache_solr_handler_component_SpellCheckComponent.java,225,warning,2
solr_src_java_org_apache_solr_handler_component_SpellCheckComponent.java,416,warning,2
solr_src_java_org_apache_solr_handler_component_SpellCheckComponent.java,268,error,1
solr_src_java_org_apache_solr_handler_component_SpellCheckComponent.java,339,warning,2
solr_src_java_org_apache_solr_handler_component_SpellCheckComponent.java,458,warning,2
solr_src_java_org_apache_solr_handler_component_SpellCheckComponent.java,557,warning,2
solr_src_java_org_apache_solr_handler_component_SpellCheckComponent.java,642,error,1
solr_src_java_org_apache_solr_handler_component_SpellCheckComponent.java,151,error,1
solr_src_java_org_apache_solr_handler_component_SpellCheckComponent.java,135,warning,2
solr_src_java_org_apache_solr_handler_component_SpellCheckComponent.java,688,warning,2
solr_src_java_org_apache_solr_handler_component_SpellCheckComponent.java,489,warning,2
solr_src_java_org_apache_solr_handler_component_SpellCheckComponent.java,304,warning,2
solr_src_java_org_apache_solr_handler_component_SpellCheckComponent.java,345,warning,2
solr_src_java_org_apache_solr_handler_component_SpellCheckComponent.java,376,warning,2
solr_src_java_org_apache_solr_handler_component_SpellCheckComponent.java,424,error,1
solr_src_java_org_apache_solr_handler_component_SpellCheckComponent.java,320,warning,2
solr_src_java_org_apache_solr_handler_component_SpellCheckComponent.java,456,warning,2
solr_src_java_org_apache_solr_handler_component_SpellCheckComponent.java,372,error,1
solr_src_java_org_apache_solr_handler_component_SpellCheckComponent.java,724,error,1
solr_src_java_org_apache_solr_handler_component_SpellCheckComponent.java,125,warning,2
solr_src_java_org_apache_solr_handler_component_SpellCheckComponent.java,386,error,1
solr_src_java_org_apache_solr_handler_component_SpellCheckComponent.java,149,warning,2
solr_src_java_org_apache_solr_handler_component_SpellCheckComponent.java,254,warning,2
solr_src_java_org_apache_solr_handler_component_SpellCheckComponent.java,612,warning,2
solr_src_java_org_apache_solr_handler_component_SpellCheckComponent.java,364,warning,2
solr_src_java_org_apache_solr_handler_component_SpellCheckComponent.java,392,warning,2
solr_src_java_org_apache_solr_handler_component_SpellCheckComponent.java,136,warning,2
solr_src_java_org_apache_solr_handler_component_SpellCheckComponent.java,478,warning,2
solr_src_java_org_apache_solr_handler_component_SpellCheckComponent.java,643,warning,2
solr_src_java_org_apache_solr_handler_component_SpellCheckComponent.java,199,error,1
solr_src_java_org_apache_solr_handler_component_SpellCheckComponent.java,477,error,1
solr_src_java_org_apache_solr_handler_component_SpellCheckComponent.java,644,error,1
solr_src_java_org_apache_solr_handler_component_SpellCheckComponent.java,611,warning,2
solr_src_java_org_apache_solr_handler_component_SpellCheckComponent.java,375,warning,2
solr_src_java_org_apache_solr_handler_component_SpellCheckComponent.java,716,warning,2
solr_src_java_org_apache_solr_handler_component_SpellCheckComponent.java,433,warning,2
solr_src_java_org_apache_solr_handler_component_SpellCheckComponent.java,583,error,1
solr_src_java_org_apache_solr_handler_component_SpellCheckComponent.java,721,warning,2
solr_src_java_org_apache_solr_handler_component_SpellCheckComponent.java,209,warning,2
solr_src_java_org_apache_solr_handler_component_SpellCheckComponent.java,301,warning,2
solr_src_java_org_apache_solr_handler_component_SpellCheckComponent.java,495,warning,2
solr_src_java_org_apache_solr_handler_component_SpellCheckComponent.java,262,warning,2
solr_src_java_org_apache_solr_handler_component_SpellCheckComponent.java,419,warning,2
solr_src_java_org_apache_solr_handler_component_SpellCheckComponent.java,706,error,1
solr_src_java_org_apache_solr_handler_component_SpellCheckComponent.java,349,error,1
solr_src_java_org_apache_solr_handler_component_SpellCheckComponent.java,191,error,1
solr_src_java_org_apache_solr_handler_component_SpellCheckComponent.java,523,warning,2
solr_src_java_org_apache_solr_handler_component_SpellCheckComponent.java,253,warning,2
solr_src_java_org_apache_solr_handler_component_SpellCheckComponent.java,115,warning,2
solr_src_java_org_apache_solr_handler_component_SpellCheckComponent.java,131,warning,2
solr_src_java_org_apache_solr_handler_component_SpellCheckComponent.java,627,error,1
solr_src_java_org_apache_solr_handler_component_SpellCheckComponent.java,343,warning,2
solr_src_java_org_apache_solr_handler_component_SpellCheckComponent.java,400,warning,2
solr_src_java_org_apache_solr_handler_component_SpellCheckComponent.java,350,warning,2
solr_src_java_org_apache_solr_handler_component_SpellCheckComponent.java,298,error,1
solr_src_java_org_apache_solr_handler_component_SpellCheckComponent.java,454,warning,2
solr_src_java_org_apache_solr_handler_component_SpellCheckComponent.java,217,warning,2
solr_src_java_org_apache_solr_handler_component_SpellCheckComponent.java,215,warning,2
solr_src_java_org_apache_solr_handler_component_SpellCheckComponent.java,592,warning,2
solr_src_java_org_apache_solr_handler_component_SpellCheckComponent.java,231,error,1
solr_src_java_org_apache_solr_handler_component_SpellCheckComponent.java,529,warning,2
solr_src_java_org_apache_solr_handler_component_SpellCheckComponent.java,178,warning,2
solr_src_java_org_apache_solr_handler_component_SpellCheckComponent.java,668,warning,2
solr_src_java_org_apache_solr_handler_component_SpellCheckComponent.java,371,warning,2
solr_src_java_org_apache_solr_handler_component_SpellCheckComponent.java,394,warning,2
solr_src_java_org_apache_solr_handler_component_SpellCheckComponent.java,674,warning,2
solr_src_java_org_apache_solr_handler_component_SpellCheckComponent.java,214,warning,2
solr_src_java_org_apache_solr_handler_component_SpellCheckComponent.java,541,warning,2
solr_src_java_org_apache_solr_handler_component_SpellCheckComponent.java,351,warning,2
solr_src_java_org_apache_solr_handler_component_SpellCheckComponent.java,192,error,1
solr_src_java_org_apache_solr_handler_component_SpellCheckComponent.java,667,error,1
solr_src_java_org_apache_solr_handler_component_SpellCheckComponent.java,652,error,1
solr_src_java_org_apache_solr_handler_component_SpellCheckComponent.java,106,warning,2
solr_src_java_org_apache_solr_handler_component_SpellCheckComponent.java,535,warning,2
solr_src_java_org_apache_solr_handler_component_SpellCheckComponent.java,111,warning,2
solr_src_java_org_apache_solr_handler_component_SpellCheckComponent.java,34,warning,2
solr_src_java_org_apache_solr_handler_component_SpellCheckComponent.java,363,warning,2
solr_src_java_org_apache_solr_handler_component_SpellCheckComponent.java,328,warning,2
solr_src_java_org_apache_solr_handler_component_SpellCheckComponent.java,609,warning,2
solr_src_java_org_apache_solr_handler_component_SpellCheckComponent.java,314,warning,2
solr_src_java_org_apache_solr_handler_component_SpellCheckComponent.java,657,warning,2
solr_src_java_org_apache_solr_handler_component_SpellCheckComponent.java,610,warning,2
solr_src_java_org_apache_solr_handler_component_SpellCheckComponent.java,385,warning,2
solr_src_java_org_apache_solr_handler_component_SpellCheckComponent.java,596,warning,2
solr_src_java_org_apache_solr_handler_component_SpellCheckComponent.java,524,error,1
solr_src_java_org_apache_solr_handler_component_SpellCheckComponent.java,507,warning,2
solr_src_java_org_apache_solr_handler_component_SpellCheckComponent.java,49,warning,2
solr_src_java_org_apache_solr_handler_component_SpellCheckComponent.java,183,warning,2
solr_src_java_org_apache_solr_handler_component_SpellCheckComponent.java,606,error,1
solr_src_java_org_apache_solr_handler_component_SpellCheckComponent.java,212,error,1
solr_src_java_org_apache_solr_handler_component_SpellCheckComponent.java,381,error,1
solr_src_java_org_apache_solr_handler_component_SpellCheckComponent.java,410,warning,2
solr_src_java_org_apache_solr_handler_component_SpellCheckComponent.java,10,warning,2
solr_src_java_org_apache_solr_handler_component_SpellCheckComponent.java,431,warning,2
solr_src_java_org_apache_solr_handler_component_SpellCheckComponent.java,389,warning,2
solr_src_java_org_apache_solr_handler_component_SpellCheckComponent.java,654,error,1
solr_src_java_org_apache_solr_handler_component_SpellCheckComponent.java,40,warning,2
solr_src_java_org_apache_solr_handler_component_SpellCheckComponent.java,504,warning,2
solr_src_java_org_apache_solr_handler_component_SpellCheckComponent.java,505,warning,2
solr_src_java_org_apache_solr_handler_component_SpellCheckComponent.java,455,warning,2
solr_src_java_org_apache_solr_handler_component_SpellCheckComponent.java,479,warning,2
solr_src_java_org_apache_solr_handler_component_SpellCheckComponent.java,282,warning,2
solr_src_java_org_apache_solr_handler_component_SpellCheckComponent.java,483,error,1
solr_src_java_org_apache_solr_handler_component_SpellCheckComponent.java,42,warning,2
solr_src_java_org_apache_solr_handler_component_SpellCheckComponent.java,35,warning,2
solr_src_java_org_apache_solr_handler_component_SpellCheckComponent.java,574,warning,2
solr_src_java_org_apache_solr_handler_component_SpellCheckComponent.java,506,warning,2
solr_src_java_org_apache_solr_handler_component_SpellCheckComponent.java,490,warning,2
solr_src_java_org_apache_solr_handler_component_SpellCheckComponent.java,292,warning,2
solr_src_java_org_apache_solr_handler_component_SpellCheckComponent.java,534,warning,2
solr_src_java_org_apache_solr_handler_component_SpellCheckComponent.java,617,warning,2
solr_src_java_org_apache_solr_handler_component_SpellCheckComponent.java,438,error,1
solr_src_java_org_apache_solr_handler_component_SpellCheckComponent.java,517,error,1
solr_src_java_org_apache_solr_handler_component_SpellCheckComponent.java,54,warning,2
solr_src_java_org_apache_solr_handler_component_SpellCheckComponent.java,575,warning,2
solr_src_java_org_apache_solr_handler_component_SpellCheckComponent.java,409,warning,2
solr_src_java_org_apache_solr_handler_component_SpellCheckComponent.java,437,error,1
solr_src_java_org_apache_solr_handler_component_SpellCheckComponent.java,566,warning,2
solr_src_java_org_apache_solr_handler_component_SpellCheckComponent.java,290,warning,2
solr_src_java_org_apache_solr_handler_component_SpellCheckComponent.java,731,warning,2
solr_src_java_org_apache_solr_handler_component_SpellCheckComponent.java,683,warning,2
solr_src_java_org_apache_solr_handler_component_SpellCheckComponent.java,121,warning,2
solr_src_java_org_apache_solr_handler_component_SpellCheckComponent.java,572,error,1
solr_src_java_org_apache_solr_handler_component_SpellCheckComponent.java,278,warning,2
solr_src_java_org_apache_solr_handler_component_SpellCheckComponent.java,172,error,1
solr_src_java_org_apache_solr_handler_component_SpellCheckComponent.java,373,warning,2
solr_src_java_org_apache_solr_handler_component_SpellCheckComponent.java,427,warning,2
solr_src_java_org_apache_solr_handler_component_SpellCheckComponent.java,360,error,1
solr_src_java_org_apache_solr_handler_component_SpellCheckComponent.java,47,warning,2
solr_src_java_org_apache_solr_handler_component_SpellCheckComponent.java,317,warning,2
solr_src_java_org_apache_solr_handler_component_SpellCheckComponent.java,41,warning,2
solr_src_java_org_apache_solr_handler_component_SpellCheckComponent.java,587,warning,2
solr_src_java_org_apache_solr_handler_component_SpellCheckComponent.java,138,warning,2
solr_src_java_org_apache_solr_handler_component_SpellCheckComponent.java,129,warning,2
solr_src_java_org_apache_solr_handler_component_SpellCheckComponent.java,251,warning,2
solr_src_java_org_apache_solr_handler_component_SpellCheckComponent.java,318,warning,2
solr_src_java_org_apache_solr_handler_component_SpellCheckComponent.java,22,error,1
solr_src_java_org_apache_solr_handler_component_SpellCheckComponent.java,244,warning,2
solr_src_java_org_apache_solr_handler_component_SpellCheckComponent.java,491,warning,2
solr_src_java_org_apache_solr_handler_component_SpellCheckComponent.java,166,warning,2
solr_src_java_org_apache_solr_handler_component_SpellCheckComponent.java,600,warning,2
solr_src_java_org_apache_solr_handler_component_SpellCheckComponent.java,366,error,1
solr_src_java_org_apache_solr_handler_component_SpellCheckComponent.java,499,warning,2
solr_src_java_org_apache_solr_handler_component_SpellCheckComponent.java,698,error,1
solr_src_java_org_apache_solr_handler_component_SpellCheckComponent.java,91,error,1
solr_src_java_org_apache_solr_handler_component_SpellCheckComponent.java,261,warning,2
solr_src_java_org_apache_solr_handler_component_SpellCheckComponent.java,498,error,1
solr_src_java_org_apache_solr_handler_component_SpellCheckComponent.java,127,warning,2
solr_src_java_org_apache_solr_handler_component_SpellCheckComponent.java,670,warning,2
solr_src_java_org_apache_solr_handler_component_SpellCheckComponent.java,174,warning,2
solr_src_java_org_apache_solr_handler_component_SpellCheckComponent.java,641,warning,2
solr_src_java_org_apache_solr_handler_component_SpellCheckComponent.java,413,warning,2
solr_src_java_org_apache_solr_handler_component_SpellCheckComponent.java,525,error,1
solr_src_java_org_apache_solr_handler_component_SpellCheckComponent.java,561,error,1
solr_src_java_org_apache_solr_handler_component_SpellCheckComponent.java,124,warning,2
solr_src_java_org_apache_solr_handler_component_SpellCheckComponent.java,216,error,1
solr_src_java_org_apache_solr_handler_component_SpellCheckComponent.java,347,warning,2
solr_src_java_org_apache_solr_handler_component_SpellCheckComponent.java,198,error,1
solr_src_java_org_apache_solr_handler_component_SpellCheckComponent.java,653,error,1
solr_src_java_org_apache_solr_handler_component_SpellCheckComponent.java,220,warning,2
solr_src_java_org_apache_solr_handler_component_SpellCheckComponent.java,305,warning,2
solr_src_java_org_apache_solr_handler_component_SpellCheckComponent.java,599,error,1
solr_src_java_org_apache_solr_handler_component_SpellCheckComponent.java,390,warning,2
solr_src_java_org_apache_solr_handler_component_SpellCheckComponent.java,681,warning,2
solr_src_java_org_apache_solr_handler_component_SpellCheckComponent.java,480,warning,2
solr_src_java_org_apache_solr_handler_component_SpellCheckComponent.java,564,warning,2
solr_src_java_org_apache_solr_handler_component_SpellCheckComponent.java,277,error,1
solr_src_java_org_apache_solr_handler_component_SpellCheckComponent.java,729,error,1
solr_src_java_org_apache_solr_handler_component_SpellCheckComponent.java,384,error,1
solr_src_java_org_apache_solr_handler_component_SpellCheckComponent.java,193,warning,2
solr_src_java_org_apache_solr_handler_component_SpellCheckComponent.java,123,warning,2
solr_src_java_org_apache_solr_handler_component_SpellCheckComponent.java,586,warning,2
solr_src_java_org_apache_solr_handler_component_SpellCheckComponent.java,194,warning,2
solr_src_java_org_apache_solr_handler_component_SpellCheckComponent.java,224,warning,2
solr_src_java_org_apache_solr_handler_component_SpellCheckComponent.java,405,error,1
solr_src_java_org_apache_solr_handler_component_SpellCheckComponent.java,267,warning,2
solr_src_java_org_apache_solr_handler_component_SpellCheckComponent.java,107,warning,2
solr_src_java_org_apache_solr_handler_component_SpellCheckComponent.java,140,warning,2
solr_src_java_org_apache_solr_handler_component_SpellCheckComponent.java,96,warning,2
solr_src_java_org_apache_solr_handler_component_SpellCheckComponent.java,143,warning,2
solr_src_java_org_apache_solr_handler_component_SpellCheckComponent.java,44,warning,2
solr_src_java_org_apache_solr_handler_component_SpellCheckComponent.java,340,warning,2
solr_src_java_org_apache_solr_handler_component_SpellCheckComponent.java,663,error,1
solr_src_java_org_apache_solr_handler_component_SpellCheckComponent.java,52,warning,2
solr_src_java_org_apache_solr_handler_component_SpellCheckComponent.java,311,warning,2
solr_src_java_org_apache_solr_handler_component_SpellCheckComponent.java,476,warning,2
solr_src_java_org_apache_solr_handler_component_SpellCheckComponent.java,677,warning,2
solr_src_java_org_apache_solr_handler_component_SpellCheckComponent.java,412,warning,2
solr_src_java_org_apache_solr_handler_component_SpellCheckComponent.java,577,error,1
solr_src_java_org_apache_solr_handler_component_SpellCheckComponent.java,36,warning,2
solr_src_java_org_apache_solr_handler_component_SpellCheckComponent.java,232,warning,2
solr_src_java_org_apache_solr_handler_component_SpellCheckComponent.java,622,warning,2
solr_src_java_org_apache_solr_handler_component_SpellCheckComponent.java,624,warning,2
solr_src_java_org_apache_solr_handler_component_SpellCheckComponent.java,537,error,1
solr_src_java_org_apache_solr_handler_component_SpellCheckComponent.java,492,warning,2
solr_src_java_org_apache_solr_handler_component_SpellCheckComponent.java,196,warning,2
solr_src_java_org_apache_solr_handler_component_SpellCheckComponent.java,246,error,1
solr_src_java_org_apache_solr_handler_component_SpellCheckComponent.java,543,warning,2
solr_src_java_org_apache_solr_handler_component_SpellCheckComponent.java,623,warning,2
solr_src_java_org_apache_solr_handler_component_SpellCheckComponent.java,120,error,1
solr_src_java_org_apache_solr_handler_component_SpellCheckComponent.java,187,warning,2
solr_src_java_org_apache_solr_handler_component_SpellCheckComponent.java,1,error,1
solr_src_java_org_apache_solr_handler_component_SpellCheckComponent.java,83,error,1
solr_src_java_org_apache_solr_handler_component_SpellCheckComponent.java,619,error,1
solr_src_java_org_apache_solr_handler_component_SpellCheckComponent.java,693,warning,2
solr_src_java_org_apache_solr_handler_component_SpellCheckComponent.java,555,warning,2
solr_src_java_org_apache_solr_handler_component_SpellCheckComponent.java,137,warning,2
solr_src_java_org_apache_solr_handler_component_SpellCheckComponent.java,150,error,1
solr_src_java_org_apache_solr_handler_component_SpellCheckComponent.java,112,warning,2
solr_src_java_org_apache_solr_handler_component_SpellCheckComponent.java,170,error,1
solr_src_java_org_apache_solr_handler_component_SpellCheckComponent.java,457,warning,2
solr_src_java_org_apache_solr_handler_component_SpellCheckComponent.java,325,error,1
solr_src_java_org_apache_solr_handler_component_SpellCheckComponent.java,660,warning,2
solr_src_java_org_apache_solr_handler_component_SpellCheckComponent.java,452,warning,2
solr_src_java_org_apache_solr_handler_component_SpellCheckComponent.java,114,warning,2
solr_src_java_org_apache_solr_handler_component_SpellCheckComponent.java,271,warning,2
solr_src_java_org_apache_solr_handler_component_SpellCheckComponent.java,134,warning,2
solr_src_java_org_apache_solr_handler_component_SpellCheckComponent.java,732,warning,2
solr_src_java_org_apache_solr_handler_component_SpellCheckComponent.java,415,warning,2
solr_src_java_org_apache_solr_handler_component_SpellCheckComponent.java,682,warning,2
solr_src_java_org_apache_solr_handler_component_SpellCheckComponent.java,93,error,1
solr_src_java_org_apache_solr_handler_component_SpellCheckComponent.java,100,error,1
solr_src_java_org_apache_solr_handler_component_SpellCheckComponent.java,579,warning,2
solr_src_java_org_apache_solr_handler_component_SpellCheckComponent.java,585,warning,2
solr_src_java_org_apache_solr_handler_component_SpellCheckComponent.java,432,warning,2
solr_src_java_org_apache_solr_handler_component_SpellCheckComponent.java,393,warning,2
solr_src_java_org_apache_solr_handler_component_SpellCheckComponent.java,646,warning,2
solr_src_java_org_apache_solr_handler_component_SpellCheckComponent.java,538,warning,2
solr_src_java_org_apache_solr_handler_component_SpellCheckComponent.java,179,error,1
solr_src_java_org_apache_solr_handler_component_SpellCheckComponent.java,598,warning,2
solr_src_java_org_apache_solr_handler_component_SpellCheckComponent.java,377,error,1
solr_src_java_org_apache_solr_handler_component_SpellCheckComponent.java,221,warning,2
solr_src_java_org_apache_solr_handler_component_SpellCheckComponent.java,361,error,1
solr_src_java_org_apache_solr_handler_component_SpellCheckComponent.java,514,warning,2
solr_src_java_org_apache_solr_handler_component_SpellCheckComponent.java,510,warning,2
solr_src_java_org_apache_solr_handler_component_SpellCheckComponent.java,634,warning,2
solr_src_java_org_apache_solr_handler_component_SpellCheckComponent.java,355,error,1
solr_src_java_org_apache_solr_handler_component_SpellCheckComponent.java,493,warning,2
solr_src_java_org_apache_solr_handler_component_SpellCheckComponent.java,160,warning,2
solr_src_java_org_apache_solr_handler_component_SpellCheckComponent.java,203,warning,2
solr_src_java_org_apache_solr_handler_component_SpellCheckComponent.java,259,warning,2
solr_src_java_org_apache_solr_handler_component_SpellCheckComponent.java,274,warning,2
solr_src_java_org_apache_solr_handler_component_SpellCheckComponent.java,122,warning,2
solr_src_java_org_apache_solr_handler_component_SpellCheckComponent.java,601,error,1
solr_src_java_org_apache_solr_handler_component_SpellCheckComponent.java,309,warning,2
solr_src_java_org_apache_solr_handler_component_SpellCheckComponent.java,563,warning,2
solr_src_java_org_apache_solr_handler_component_SpellCheckComponent.java,445,warning,2
solr_src_java_org_apache_solr_handler_component_SpellCheckComponent.java,326,warning,2
solr_src_java_org_apache_solr_handler_component_SpellCheckComponent.java,382,warning,2
solr_src_java_org_apache_solr_handler_component_SpellCheckComponent.java,297,warning,2
solr_src_java_org_apache_solr_handler_component_SpellCheckComponent.java,494,warning,2
solr_src_java_org_apache_solr_handler_component_SpellCheckComponent.java,250,error,1
solr_src_java_org_apache_solr_handler_component_SpellCheckComponent.java,132,warning,2
solr_src_java_org_apache_solr_handler_component_SpellCheckComponent.java,154,warning,2
solr_src_java_org_apache_solr_handler_component_SpellCheckComponent.java,383,error,1
solr_src_java_org_apache_solr_handler_component_SpellCheckComponent.java,589,warning,2
solr_src_java_org_apache_solr_handler_component_SpellCheckComponent.java,95,error,1
solr_src_java_org_apache_solr_handler_component_SpellCheckComponent.java,243,warning,2
solr_src_java_org_apache_solr_handler_component_SpellCheckComponent.java,248,error,1
solr_src_java_org_apache_solr_handler_component_SpellCheckComponent.java,520,warning,2
solr_src_java_org_apache_solr_handler_component_SpellCheckComponent.java,442,error,1
solr_src_java_org_apache_solr_handler_component_SpellCheckComponent.java,487,warning,2
solr_src_java_org_apache_solr_handler_component_SpellCheckComponent.java,448,error,1
solr_src_java_org_apache_solr_handler_component_SpellCheckComponent.java,146,warning,2
solr_src_java_org_apache_solr_handler_component_SpellCheckComponent.java,488,warning,2
solr_src_java_org_apache_solr_handler_component_SpellCheckComponent.java,237,warning,2
solr_src_java_org_apache_solr_handler_component_SpellCheckComponent.java,8,warning,2
solr_src_java_org_apache_solr_handler_component_SpellCheckComponent.java,571,warning,2
solr_src_java_org_apache_solr_handler_component_SpellCheckComponent.java,359,warning,2
solr_src_java_org_apache_solr_handler_component_SpellCheckComponent.java,348,warning,2
solr_src_java_org_apache_solr_handler_component_SpellCheckComponent.java,142,warning,2
solr_src_java_org_apache_solr_handler_component_SpellCheckComponent.java,308,error,1
solr_src_java_org_apache_solr_handler_component_SpellCheckComponent.java,276,warning,2
solr_src_java_org_apache_solr_handler_component_SpellCheckComponent.java,284,warning,2
solr_src_java_org_apache_solr_handler_component_SpellCheckComponent.java,591,error,1
solr_src_java_org_apache_solr_handler_component_SpellCheckComponent.java,521,warning,2
solr_src_java_org_apache_solr_handler_component_SpellCheckComponent.java,108,warning,2
solr_src_java_org_apache_solr_handler_component_SpellCheckComponent.java,573,warning,2
solr_src_java_org_apache_solr_handler_component_SpellCheckComponent.java,597,warning,2
solr_src_java_org_apache_solr_handler_component_SpellCheckComponent.java,470,warning,2
solr_src_java_org_apache_solr_handler_component_SpellCheckComponent.java,354,error,1
solr_src_java_org_apache_solr_handler_component_SpellCheckComponent.java,333,warning,2
solr_src_java_org_apache_solr_handler_component_SpellCheckComponent.java,539,warning,2
solr_src_java_org_apache_solr_handler_component_SpellCheckComponent.java,197,warning,2
solr_src_java_org_apache_solr_handler_component_SpellCheckComponent.java,324,warning,2
solr_src_java_org_apache_solr_handler_component_SpellCheckComponent.java,46,warning,2
solr_src_java_org_apache_solr_handler_component_SpellCheckComponent.java,242,warning,2
solr_src_java_org_apache_solr_handler_component_SpellCheckComponent.java,496,warning,2
solr_src_java_org_apache_solr_handler_component_SpellCheckComponent.java,302,warning,2
solr_src_java_org_apache_solr_handler_component_SpellCheckComponent.java,680,warning,2
solr_src_java_org_apache_solr_search_function_LinearFloatFunction.java,34,warning,2
solr_src_java_org_apache_solr_search_function_LinearFloatFunction.java,62,warning,2
solr_src_java_org_apache_solr_search_function_LinearFloatFunction.java,93,warning,2
solr_src_java_org_apache_solr_search_function_LinearFloatFunction.java,100,warning,2
solr_src_java_org_apache_solr_search_function_LinearFloatFunction.java,24,warning,2
solr_src_java_org_apache_solr_search_function_LinearFloatFunction.java,91,error,1
solr_src_java_org_apache_solr_search_function_LinearFloatFunction.java,69,warning,2
solr_src_java_org_apache_solr_search_function_LinearFloatFunction.java,90,warning,2
solr_src_java_org_apache_solr_search_function_LinearFloatFunction.java,37,error,1
solr_src_java_org_apache_solr_search_function_LinearFloatFunction.java,45,error,1
solr_src_java_org_apache_solr_search_function_LinearFloatFunction.java,98,error,1
solr_src_java_org_apache_solr_search_function_LinearFloatFunction.java,48,warning,2
solr_src_java_org_apache_solr_search_function_LinearFloatFunction.java,65,warning,2
solr_src_java_org_apache_solr_search_function_LinearFloatFunction.java,10,warning,2
solr_src_java_org_apache_solr_search_function_LinearFloatFunction.java,73,warning,2
solr_src_java_org_apache_solr_search_function_LinearFloatFunction.java,40,warning,2
solr_src_java_org_apache_solr_search_function_LinearFloatFunction.java,88,warning,2
solr_src_java_org_apache_solr_search_function_LinearFloatFunction.java,64,error,1
solr_src_java_org_apache_solr_search_function_LinearFloatFunction.java,66,warning,2
solr_src_java_org_apache_solr_search_function_LinearFloatFunction.java,53,warning,2
solr_src_java_org_apache_solr_search_function_LinearFloatFunction.java,59,error,1
solr_src_java_org_apache_solr_search_function_LinearFloatFunction.java,51,error,1
solr_src_java_org_apache_solr_search_function_LinearFloatFunction.java,74,warning,2
solr_src_java_org_apache_solr_search_function_LinearFloatFunction.java,43,warning,2
solr_src_java_org_apache_solr_search_function_LinearFloatFunction.java,61,warning,2
solr_src_java_org_apache_solr_search_function_LinearFloatFunction.java,97,error,1
solr_src_java_org_apache_solr_search_function_LinearFloatFunction.java,89,error,1
solr_src_java_org_apache_solr_search_function_LinearFloatFunction.java,35,error,1
solr_src_java_org_apache_solr_search_function_LinearFloatFunction.java,60,error,1
solr_src_java_org_apache_solr_search_function_LinearFloatFunction.java,42,warning,2
solr_src_java_org_apache_solr_search_function_LinearFloatFunction.java,70,warning,2
solr_src_java_org_apache_solr_search_function_LinearFloatFunction.java,23,warning,2
solr_src_java_org_apache_solr_search_function_LinearFloatFunction.java,92,warning,2
solr_src_java_org_apache_solr_search_function_LinearFloatFunction.java,96,error,1
solr_src_java_org_apache_solr_search_function_LinearFloatFunction.java,95,error,1
solr_src_java_org_apache_solr_search_function_LinearFloatFunction.java,81,error,1
solr_src_java_org_apache_solr_search_function_LinearFloatFunction.java,54,warning,2
solr_src_java_org_apache_solr_search_function_LinearFloatFunction.java,101,warning,2
solr_src_java_org_apache_solr_search_function_LinearFloatFunction.java,52,warning,2
solr_src_java_org_apache_solr_search_function_LinearFloatFunction.java,63,error,1
solr_src_java_org_apache_solr_search_function_LinearFloatFunction.java,55,error,1
solr_src_java_org_apache_solr_search_function_LinearFloatFunction.java,58,warning,2
solr_src_java_org_apache_solr_search_function_LinearFloatFunction.java,79,warning,2
solr_src_java_org_apache_solr_search_function_LinearFloatFunction.java,86,error,1
solr_src_java_org_apache_solr_search_function_LinearFloatFunction.java,102,warning,2
solr_src_java_org_apache_solr_search_function_LinearFloatFunction.java,36,error,1
solr_src_java_org_apache_solr_search_function_LinearFloatFunction.java,57,warning,2
solr_src_java_org_apache_solr_search_function_LinearFloatFunction.java,39,error,1
solr_src_java_org_apache_solr_search_function_LinearFloatFunction.java,8,warning,2
solr_src_java_org_apache_solr_search_function_LinearFloatFunction.java,84,warning,2
solr_src_java_org_apache_solr_search_function_LinearFloatFunction.java,47,warning,2
solr_src_java_org_apache_solr_search_function_LinearFloatFunction.java,71,error,1
solr_src_java_org_apache_solr_search_function_LinearFloatFunction.java,50,error,1
solr_src_java_org_apache_solr_search_function_LinearFloatFunction.java,41,warning,2
solr_src_java_org_apache_solr_search_function_LinearFloatFunction.java,68,error,1
solr_src_java_org_apache_solr_search_function_LinearFloatFunction.java,1,error,1
solr_src_java_org_apache_solr_search_function_LinearFloatFunction.java,83,warning,2
solr_src_java_org_apache_solr_search_function_LinearFloatFunction.java,67,error,1
solr_src_java_org_apache_solr_search_function_LinearFloatFunction.java,72,warning,2
solr_src_java_org_apache_solr_search_function_LinearFloatFunction.java,99,warning,2
solr_src_java_org_apache_solr_search_function_LinearFloatFunction.java,56,warning,2
solr_src_java_org_apache_solr_search_function_LinearFloatFunction.java,75,error,1
solr_src_java_org_apache_solr_search_function_LinearFloatFunction.java,82,error,1
solr_src_java_org_apache_solr_search_function_LinearFloatFunction.java,77,warning,2
solr_src_java_org_apache_solr_search_function_LinearFloatFunction.java,76,warning,2
lucene_src_java_org_apache_lucene_search_SloppyPhraseScorer.java,135,warning,2
lucene_src_java_org_apache_lucene_search_SloppyPhraseScorer.java,151,warning,2
lucene_src_java_org_apache_lucene_search_SloppyPhraseScorer.java,188,warning,2
lucene_src_java_org_apache_lucene_search_SloppyPhraseScorer.java,62,warning,2
lucene_src_java_org_apache_lucene_search_SloppyPhraseScorer.java,91,error,1
lucene_src_java_org_apache_lucene_search_SloppyPhraseScorer.java,206,warning,2
lucene_src_java_org_apache_lucene_search_SloppyPhraseScorer.java,168,error,1
lucene_src_java_org_apache_lucene_search_SloppyPhraseScorer.java,210,error,1
lucene_src_java_org_apache_lucene_search_SloppyPhraseScorer.java,98,error,1
lucene_src_java_org_apache_lucene_search_SloppyPhraseScorer.java,125,warning,2
lucene_src_java_org_apache_lucene_search_SloppyPhraseScorer.java,149,warning,2
lucene_src_java_org_apache_lucene_search_SloppyPhraseScorer.java,174,warning,2
lucene_src_java_org_apache_lucene_search_SloppyPhraseScorer.java,104,warning,2
lucene_src_java_org_apache_lucene_search_SloppyPhraseScorer.java,145,warning,2
lucene_src_java_org_apache_lucene_search_SloppyPhraseScorer.java,65,warning,2
lucene_src_java_org_apache_lucene_search_SloppyPhraseScorer.java,30,error,1
lucene_src_java_org_apache_lucene_search_SloppyPhraseScorer.java,190,warning,2
lucene_src_java_org_apache_lucene_search_SloppyPhraseScorer.java,27,error,1
lucene_src_java_org_apache_lucene_search_SloppyPhraseScorer.java,73,error,1
lucene_src_java_org_apache_lucene_search_SloppyPhraseScorer.java,124,warning,2
lucene_src_java_org_apache_lucene_search_SloppyPhraseScorer.java,88,warning,2
lucene_src_java_org_apache_lucene_search_SloppyPhraseScorer.java,136,warning,2
lucene_src_java_org_apache_lucene_search_SloppyPhraseScorer.java,53,warning,2
lucene_src_java_org_apache_lucene_search_SloppyPhraseScorer.java,199,error,1
lucene_src_java_org_apache_lucene_search_SloppyPhraseScorer.java,161,warning,2
lucene_src_java_org_apache_lucene_search_SloppyPhraseScorer.java,209,warning,2
lucene_src_java_org_apache_lucene_search_SloppyPhraseScorer.java,61,warning,2
lucene_src_java_org_apache_lucene_search_SloppyPhraseScorer.java,173,error,1
lucene_src_java_org_apache_lucene_search_SloppyPhraseScorer.java,148,warning,2
lucene_src_java_org_apache_lucene_search_SloppyPhraseScorer.java,3,error,1
lucene_src_java_org_apache_lucene_search_SloppyPhraseScorer.java,128,error,1
lucene_src_java_org_apache_lucene_search_SloppyPhraseScorer.java,194,error,1
lucene_src_java_org_apache_lucene_search_SloppyPhraseScorer.java,130,warning,2
lucene_src_java_org_apache_lucene_search_SloppyPhraseScorer.java,89,warning,2
lucene_src_java_org_apache_lucene_search_SloppyPhraseScorer.java,191,warning,2
lucene_src_java_org_apache_lucene_search_SloppyPhraseScorer.java,23,warning,2
lucene_src_java_org_apache_lucene_search_SloppyPhraseScorer.java,115,error,1
lucene_src_java_org_apache_lucene_search_SloppyPhraseScorer.java,107,warning,2
lucene_src_java_org_apache_lucene_search_SloppyPhraseScorer.java,96,warning,2
lucene_src_java_org_apache_lucene_search_SloppyPhraseScorer.java,159,error,1
lucene_src_java_org_apache_lucene_search_SloppyPhraseScorer.java,33,warning,2
lucene_src_java_org_apache_lucene_search_SloppyPhraseScorer.java,131,warning,2
lucene_src_java_org_apache_lucene_search_SloppyPhraseScorer.java,25,error,1
lucene_src_java_org_apache_lucene_search_SloppyPhraseScorer.java,152,warning,2
lucene_src_java_org_apache_lucene_search_SloppyPhraseScorer.java,204,warning,2
lucene_src_java_org_apache_lucene_search_SloppyPhraseScorer.java,182,error,1
lucene_src_java_org_apache_lucene_search_SloppyPhraseScorer.java,205,warning,2
lucene_src_java_org_apache_lucene_search_SloppyPhraseScorer.java,85,warning,2
lucene_src_java_org_apache_lucene_search_SloppyPhraseScorer.java,58,error,1
lucene_src_java_org_apache_lucene_search_SloppyPhraseScorer.java,55,warning,2
lucene_src_java_org_apache_lucene_search_SloppyPhraseScorer.java,79,warning,2
lucene_src_java_org_apache_lucene_search_SloppyPhraseScorer.java,102,error,1
lucene_src_java_org_apache_lucene_search_SloppyPhraseScorer.java,184,warning,2
lucene_src_java_org_apache_lucene_search_SloppyPhraseScorer.java,84,warning,2
lucene_src_java_org_apache_lucene_search_SloppyPhraseScorer.java,180,warning,2
lucene_src_java_org_apache_lucene_search_SloppyPhraseScorer.java,71,warning,2
lucene_src_java_org_apache_lucene_search_SloppyPhraseScorer.java,196,error,1
lucene_src_java_org_apache_lucene_search_SloppyPhraseScorer.java,189,warning,2
lucene_src_java_org_apache_lucene_search_SloppyPhraseScorer.java,177,warning,2
lucene_src_java_org_apache_lucene_search_SloppyPhraseScorer.java,103,warning,2
lucene_src_java_org_apache_lucene_search_SloppyPhraseScorer.java,120,error,1
lucene_src_java_org_apache_lucene_search_SloppyPhraseScorer.java,187,error,1
lucene_src_java_org_apache_lucene_search_SloppyPhraseScorer.java,1,error,1
lucene_src_java_org_apache_lucene_search_SloppyPhraseScorer.java,26,error,1
lucene_src_java_org_apache_lucene_search_SloppyPhraseScorer.java,83,error,1
lucene_src_java_org_apache_lucene_search_SloppyPhraseScorer.java,214,warning,2
lucene_src_java_org_apache_lucene_search_SloppyPhraseScorer.java,137,warning,2
lucene_src_java_org_apache_lucene_search_SloppyPhraseScorer.java,67,warning,2
lucene_src_java_org_apache_lucene_search_SloppyPhraseScorer.java,72,warning,2
lucene_src_java_org_apache_lucene_search_SloppyPhraseScorer.java,150,warning,2
lucene_src_java_org_apache_lucene_search_SloppyPhraseScorer.java,170,warning,2
lucene_src_java_org_apache_lucene_search_SloppyPhraseScorer.java,75,error,1
lucene_src_java_org_apache_lucene_search_SloppyPhraseScorer.java,51,error,1
lucene_src_java_org_apache_lucene_search_SloppyPhraseScorer.java,169,warning,2
lucene_src_java_org_apache_lucene_search_SloppyPhraseScorer.java,181,warning,2
lucene_src_java_org_apache_lucene_search_SloppyPhraseScorer.java,106,warning,2
lucene_src_java_org_apache_lucene_search_SloppyPhraseScorer.java,134,warning,2
lucene_src_java_org_apache_lucene_search_SloppyPhraseScorer.java,113,error,1
lucene_src_java_org_apache_lucene_search_SloppyPhraseScorer.java,32,warning,2
lucene_src_java_org_apache_lucene_search_SloppyPhraseScorer.java,100,warning,2
lucene_src_java_org_apache_lucene_search_SloppyPhraseScorer.java,213,warning,2
lucene_src_java_org_apache_lucene_search_SloppyPhraseScorer.java,24,error,1
lucene_src_java_org_apache_lucene_search_SloppyPhraseScorer.java,133,error,1
lucene_src_java_org_apache_lucene_search_SloppyPhraseScorer.java,207,error,1
lucene_src_java_org_apache_lucene_search_SloppyPhraseScorer.java,211,error,1
lucene_src_java_org_apache_lucene_search_SloppyPhraseScorer.java,69,warning,2
lucene_src_java_org_apache_lucene_search_SloppyPhraseScorer.java,165,warning,2
lucene_src_java_org_apache_lucene_search_SloppyPhraseScorer.java,116,error,1
lucene_src_java_org_apache_lucene_search_SloppyPhraseScorer.java,183,warning,2
lucene_src_java_org_apache_lucene_search_SloppyPhraseScorer.java,175,warning,2
lucene_src_java_org_apache_lucene_search_SloppyPhraseScorer.java,212,warning,2
lucene_src_java_org_apache_lucene_search_SloppyPhraseScorer.java,158,error,1
lucene_src_java_org_apache_lucene_search_SloppyPhraseScorer.java,163,error,1
lucene_src_java_org_apache_lucene_search_SloppyPhraseScorer.java,162,warning,2
lucene_src_java_org_apache_lucene_search_SloppyPhraseScorer.java,167,error,1
lucene_src_java_org_apache_lucene_search_SloppyPhraseScorer.java,31,warning,2
lucene_src_java_org_apache_lucene_search_SloppyPhraseScorer.java,157,warning,2
lucene_src_java_org_apache_lucene_search_SloppyPhraseScorer.java,153,warning,2
lucene_src_java_org_apache_lucene_search_SloppyPhraseScorer.java,155,warning,2
lucene_src_java_org_apache_lucene_search_SloppyPhraseScorer.java,64,warning,2
lucene_src_java_org_apache_lucene_search_SloppyPhraseScorer.java,66,error,1
lucene_src_java_org_apache_lucene_search_SloppyPhraseScorer.java,160,warning,2
lucene_src_java_org_apache_lucene_search_SloppyPhraseScorer.java,203,error,1
lucene_src_java_org_apache_lucene_search_SloppyPhraseScorer.java,176,warning,2
lucene_src_java_org_apache_lucene_search_SloppyPhraseScorer.java,59,warning,2
lucene_src_java_org_apache_lucene_search_SloppyPhraseScorer.java,122,warning,2
lucene_src_java_org_apache_lucene_search_SloppyPhraseScorer.java,74,error,1
lucene_src_java_org_apache_lucene_search_SloppyPhraseScorer.java,94,error,1
lucene_src_java_org_apache_lucene_search_SloppyPhraseScorer.java,43,error,1
lucene_src_java_org_apache_lucene_search_SloppyPhraseScorer.java,156,warning,2
lucene_src_java_org_apache_lucene_search_SloppyPhraseScorer.java,132,warning,2
lucene_src_java_org_apache_lucene_search_SloppyPhraseScorer.java,60,warning,2
lucene_src_java_org_apache_lucene_search_SloppyPhraseScorer.java,70,warning,2
lucene_src_java_org_apache_lucene_search_SloppyPhraseScorer.java,164,warning,2
lucene_src_java_org_apache_lucene_search_SloppyPhraseScorer.java,171,warning,2
lucene_src_java_org_apache_lucene_search_SloppyPhraseScorer.java,154,error,1
lucene_src_java_org_apache_lucene_search_SloppyPhraseScorer.java,200,error,1
lucene_src_java_org_apache_lucene_search_SloppyPhraseScorer.java,95,error,1
lucene_src_java_org_apache_lucene_search_SloppyPhraseScorer.java,81,warning,2
lucene_src_java_org_apache_lucene_search_SloppyPhraseScorer.java,185,warning,2
lucene_src_java_org_apache_lucene_search_SloppyPhraseScorer.java,121,warning,2
lucene_src_java_org_apache_lucene_search_SloppyPhraseScorer.java,146,warning,2
lucene_src_java_org_apache_lucene_search_SloppyPhraseScorer.java,86,warning,2
lucene_src_java_org_apache_lucene_search_SloppyPhraseScorer.java,172,warning,2
lucene_src_java_org_apache_lucene_search_SloppyPhraseScorer.java,57,warning,2
lucene_src_java_org_apache_lucene_search_SloppyPhraseScorer.java,141,error,1
lucene_src_java_org_apache_lucene_search_SloppyPhraseScorer.java,80,error,1
lucene_src_java_org_apache_lucene_search_SloppyPhraseScorer.java,142,warning,2
lucene_src_java_org_apache_lucene_search_SloppyPhraseScorer.java,108,warning,2
lucene_src_java_org_apache_lucene_search_SloppyPhraseScorer.java,68,warning,2
lucene_src_java_org_apache_lucene_search_SloppyPhraseScorer.java,138,warning,2
lucene_src_java_org_apache_lucene_search_SloppyPhraseScorer.java,29,error,1
lucene_src_java_org_apache_lucene_search_SloppyPhraseScorer.java,202,error,1
lucene_src_java_org_apache_lucene_search_SloppyPhraseScorer.java,208,warning,2
lucene_src_java_org_apache_lucene_search_SloppyPhraseScorer.java,197,warning,2
lucene_src_java_org_apache_lucene_search_SloppyPhraseScorer.java,201,error,1
lucene_src_java_org_apache_lucene_search_SloppyPhraseScorer.java,99,warning,2
lucene_src_java_org_apache_lucene_search_SloppyPhraseScorer.java,77,warning,2
lucene_src_java_org_apache_lucene_search_SloppyPhraseScorer.java,76,warning,2
solr_src_java_org_apache_solr_search_function_distance_StringDistanceFunction.java,34,error,1
solr_src_java_org_apache_solr_search_function_distance_StringDistanceFunction.java,114,error,1
solr_src_java_org_apache_solr_search_function_distance_StringDistanceFunction.java,113,warning,2
solr_src_java_org_apache_solr_search_function_distance_StringDistanceFunction.java,62,error,1
solr_src_java_org_apache_solr_search_function_distance_StringDistanceFunction.java,100,error,1
solr_src_java_org_apache_solr_search_function_distance_StringDistanceFunction.java,105,error,1
solr_src_java_org_apache_solr_search_function_distance_StringDistanceFunction.java,93,warning,2
solr_src_java_org_apache_solr_search_function_distance_StringDistanceFunction.java,91,warning,2
solr_src_java_org_apache_solr_search_function_distance_StringDistanceFunction.java,69,warning,2
solr_src_java_org_apache_solr_search_function_distance_StringDistanceFunction.java,90,warning,2
solr_src_java_org_apache_solr_search_function_distance_StringDistanceFunction.java,37,warning,2
solr_src_java_org_apache_solr_search_function_distance_StringDistanceFunction.java,45,warning,2
solr_src_java_org_apache_solr_search_function_distance_StringDistanceFunction.java,116,warning,2
solr_src_java_org_apache_solr_search_function_distance_StringDistanceFunction.java,98,error,1
solr_src_java_org_apache_solr_search_function_distance_StringDistanceFunction.java,48,warning,2
solr_src_java_org_apache_solr_search_function_distance_StringDistanceFunction.java,104,error,1
solr_src_java_org_apache_solr_search_function_distance_StringDistanceFunction.java,38,warning,2
solr_src_java_org_apache_solr_search_function_distance_StringDistanceFunction.java,73,warning,2
solr_src_java_org_apache_solr_search_function_distance_StringDistanceFunction.java,88,error,1
solr_src_java_org_apache_solr_search_function_distance_StringDistanceFunction.java,40,warning,2
solr_src_java_org_apache_solr_search_function_distance_StringDistanceFunction.java,64,warning,2
solr_src_java_org_apache_solr_search_function_distance_StringDistanceFunction.java,66,warning,2
solr_src_java_org_apache_solr_search_function_distance_StringDistanceFunction.java,53,warning,2
solr_src_java_org_apache_solr_search_function_distance_StringDistanceFunction.java,59,warning,2
solr_src_java_org_apache_solr_search_function_distance_StringDistanceFunction.java,78,warning,2
solr_src_java_org_apache_solr_search_function_distance_StringDistanceFunction.java,74,warning,2
solr_src_java_org_apache_solr_search_function_distance_StringDistanceFunction.java,94,warning,2
solr_src_java_org_apache_solr_search_function_distance_StringDistanceFunction.java,43,warning,2
solr_src_java_org_apache_solr_search_function_distance_StringDistanceFunction.java,61,warning,2
solr_src_java_org_apache_solr_search_function_distance_StringDistanceFunction.java,109,warning,2
solr_src_java_org_apache_solr_search_function_distance_StringDistanceFunction.java,97,error,1
solr_src_java_org_apache_solr_search_function_distance_StringDistanceFunction.java,3,error,1
solr_src_java_org_apache_solr_search_function_distance_StringDistanceFunction.java,42,error,1
solr_src_java_org_apache_solr_search_function_distance_StringDistanceFunction.java,35,error,1
solr_src_java_org_apache_solr_search_function_distance_StringDistanceFunction.java,92,error,1
solr_src_java_org_apache_solr_search_function_distance_StringDistanceFunction.java,115,error,1
solr_src_java_org_apache_solr_search_function_distance_StringDistanceFunction.java,33,warning,2
solr_src_java_org_apache_solr_search_function_distance_StringDistanceFunction.java,95,warning,2
solr_src_java_org_apache_solr_search_function_distance_StringDistanceFunction.java,25,warning,2
solr_src_java_org_apache_solr_search_function_distance_StringDistanceFunction.java,54,warning,2
solr_src_java_org_apache_solr_search_function_distance_StringDistanceFunction.java,44,warning,2
solr_src_java_org_apache_solr_search_function_distance_StringDistanceFunction.java,52,warning,2
solr_src_java_org_apache_solr_search_function_distance_StringDistanceFunction.java,63,warning,2
solr_src_java_org_apache_solr_search_function_distance_StringDistanceFunction.java,58,warning,2
solr_src_java_org_apache_solr_search_function_distance_StringDistanceFunction.java,79,warning,2
solr_src_java_org_apache_solr_search_function_distance_StringDistanceFunction.java,86,warning,2
solr_src_java_org_apache_solr_search_function_distance_StringDistanceFunction.java,102,warning,2
solr_src_java_org_apache_solr_search_function_distance_StringDistanceFunction.java,57,error,1
solr_src_java_org_apache_solr_search_function_distance_StringDistanceFunction.java,117,warning,2
solr_src_java_org_apache_solr_search_function_distance_StringDistanceFunction.java,39,warning,2
solr_src_java_org_apache_solr_search_function_distance_StringDistanceFunction.java,84,warning,2
solr_src_java_org_apache_solr_search_function_distance_StringDistanceFunction.java,71,warning,2
solr_src_java_org_apache_solr_search_function_distance_StringDistanceFunction.java,80,warning,2
solr_src_java_org_apache_solr_search_function_distance_StringDistanceFunction.java,50,error,1
solr_src_java_org_apache_solr_search_function_distance_StringDistanceFunction.java,108,warning,2
solr_src_java_org_apache_solr_search_function_distance_StringDistanceFunction.java,68,warning,2
solr_src_java_org_apache_solr_search_function_distance_StringDistanceFunction.java,29,warning,2
solr_src_java_org_apache_solr_search_function_distance_StringDistanceFunction.java,1,error,1
solr_src_java_org_apache_solr_search_function_distance_StringDistanceFunction.java,26,warning,2
solr_src_java_org_apache_solr_search_function_distance_StringDistanceFunction.java,83,warning,2
solr_src_java_org_apache_solr_search_function_distance_StringDistanceFunction.java,76,warning,2
solr_src_java_org_apache_solr_search_function_distance_StringDistanceFunction.java,67,error,1
solr_src_java_org_apache_solr_search_function_distance_StringDistanceFunction.java,82,warning,2
solr_src_java_org_apache_solr_search_function_distance_StringDistanceFunction.java,72,error,1
solr_src_java_org_apache_solr_search_function_distance_StringDistanceFunction.java,99,error,1
solr_src_java_org_apache_solr_search_function_distance_StringDistanceFunction.java,56,warning,2
solr_src_java_org_apache_solr_search_function_distance_StringDistanceFunction.java,51,error,1
solr_src_java_org_apache_solr_search_function_distance_StringDistanceFunction.java,77,error,1
solr_src_java_org_apache_solr_search_function_distance_StringDistanceFunction.java,106,error,1
solr_src_java_org_apache_solr_search_function_distance_StringDistanceFunction.java,111,error,1
solr_src_java_org_apache_solr_request_SimpleFacets.java,560,error,1
solr_src_java_org_apache_solr_request_SimpleFacets.java,723,warning,2
solr_src_java_org_apache_solr_request_SimpleFacets.java,533,error,1
solr_src_java_org_apache_solr_request_SimpleFacets.java,558,warning,2
solr_src_java_org_apache_solr_request_SimpleFacets.java,824,warning,2
solr_src_java_org_apache_solr_request_SimpleFacets.java,110,warning,2
solr_src_java_org_apache_solr_request_SimpleFacets.java,206,warning,2
solr_src_java_org_apache_solr_request_SimpleFacets.java,840,warning,2
solr_src_java_org_apache_solr_request_SimpleFacets.java,719,error,1
solr_src_java_org_apache_solr_request_SimpleFacets.java,37,error,1
solr_src_java_org_apache_solr_request_SimpleFacets.java,387,warning,2
solr_src_java_org_apache_solr_request_SimpleFacets.java,126,error,1
solr_src_java_org_apache_solr_request_SimpleFacets.java,687,warning,2
solr_src_java_org_apache_solr_request_SimpleFacets.java,263,error,1
solr_src_java_org_apache_solr_request_SimpleFacets.java,935,warning,2
solr_src_java_org_apache_solr_request_SimpleFacets.java,673,warning,2
solr_src_java_org_apache_solr_request_SimpleFacets.java,562,warning,2
solr_src_java_org_apache_solr_request_SimpleFacets.java,329,warning,2
solr_src_java_org_apache_solr_request_SimpleFacets.java,1173,error,1
solr_src_java_org_apache_solr_request_SimpleFacets.java,647,warning,2
solr_src_java_org_apache_solr_request_SimpleFacets.java,855,warning,2
solr_src_java_org_apache_solr_request_SimpleFacets.java,547,warning,2
solr_src_java_org_apache_solr_request_SimpleFacets.java,807,warning,2
solr_src_java_org_apache_solr_request_SimpleFacets.java,675,warning,2
solr_src_java_org_apache_solr_request_SimpleFacets.java,978,error,1
solr_src_java_org_apache_solr_request_SimpleFacets.java,173,warning,2
solr_src_java_org_apache_solr_request_SimpleFacets.java,550,error,1
solr_src_java_org_apache_solr_request_SimpleFacets.java,837,warning,2
solr_src_java_org_apache_solr_request_SimpleFacets.java,128,warning,2
solr_src_java_org_apache_solr_request_SimpleFacets.java,130,warning,2
solr_src_java_org_apache_solr_request_SimpleFacets.java,863,warning,2
solr_src_java_org_apache_solr_request_SimpleFacets.java,229,error,1
solr_src_java_org_apache_solr_request_SimpleFacets.java,890,warning,2
solr_src_java_org_apache_solr_request_SimpleFacets.java,844,warning,2
solr_src_java_org_apache_solr_request_SimpleFacets.java,25,error,1
solr_src_java_org_apache_solr_request_SimpleFacets.java,613,warning,2
solr_src_java_org_apache_solr_request_SimpleFacets.java,407,error,1
solr_src_java_org_apache_solr_request_SimpleFacets.java,362,warning,2
solr_src_java_org_apache_solr_request_SimpleFacets.java,55,error,1
solr_src_java_org_apache_solr_request_SimpleFacets.java,58,error,1
solr_src_java_org_apache_solr_request_SimpleFacets.java,1154,warning,2
solr_src_java_org_apache_solr_request_SimpleFacets.java,285,error,1
solr_src_java_org_apache_solr_request_SimpleFacets.java,102,warning,2
solr_src_java_org_apache_solr_request_SimpleFacets.java,744,error,1
solr_src_java_org_apache_solr_request_SimpleFacets.java,223,warning,2
solr_src_java_org_apache_solr_request_SimpleFacets.java,903,warning,2
solr_src_java_org_apache_solr_request_SimpleFacets.java,645,error,1
solr_src_java_org_apache_solr_request_SimpleFacets.java,656,warning,2
solr_src_java_org_apache_solr_request_SimpleFacets.java,180,warning,2
solr_src_java_org_apache_solr_request_SimpleFacets.java,873,warning,2
solr_src_java_org_apache_solr_request_SimpleFacets.java,1116,warning,2
solr_src_java_org_apache_solr_request_SimpleFacets.java,462,warning,2
solr_src_java_org_apache_solr_request_SimpleFacets.java,1125,warning,2
solr_src_java_org_apache_solr_request_SimpleFacets.java,281,error,1
solr_src_java_org_apache_solr_request_SimpleFacets.java,1185,error,1
solr_src_java_org_apache_solr_request_SimpleFacets.java,843,error,1
solr_src_java_org_apache_solr_request_SimpleFacets.java,556,warning,2
solr_src_java_org_apache_solr_request_SimpleFacets.java,593,warning,2
solr_src_java_org_apache_solr_request_SimpleFacets.java,1133,warning,2
solr_src_java_org_apache_solr_request_SimpleFacets.java,692,error,1
solr_src_java_org_apache_solr_request_SimpleFacets.java,632,warning,2
solr_src_java_org_apache_solr_request_SimpleFacets.java,264,warning,2
solr_src_java_org_apache_solr_request_SimpleFacets.java,1178,error,1
solr_src_java_org_apache_solr_request_SimpleFacets.java,116,error,1
solr_src_java_org_apache_solr_request_SimpleFacets.java,798,warning,2
solr_src_java_org_apache_solr_request_SimpleFacets.java,528,error,1
solr_src_java_org_apache_solr_request_SimpleFacets.java,576,error,1
solr_src_java_org_apache_solr_request_SimpleFacets.java,822,warning,2
solr_src_java_org_apache_solr_request_SimpleFacets.java,252,error,1
solr_src_java_org_apache_solr_request_SimpleFacets.java,954,warning,2
solr_src_java_org_apache_solr_request_SimpleFacets.java,620,warning,2
solr_src_java_org_apache_solr_request_SimpleFacets.java,319,error,1
solr_src_java_org_apache_solr_request_SimpleFacets.java,31,warning,2
solr_src_java_org_apache_solr_request_SimpleFacets.java,310,error,1
solr_src_java_org_apache_solr_request_SimpleFacets.java,401,error,1
solr_src_java_org_apache_solr_request_SimpleFacets.java,828,warning,2
solr_src_java_org_apache_solr_request_SimpleFacets.java,440,warning,2
solr_src_java_org_apache_solr_request_SimpleFacets.java,774,error,1
solr_src_java_org_apache_solr_request_SimpleFacets.java,176,warning,2
solr_src_java_org_apache_solr_request_SimpleFacets.java,851,error,1
solr_src_java_org_apache_solr_request_SimpleFacets.java,516,warning,2
solr_src_java_org_apache_solr_request_SimpleFacets.java,337,warning,2
solr_src_java_org_apache_solr_request_SimpleFacets.java,991,error,1
solr_src_java_org_apache_solr_request_SimpleFacets.java,694,warning,2
solr_src_java_org_apache_solr_request_SimpleFacets.java,1118,warning,2
solr_src_java_org_apache_solr_request_SimpleFacets.java,352,warning,2
solr_src_java_org_apache_solr_request_SimpleFacets.java,685,warning,2
solr_src_java_org_apache_solr_request_SimpleFacets.java,227,warning,2
solr_src_java_org_apache_solr_request_SimpleFacets.java,665,warning,2
solr_src_java_org_apache_solr_request_SimpleFacets.java,928,warning,2
solr_src_java_org_apache_solr_request_SimpleFacets.java,81,error,1
solr_src_java_org_apache_solr_request_SimpleFacets.java,655,error,1
solr_src_java_org_apache_solr_request_SimpleFacets.java,423,error,1
solr_src_java_org_apache_solr_request_SimpleFacets.java,141,warning,2
solr_src_java_org_apache_solr_request_SimpleFacets.java,1008,warning,2
solr_src_java_org_apache_solr_request_SimpleFacets.java,388,warning,2
solr_src_java_org_apache_solr_request_SimpleFacets.java,420,error,1
solr_src_java_org_apache_solr_request_SimpleFacets.java,260,warning,2
solr_src_java_org_apache_solr_request_SimpleFacets.java,279,warning,2
solr_src_java_org_apache_solr_request_SimpleFacets.java,995,warning,2
solr_src_java_org_apache_solr_request_SimpleFacets.java,222,error,1
solr_src_java_org_apache_solr_request_SimpleFacets.java,238,error,1
solr_src_java_org_apache_solr_request_SimpleFacets.java,1003,error,1
solr_src_java_org_apache_solr_request_SimpleFacets.java,813,warning,2
solr_src_java_org_apache_solr_request_SimpleFacets.java,734,error,1
solr_src_java_org_apache_solr_request_SimpleFacets.java,226,warning,2
solr_src_java_org_apache_solr_request_SimpleFacets.java,714,warning,2
solr_src_java_org_apache_solr_request_SimpleFacets.java,56,error,1
solr_src_java_org_apache_solr_request_SimpleFacets.java,82,error,1
solr_src_java_org_apache_solr_request_SimpleFacets.java,885,warning,2
solr_src_java_org_apache_solr_request_SimpleFacets.java,736,error,1
solr_src_java_org_apache_solr_request_SimpleFacets.java,559,error,1
solr_src_java_org_apache_solr_request_SimpleFacets.java,273,warning,2
solr_src_java_org_apache_solr_request_SimpleFacets.java,147,warning,2
solr_src_java_org_apache_solr_request_SimpleFacets.java,914,warning,2
solr_src_java_org_apache_solr_request_SimpleFacets.java,466,warning,2
solr_src_java_org_apache_solr_request_SimpleFacets.java,338,warning,2
solr_src_java_org_apache_solr_request_SimpleFacets.java,595,warning,2
solr_src_java_org_apache_solr_request_SimpleFacets.java,230,warning,2
solr_src_java_org_apache_solr_request_SimpleFacets.java,450,error,1
solr_src_java_org_apache_solr_request_SimpleFacets.java,842,warning,2
solr_src_java_org_apache_solr_request_SimpleFacets.java,1058,warning,2
solr_src_java_org_apache_solr_request_SimpleFacets.java,882,warning,2
solr_src_java_org_apache_solr_request_SimpleFacets.java,145,warning,2
solr_src_java_org_apache_solr_request_SimpleFacets.java,1134,warning,2
solr_src_java_org_apache_solr_request_SimpleFacets.java,335,warning,2
solr_src_java_org_apache_solr_request_SimpleFacets.java,797,warning,2
solr_src_java_org_apache_solr_request_SimpleFacets.java,881,warning,2
solr_src_java_org_apache_solr_request_SimpleFacets.java,1001,warning,2
solr_src_java_org_apache_solr_request_SimpleFacets.java,876,warning,2
solr_src_java_org_apache_solr_request_SimpleFacets.java,1097,warning,2
solr_src_java_org_apache_solr_request_SimpleFacets.java,584,error,1
solr_src_java_org_apache_solr_request_SimpleFacets.java,87,warning,2
solr_src_java_org_apache_solr_request_SimpleFacets.java,735,warning,2
solr_src_java_org_apache_solr_request_SimpleFacets.java,971,error,1
solr_src_java_org_apache_solr_request_SimpleFacets.java,327,error,1
solr_src_java_org_apache_solr_request_SimpleFacets.java,544,error,1
solr_src_java_org_apache_solr_request_SimpleFacets.java,679,warning,2
solr_src_java_org_apache_solr_request_SimpleFacets.java,1121,warning,2
solr_src_java_org_apache_solr_request_SimpleFacets.java,1065,warning,2
solr_src_java_org_apache_solr_request_SimpleFacets.java,418,warning,2
solr_src_java_org_apache_solr_request_SimpleFacets.java,204,error,1
solr_src_java_org_apache_solr_request_SimpleFacets.java,182,warning,2
solr_src_java_org_apache_solr_request_SimpleFacets.java,540,warning,2
solr_src_java_org_apache_solr_request_SimpleFacets.java,703,warning,2
solr_src_java_org_apache_solr_request_SimpleFacets.java,858,warning,2
solr_src_java_org_apache_solr_request_SimpleFacets.java,639,error,1
solr_src_java_org_apache_solr_request_SimpleFacets.java,779,warning,2
solr_src_java_org_apache_solr_request_SimpleFacets.java,184,warning,2
solr_src_java_org_apache_solr_request_SimpleFacets.java,778,warning,2
solr_src_java_org_apache_solr_request_SimpleFacets.java,189,warning,2
solr_src_java_org_apache_solr_request_SimpleFacets.java,398,error,1
solr_src_java_org_apache_solr_request_SimpleFacets.java,728,error,1
solr_src_java_org_apache_solr_request_SimpleFacets.java,917,warning,2
solr_src_java_org_apache_solr_request_SimpleFacets.java,603,warning,2
solr_src_java_org_apache_solr_request_SimpleFacets.java,640,warning,2
solr_src_java_org_apache_solr_request_SimpleFacets.java,72,error,1
solr_src_java_org_apache_solr_request_SimpleFacets.java,770,error,1
solr_src_java_org_apache_solr_request_SimpleFacets.java,414,warning,2
solr_src_java_org_apache_solr_request_SimpleFacets.java,1103,error,1
solr_src_java_org_apache_solr_request_SimpleFacets.java,195,warning,2
solr_src_java_org_apache_solr_request_SimpleFacets.java,742,warning,2
solr_src_java_org_apache_solr_request_SimpleFacets.java,249,warning,2
solr_src_java_org_apache_solr_request_SimpleFacets.java,429,error,1
solr_src_java_org_apache_solr_request_SimpleFacets.java,1144,warning,2
solr_src_java_org_apache_solr_request_SimpleFacets.java,503,error,1
solr_src_java_org_apache_solr_request_SimpleFacets.java,48,warning,2
solr_src_java_org_apache_solr_request_SimpleFacets.java,379,error,1
solr_src_java_org_apache_solr_request_SimpleFacets.java,1113,error,1
solr_src_java_org_apache_solr_request_SimpleFacets.java,240,error,1
solr_src_java_org_apache_solr_request_SimpleFacets.java,961,warning,2
solr_src_java_org_apache_solr_request_SimpleFacets.java,449,error,1
solr_src_java_org_apache_solr_request_SimpleFacets.java,64,error,1
solr_src_java_org_apache_solr_request_SimpleFacets.java,757,warning,2
solr_src_java_org_apache_solr_request_SimpleFacets.java,888,error,1
solr_src_java_org_apache_solr_request_SimpleFacets.java,717,warning,2
solr_src_java_org_apache_solr_request_SimpleFacets.java,1147,warning,2
solr_src_java_org_apache_solr_request_SimpleFacets.java,960,warning,2
solr_src_java_org_apache_solr_request_SimpleFacets.java,94,warning,2
solr_src_java_org_apache_solr_request_SimpleFacets.java,515,warning,2
solr_src_java_org_apache_solr_request_SimpleFacets.java,638,warning,2
solr_src_java_org_apache_solr_request_SimpleFacets.java,1182,warning,2
solr_src_java_org_apache_solr_request_SimpleFacets.java,945,error,1
solr_src_java_org_apache_solr_request_SimpleFacets.java,60,error,1
solr_src_java_org_apache_solr_request_SimpleFacets.java,720,warning,2
solr_src_java_org_apache_solr_request_SimpleFacets.java,171,warning,2
solr_src_java_org_apache_solr_request_SimpleFacets.java,702,warning,2
solr_src_java_org_apache_solr_request_SimpleFacets.java,369,error,1
solr_src_java_org_apache_solr_request_SimpleFacets.java,713,warning,2
solr_src_java_org_apache_solr_request_SimpleFacets.java,695,error,1
solr_src_java_org_apache_solr_request_SimpleFacets.java,1022,error,1
solr_src_java_org_apache_solr_request_SimpleFacets.java,234,warning,2
solr_src_java_org_apache_solr_request_SimpleFacets.java,616,warning,2
solr_src_java_org_apache_solr_request_SimpleFacets.java,946,error,1
solr_src_java_org_apache_solr_request_SimpleFacets.java,1177,error,1
solr_src_java_org_apache_solr_request_SimpleFacets.java,880,warning,2
solr_src_java_org_apache_solr_request_SimpleFacets.java,751,error,1
solr_src_java_org_apache_solr_request_SimpleFacets.java,1158,warning,2
solr_src_java_org_apache_solr_request_SimpleFacets.java,631,warning,2
solr_src_java_org_apache_solr_request_SimpleFacets.java,699,warning,2
solr_src_java_org_apache_solr_request_SimpleFacets.java,853,error,1
solr_src_java_org_apache_solr_request_SimpleFacets.java,848,warning,2
solr_src_java_org_apache_solr_request_SimpleFacets.java,1148,warning,2
solr_src_java_org_apache_solr_request_SimpleFacets.java,1009,warning,2
solr_src_java_org_apache_solr_request_SimpleFacets.java,397,error,1
solr_src_java_org_apache_solr_request_SimpleFacets.java,225,error,1
solr_src_java_org_apache_solr_request_SimpleFacets.java,99,error,1
solr_src_java_org_apache_solr_request_SimpleFacets.java,416,error,1
solr_src_java_org_apache_solr_request_SimpleFacets.java,642,warning,2
solr_src_java_org_apache_solr_request_SimpleFacets.java,151,warning,2
solr_src_java_org_apache_solr_request_SimpleFacets.java,688,error,1
solr_src_java_org_apache_solr_request_SimpleFacets.java,1155,warning,2
solr_src_java_org_apache_solr_request_SimpleFacets.java,125,error,1
solr_src_java_org_apache_solr_request_SimpleFacets.java,919,warning,2
solr_src_java_org_apache_solr_request_SimpleFacets.java,758,warning,2
solr_src_java_org_apache_solr_request_SimpleFacets.java,392,error,1
solr_src_java_org_apache_solr_request_SimpleFacets.java,1089,error,1
solr_src_java_org_apache_solr_request_SimpleFacets.java,136,warning,2
solr_src_java_org_apache_solr_request_SimpleFacets.java,643,warning,2
solr_src_java_org_apache_solr_request_SimpleFacets.java,811,warning,2
solr_src_java_org_apache_solr_request_SimpleFacets.java,611,warning,2
solr_src_java_org_apache_solr_request_SimpleFacets.java,477,error,1
solr_src_java_org_apache_solr_request_SimpleFacets.java,1062,error,1
solr_src_java_org_apache_solr_request_SimpleFacets.java,749,warning,2
solr_src_java_org_apache_solr_request_SimpleFacets.java,1130,error,1
solr_src_java_org_apache_solr_request_SimpleFacets.java,495,warning,2
solr_src_java_org_apache_solr_request_SimpleFacets.java,262,warning,2
solr_src_java_org_apache_solr_request_SimpleFacets.java,706,error,1
solr_src_java_org_apache_solr_request_SimpleFacets.java,958,warning,2
solr_src_java_org_apache_solr_request_SimpleFacets.java,1188,warning,2
solr_src_java_org_apache_solr_request_SimpleFacets.java,1046,warning,2
solr_src_java_org_apache_solr_request_SimpleFacets.java,191,warning,2
solr_src_java_org_apache_solr_request_SimpleFacets.java,523,warning,2
solr_src_java_org_apache_solr_request_SimpleFacets.java,23,warning,2
solr_src_java_org_apache_solr_request_SimpleFacets.java,816,warning,2
solr_src_java_org_apache_solr_request_SimpleFacets.java,131,error,1
solr_src_java_org_apache_solr_request_SimpleFacets.java,800,warning,2
solr_src_java_org_apache_solr_request_SimpleFacets.java,400,warning,2
solr_src_java_org_apache_solr_request_SimpleFacets.java,1039,warning,2
solr_src_java_org_apache_solr_request_SimpleFacets.java,787,warning,2
solr_src_java_org_apache_solr_request_SimpleFacets.java,982,error,1
solr_src_java_org_apache_solr_request_SimpleFacets.java,217,warning,2
solr_src_java_org_apache_solr_request_SimpleFacets.java,1096,warning,2
solr_src_java_org_apache_solr_request_SimpleFacets.java,1111,error,1
solr_src_java_org_apache_solr_request_SimpleFacets.java,215,warning,2
solr_src_java_org_apache_solr_request_SimpleFacets.java,802,warning,2
solr_src_java_org_apache_solr_request_SimpleFacets.java,231,warning,2
solr_src_java_org_apache_solr_request_SimpleFacets.java,529,warning,2
solr_src_java_org_apache_solr_request_SimpleFacets.java,178,warning,2
solr_src_java_org_apache_solr_request_SimpleFacets.java,668,warning,2
solr_src_java_org_apache_solr_request_SimpleFacets.java,103,warning,2
solr_src_java_org_apache_solr_request_SimpleFacets.java,1038,error,1
solr_src_java_org_apache_solr_request_SimpleFacets.java,962,warning,2
solr_src_java_org_apache_solr_request_SimpleFacets.java,394,error,1
solr_src_java_org_apache_solr_request_SimpleFacets.java,674,warning,2
solr_src_java_org_apache_solr_request_SimpleFacets.java,1093,warning,2
solr_src_java_org_apache_solr_request_SimpleFacets.java,351,error,1
solr_src_java_org_apache_solr_request_SimpleFacets.java,652,error,1
solr_src_java_org_apache_solr_request_SimpleFacets.java,1120,warning,2
solr_src_java_org_apache_solr_request_SimpleFacets.java,512,warning,2
solr_src_java_org_apache_solr_request_SimpleFacets.java,1114,warning,2
solr_src_java_org_apache_solr_request_SimpleFacets.java,314,warning,2
solr_src_java_org_apache_solr_request_SimpleFacets.java,916,error,1
solr_src_java_org_apache_solr_request_SimpleFacets.java,1128,warning,2
solr_src_java_org_apache_solr_request_SimpleFacets.java,507,error,1
solr_src_java_org_apache_solr_request_SimpleFacets.java,606,warning,2
solr_src_java_org_apache_solr_request_SimpleFacets.java,504,error,1
solr_src_java_org_apache_solr_request_SimpleFacets.java,505,error,1
solr_src_java_org_apache_solr_request_SimpleFacets.java,1002,error,1
solr_src_java_org_apache_solr_request_SimpleFacets.java,455,warning,2
solr_src_java_org_apache_solr_request_SimpleFacets.java,1190,warning,2
solr_src_java_org_apache_solr_request_SimpleFacets.java,940,warning,2
solr_src_java_org_apache_solr_request_SimpleFacets.java,574,warning,2
solr_src_java_org_apache_solr_request_SimpleFacets.java,1007,error,1
solr_src_java_org_apache_solr_request_SimpleFacets.java,867,warning,2
solr_src_java_org_apache_solr_request_SimpleFacets.java,1010,warning,2
solr_src_java_org_apache_solr_request_SimpleFacets.java,534,warning,2
solr_src_java_org_apache_solr_request_SimpleFacets.java,438,error,1
solr_src_java_org_apache_solr_request_SimpleFacets.java,290,warning,2
solr_src_java_org_apache_solr_request_SimpleFacets.java,121,warning,2
solr_src_java_org_apache_solr_request_SimpleFacets.java,746,warning,2
solr_src_java_org_apache_solr_request_SimpleFacets.java,228,warning,2
solr_src_java_org_apache_solr_request_SimpleFacets.java,278,warning,2
solr_src_java_org_apache_solr_request_SimpleFacets.java,427,error,1
solr_src_java_org_apache_solr_request_SimpleFacets.java,360,error,1
solr_src_java_org_apache_solr_request_SimpleFacets.java,839,warning,2
solr_src_java_org_apache_solr_request_SimpleFacets.java,1131,warning,2
solr_src_java_org_apache_solr_request_SimpleFacets.java,317,warning,2
solr_src_java_org_apache_solr_request_SimpleFacets.java,1112,warning,2
solr_src_java_org_apache_solr_request_SimpleFacets.java,1186,warning,2
solr_src_java_org_apache_solr_request_SimpleFacets.java,318,warning,2
solr_src_java_org_apache_solr_request_SimpleFacets.java,819,warning,2
solr_src_java_org_apache_solr_request_SimpleFacets.java,402,error,1
solr_src_java_org_apache_solr_request_SimpleFacets.java,1146,warning,2
solr_src_java_org_apache_solr_request_SimpleFacets.java,22,warning,2
solr_src_java_org_apache_solr_request_SimpleFacets.java,976,error,1
solr_src_java_org_apache_solr_request_SimpleFacets.java,600,warning,2
solr_src_java_org_apache_solr_request_SimpleFacets.java,996,error,1
solr_src_java_org_apache_solr_request_SimpleFacets.java,499,error,1
solr_src_java_org_apache_solr_request_SimpleFacets.java,875,error,1
solr_src_java_org_apache_solr_request_SimpleFacets.java,1108,warning,2
solr_src_java_org_apache_solr_request_SimpleFacets.java,261,warning,2
solr_src_java_org_apache_solr_request_SimpleFacets.java,641,warning,2
solr_src_java_org_apache_solr_request_SimpleFacets.java,789,error,1
solr_src_java_org_apache_solr_request_SimpleFacets.java,803,error,1
solr_src_java_org_apache_solr_request_SimpleFacets.java,973,warning,2
solr_src_java_org_apache_solr_request_SimpleFacets.java,782,error,1
solr_src_java_org_apache_solr_request_SimpleFacets.java,198,error,1
solr_src_java_org_apache_solr_request_SimpleFacets.java,536,warning,2
solr_src_java_org_apache_solr_request_SimpleFacets.java,1135,warning,2
solr_src_java_org_apache_solr_request_SimpleFacets.java,1141,warning,2
solr_src_java_org_apache_solr_request_SimpleFacets.java,390,error,1
solr_src_java_org_apache_solr_request_SimpleFacets.java,1117,error,1
solr_src_java_org_apache_solr_request_SimpleFacets.java,277,error,1
solr_src_java_org_apache_solr_request_SimpleFacets.java,384,warning,2
solr_src_java_org_apache_solr_request_SimpleFacets.java,123,error,1
solr_src_java_org_apache_solr_request_SimpleFacets.java,586,warning,2
solr_src_java_org_apache_solr_request_SimpleFacets.java,762,error,1
solr_src_java_org_apache_solr_request_SimpleFacets.java,899,warning,2
solr_src_java_org_apache_solr_request_SimpleFacets.java,405,error,1
solr_src_java_org_apache_solr_request_SimpleFacets.java,952,error,1
solr_src_java_org_apache_solr_request_SimpleFacets.java,107,warning,2
solr_src_java_org_apache_solr_request_SimpleFacets.java,701,warning,2
solr_src_java_org_apache_solr_request_SimpleFacets.java,1176,warning,2
solr_src_java_org_apache_solr_request_SimpleFacets.java,52,warning,2
solr_src_java_org_apache_solr_request_SimpleFacets.java,1179,warning,2
solr_src_java_org_apache_solr_request_SimpleFacets.java,85,warning,2
solr_src_java_org_apache_solr_request_SimpleFacets.java,739,warning,2
solr_src_java_org_apache_solr_request_SimpleFacets.java,941,warning,2
solr_src_java_org_apache_solr_request_SimpleFacets.java,1063,warning,2
solr_src_java_org_apache_solr_request_SimpleFacets.java,232,warning,2
solr_src_java_org_apache_solr_request_SimpleFacets.java,624,error,1
solr_src_java_org_apache_solr_request_SimpleFacets.java,1126,error,1
solr_src_java_org_apache_solr_request_SimpleFacets.java,896,warning,2
solr_src_java_org_apache_solr_request_SimpleFacets.java,246,error,1
solr_src_java_org_apache_solr_request_SimpleFacets.java,177,warning,2
solr_src_java_org_apache_solr_request_SimpleFacets.java,1137,error,1
solr_src_java_org_apache_solr_request_SimpleFacets.java,830,warning,2
solr_src_java_org_apache_solr_request_SimpleFacets.java,623,warning,2
solr_src_java_org_apache_solr_request_SimpleFacets.java,120,error,1
solr_src_java_org_apache_solr_request_SimpleFacets.java,187,error,1
solr_src_java_org_apache_solr_request_SimpleFacets.java,693,warning,2
solr_src_java_org_apache_solr_request_SimpleFacets.java,1043,error,1
solr_src_java_org_apache_solr_request_SimpleFacets.java,137,warning,2
solr_src_java_org_apache_solr_request_SimpleFacets.java,834,warning,2
solr_src_java_org_apache_solr_request_SimpleFacets.java,1081,warning,2
solr_src_java_org_apache_solr_request_SimpleFacets.java,114,error,1
solr_src_java_org_apache_solr_request_SimpleFacets.java,1051,error,1
solr_src_java_org_apache_solr_request_SimpleFacets.java,955,error,1
solr_src_java_org_apache_solr_request_SimpleFacets.java,415,warning,2
solr_src_java_org_apache_solr_request_SimpleFacets.java,854,warning,2
solr_src_java_org_apache_solr_request_SimpleFacets.java,432,warning,2
solr_src_java_org_apache_solr_request_SimpleFacets.java,1167,error,1
solr_src_java_org_apache_solr_request_SimpleFacets.java,783,warning,2
solr_src_java_org_apache_solr_request_SimpleFacets.java,979,error,1
solr_src_java_org_apache_solr_request_SimpleFacets.java,538,warning,2
solr_src_java_org_apache_solr_request_SimpleFacets.java,826,warning,2
solr_src_java_org_apache_solr_request_SimpleFacets.java,598,warning,2
solr_src_java_org_apache_solr_request_SimpleFacets.java,361,error,1
solr_src_java_org_apache_solr_request_SimpleFacets.java,514,warning,2
solr_src_java_org_apache_solr_request_SimpleFacets.java,510,warning,2
solr_src_java_org_apache_solr_request_SimpleFacets.java,809,warning,2
solr_src_java_org_apache_solr_request_SimpleFacets.java,887,warning,2
solr_src_java_org_apache_solr_request_SimpleFacets.java,601,warning,2
solr_src_java_org_apache_solr_request_SimpleFacets.java,78,warning,2
solr_src_java_org_apache_solr_request_SimpleFacets.java,309,warning,2
solr_src_java_org_apache_solr_request_SimpleFacets.java,445,warning,2
solr_src_java_org_apache_solr_request_SimpleFacets.java,315,warning,2
solr_src_java_org_apache_solr_request_SimpleFacets.java,70,error,1
solr_src_java_org_apache_solr_request_SimpleFacets.java,383,warning,2
solr_src_java_org_apache_solr_request_SimpleFacets.java,998,error,1
solr_src_java_org_apache_solr_request_SimpleFacets.java,589,warning,2
solr_src_java_org_apache_solr_request_SimpleFacets.java,243,error,1
solr_src_java_org_apache_solr_request_SimpleFacets.java,403,warning,2
solr_src_java_org_apache_solr_request_SimpleFacets.java,1025,warning,2
solr_src_java_org_apache_solr_request_SimpleFacets.java,823,warning,2
solr_src_java_org_apache_solr_request_SimpleFacets.java,794,warning,2
solr_src_java_org_apache_solr_request_SimpleFacets.java,8,warning,2
solr_src_java_org_apache_solr_request_SimpleFacets.java,832,warning,2
solr_src_java_org_apache_solr_request_SimpleFacets.java,571,warning,2
solr_src_java_org_apache_solr_request_SimpleFacets.java,912,warning,2
solr_src_java_org_apache_solr_request_SimpleFacets.java,276,warning,2
solr_src_java_org_apache_solr_request_SimpleFacets.java,521,error,1
solr_src_java_org_apache_solr_request_SimpleFacets.java,573,warning,2
solr_src_java_org_apache_solr_request_SimpleFacets.java,956,warning,2
solr_src_java_org_apache_solr_request_SimpleFacets.java,539,error,1
solr_src_java_org_apache_solr_request_SimpleFacets.java,1032,warning,2
solr_src_java_org_apache_solr_request_SimpleFacets.java,994,warning,2
solr_src_java_org_apache_solr_request_SimpleFacets.java,496,warning,2
solr_src_java_org_apache_solr_request_SimpleFacets.java,680,error,1
solr_src_java_org_apache_solr_request_SimpleFacets.java,500,error,1
solr_src_java_org_apache_solr_request_SimpleFacets.java,188,error,1
solr_src_java_org_apache_solr_request_SimpleFacets.java,604,warning,2
solr_src_java_org_apache_solr_request_SimpleFacets.java,931,warning,2
solr_src_java_org_apache_solr_request_SimpleFacets.java,708,warning,2
solr_src_java_org_apache_solr_request_SimpleFacets.java,399,error,1
solr_src_java_org_apache_solr_request_SimpleFacets.java,696,warning,2
solr_src_java_org_apache_solr_request_SimpleFacets.java,949,warning,2
solr_src_java_org_apache_solr_request_SimpleFacets.java,104,warning,2
solr_src_java_org_apache_solr_request_SimpleFacets.java,1119,warning,2
solr_src_java_org_apache_solr_request_SimpleFacets.java,1090,warning,2
solr_src_java_org_apache_solr_request_SimpleFacets.java,518,error,1
solr_src_java_org_apache_solr_request_SimpleFacets.java,812,warning,2
solr_src_java_org_apache_solr_request_SimpleFacets.java,1164,error,1
solr_src_java_org_apache_solr_request_SimpleFacets.java,934,error,1
solr_src_java_org_apache_solr_request_SimpleFacets.java,321,warning,2
solr_src_java_org_apache_solr_request_SimpleFacets.java,218,warning,2
solr_src_java_org_apache_solr_request_SimpleFacets.java,722,warning,2
solr_src_java_org_apache_solr_request_SimpleFacets.java,235,warning,2
solr_src_java_org_apache_solr_request_SimpleFacets.java,753,warning,2
solr_src_java_org_apache_solr_request_SimpleFacets.java,459,error,1
solr_src_java_org_apache_solr_request_SimpleFacets.java,883,error,1
solr_src_java_org_apache_solr_request_SimpleFacets.java,370,error,1
solr_src_java_org_apache_solr_request_SimpleFacets.java,1159,warning,2
solr_src_java_org_apache_solr_request_SimpleFacets.java,704,warning,2
solr_src_java_org_apache_solr_request_SimpleFacets.java,856,error,1
solr_src_java_org_apache_solr_request_SimpleFacets.java,1145,warning,2
solr_src_java_org_apache_solr_request_SimpleFacets.java,874,warning,2
solr_src_java_org_apache_solr_request_SimpleFacets.java,71,error,1
solr_src_java_org_apache_solr_request_SimpleFacets.java,879,warning,2
solr_src_java_org_apache_solr_request_SimpleFacets.java,993,error,1
solr_src_java_org_apache_solr_request_SimpleFacets.java,633,warning,2
solr_src_java_org_apache_solr_request_SimpleFacets.java,306,warning,2
solr_src_java_org_apache_solr_request_SimpleFacets.java,1004,warning,2
solr_src_java_org_apache_solr_request_SimpleFacets.java,860,warning,2
solr_src_java_org_apache_solr_request_SimpleFacets.java,651,error,1
solr_src_java_org_apache_solr_request_SimpleFacets.java,467,error,1
solr_src_java_org_apache_solr_request_SimpleFacets.java,959,warning,2
solr_src_java_org_apache_solr_request_SimpleFacets.java,915,error,1
solr_src_java_org_apache_solr_request_SimpleFacets.java,313,warning,2
solr_src_java_org_apache_solr_request_SimpleFacets.java,568,warning,2
solr_src_java_org_apache_solr_request_SimpleFacets.java,755,warning,2
solr_src_java_org_apache_solr_request_SimpleFacets.java,331,warning,2
solr_src_java_org_apache_solr_request_SimpleFacets.java,929,warning,2
solr_src_java_org_apache_solr_request_SimpleFacets.java,181,warning,2
solr_src_java_org_apache_solr_request_SimpleFacets.java,434,error,1
solr_src_java_org_apache_solr_request_SimpleFacets.java,817,warning,2
solr_src_java_org_apache_solr_request_SimpleFacets.java,948,warning,2
solr_src_java_org_apache_solr_request_SimpleFacets.java,846,warning,2
solr_src_java_org_apache_solr_request_SimpleFacets.java,1175,warning,2
solr_src_java_org_apache_solr_request_SimpleFacets.java,113,warning,2
solr_src_java_org_apache_solr_request_SimpleFacets.java,1127,warning,2
solr_src_java_org_apache_solr_request_SimpleFacets.java,1138,warning,2
solr_src_java_org_apache_solr_request_SimpleFacets.java,175,warning,2
solr_src_java_org_apache_solr_request_SimpleFacets.java,464,warning,2
solr_src_java_org_apache_solr_request_SimpleFacets.java,570,warning,2
solr_src_java_org_apache_solr_request_SimpleFacets.java,1000,warning,2
solr_src_java_org_apache_solr_request_SimpleFacets.java,443,error,1
solr_src_java_org_apache_solr_request_SimpleFacets.java,825,warning,2
solr_src_java_org_apache_solr_request_SimpleFacets.java,153,warning,2
solr_src_java_org_apache_solr_request_SimpleFacets.java,1161,warning,2
solr_src_java_org_apache_solr_request_SimpleFacets.java,1166,warning,2
solr_src_java_org_apache_solr_request_SimpleFacets.java,1142,warning,2
solr_src_java_org_apache_solr_request_SimpleFacets.java,678,warning,2
solr_src_java_org_apache_solr_request_SimpleFacets.java,59,error,1
solr_src_java_org_apache_solr_request_SimpleFacets.java,847,warning,2
solr_src_java_org_apache_solr_request_SimpleFacets.java,630,warning,2
solr_src_java_org_apache_solr_request_SimpleFacets.java,738,warning,2
solr_src_java_org_apache_solr_request_SimpleFacets.java,287,warning,2
solr_src_java_org_apache_solr_request_SimpleFacets.java,463,warning,2
solr_src_java_org_apache_solr_request_SimpleFacets.java,43,warning,2
solr_src_java_org_apache_solr_request_SimpleFacets.java,239,warning,2
solr_src_java_org_apache_solr_request_SimpleFacets.java,990,error,1
solr_src_java_org_apache_solr_request_SimpleFacets.java,266,warning,2
solr_src_java_org_apache_solr_request_SimpleFacets.java,554,warning,2
solr_src_java_org_apache_solr_request_SimpleFacets.java,1150,error,1
solr_src_java_org_apache_solr_request_SimpleFacets.java,453,error,1
solr_src_java_org_apache_solr_request_SimpleFacets.java,1094,error,1
solr_src_java_org_apache_solr_request_SimpleFacets.java,185,warning,2
solr_src_java_org_apache_solr_request_SimpleFacets.java,1163,error,1
solr_src_java_org_apache_solr_request_SimpleFacets.java,628,warning,2
solr_src_java_org_apache_solr_request_SimpleFacets.java,256,warning,2
solr_src_java_org_apache_solr_request_SimpleFacets.java,621,warning,2
solr_src_java_org_apache_solr_request_SimpleFacets.java,900,error,1
solr_src_java_org_apache_solr_request_SimpleFacets.java,255,warning,2
solr_src_java_org_apache_solr_request_SimpleFacets.java,676,warning,2
solr_src_java_org_apache_solr_request_SimpleFacets.java,795,warning,2
solr_src_java_org_apache_solr_request_SimpleFacets.java,1082,warning,2
solr_src_java_org_apache_solr_request_SimpleFacets.java,833,warning,2
solr_src_java_org_apache_solr_request_SimpleFacets.java,661,error,1
solr_src_java_org_apache_solr_request_SimpleFacets.java,430,error,1
solr_src_java_org_apache_solr_request_SimpleFacets.java,1041,warning,2
solr_src_java_org_apache_solr_request_SimpleFacets.java,756,warning,2
solr_src_java_org_apache_solr_request_SimpleFacets.java,740,warning,2
solr_src_java_org_apache_solr_request_SimpleFacets.java,444,error,1
solr_src_java_org_apache_solr_request_SimpleFacets.java,1152,error,1
solr_src_java_org_apache_solr_request_SimpleFacets.java,1023,error,1
solr_src_java_org_apache_solr_request_SimpleFacets.java,144,warning,2
solr_src_java_org_apache_solr_request_SimpleFacets.java,428,warning,2
solr_src_java_org_apache_solr_request_SimpleFacets.java,650,warning,2
solr_src_java_org_apache_solr_request_SimpleFacets.java,1169,error,1
solr_src_java_org_apache_solr_request_SimpleFacets.java,672,warning,2
solr_src_java_org_apache_solr_request_SimpleFacets.java,1172,warning,2
solr_src_java_org_apache_solr_request_SimpleFacets.java,316,warning,2
solr_src_java_org_apache_solr_request_SimpleFacets.java,829,warning,2
solr_src_java_org_apache_solr_request_SimpleFacets.java,684,warning,2
solr_src_java_org_apache_solr_request_SimpleFacets.java,715,warning,2
solr_src_java_org_apache_solr_request_SimpleFacets.java,637,warning,2
solr_src_java_org_apache_solr_request_SimpleFacets.java,786,warning,2
solr_src_java_org_apache_solr_request_SimpleFacets.java,90,warning,2
solr_src_java_org_apache_solr_request_SimpleFacets.java,588,warning,2
solr_src_java_org_apache_solr_request_SimpleFacets.java,777,warning,2
solr_src_java_org_apache_solr_request_SimpleFacets.java,190,warning,2
solr_src_java_org_apache_solr_request_SimpleFacets.java,358,error,1
solr_src_java_org_apache_solr_request_SimpleFacets.java,635,error,1
solr_src_java_org_apache_solr_request_SimpleFacets.java,964,error,1
solr_src_java_org_apache_solr_request_SimpleFacets.java,889,error,1
solr_src_java_org_apache_solr_request_SimpleFacets.java,88,warning,2
solr_src_java_org_apache_solr_request_SimpleFacets.java,545,error,1
solr_src_java_org_apache_solr_request_SimpleFacets.java,718,error,1
solr_src_java_org_apache_solr_request_SimpleFacets.java,118,error,1
solr_src_java_org_apache_solr_request_SimpleFacets.java,790,warning,2
solr_src_java_org_apache_solr_request_SimpleFacets.java,666,error,1
solr_src_java_org_apache_solr_request_SimpleFacets.java,61,error,1
solr_src_java_org_apache_solr_request_SimpleFacets.java,439,warning,2
solr_src_java_org_apache_solr_request_SimpleFacets.java,97,warning,2
solr_src_java_org_apache_solr_request_SimpleFacets.java,289,warning,2
solr_src_java_org_apache_solr_request_SimpleFacets.java,89,warning,2
solr_src_java_org_apache_solr_request_SimpleFacets.java,426,error,1
solr_src_java_org_apache_solr_request_SimpleFacets.java,752,error,1
solr_src_java_org_apache_solr_request_SimpleFacets.java,950,warning,2
solr_src_java_org_apache_solr_request_SimpleFacets.java,549,error,1
solr_src_java_org_apache_solr_request_SimpleFacets.java,257,warning,2
solr_src_java_org_apache_solr_request_SimpleFacets.java,265,warning,2
solr_src_java_org_apache_solr_request_SimpleFacets.java,818,warning,2
solr_src_java_org_apache_solr_request_SimpleFacets.java,743,error,1
solr_src_java_org_apache_solr_request_SimpleFacets.java,700,warning,2
solr_src_java_org_apache_solr_request_SimpleFacets.java,280,warning,2
solr_src_java_org_apache_solr_request_SimpleFacets.java,417,error,1
solr_src_java_org_apache_solr_request_SimpleFacets.java,84,warning,2
solr_src_java_org_apache_solr_request_SimpleFacets.java,357,error,1
solr_src_java_org_apache_solr_request_SimpleFacets.java,953,error,1
solr_src_java_org_apache_solr_request_SimpleFacets.java,1045,warning,2
solr_src_java_org_apache_solr_request_SimpleFacets.java,519,warning,2
solr_src_java_org_apache_solr_request_SimpleFacets.java,395,error,1
solr_src_java_org_apache_solr_request_SimpleFacets.java,1132,warning,2
solr_src_java_org_apache_solr_request_SimpleFacets.java,865,error,1
solr_src_java_org_apache_solr_request_SimpleFacets.java,1143,error,1
solr_src_java_org_apache_solr_request_SimpleFacets.java,272,warning,2
solr_src_java_org_apache_solr_request_SimpleFacets.java,332,warning,2
solr_src_java_org_apache_solr_request_SimpleFacets.java,659,error,1
solr_src_java_org_apache_solr_request_SimpleFacets.java,1170,warning,2
solr_src_java_org_apache_solr_request_SimpleFacets.java,133,warning,2
solr_src_java_org_apache_solr_request_SimpleFacets.java,690,warning,2
solr_src_java_org_apache_solr_request_SimpleFacets.java,1153,warning,2
solr_src_java_org_apache_solr_request_SimpleFacets.java,1160,warning,2
solr_src_java_org_apache_solr_request_SimpleFacets.java,969,error,1
solr_src_java_org_apache_solr_request_SimpleFacets.java,626,warning,2
solr_src_java_org_apache_solr_request_SimpleFacets.java,334,warning,2
solr_src_java_org_apache_solr_request_SimpleFacets.java,567,error,1
solr_src_java_org_apache_solr_request_SimpleFacets.java,937,error,1
solr_src_java_org_apache_solr_request_SimpleFacets.java,38,error,1
solr_src_java_org_apache_solr_request_SimpleFacets.java,411,warning,2
solr_src_java_org_apache_solr_request_SimpleFacets.java,780,warning,2
solr_src_java_org_apache_solr_request_SimpleFacets.java,925,error,1
solr_src_java_org_apache_solr_request_SimpleFacets.java,167,warning,2
solr_src_java_org_apache_solr_request_SimpleFacets.java,747,warning,2
solr_src_java_org_apache_solr_request_SimpleFacets.java,594,warning,2
solr_src_java_org_apache_solr_request_SimpleFacets.java,447,warning,2
solr_src_java_org_apache_solr_request_SimpleFacets.java,508,error,1
solr_src_java_org_apache_solr_request_SimpleFacets.java,74,error,1
solr_src_java_org_apache_solr_request_SimpleFacets.java,1066,warning,2
solr_src_java_org_apache_solr_request_SimpleFacets.java,241,error,1
solr_src_java_org_apache_solr_request_SimpleFacets.java,1104,warning,2
solr_src_java_org_apache_solr_request_SimpleFacets.java,312,warning,2
solr_src_java_org_apache_solr_request_SimpleFacets.java,615,warning,2
solr_src_java_org_apache_solr_request_SimpleFacets.java,1122,warning,2
solr_src_java_org_apache_solr_request_SimpleFacets.java,219,warning,2
solr_src_java_org_apache_solr_request_SimpleFacets.java,471,warning,2
solr_src_java_org_apache_solr_request_SimpleFacets.java,1092,warning,2
solr_src_java_org_apache_solr_request_SimpleFacets.java,461,error,1
solr_src_java_org_apache_solr_request_SimpleFacets.java,1067,error,1
solr_src_java_org_apache_solr_request_SimpleFacets.java,283,error,1
solr_src_java_org_apache_solr_request_SimpleFacets.java,1031,error,1
solr_src_java_org_apache_solr_request_SimpleFacets.java,460,error,1
solr_src_java_org_apache_solr_request_SimpleFacets.java,997,error,1
solr_src_java_org_apache_solr_request_SimpleFacets.java,485,warning,2
solr_src_java_org_apache_solr_request_SimpleFacets.java,805,warning,2
solr_src_java_org_apache_solr_request_SimpleFacets.java,86,error,1
solr_src_java_org_apache_solr_request_SimpleFacets.java,336,warning,2
solr_src_java_org_apache_solr_request_SimpleFacets.java,353,warning,2
solr_src_java_org_apache_solr_request_SimpleFacets.java,57,error,1
solr_src_java_org_apache_solr_request_SimpleFacets.java,548,warning,2
solr_src_java_org_apache_solr_request_SimpleFacets.java,686,warning,2
solr_src_java_org_apache_solr_request_SimpleFacets.java,80,error,1
solr_src_java_org_apache_solr_request_SimpleFacets.java,669,warning,2
solr_src_java_org_apache_solr_request_SimpleFacets.java,1168,warning,2
solr_src_java_org_apache_solr_request_SimpleFacets.java,307,warning,2
solr_src_java_org_apache_solr_request_SimpleFacets.java,938,warning,2
solr_src_java_org_apache_solr_request_SimpleFacets.java,323,warning,2
solr_src_java_org_apache_solr_request_SimpleFacets.java,268,warning,2
solr_src_java_org_apache_solr_request_SimpleFacets.java,458,warning,2
solr_src_java_org_apache_solr_request_SimpleFacets.java,77,error,1
solr_src_java_org_apache_solr_request_SimpleFacets.java,936,error,1
solr_src_java_org_apache_solr_request_SimpleFacets.java,872,warning,2
solr_src_java_org_apache_solr_request_SimpleFacets.java,857,error,1
solr_src_java_org_apache_solr_request_SimpleFacets.java,1109,warning,2
solr_src_java_org_apache_solr_request_SimpleFacets.java,304,warning,2
solr_src_java_org_apache_solr_request_SimpleFacets.java,1080,warning,2
solr_src_java_org_apache_solr_request_SimpleFacets.java,424,error,1
solr_src_java_org_apache_solr_request_SimpleFacets.java,320,warning,2
solr_src_java_org_apache_solr_request_SimpleFacets.java,724,warning,2
solr_src_java_org_apache_solr_request_SimpleFacets.java,386,error,1
solr_src_java_org_apache_solr_request_SimpleFacets.java,1129,warning,2
solr_src_java_org_apache_solr_request_SimpleFacets.java,820,error,1
solr_src_java_org_apache_solr_request_SimpleFacets.java,1033,warning,2
solr_src_java_org_apache_solr_request_SimpleFacets.java,30,warning,2
solr_src_java_org_apache_solr_request_SimpleFacets.java,1064,warning,2
solr_src_java_org_apache_solr_request_SimpleFacets.java,759,warning,2
solr_src_java_org_apache_solr_request_SimpleFacets.java,644,warning,2
solr_src_java_org_apache_solr_request_SimpleFacets.java,894,warning,2
solr_src_java_org_apache_solr_request_SimpleFacets.java,553,warning,2
solr_src_java_org_apache_solr_request_SimpleFacets.java,831,warning,2
solr_src_java_org_apache_solr_request_SimpleFacets.java,433,error,1
solr_src_java_org_apache_solr_request_SimpleFacets.java,1076,warning,2
solr_src_java_org_apache_solr_request_SimpleFacets.java,891,warning,2
solr_src_java_org_apache_solr_request_SimpleFacets.java,737,error,1
solr_src_java_org_apache_solr_request_SimpleFacets.java,1021,error,1
solr_src_java_org_apache_solr_request_SimpleFacets.java,301,error,1
solr_src_java_org_apache_solr_request_SimpleFacets.java,951,warning,2
solr_src_java_org_apache_solr_request_SimpleFacets.java,705,warning,2
solr_src_java_org_apache_solr_request_SimpleFacets.java,1091,warning,2
solr_src_java_org_apache_solr_request_SimpleFacets.java,551,warning,2
solr_src_java_org_apache_solr_request_SimpleFacets.java,531,warning,2
solr_src_java_org_apache_solr_request_SimpleFacets.java,627,warning,2
solr_src_java_org_apache_solr_request_SimpleFacets.java,350,warning,2
solr_src_java_org_apache_solr_request_SimpleFacets.java,1042,warning,2
solr_src_java_org_apache_solr_request_SimpleFacets.java,1115,warning,2
solr_src_java_org_apache_solr_request_SimpleFacets.java,972,error,1
solr_src_java_org_apache_solr_request_SimpleFacets.java,849,warning,2
solr_src_java_org_apache_solr_request_SimpleFacets.java,454,error,1
solr_src_java_org_apache_solr_request_SimpleFacets.java,947,warning,2
solr_src_java_org_apache_solr_request_SimpleFacets.java,1180,warning,2
solr_src_java_org_apache_solr_request_SimpleFacets.java,943,warning,2
solr_src_java_org_apache_solr_request_SimpleFacets.java,1069,warning,2
solr_src_java_org_apache_solr_request_SimpleFacets.java,541,warning,2
solr_src_java_org_apache_solr_request_SimpleFacets.java,501,warning,2
solr_src_java_org_apache_solr_request_SimpleFacets.java,192,warning,2
solr_src_java_org_apache_solr_request_SimpleFacets.java,667,warning,2
solr_src_java_org_apache_solr_request_SimpleFacets.java,75,error,1
solr_src_java_org_apache_solr_request_SimpleFacets.java,322,warning,2
solr_src_java_org_apache_solr_request_SimpleFacets.java,32,warning,2
solr_src_java_org_apache_solr_request_SimpleFacets.java,328,warning,2
solr_src_java_org_apache_solr_request_SimpleFacets.java,609,warning,2
solr_src_java_org_apache_solr_request_SimpleFacets.java,657,warning,2
solr_src_java_org_apache_solr_request_SimpleFacets.java,1005,error,1
solr_src_java_org_apache_solr_request_SimpleFacets.java,610,error,1
solr_src_java_org_apache_solr_request_SimpleFacets.java,596,warning,2
solr_src_java_org_apache_solr_request_SimpleFacets.java,970,error,1
solr_src_java_org_apache_solr_request_SimpleFacets.java,901,warning,2
solr_src_java_org_apache_solr_request_SimpleFacets.java,1079,error,1
solr_src_java_org_apache_solr_request_SimpleFacets.java,183,warning,2
solr_src_java_org_apache_solr_request_SimpleFacets.java,878,warning,2
solr_src_java_org_apache_solr_request_SimpleFacets.java,906,warning,2
solr_src_java_org_apache_solr_request_SimpleFacets.java,431,error,1
solr_src_java_org_apache_solr_request_SimpleFacets.java,10,warning,2
solr_src_java_org_apache_solr_request_SimpleFacets.java,330,warning,2
solr_src_java_org_apache_solr_request_SimpleFacets.java,1183,warning,2
solr_src_java_org_apache_solr_request_SimpleFacets.java,66,error,1
solr_src_java_org_apache_solr_request_SimpleFacets.java,981,error,1
solr_src_java_org_apache_solr_request_SimpleFacets.java,1165,warning,2
solr_src_java_org_apache_solr_request_SimpleFacets.java,286,warning,2
solr_src_java_org_apache_solr_request_SimpleFacets.java,282,warning,2
solr_src_java_org_apache_solr_request_SimpleFacets.java,745,error,1
solr_src_java_org_apache_solr_request_SimpleFacets.java,1171,warning,2
solr_src_java_org_apache_solr_request_SimpleFacets.java,446,warning,2
solr_src_java_org_apache_solr_request_SimpleFacets.java,921,warning,2
solr_src_java_org_apache_solr_request_SimpleFacets.java,1151,warning,2
solr_src_java_org_apache_solr_request_SimpleFacets.java,54,error,1
solr_src_java_org_apache_solr_request_SimpleFacets.java,776,warning,2
solr_src_java_org_apache_solr_request_SimpleFacets.java,437,error,1
solr_src_java_org_apache_solr_request_SimpleFacets.java,566,warning,2
solr_src_java_org_apache_solr_request_SimpleFacets.java,484,error,1
solr_src_java_org_apache_solr_request_SimpleFacets.java,806,warning,2
solr_src_java_org_apache_solr_request_SimpleFacets.java,781,warning,2
solr_src_java_org_apache_solr_request_SimpleFacets.java,731,warning,2
solr_src_java_org_apache_solr_request_SimpleFacets.java,683,warning,2
solr_src_java_org_apache_solr_request_SimpleFacets.java,1011,warning,2
solr_src_java_org_apache_solr_request_SimpleFacets.java,117,warning,2
solr_src_java_org_apache_solr_request_SimpleFacets.java,771,warning,2
solr_src_java_org_apache_solr_request_SimpleFacets.java,41,warning,2
solr_src_java_org_apache_solr_request_SimpleFacets.java,138,warning,2
solr_src_java_org_apache_solr_request_SimpleFacets.java,552,warning,2
solr_src_java_org_apache_solr_request_SimpleFacets.java,251,error,1
solr_src_java_org_apache_solr_request_SimpleFacets.java,129,warning,2
solr_src_java_org_apache_solr_request_SimpleFacets.java,877,warning,2
solr_src_java_org_apache_solr_request_SimpleFacets.java,975,warning,2
solr_src_java_org_apache_solr_request_SimpleFacets.java,244,warning,2
solr_src_java_org_apache_solr_request_SimpleFacets.java,76,error,1
solr_src_java_org_apache_solr_request_SimpleFacets.java,366,error,1
solr_src_java_org_apache_solr_request_SimpleFacets.java,808,warning,2
solr_src_java_org_apache_solr_request_SimpleFacets.java,62,error,1
solr_src_java_org_apache_solr_request_SimpleFacets.java,698,error,1
solr_src_java_org_apache_solr_request_SimpleFacets.java,905,warning,2
solr_src_java_org_apache_solr_request_SimpleFacets.java,670,warning,2
solr_src_java_org_apache_solr_request_SimpleFacets.java,127,error,1
solr_src_java_org_apache_solr_request_SimpleFacets.java,174,warning,2
solr_src_java_org_apache_solr_request_SimpleFacets.java,927,warning,2
solr_src_java_org_apache_solr_request_SimpleFacets.java,413,warning,2
solr_src_java_org_apache_solr_request_SimpleFacets.java,911,warning,2
solr_src_java_org_apache_solr_request_SimpleFacets.java,750,warning,2
solr_src_java_org_apache_solr_request_SimpleFacets.java,561,error,1
solr_src_java_org_apache_solr_request_SimpleFacets.java,1140,warning,2
solr_src_java_org_apache_solr_request_SimpleFacets.java,124,error,1
solr_src_java_org_apache_solr_request_SimpleFacets.java,1184,warning,2
solr_src_java_org_apache_solr_request_SimpleFacets.java,893,error,1
solr_src_java_org_apache_solr_request_SimpleFacets.java,347,error,1
solr_src_java_org_apache_solr_request_SimpleFacets.java,1106,warning,2
solr_src_java_org_apache_solr_request_SimpleFacets.java,653,warning,2
solr_src_java_org_apache_solr_request_SimpleFacets.java,220,warning,2
solr_src_java_org_apache_solr_request_SimpleFacets.java,649,warning,2
solr_src_java_org_apache_solr_request_SimpleFacets.java,305,warning,2
solr_src_java_org_apache_solr_request_SimpleFacets.java,509,warning,2
solr_src_java_org_apache_solr_request_SimpleFacets.java,599,error,1
solr_src_java_org_apache_solr_request_SimpleFacets.java,1124,error,1
solr_src_java_org_apache_solr_request_SimpleFacets.java,681,warning,2
solr_src_java_org_apache_solr_request_SimpleFacets.java,564,warning,2
solr_src_java_org_apache_solr_request_SimpleFacets.java,729,warning,2
solr_src_java_org_apache_solr_request_SimpleFacets.java,868,error,1
solr_src_java_org_apache_solr_request_SimpleFacets.java,691,warning,2
solr_src_java_org_apache_solr_request_SimpleFacets.java,1157,warning,2
solr_src_java_org_apache_solr_request_SimpleFacets.java,983,warning,2
solr_src_java_org_apache_solr_request_SimpleFacets.java,870,warning,2
solr_src_java_org_apache_solr_request_SimpleFacets.java,194,warning,2
solr_src_java_org_apache_solr_request_SimpleFacets.java,224,warning,2
solr_src_java_org_apache_solr_request_SimpleFacets.java,468,warning,2
solr_src_java_org_apache_solr_request_SimpleFacets.java,920,warning,2
solr_src_java_org_apache_solr_request_SimpleFacets.java,754,error,1
solr_src_java_org_apache_solr_request_SimpleFacets.java,96,warning,2
solr_src_java_org_apache_solr_request_SimpleFacets.java,546,error,1
solr_src_java_org_apache_solr_request_SimpleFacets.java,1024,warning,2
solr_src_java_org_apache_solr_request_SimpleFacets.java,143,warning,2
solr_src_java_org_apache_solr_request_SimpleFacets.java,44,error,1
solr_src_java_org_apache_solr_request_SimpleFacets.java,311,warning,2
solr_src_java_org_apache_solr_request_SimpleFacets.java,1174,error,1
solr_src_java_org_apache_solr_request_SimpleFacets.java,810,warning,2
solr_src_java_org_apache_solr_request_SimpleFacets.java,815,warning,2
solr_src_java_org_apache_solr_request_SimpleFacets.java,827,warning,2
solr_src_java_org_apache_solr_request_SimpleFacets.java,772,warning,2
solr_src_java_org_apache_solr_request_SimpleFacets.java,980,error,1
solr_src_java_org_apache_solr_request_SimpleFacets.java,814,warning,2
solr_src_java_org_apache_solr_request_SimpleFacets.java,622,error,1
solr_src_java_org_apache_solr_request_SimpleFacets.java,537,error,1
solr_src_java_org_apache_solr_request_SimpleFacets.java,196,warning,2
solr_src_java_org_apache_solr_request_SimpleFacets.java,1052,warning,2
solr_src_java_org_apache_solr_request_SimpleFacets.java,933,warning,2
solr_src_java_org_apache_solr_request_SimpleFacets.java,1006,warning,2
solr_src_java_org_apache_solr_request_SimpleFacets.java,543,warning,2
solr_src_java_org_apache_solr_request_SimpleFacets.java,902,warning,2
solr_src_java_org_apache_solr_request_SimpleFacets.java,1,error,1
solr_src_java_org_apache_solr_request_SimpleFacets.java,1070,warning,2
solr_src_java_org_apache_solr_request_SimpleFacets.java,83,error,1
solr_src_java_org_apache_solr_request_SimpleFacets.java,619,warning,2
solr_src_java_org_apache_solr_request_SimpleFacets.java,555,warning,2
solr_src_java_org_apache_solr_request_SimpleFacets.java,1040,warning,2
solr_src_java_org_apache_solr_request_SimpleFacets.java,150,warning,2
solr_src_java_org_apache_solr_request_SimpleFacets.java,170,error,1
solr_src_java_org_apache_solr_request_SimpleFacets.java,457,error,1
solr_src_java_org_apache_solr_request_SimpleFacets.java,892,error,1
solr_src_java_org_apache_solr_request_SimpleFacets.java,1139,error,1
solr_src_java_org_apache_solr_request_SimpleFacets.java,271,warning,2
solr_src_java_org_apache_solr_request_SimpleFacets.java,682,warning,2
solr_src_java_org_apache_solr_request_SimpleFacets.java,93,error,1
solr_src_java_org_apache_solr_request_SimpleFacets.java,393,error,1
solr_src_java_org_apache_solr_request_SimpleFacets.java,944,error,1
solr_src_java_org_apache_solr_request_SimpleFacets.java,69,error,1
solr_src_java_org_apache_solr_request_SimpleFacets.java,1034,error,1
solr_src_java_org_apache_solr_request_SimpleFacets.java,835,error,1
solr_src_java_org_apache_solr_request_SimpleFacets.java,1187,warning,2
solr_src_java_org_apache_solr_request_SimpleFacets.java,634,warning,2
solr_src_java_org_apache_solr_request_SimpleFacets.java,493,error,1
solr_src_java_org_apache_solr_request_SimpleFacets.java,122,warning,2
solr_src_java_org_apache_solr_request_SimpleFacets.java,1162,error,1
solr_src_java_org_apache_solr_request_SimpleFacets.java,497,warning,2
solr_src_java_org_apache_solr_request_SimpleFacets.java,511,warning,2
solr_src_java_org_apache_solr_request_SimpleFacets.java,563,warning,2
solr_src_java_org_apache_solr_request_SimpleFacets.java,792,warning,2
solr_src_java_org_apache_solr_request_SimpleFacets.java,1189,warning,2
solr_src_java_org_apache_solr_request_SimpleFacets.java,95,warning,2
solr_src_java_org_apache_solr_request_SimpleFacets.java,248,warning,2
solr_src_java_org_apache_solr_request_SimpleFacets.java,784,warning,2
solr_src_java_org_apache_solr_request_SimpleFacets.java,442,error,1
solr_src_java_org_apache_solr_request_SimpleFacets.java,487,error,1
solr_src_java_org_apache_solr_request_SimpleFacets.java,146,warning,2
solr_src_java_org_apache_solr_request_SimpleFacets.java,629,error,1
solr_src_java_org_apache_solr_request_SimpleFacets.java,359,error,1
solr_src_java_org_apache_solr_request_SimpleFacets.java,348,warning,2
solr_src_java_org_apache_solr_request_SimpleFacets.java,142,warning,2
solr_src_java_org_apache_solr_request_SimpleFacets.java,308,warning,2
solr_src_java_org_apache_solr_request_SimpleFacets.java,591,error,1
solr_src_java_org_apache_solr_request_SimpleFacets.java,1156,error,1
solr_src_java_org_apache_solr_request_SimpleFacets.java,597,warning,2
solr_src_java_org_apache_solr_request_SimpleFacets.java,733,warning,2
solr_src_java_org_apache_solr_request_SimpleFacets.java,897,warning,2
solr_src_java_org_apache_solr_request_SimpleFacets.java,470,warning,2
solr_src_java_org_apache_solr_request_SimpleFacets.java,748,warning,2
solr_src_java_org_apache_solr_request_SimpleFacets.java,333,warning,2
solr_src_java_org_apache_solr_request_SimpleFacets.java,966,warning,2
solr_src_java_org_apache_solr_request_SimpleFacets.java,324,warning,2
solr_src_java_org_apache_solr_request_SimpleFacets.java,302,warning,2
solr_src_java_org_apache_solr_request_SimpleFacets.java,242,warning,2
solr_src_java_org_apache_solr_search_QueryParsing.java,560,warning,2
solr_src_java_org_apache_solr_search_QueryParsing.java,500,warning,2
solr_src_java_org_apache_solr_search_QueryParsing.java,723,warning,2
solr_src_java_org_apache_solr_search_QueryParsing.java,188,warning,2
solr_src_java_org_apache_solr_search_QueryParsing.java,604,error,1
solr_src_java_org_apache_solr_search_QueryParsing.java,763,error,1
solr_src_java_org_apache_solr_search_QueryParsing.java,931,warning,2
solr_src_java_org_apache_solr_search_QueryParsing.java,533,warning,2
solr_src_java_org_apache_solr_search_QueryParsing.java,558,warning,2
solr_src_java_org_apache_solr_search_QueryParsing.java,707,warning,2
solr_src_java_org_apache_solr_search_QueryParsing.java,824,error,1
solr_src_java_org_apache_solr_search_QueryParsing.java,110,error,1
solr_src_java_org_apache_solr_search_QueryParsing.java,206,warning,2
solr_src_java_org_apache_solr_search_QueryParsing.java,708,warning,2
solr_src_java_org_apache_solr_search_QueryParsing.java,840,warning,2
solr_src_java_org_apache_solr_search_QueryParsing.java,399,warning,2
solr_src_java_org_apache_solr_search_QueryParsing.java,719,warning,2
solr_src_java_org_apache_solr_search_QueryParsing.java,387,error,1
solr_src_java_org_apache_solr_search_QueryParsing.java,126,warning,2
solr_src_java_org_apache_solr_search_QueryParsing.java,425,warning,2
solr_src_java_org_apache_solr_search_QueryParsing.java,687,warning,2
solr_src_java_org_apache_solr_search_QueryParsing.java,291,warning,2
solr_src_java_org_apache_solr_search_QueryParsing.java,263,warning,2
solr_src_java_org_apache_solr_search_QueryParsing.java,288,warning,2
solr_src_java_org_apache_solr_search_QueryParsing.java,673,warning,2
solr_src_java_org_apache_solr_search_QueryParsing.java,562,warning,2
solr_src_java_org_apache_solr_search_QueryParsing.java,161,warning,2
solr_src_java_org_apache_solr_search_QueryParsing.java,329,warning,2
solr_src_java_org_apache_solr_search_QueryParsing.java,647,warning,2
solr_src_java_org_apache_solr_search_QueryParsing.java,855,warning,2
solr_src_java_org_apache_solr_search_QueryParsing.java,299,error,1
solr_src_java_org_apache_solr_search_QueryParsing.java,547,warning,2
solr_src_java_org_apache_solr_search_QueryParsing.java,934,warning,2
solr_src_java_org_apache_solr_search_QueryParsing.java,807,warning,2
solr_src_java_org_apache_solr_search_QueryParsing.java,218,error,1
solr_src_java_org_apache_solr_search_QueryParsing.java,186,warning,2
solr_src_java_org_apache_solr_search_QueryParsing.java,148,warning,2
solr_src_java_org_apache_solr_search_QueryParsing.java,173,error,1
solr_src_java_org_apache_solr_search_QueryParsing.java,722,warning,2
solr_src_java_org_apache_solr_search_QueryParsing.java,550,warning,2
solr_src_java_org_apache_solr_search_QueryParsing.java,109,error,1
solr_src_java_org_apache_solr_search_QueryParsing.java,837,warning,2
solr_src_java_org_apache_solr_search_QueryParsing.java,712,warning,2
solr_src_java_org_apache_solr_search_QueryParsing.java,128,warning,2
solr_src_java_org_apache_solr_search_QueryParsing.java,130,error,1
solr_src_java_org_apache_solr_search_QueryParsing.java,863,warning,2
solr_src_java_org_apache_solr_search_QueryParsing.java,753,warning,2
solr_src_java_org_apache_solr_search_QueryParsing.java,229,warning,2
solr_src_java_org_apache_solr_search_QueryParsing.java,890,warning,2
solr_src_java_org_apache_solr_search_QueryParsing.java,247,warning,2
solr_src_java_org_apache_solr_search_QueryParsing.java,844,warning,2
solr_src_java_org_apache_solr_search_QueryParsing.java,459,warning,2
solr_src_java_org_apache_solr_search_QueryParsing.java,370,warning,2
solr_src_java_org_apache_solr_search_QueryParsing.java,469,warning,2
solr_src_java_org_apache_solr_search_QueryParsing.java,542,warning,2
solr_src_java_org_apache_solr_search_QueryParsing.java,407,error,1
solr_src_java_org_apache_solr_search_QueryParsing.java,205,error,1
solr_src_java_org_apache_solr_search_QueryParsing.java,362,warning,2
solr_src_java_org_apache_solr_search_QueryParsing.java,58,error,1
solr_src_java_org_apache_solr_search_QueryParsing.java,285,warning,2
solr_src_java_org_apache_solr_search_QueryParsing.java,473,warning,2
solr_src_java_org_apache_solr_search_QueryParsing.java,704,warning,2
solr_src_java_org_apache_solr_search_QueryParsing.java,102,warning,2
solr_src_java_org_apache_solr_search_QueryParsing.java,486,warning,2
solr_src_java_org_apache_solr_search_QueryParsing.java,744,warning,2
solr_src_java_org_apache_solr_search_QueryParsing.java,856,warning,2
solr_src_java_org_apache_solr_search_QueryParsing.java,223,warning,2
solr_src_java_org_apache_solr_search_QueryParsing.java,421,warning,2
solr_src_java_org_apache_solr_search_QueryParsing.java,874,warning,2
solr_src_java_org_apache_solr_search_QueryParsing.java,656,error,1
solr_src_java_org_apache_solr_search_QueryParsing.java,873,error,1
solr_src_java_org_apache_solr_search_QueryParsing.java,451,warning,2
solr_src_java_org_apache_solr_search_QueryParsing.java,879,warning,2
solr_src_java_org_apache_solr_search_QueryParsing.java,633,warning,2
solr_src_java_org_apache_solr_search_QueryParsing.java,462,warning,2
solr_src_java_org_apache_solr_search_QueryParsing.java,306,warning,2
solr_src_java_org_apache_solr_search_QueryParsing.java,281,warning,2
solr_src_java_org_apache_solr_search_QueryParsing.java,860,warning,2
solr_src_java_org_apache_solr_search_QueryParsing.java,651,warning,2
solr_src_java_org_apache_solr_search_QueryParsing.java,467,warning,2
solr_src_java_org_apache_solr_search_QueryParsing.java,527,warning,2
solr_src_java_org_apache_solr_search_QueryParsing.java,710,warning,2
solr_src_java_org_apache_solr_search_QueryParsing.java,365,warning,2
solr_src_java_org_apache_solr_search_QueryParsing.java,313,warning,2
solr_src_java_org_apache_solr_search_QueryParsing.java,568,warning,2
solr_src_java_org_apache_solr_search_QueryParsing.java,755,warning,2
solr_src_java_org_apache_solr_search_QueryParsing.java,843,warning,2
solr_src_java_org_apache_solr_search_QueryParsing.java,614,error,1
solr_src_java_org_apache_solr_search_QueryParsing.java,556,warning,2
solr_src_java_org_apache_solr_search_QueryParsing.java,793,warning,2
solr_src_java_org_apache_solr_search_QueryParsing.java,593,warning,2
solr_src_java_org_apache_solr_search_QueryParsing.java,435,error,1
solr_src_java_org_apache_solr_search_QueryParsing.java,181,warning,2
solr_src_java_org_apache_solr_search_QueryParsing.java,817,warning,2
solr_src_java_org_apache_solr_search_QueryParsing.java,846,warning,2
solr_src_java_org_apache_solr_search_QueryParsing.java,113,error,1
solr_src_java_org_apache_solr_search_QueryParsing.java,213,warning,2
solr_src_java_org_apache_solr_search_QueryParsing.java,632,warning,2
solr_src_java_org_apache_solr_search_QueryParsing.java,422,warning,2
solr_src_java_org_apache_solr_search_QueryParsing.java,207,warning,2
solr_src_java_org_apache_solr_search_QueryParsing.java,513,error,1
solr_src_java_org_apache_solr_search_QueryParsing.java,116,warning,2
solr_src_java_org_apache_solr_search_QueryParsing.java,798,warning,2
solr_src_java_org_apache_solr_search_QueryParsing.java,671,warning,2
solr_src_java_org_apache_solr_search_QueryParsing.java,528,warning,2
solr_src_java_org_apache_solr_search_QueryParsing.java,822,warning,2
solr_src_java_org_apache_solr_search_QueryParsing.java,464,warning,2
solr_src_java_org_apache_solr_search_QueryParsing.java,570,warning,2
solr_src_java_org_apache_solr_search_QueryParsing.java,252,warning,2
solr_src_java_org_apache_solr_search_QueryParsing.java,726,warning,2
solr_src_java_org_apache_solr_search_QueryParsing.java,620,warning,2
solr_src_java_org_apache_solr_search_QueryParsing.java,319,warning,2
solr_src_java_org_apache_solr_search_QueryParsing.java,157,warning,2
solr_src_java_org_apache_solr_search_QueryParsing.java,443,warning,2
solr_src_java_org_apache_solr_search_QueryParsing.java,825,warning,2
solr_src_java_org_apache_solr_search_QueryParsing.java,153,warning,2
solr_src_java_org_apache_solr_search_QueryParsing.java,155,error,1
solr_src_java_org_apache_solr_search_QueryParsing.java,310,warning,2
solr_src_java_org_apache_solr_search_QueryParsing.java,828,warning,2
solr_src_java_org_apache_solr_search_QueryParsing.java,440,warning,2
solr_src_java_org_apache_solr_search_QueryParsing.java,774,warning,2
solr_src_java_org_apache_solr_search_QueryParsing.java,176,warning,2
solr_src_java_org_apache_solr_search_QueryParsing.java,59,error,1
solr_src_java_org_apache_solr_search_QueryParsing.java,367,warning,2
solr_src_java_org_apache_solr_search_QueryParsing.java,678,warning,2
solr_src_java_org_apache_solr_search_QueryParsing.java,847,warning,2
solr_src_java_org_apache_solr_search_QueryParsing.java,630,warning,2
solr_src_java_org_apache_solr_search_QueryParsing.java,738,warning,2
solr_src_java_org_apache_solr_search_QueryParsing.java,851,error,1
solr_src_java_org_apache_solr_search_QueryParsing.java,396,warning,2
solr_src_java_org_apache_solr_search_QueryParsing.java,516,warning,2
solr_src_java_org_apache_solr_search_QueryParsing.java,239,warning,2
solr_src_java_org_apache_solr_search_QueryParsing.java,337,warning,2
solr_src_java_org_apache_solr_search_QueryParsing.java,554,warning,2
solr_src_java_org_apache_solr_search_QueryParsing.java,694,warning,2
solr_src_java_org_apache_solr_search_QueryParsing.java,352,warning,2
solr_src_java_org_apache_solr_search_QueryParsing.java,164,warning,2
solr_src_java_org_apache_solr_search_QueryParsing.java,685,error,1
solr_src_java_org_apache_solr_search_QueryParsing.java,227,warning,2
solr_src_java_org_apache_solr_search_QueryParsing.java,139,warning,2
solr_src_java_org_apache_solr_search_QueryParsing.java,730,warning,2
solr_src_java_org_apache_solr_search_QueryParsing.java,665,warning,2
solr_src_java_org_apache_solr_search_QueryParsing.java,453,warning,2
solr_src_java_org_apache_solr_search_QueryParsing.java,185,warning,2
solr_src_java_org_apache_solr_search_QueryParsing.java,628,warning,2
solr_src_java_org_apache_solr_search_QueryParsing.java,709,warning,2
solr_src_java_org_apache_solr_search_QueryParsing.java,795,warning,2
solr_src_java_org_apache_solr_search_QueryParsing.java,676,error,1
solr_src_java_org_apache_solr_search_QueryParsing.java,423,warning,2
solr_src_java_org_apache_solr_search_QueryParsing.java,833,warning,2
solr_src_java_org_apache_solr_search_QueryParsing.java,661,warning,2
solr_src_java_org_apache_solr_search_QueryParsing.java,430,warning,2
solr_src_java_org_apache_solr_search_QueryParsing.java,444,warning,2
solr_src_java_org_apache_solr_search_QueryParsing.java,374,error,1
solr_src_java_org_apache_solr_search_QueryParsing.java,388,warning,2
solr_src_java_org_apache_solr_search_QueryParsing.java,420,warning,2
solr_src_java_org_apache_solr_search_QueryParsing.java,279,warning,2
solr_src_java_org_apache_solr_search_QueryParsing.java,428,warning,2
solr_src_java_org_apache_solr_search_QueryParsing.java,222,error,1
solr_src_java_org_apache_solr_search_QueryParsing.java,202,warning,2
solr_src_java_org_apache_solr_search_QueryParsing.java,238,warning,2
solr_src_java_org_apache_solr_search_QueryParsing.java,245,warning,2
solr_src_java_org_apache_solr_search_QueryParsing.java,650,warning,2
solr_src_java_org_apache_solr_search_QueryParsing.java,226,warning,2
solr_src_java_org_apache_solr_search_QueryParsing.java,714,warning,2
solr_src_java_org_apache_solr_search_QueryParsing.java,734,warning,2
solr_src_java_org_apache_solr_search_QueryParsing.java,664,warning,2
solr_src_java_org_apache_solr_search_QueryParsing.java,829,error,1
solr_src_java_org_apache_solr_search_QueryParsing.java,684,warning,2
solr_src_java_org_apache_solr_search_QueryParsing.java,648,warning,2
solr_src_java_org_apache_solr_search_QueryParsing.java,559,warning,2
solr_src_java_org_apache_solr_search_QueryParsing.java,845,warning,2
solr_src_java_org_apache_solr_search_QueryParsing.java,715,warning,2
solr_src_java_org_apache_solr_search_QueryParsing.java,637,warning,2
solr_src_java_org_apache_solr_search_QueryParsing.java,786,warning,2
solr_src_java_org_apache_solr_search_QueryParsing.java,90,warning,2
solr_src_java_org_apache_solr_search_QueryParsing.java,168,warning,2
solr_src_java_org_apache_solr_search_QueryParsing.java,884,error,1
solr_src_java_org_apache_solr_search_QueryParsing.java,466,warning,2
solr_src_java_org_apache_solr_search_QueryParsing.java,338,warning,2
solr_src_java_org_apache_solr_search_QueryParsing.java,595,error,1
solr_src_java_org_apache_solr_search_QueryParsing.java,842,warning,2
solr_src_java_org_apache_solr_search_QueryParsing.java,450,warning,2
solr_src_java_org_apache_solr_search_QueryParsing.java,618,error,1
solr_src_java_org_apache_solr_search_QueryParsing.java,408,warning,2
solr_src_java_org_apache_solr_search_QueryParsing.java,882,warning,2
solr_src_java_org_apache_solr_search_QueryParsing.java,588,warning,2
solr_src_java_org_apache_solr_search_QueryParsing.java,777,warning,2
solr_src_java_org_apache_solr_search_QueryParsing.java,190,warning,2
solr_src_java_org_apache_solr_search_QueryParsing.java,335,warning,2
solr_src_java_org_apache_solr_search_QueryParsing.java,889,warning,2
solr_src_java_org_apache_solr_search_QueryParsing.java,293,warning,2
solr_src_java_org_apache_solr_search_QueryParsing.java,545,warning,2
solr_src_java_org_apache_solr_search_QueryParsing.java,378,warning,2
solr_src_java_org_apache_solr_search_QueryParsing.java,300,warning,2
solr_src_java_org_apache_solr_search_QueryParsing.java,718,warning,2
solr_src_java_org_apache_solr_search_QueryParsing.java,275,error,1
solr_src_java_org_apache_solr_search_QueryParsing.java,118,error,1
solr_src_java_org_apache_solr_search_QueryParsing.java,790,warning,2
solr_src_java_org_apache_solr_search_QueryParsing.java,767,error,1
solr_src_java_org_apache_solr_search_QueryParsing.java,727,warning,2
solr_src_java_org_apache_solr_search_QueryParsing.java,87,error,1
solr_src_java_org_apache_solr_search_QueryParsing.java,666,warning,2
solr_src_java_org_apache_solr_search_QueryParsing.java,61,error,1
solr_src_java_org_apache_solr_search_QueryParsing.java,439,warning,2
solr_src_java_org_apache_solr_search_QueryParsing.java,327,warning,2
solr_src_java_org_apache_solr_search_QueryParsing.java,544,warning,2
solr_src_java_org_apache_solr_search_QueryParsing.java,785,warning,2
solr_src_java_org_apache_solr_search_QueryParsing.java,97,warning,2
solr_src_java_org_apache_solr_search_QueryParsing.java,679,warning,2
solr_src_java_org_apache_solr_search_QueryParsing.java,289,warning,2
solr_src_java_org_apache_solr_search_QueryParsing.java,89,error,1
solr_src_java_org_apache_solr_search_QueryParsing.java,426,warning,2
solr_src_java_org_apache_solr_search_QueryParsing.java,605,warning,2
solr_src_java_org_apache_solr_search_QueryParsing.java,752,warning,2
solr_src_java_org_apache_solr_search_QueryParsing.java,532,warning,2
solr_src_java_org_apache_solr_search_QueryParsing.java,303,warning,2
solr_src_java_org_apache_solr_search_QueryParsing.java,418,error,1
solr_src_java_org_apache_solr_search_QueryParsing.java,441,warning,2
solr_src_java_org_apache_solr_search_QueryParsing.java,549,warning,2
solr_src_java_org_apache_solr_search_QueryParsing.java,296,warning,2
solr_src_java_org_apache_solr_search_QueryParsing.java,818,warning,2
solr_src_java_org_apache_solr_search_QueryParsing.java,743,error,1
solr_src_java_org_apache_solr_search_QueryParsing.java,700,warning,2
solr_src_java_org_apache_solr_search_QueryParsing.java,182,warning,2
solr_src_java_org_apache_solr_search_QueryParsing.java,540,warning,2
solr_src_java_org_apache_solr_search_QueryParsing.java,703,warning,2
solr_src_java_org_apache_solr_search_QueryParsing.java,858,warning,2
solr_src_java_org_apache_solr_search_QueryParsing.java,295,warning,2
solr_src_java_org_apache_solr_search_QueryParsing.java,639,warning,2
solr_src_java_org_apache_solr_search_QueryParsing.java,530,warning,2
solr_src_java_org_apache_solr_search_QueryParsing.java,184,error,1
solr_src_java_org_apache_solr_search_QueryParsing.java,189,warning,2
solr_src_java_org_apache_solr_search_QueryParsing.java,357,warning,2
solr_src_java_org_apache_solr_search_QueryParsing.java,526,warning,2
solr_src_java_org_apache_solr_search_QueryParsing.java,398,warning,2
solr_src_java_org_apache_solr_search_QueryParsing.java,519,warning,2
solr_src_java_org_apache_solr_search_QueryParsing.java,565,warning,2
solr_src_java_org_apache_solr_search_QueryParsing.java,728,warning,2
solr_src_java_org_apache_solr_search_QueryParsing.java,395,warning,2
solr_src_java_org_apache_solr_search_QueryParsing.java,640,warning,2
solr_src_java_org_apache_solr_search_QueryParsing.java,475,warning,2
solr_src_java_org_apache_solr_search_QueryParsing.java,770,warning,2
solr_src_java_org_apache_solr_search_QueryParsing.java,414,warning,2
solr_src_java_org_apache_solr_search_QueryParsing.java,272,error,1
solr_src_java_org_apache_solr_search_QueryParsing.java,481,warning,2
solr_src_java_org_apache_solr_search_QueryParsing.java,195,warning,2
solr_src_java_org_apache_solr_search_QueryParsing.java,332,warning,2
solr_src_java_org_apache_solr_search_QueryParsing.java,659,warning,2
solr_src_java_org_apache_solr_search_QueryParsing.java,690,warning,2
solr_src_java_org_apache_solr_search_QueryParsing.java,590,warning,2
solr_src_java_org_apache_solr_search_QueryParsing.java,742,warning,2
solr_src_java_org_apache_solr_search_QueryParsing.java,626,error,1
solr_src_java_org_apache_solr_search_QueryParsing.java,429,warning,2
solr_src_java_org_apache_solr_search_QueryParsing.java,760,warning,2
solr_src_java_org_apache_solr_search_QueryParsing.java,48,warning,2
solr_src_java_org_apache_solr_search_QueryParsing.java,503,warning,2
solr_src_java_org_apache_solr_search_QueryParsing.java,379,error,1
solr_src_java_org_apache_solr_search_QueryParsing.java,334,warning,2
solr_src_java_org_apache_solr_search_QueryParsing.java,567,warning,2
solr_src_java_org_apache_solr_search_QueryParsing.java,240,warning,2
solr_src_java_org_apache_solr_search_QueryParsing.java,769,warning,2
solr_src_java_org_apache_solr_search_QueryParsing.java,158,warning,2
solr_src_java_org_apache_solr_search_QueryParsing.java,411,warning,2
solr_src_java_org_apache_solr_search_QueryParsing.java,474,warning,2
solr_src_java_org_apache_solr_search_QueryParsing.java,449,warning,2
solr_src_java_org_apache_solr_search_QueryParsing.java,163,warning,2
solr_src_java_org_apache_solr_search_QueryParsing.java,167,warning,2
solr_src_java_org_apache_solr_search_QueryParsing.java,64,error,1
solr_src_java_org_apache_solr_search_QueryParsing.java,747,warning,2
solr_src_java_org_apache_solr_search_QueryParsing.java,757,warning,2
solr_src_java_org_apache_solr_search_QueryParsing.java,342,warning,2
solr_src_java_org_apache_solr_search_QueryParsing.java,888,warning,2
solr_src_java_org_apache_solr_search_QueryParsing.java,472,warning,2
solr_src_java_org_apache_solr_search_QueryParsing.java,482,warning,2
solr_src_java_org_apache_solr_search_QueryParsing.java,717,error,1
solr_src_java_org_apache_solr_search_QueryParsing.java,447,warning,2
solr_src_java_org_apache_solr_search_QueryParsing.java,508,warning,2
solr_src_java_org_apache_solr_search_QueryParsing.java,241,warning,2
solr_src_java_org_apache_solr_search_QueryParsing.java,94,warning,2
solr_src_java_org_apache_solr_search_QueryParsing.java,515,warning,2
solr_src_java_org_apache_solr_search_QueryParsing.java,615,error,1
solr_src_java_org_apache_solr_search_QueryParsing.java,638,warning,2
solr_src_java_org_apache_solr_search_QueryParsing.java,219,warning,2
solr_src_java_org_apache_solr_search_QueryParsing.java,465,warning,2
solr_src_java_org_apache_solr_search_QueryParsing.java,471,warning,2
solr_src_java_org_apache_solr_search_QueryParsing.java,60,error,1
solr_src_java_org_apache_solr_search_QueryParsing.java,720,warning,2
solr_src_java_org_apache_solr_search_QueryParsing.java,773,error,1
solr_src_java_org_apache_solr_search_QueryParsing.java,171,warning,2
solr_src_java_org_apache_solr_search_QueryParsing.java,200,warning,2
solr_src_java_org_apache_solr_search_QueryParsing.java,702,warning,2
solr_src_java_org_apache_solr_search_QueryParsing.java,461,warning,2
solr_src_java_org_apache_solr_search_QueryParsing.java,369,warning,2
solr_src_java_org_apache_solr_search_QueryParsing.java,602,error,1
solr_src_java_org_apache_solr_search_QueryParsing.java,283,warning,2
solr_src_java_org_apache_solr_search_QueryParsing.java,695,warning,2
solr_src_java_org_apache_solr_search_QueryParsing.java,101,error,1
solr_src_java_org_apache_solr_search_QueryParsing.java,841,warning,2
solr_src_java_org_apache_solr_search_QueryParsing.java,616,warning,2
solr_src_java_org_apache_solr_search_QueryParsing.java,63,error,1
solr_src_java_org_apache_solr_search_QueryParsing.java,460,warning,2
solr_src_java_org_apache_solr_search_QueryParsing.java,805,warning,2
solr_src_java_org_apache_solr_search_QueryParsing.java,436,warning,2
solr_src_java_org_apache_solr_search_QueryParsing.java,86,error,1
solr_src_java_org_apache_solr_search_QueryParsing.java,880,warning,2
solr_src_java_org_apache_solr_search_QueryParsing.java,751,warning,2
solr_src_java_org_apache_solr_search_QueryParsing.java,119,warning,2
solr_src_java_org_apache_solr_search_QueryParsing.java,852,error,1
solr_src_java_org_apache_solr_search_QueryParsing.java,336,warning,2
solr_src_java_org_apache_solr_search_QueryParsing.java,608,error,1
solr_src_java_org_apache_solr_search_QueryParsing.java,353,warning,2
solr_src_java_org_apache_solr_search_QueryParsing.java,57,error,1
solr_src_java_org_apache_solr_search_QueryParsing.java,548,warning,2
solr_src_java_org_apache_solr_search_QueryParsing.java,804,warning,2
solr_src_java_org_apache_solr_search_QueryParsing.java,697,error,1
solr_src_java_org_apache_solr_search_QueryParsing.java,631,warning,2
solr_src_java_org_apache_solr_search_QueryParsing.java,686,warning,2
solr_src_java_org_apache_solr_search_QueryParsing.java,80,warning,2
solr_src_java_org_apache_solr_search_QueryParsing.java,50,warning,2
solr_src_java_org_apache_solr_search_QueryParsing.java,699,warning,2
solr_src_java_org_apache_solr_search_QueryParsing.java,768,warning,2
solr_src_java_org_apache_solr_search_QueryParsing.java,669,warning,2
solr_src_java_org_apache_solr_search_QueryParsing.java,853,warning,2
solr_src_java_org_apache_solr_search_QueryParsing.java,658,warning,2
solr_src_java_org_apache_solr_search_QueryParsing.java,848,error,1
solr_src_java_org_apache_solr_search_QueryParsing.java,208,warning,2
solr_src_java_org_apache_solr_search_QueryParsing.java,502,warning,2
solr_src_java_org_apache_solr_search_QueryParsing.java,821,warning,2
solr_src_java_org_apache_solr_search_QueryParsing.java,201,error,1
solr_src_java_org_apache_solr_search_QueryParsing.java,225,warning,2
solr_src_java_org_apache_solr_search_QueryParsing.java,99,warning,2
solr_src_java_org_apache_solr_search_QueryParsing.java,323,warning,2
solr_src_java_org_apache_solr_search_QueryParsing.java,416,warning,2
solr_src_java_org_apache_solr_search_QueryParsing.java,458,warning,2
solr_src_java_org_apache_solr_search_QueryParsing.java,339,warning,2
solr_src_java_org_apache_solr_search_QueryParsing.java,557,warning,2
solr_src_java_org_apache_solr_search_QueryParsing.java,135,error,1
solr_src_java_org_apache_solr_search_QueryParsing.java,932,error,1
solr_src_java_org_apache_solr_search_QueryParsing.java,642,warning,2
solr_src_java_org_apache_solr_search_QueryParsing.java,151,warning,2
solr_src_java_org_apache_solr_search_QueryParsing.java,857,warning,2
solr_src_java_org_apache_solr_search_QueryParsing.java,688,warning,2
solr_src_java_org_apache_solr_search_QueryParsing.java,489,warning,2
solr_src_java_org_apache_solr_search_QueryParsing.java,320,warning,2
solr_src_java_org_apache_solr_search_QueryParsing.java,424,warning,2
solr_src_java_org_apache_solr_search_QueryParsing.java,456,warning,2
solr_src_java_org_apache_solr_search_QueryParsing.java,372,warning,2
solr_src_java_org_apache_solr_search_QueryParsing.java,724,warning,2
solr_src_java_org_apache_solr_search_QueryParsing.java,210,warning,2
solr_src_java_org_apache_solr_search_QueryParsing.java,149,warning,2
solr_src_java_org_apache_solr_search_QueryParsing.java,386,warning,2
solr_src_java_org_apache_solr_search_QueryParsing.java,820,error,1
solr_src_java_org_apache_solr_search_QueryParsing.java,612,warning,2
solr_src_java_org_apache_solr_search_QueryParsing.java,65,error,1
solr_src_java_org_apache_solr_search_QueryParsing.java,364,warning,2
solr_src_java_org_apache_solr_search_QueryParsing.java,758,warning,2
solr_src_java_org_apache_solr_search_QueryParsing.java,869,warning,2
solr_src_java_org_apache_solr_search_QueryParsing.java,759,warning,2
solr_src_java_org_apache_solr_search_QueryParsing.java,136,error,1
solr_src_java_org_apache_solr_search_QueryParsing.java,478,warning,2
solr_src_java_org_apache_solr_search_QueryParsing.java,643,warning,2
solr_src_java_org_apache_solr_search_QueryParsing.java,199,warning,2
solr_src_java_org_apache_solr_search_QueryParsing.java,611,warning,2
solr_src_java_org_apache_solr_search_QueryParsing.java,811,warning,2
solr_src_java_org_apache_solr_search_QueryParsing.java,553,warning,2
solr_src_java_org_apache_solr_search_QueryParsing.java,831,error,1
solr_src_java_org_apache_solr_search_QueryParsing.java,891,warning,2
solr_src_java_org_apache_solr_search_QueryParsing.java,749,warning,2
solr_src_java_org_apache_solr_search_QueryParsing.java,737,error,1
solr_src_java_org_apache_solr_search_QueryParsing.java,721,warning,2
solr_src_java_org_apache_solr_search_QueryParsing.java,209,error,1
solr_src_java_org_apache_solr_search_QueryParsing.java,301,warning,2
solr_src_java_org_apache_solr_search_QueryParsing.java,495,warning,2
solr_src_java_org_apache_solr_search_QueryParsing.java,419,warning,2
solr_src_java_org_apache_solr_search_QueryParsing.java,706,warning,2
solr_src_java_org_apache_solr_search_QueryParsing.java,705,warning,2
solr_src_java_org_apache_solr_search_QueryParsing.java,191,warning,2
solr_src_java_org_apache_solr_search_QueryParsing.java,523,warning,2
solr_src_java_org_apache_solr_search_QueryParsing.java,551,warning,2
solr_src_java_org_apache_solr_search_QueryParsing.java,115,warning,2
solr_src_java_org_apache_solr_search_QueryParsing.java,531,warning,2
solr_src_java_org_apache_solr_search_QueryParsing.java,816,warning,2
solr_src_java_org_apache_solr_search_QueryParsing.java,131,warning,2
solr_src_java_org_apache_solr_search_QueryParsing.java,800,error,1
solr_src_java_org_apache_solr_search_QueryParsing.java,343,warning,2
solr_src_java_org_apache_solr_search_QueryParsing.java,627,warning,2
solr_src_java_org_apache_solr_search_QueryParsing.java,350,warning,2
solr_src_java_org_apache_solr_search_QueryParsing.java,849,error,1
solr_src_java_org_apache_solr_search_QueryParsing.java,298,warning,2
solr_src_java_org_apache_solr_search_QueryParsing.java,454,warning,2
solr_src_java_org_apache_solr_search_QueryParsing.java,79,warning,2
solr_src_java_org_apache_solr_search_QueryParsing.java,215,error,1
solr_src_java_org_apache_solr_search_QueryParsing.java,802,warning,2
solr_src_java_org_apache_solr_search_QueryParsing.java,836,warning,2
solr_src_java_org_apache_solr_search_QueryParsing.java,592,warning,2
solr_src_java_org_apache_solr_search_QueryParsing.java,178,warning,2
solr_src_java_org_apache_solr_search_QueryParsing.java,668,warning,2
solr_src_java_org_apache_solr_search_QueryParsing.java,103,warning,2
solr_src_java_org_apache_solr_search_QueryParsing.java,371,warning,2
solr_src_java_org_apache_solr_search_QueryParsing.java,725,warning,2
solr_src_java_org_apache_solr_search_QueryParsing.java,394,error,1
solr_src_java_org_apache_solr_search_QueryParsing.java,674,warning,2
solr_src_java_org_apache_solr_search_QueryParsing.java,541,warning,2
solr_src_java_org_apache_solr_search_QueryParsing.java,351,warning,2
solr_src_java_org_apache_solr_search_QueryParsing.java,501,warning,2
solr_src_java_org_apache_solr_search_QueryParsing.java,192,warning,2
solr_src_java_org_apache_solr_search_QueryParsing.java,667,warning,2
solr_src_java_org_apache_solr_search_QueryParsing.java,652,error,1
solr_src_java_org_apache_solr_search_QueryParsing.java,535,warning,2
solr_src_java_org_apache_solr_search_QueryParsing.java,111,error,1
solr_src_java_org_apache_solr_search_QueryParsing.java,363,warning,2
solr_src_java_org_apache_solr_search_QueryParsing.java,609,warning,2
solr_src_java_org_apache_solr_search_QueryParsing.java,930,error,1
solr_src_java_org_apache_solr_search_QueryParsing.java,314,warning,2
solr_src_java_org_apache_solr_search_QueryParsing.java,657,warning,2
solr_src_java_org_apache_solr_search_QueryParsing.java,610,warning,2
solr_src_java_org_apache_solr_search_QueryParsing.java,211,error,1
solr_src_java_org_apache_solr_search_QueryParsing.java,507,warning,2
solr_src_java_org_apache_solr_search_QueryParsing.java,711,warning,2
solr_src_java_org_apache_solr_search_QueryParsing.java,49,warning,2
solr_src_java_org_apache_solr_search_QueryParsing.java,183,warning,2
solr_src_java_org_apache_solr_search_QueryParsing.java,606,warning,2
solr_src_java_org_apache_solr_search_QueryParsing.java,212,warning,2
solr_src_java_org_apache_solr_search_QueryParsing.java,381,warning,2
solr_src_java_org_apache_solr_search_QueryParsing.java,410,warning,2
solr_src_java_org_apache_solr_search_QueryParsing.java,10,warning,2
solr_src_java_org_apache_solr_search_QueryParsing.java,389,error,1
solr_src_java_org_apache_solr_search_QueryParsing.java,330,warning,2
solr_src_java_org_apache_solr_search_QueryParsing.java,654,warning,2
solr_src_java_org_apache_solr_search_QueryParsing.java,66,error,1
solr_src_java_org_apache_solr_search_QueryParsing.java,505,warning,2
solr_src_java_org_apache_solr_search_QueryParsing.java,282,warning,2
solr_src_java_org_apache_solr_search_QueryParsing.java,745,error,1
solr_src_java_org_apache_solr_search_QueryParsing.java,483,warning,2
solr_src_java_org_apache_solr_search_QueryParsing.java,446,warning,2
solr_src_java_org_apache_solr_search_QueryParsing.java,662,warning,2
solr_src_java_org_apache_solr_search_QueryParsing.java,506,warning,2
solr_src_java_org_apache_solr_search_QueryParsing.java,867,error,1
solr_src_java_org_apache_solr_search_QueryParsing.java,534,warning,2
solr_src_java_org_apache_solr_search_QueryParsing.java,438,warning,2
solr_src_java_org_apache_solr_search_QueryParsing.java,517,warning,2
solr_src_java_org_apache_solr_search_QueryParsing.java,409,warning,2
solr_src_java_org_apache_solr_search_QueryParsing.java,776,warning,2
solr_src_java_org_apache_solr_search_QueryParsing.java,566,warning,2
solr_src_java_org_apache_solr_search_QueryParsing.java,484,warning,2
solr_src_java_org_apache_solr_search_QueryParsing.java,806,warning,2
solr_src_java_org_apache_solr_search_QueryParsing.java,731,warning,2
solr_src_java_org_apache_solr_search_QueryParsing.java,683,warning,2
solr_src_java_org_apache_solr_search_QueryParsing.java,746,warning,2
solr_src_java_org_apache_solr_search_QueryParsing.java,228,warning,2
solr_src_java_org_apache_solr_search_QueryParsing.java,373,error,1
solr_src_java_org_apache_solr_search_QueryParsing.java,172,warning,2
solr_src_java_org_apache_solr_search_QueryParsing.java,427,warning,2
solr_src_java_org_apache_solr_search_QueryParsing.java,117,warning,2
solr_src_java_org_apache_solr_search_QueryParsing.java,360,warning,2
solr_src_java_org_apache_solr_search_QueryParsing.java,47,warning,2
solr_src_java_org_apache_solr_search_QueryParsing.java,839,warning,2
solr_src_java_org_apache_solr_search_QueryParsing.java,771,warning,2
solr_src_java_org_apache_solr_search_QueryParsing.java,317,warning,2
solr_src_java_org_apache_solr_search_QueryParsing.java,587,warning,2
solr_src_java_org_apache_solr_search_QueryParsing.java,138,error,1
solr_src_java_org_apache_solr_search_QueryParsing.java,552,warning,2
solr_src_java_org_apache_solr_search_QueryParsing.java,129,warning,2
solr_src_java_org_apache_solr_search_QueryParsing.java,251,warning,2
solr_src_java_org_apache_solr_search_QueryParsing.java,318,warning,2
solr_src_java_org_apache_solr_search_QueryParsing.java,819,warning,2
solr_src_java_org_apache_solr_search_QueryParsing.java,877,error,1
solr_src_java_org_apache_solr_search_QueryParsing.java,244,warning,2
solr_src_java_org_apache_solr_search_QueryParsing.java,788,warning,2
solr_src_java_org_apache_solr_search_QueryParsing.java,76,error,1
solr_src_java_org_apache_solr_search_QueryParsing.java,491,warning,2
solr_src_java_org_apache_solr_search_QueryParsing.java,600,error,1
solr_src_java_org_apache_solr_search_QueryParsing.java,366,warning,2
solr_src_java_org_apache_solr_search_QueryParsing.java,499,warning,2
solr_src_java_org_apache_solr_search_QueryParsing.java,62,error,1
solr_src_java_org_apache_solr_search_QueryParsing.java,698,warning,2
solr_src_java_org_apache_solr_search_QueryParsing.java,875,warning,2
solr_src_java_org_apache_solr_search_QueryParsing.java,91,warning,2
solr_src_java_org_apache_solr_search_QueryParsing.java,498,warning,2
solr_src_java_org_apache_solr_search_QueryParsing.java,670,warning,2
solr_src_java_org_apache_solr_search_QueryParsing.java,174,warning,2
solr_src_java_org_apache_solr_search_QueryParsing.java,641,warning,2
solr_src_java_org_apache_solr_search_QueryParsing.java,413,warning,2
solr_src_java_org_apache_solr_search_QueryParsing.java,525,warning,2
solr_src_java_org_apache_solr_search_QueryParsing.java,803,warning,2
solr_src_java_org_apache_solr_search_QueryParsing.java,750,warning,2
solr_src_java_org_apache_solr_search_QueryParsing.java,561,warning,2
solr_src_java_org_apache_solr_search_QueryParsing.java,124,warning,2
solr_src_java_org_apache_solr_search_QueryParsing.java,893,warning,2
solr_src_java_org_apache_solr_search_QueryParsing.java,198,warning,2
solr_src_java_org_apache_solr_search_QueryParsing.java,536,warning,2
solr_src_java_org_apache_solr_search_QueryParsing.java,653,warning,2
solr_src_java_org_apache_solr_search_QueryParsing.java,220,error,1
solr_src_java_org_apache_solr_search_QueryParsing.java,649,warning,2
solr_src_java_org_apache_solr_search_QueryParsing.java,305,warning,2
solr_src_java_org_apache_solr_search_QueryParsing.java,509,warning,2
solr_src_java_org_apache_solr_search_QueryParsing.java,599,warning,2
solr_src_java_org_apache_solr_search_QueryParsing.java,390,warning,2
solr_src_java_org_apache_solr_search_QueryParsing.java,681,warning,2
solr_src_java_org_apache_solr_search_QueryParsing.java,480,warning,2
solr_src_java_org_apache_solr_search_QueryParsing.java,277,error,1
solr_src_java_org_apache_solr_search_QueryParsing.java,729,warning,2
solr_src_java_org_apache_solr_search_QueryParsing.java,384,warning,2
solr_src_java_org_apache_solr_search_QueryParsing.java,193,warning,2
solr_src_java_org_apache_solr_search_QueryParsing.java,123,warning,2
solr_src_java_org_apache_solr_search_QueryParsing.java,586,warning,2
solr_src_java_org_apache_solr_search_QueryParsing.java,868,warning,2
solr_src_java_org_apache_solr_search_QueryParsing.java,691,warning,2
solr_src_java_org_apache_solr_search_QueryParsing.java,870,warning,2
solr_src_java_org_apache_solr_search_QueryParsing.java,224,warning,2
solr_src_java_org_apache_solr_search_QueryParsing.java,468,warning,2
solr_src_java_org_apache_solr_search_QueryParsing.java,754,warning,2
solr_src_java_org_apache_solr_search_QueryParsing.java,140,warning,2
solr_src_java_org_apache_solr_search_QueryParsing.java,864,warning,2
solr_src_java_org_apache_solr_search_QueryParsing.java,546,warning,2
solr_src_java_org_apache_solr_search_QueryParsing.java,701,warning,2
solr_src_java_org_apache_solr_search_QueryParsing.java,775,warning,2
solr_src_java_org_apache_solr_search_QueryParsing.java,663,warning,2
solr_src_java_org_apache_solr_search_QueryParsing.java,476,warning,2
solr_src_java_org_apache_solr_search_QueryParsing.java,677,warning,2
solr_src_java_org_apache_solr_search_QueryParsing.java,810,warning,2
solr_src_java_org_apache_solr_search_QueryParsing.java,815,warning,2
solr_src_java_org_apache_solr_search_QueryParsing.java,739,warning,2
solr_src_java_org_apache_solr_search_QueryParsing.java,827,warning,2
solr_src_java_org_apache_solr_search_QueryParsing.java,412,warning,2
solr_src_java_org_apache_solr_search_QueryParsing.java,772,warning,2
solr_src_java_org_apache_solr_search_QueryParsing.java,814,error,1
solr_src_java_org_apache_solr_search_QueryParsing.java,232,error,1
solr_src_java_org_apache_solr_search_QueryParsing.java,622,error,1
solr_src_java_org_apache_solr_search_QueryParsing.java,624,warning,2
solr_src_java_org_apache_solr_search_QueryParsing.java,492,warning,2
solr_src_java_org_apache_solr_search_QueryParsing.java,196,warning,2
solr_src_java_org_apache_solr_search_QueryParsing.java,246,warning,2
solr_src_java_org_apache_solr_search_QueryParsing.java,177,warning,2
solr_src_java_org_apache_solr_search_QueryParsing.java,850,warning,2
solr_src_java_org_apache_solr_search_QueryParsing.java,636,error,1
solr_src_java_org_apache_solr_search_QueryParsing.java,543,warning,2
solr_src_java_org_apache_solr_search_QueryParsing.java,830,warning,2
solr_src_java_org_apache_solr_search_QueryParsing.java,623,warning,2
solr_src_java_org_apache_solr_search_QueryParsing.java,120,warning,2
solr_src_java_org_apache_solr_search_QueryParsing.java,187,warning,2
solr_src_java_org_apache_solr_search_QueryParsing.java,1,error,1
solr_src_java_org_apache_solr_search_QueryParsing.java,619,warning,2
solr_src_java_org_apache_solr_search_QueryParsing.java,693,error,1
solr_src_java_org_apache_solr_search_QueryParsing.java,555,warning,2
solr_src_java_org_apache_solr_search_QueryParsing.java,137,warning,2
solr_src_java_org_apache_solr_search_QueryParsing.java,150,warning,2
solr_src_java_org_apache_solr_search_QueryParsing.java,834,warning,2
solr_src_java_org_apache_solr_search_QueryParsing.java,170,warning,2
solr_src_java_org_apache_solr_search_QueryParsing.java,892,warning,2
solr_src_java_org_apache_solr_search_QueryParsing.java,660,warning,2
solr_src_java_org_apache_solr_search_QueryParsing.java,169,warning,2
solr_src_java_org_apache_solr_search_QueryParsing.java,452,warning,2
solr_src_java_org_apache_solr_search_QueryParsing.java,271,error,1
solr_src_java_org_apache_solr_search_QueryParsing.java,114,warning,2
solr_src_java_org_apache_solr_search_QueryParsing.java,341,warning,2
solr_src_java_org_apache_solr_search_QueryParsing.java,415,warning,2
solr_src_java_org_apache_solr_search_QueryParsing.java,682,warning,2
solr_src_java_org_apache_solr_search_QueryParsing.java,93,warning,2
solr_src_java_org_apache_solr_search_QueryParsing.java,100,warning,2
solr_src_java_org_apache_solr_search_QueryParsing.java,585,error,1
solr_src_java_org_apache_solr_search_QueryParsing.java,854,warning,2
solr_src_java_org_apache_solr_search_QueryParsing.java,432,warning,2
solr_src_java_org_apache_solr_search_QueryParsing.java,689,warning,2
solr_src_java_org_apache_solr_search_QueryParsing.java,646,error,1
solr_src_java_org_apache_solr_search_QueryParsing.java,69,error,1
solr_src_java_org_apache_solr_search_QueryParsing.java,165,warning,2
solr_src_java_org_apache_solr_search_QueryParsing.java,538,warning,2
solr_src_java_org_apache_solr_search_QueryParsing.java,835,warning,2
solr_src_java_org_apache_solr_search_QueryParsing.java,826,warning,2
solr_src_java_org_apache_solr_search_QueryParsing.java,859,warning,2
solr_src_java_org_apache_solr_search_QueryParsing.java,221,warning,2
solr_src_java_org_apache_solr_search_QueryParsing.java,377,warning,2
solr_src_java_org_apache_solr_search_QueryParsing.java,799,warning,2
solr_src_java_org_apache_solr_search_QueryParsing.java,361,warning,2
solr_src_java_org_apache_solr_search_QueryParsing.java,838,warning,2
solr_src_java_org_apache_solr_search_QueryParsing.java,741,error,1
solr_src_java_org_apache_solr_search_QueryParsing.java,510,warning,2
solr_src_java_org_apache_solr_search_QueryParsing.java,634,warning,2
solr_src_java_org_apache_solr_search_QueryParsing.java,355,warning,2
solr_src_java_org_apache_solr_search_QueryParsing.java,493,warning,2
solr_src_java_org_apache_solr_search_QueryParsing.java,809,error,1
solr_src_java_org_apache_solr_search_QueryParsing.java,887,error,1
solr_src_java_org_apache_solr_search_QueryParsing.java,160,warning,2
solr_src_java_org_apache_solr_search_QueryParsing.java,203,warning,2
solr_src_java_org_apache_solr_search_QueryParsing.java,122,warning,2
solr_src_java_org_apache_solr_search_QueryParsing.java,601,error,1
solr_src_java_org_apache_solr_search_QueryParsing.java,78,error,1
solr_src_java_org_apache_solr_search_QueryParsing.java,309,warning,2
solr_src_java_org_apache_solr_search_QueryParsing.java,497,warning,2
solr_src_java_org_apache_solr_search_QueryParsing.java,511,warning,2
solr_src_java_org_apache_solr_search_QueryParsing.java,563,warning,2
solr_src_java_org_apache_solr_search_QueryParsing.java,861,warning,2
solr_src_java_org_apache_solr_search_QueryParsing.java,445,warning,2
solr_src_java_org_apache_solr_search_QueryParsing.java,792,warning,2
solr_src_java_org_apache_solr_search_QueryParsing.java,315,warning,2
solr_src_java_org_apache_solr_search_QueryParsing.java,326,warning,2
solr_src_java_org_apache_solr_search_QueryParsing.java,382,warning,2
solr_src_java_org_apache_solr_search_QueryParsing.java,297,warning,2
solr_src_java_org_apache_solr_search_QueryParsing.java,494,warning,2
solr_src_java_org_apache_solr_search_QueryParsing.java,250,warning,2
solr_src_java_org_apache_solr_search_QueryParsing.java,132,warning,2
solr_src_java_org_apache_solr_search_QueryParsing.java,154,warning,2
solr_src_java_org_apache_solr_search_QueryParsing.java,383,warning,2
solr_src_java_org_apache_solr_search_QueryParsing.java,589,warning,2
solr_src_java_org_apache_solr_search_QueryParsing.java,95,warning,2
solr_src_java_org_apache_solr_search_QueryParsing.java,248,error,1
solr_src_java_org_apache_solr_search_QueryParsing.java,784,error,1
solr_src_java_org_apache_solr_search_QueryParsing.java,520,warning,2
solr_src_java_org_apache_solr_search_QueryParsing.java,442,warning,2
solr_src_java_org_apache_solr_search_QueryParsing.java,487,warning,2
solr_src_java_org_apache_solr_search_QueryParsing.java,448,warning,2
solr_src_java_org_apache_solr_search_QueryParsing.java,823,warning,2
solr_src_java_org_apache_solr_search_QueryParsing.java,761,warning,2
solr_src_java_org_apache_solr_search_QueryParsing.java,629,warning,2
solr_src_java_org_apache_solr_search_QueryParsing.java,794,warning,2
solr_src_java_org_apache_solr_search_QueryParsing.java,488,warning,2
solr_src_java_org_apache_solr_search_QueryParsing.java,237,error,1
solr_src_java_org_apache_solr_search_QueryParsing.java,8,warning,2
solr_src_java_org_apache_solr_search_QueryParsing.java,832,warning,2
solr_src_java_org_apache_solr_search_QueryParsing.java,359,warning,2
solr_src_java_org_apache_solr_search_QueryParsing.java,348,warning,2
solr_src_java_org_apache_solr_search_QueryParsing.java,276,error,1
solr_src_java_org_apache_solr_search_QueryParsing.java,142,warning,2
solr_src_java_org_apache_solr_search_QueryParsing.java,308,warning,2
solr_src_java_org_apache_solr_search_QueryParsing.java,521,warning,2
solr_src_java_org_apache_solr_search_QueryParsing.java,591,warning,2
solr_src_java_org_apache_solr_search_QueryParsing.java,597,error,1
solr_src_java_org_apache_solr_search_QueryParsing.java,733,warning,2
solr_src_java_org_apache_solr_search_QueryParsing.java,470,warning,2
solr_src_java_org_apache_solr_search_QueryParsing.java,748,warning,2
solr_src_java_org_apache_solr_search_QueryParsing.java,354,warning,2
solr_src_java_org_apache_solr_search_QueryParsing.java,333,error,1
solr_src_java_org_apache_solr_search_QueryParsing.java,539,warning,2
solr_src_java_org_apache_solr_search_QueryParsing.java,197,warning,2
solr_src_java_org_apache_solr_search_QueryParsing.java,895,warning,2
solr_src_java_org_apache_solr_search_QueryParsing.java,46,warning,2
solr_src_java_org_apache_solr_search_QueryParsing.java,242,warning,2
solr_src_java_org_apache_solr_search_QueryParsing.java,496,warning,2
solr_src_java_org_apache_solr_search_QueryParsing.java,791,warning,2
solr_src_java_org_apache_solr_search_function_IntFieldSource.java,34,warning,2
solr_src_java_org_apache_solr_search_function_IntFieldSource.java,135,error,1
solr_src_java_org_apache_solr_search_function_IntFieldSource.java,114,warning,2
solr_src_java_org_apache_solr_search_function_IntFieldSource.java,113,error,1
solr_src_java_org_apache_solr_search_function_IntFieldSource.java,105,error,1
solr_src_java_org_apache_solr_search_function_IntFieldSource.java,133,error,1
solr_src_java_org_apache_solr_search_function_IntFieldSource.java,24,warning,2
solr_src_java_org_apache_solr_search_function_IntFieldSource.java,21,error,1
solr_src_java_org_apache_solr_search_function_IntFieldSource.java,69,error,1
solr_src_java_org_apache_solr_search_function_IntFieldSource.java,90,error,1
solr_src_java_org_apache_solr_search_function_IntFieldSource.java,37,error,1
solr_src_java_org_apache_solr_search_function_IntFieldSource.java,127,error,1
solr_src_java_org_apache_solr_search_function_IntFieldSource.java,98,error,1
solr_src_java_org_apache_solr_search_function_IntFieldSource.java,125,error,1
solr_src_java_org_apache_solr_search_function_IntFieldSource.java,126,error,1
solr_src_java_org_apache_solr_search_function_IntFieldSource.java,49,warning,2
solr_src_java_org_apache_solr_search_function_IntFieldSource.java,48,warning,2
solr_src_java_org_apache_solr_search_function_IntFieldSource.java,104,warning,2
solr_src_java_org_apache_solr_search_function_IntFieldSource.java,65,warning,2
solr_src_java_org_apache_solr_search_function_IntFieldSource.java,10,warning,2
solr_src_java_org_apache_solr_search_function_IntFieldSource.java,38,warning,2
solr_src_java_org_apache_solr_search_function_IntFieldSource.java,73,warning,2
solr_src_java_org_apache_solr_search_function_IntFieldSource.java,124,error,1
solr_src_java_org_apache_solr_search_function_IntFieldSource.java,31,warning,2
solr_src_java_org_apache_solr_search_function_IntFieldSource.java,88,warning,2
solr_src_java_org_apache_solr_search_function_IntFieldSource.java,64,error,1
solr_src_java_org_apache_solr_search_function_IntFieldSource.java,136,warning,2
solr_src_java_org_apache_solr_search_function_IntFieldSource.java,53,error,1
solr_src_java_org_apache_solr_search_function_IntFieldSource.java,66,warning,2
solr_src_java_org_apache_solr_search_function_IntFieldSource.java,59,error,1
solr_src_java_org_apache_solr_search_function_IntFieldSource.java,122,warning,2
solr_src_java_org_apache_solr_search_function_IntFieldSource.java,78,warning,2
solr_src_java_org_apache_solr_search_function_IntFieldSource.java,118,warning,2
solr_src_java_org_apache_solr_search_function_IntFieldSource.java,74,error,1
solr_src_java_org_apache_solr_search_function_IntFieldSource.java,94,error,1
solr_src_java_org_apache_solr_search_function_IntFieldSource.java,43,warning,2
solr_src_java_org_apache_solr_search_function_IntFieldSource.java,61,warning,2
solr_src_java_org_apache_solr_search_function_IntFieldSource.java,109,warning,2
solr_src_java_org_apache_solr_search_function_IntFieldSource.java,97,warning,2
solr_src_java_org_apache_solr_search_function_IntFieldSource.java,128,warning,2
solr_src_java_org_apache_solr_search_function_IntFieldSource.java,89,error,1
solr_src_java_org_apache_solr_search_function_IntFieldSource.java,35,error,1
solr_src_java_org_apache_solr_search_function_IntFieldSource.java,60,error,1
solr_src_java_org_apache_solr_search_function_IntFieldSource.java,70,error,1
solr_src_java_org_apache_solr_search_function_IntFieldSource.java,42,warning,2
solr_src_java_org_apache_solr_search_function_IntFieldSource.java,22,warning,2
solr_src_java_org_apache_solr_search_function_IntFieldSource.java,96,warning,2
solr_src_java_org_apache_solr_search_function_IntFieldSource.java,131,warning,2
solr_src_java_org_apache_solr_search_function_IntFieldSource.java,95,warning,2
solr_src_java_org_apache_solr_search_function_IntFieldSource.java,81,warning,2
solr_src_java_org_apache_solr_search_function_IntFieldSource.java,25,warning,2
solr_src_java_org_apache_solr_search_function_IntFieldSource.java,54,error,1
solr_src_java_org_apache_solr_search_function_IntFieldSource.java,44,warning,2
solr_src_java_org_apache_solr_search_function_IntFieldSource.java,101,error,1
solr_src_java_org_apache_solr_search_function_IntFieldSource.java,52,error,1
solr_src_java_org_apache_solr_search_function_IntFieldSource.java,63,warning,2
solr_src_java_org_apache_solr_search_function_IntFieldSource.java,85,warning,2
solr_src_java_org_apache_solr_search_function_IntFieldSource.java,55,error,1
solr_src_java_org_apache_solr_search_function_IntFieldSource.java,58,warning,2
solr_src_java_org_apache_solr_search_function_IntFieldSource.java,79,error,1
solr_src_java_org_apache_solr_search_function_IntFieldSource.java,86,warning,2
solr_src_java_org_apache_solr_search_function_IntFieldSource.java,102,warning,2
solr_src_java_org_apache_solr_search_function_IntFieldSource.java,57,warning,2
solr_src_java_org_apache_solr_search_function_IntFieldSource.java,117,warning,2
solr_src_java_org_apache_solr_search_function_IntFieldSource.java,8,warning,2
solr_src_java_org_apache_solr_search_function_IntFieldSource.java,84,error,1
solr_src_java_org_apache_solr_search_function_IntFieldSource.java,39,warning,2
solr_src_java_org_apache_solr_search_function_IntFieldSource.java,71,warning,2
solr_src_java_org_apache_solr_search_function_IntFieldSource.java,80,warning,2
solr_src_java_org_apache_solr_search_function_IntFieldSource.java,103,warning,2
solr_src_java_org_apache_solr_search_function_IntFieldSource.java,108,warning,2
solr_src_java_org_apache_solr_search_function_IntFieldSource.java,41,error,1
solr_src_java_org_apache_solr_search_function_IntFieldSource.java,68,warning,2
solr_src_java_org_apache_solr_search_function_IntFieldSource.java,138,warning,2
solr_src_java_org_apache_solr_search_function_IntFieldSource.java,129,error,1
solr_src_java_org_apache_solr_search_function_IntFieldSource.java,120,warning,2
solr_src_java_org_apache_solr_search_function_IntFieldSource.java,1,error,1
solr_src_java_org_apache_solr_search_function_IntFieldSource.java,83,warning,2
solr_src_java_org_apache_solr_search_function_IntFieldSource.java,76,warning,2
solr_src_java_org_apache_solr_search_function_IntFieldSource.java,137,warning,2
solr_src_java_org_apache_solr_search_function_IntFieldSource.java,112,warning,2
solr_src_java_org_apache_solr_search_function_IntFieldSource.java,99,warning,2
solr_src_java_org_apache_solr_search_function_IntFieldSource.java,46,error,1
solr_src_java_org_apache_solr_search_function_IntFieldSource.java,75,error,1
solr_src_java_org_apache_solr_search_function_IntFieldSource.java,106,warning,2
solr_src_java_org_apache_solr_search_function_IntFieldSource.java,111,warning,2
solr_src_solrj_org_apache_solr_client_solrj_impl_CommonsHttpSolrServer.java,560,warning,2
solr_src_solrj_org_apache_solr_client_solrj_impl_CommonsHttpSolrServer.java,135,warning,2
solr_src_solrj_org_apache_solr_client_solrj_impl_CommonsHttpSolrServer.java,642,warning,2
solr_src_solrj_org_apache_solr_client_solrj_impl_CommonsHttpSolrServer.java,188,warning,2
solr_src_solrj_org_apache_solr_client_solrj_impl_CommonsHttpSolrServer.java,558,error,1
solr_src_solrj_org_apache_solr_client_solrj_impl_CommonsHttpSolrServer.java,533,warning,2
solr_src_solrj_org_apache_solr_client_solrj_impl_CommonsHttpSolrServer.java,489,warning,2
solr_src_solrj_org_apache_solr_client_solrj_impl_CommonsHttpSolrServer.java,304,warning,2
solr_src_solrj_org_apache_solr_client_solrj_impl_CommonsHttpSolrServer.java,206,error,1
solr_src_solrj_org_apache_solr_client_solrj_impl_CommonsHttpSolrServer.java,345,warning,2
solr_src_solrj_org_apache_solr_client_solrj_impl_CommonsHttpSolrServer.java,376,warning,2
solr_src_solrj_org_apache_solr_client_solrj_impl_CommonsHttpSolrServer.java,399,error,1
solr_src_solrj_org_apache_solr_client_solrj_impl_CommonsHttpSolrServer.java,320,warning,2
solr_src_solrj_org_apache_solr_client_solrj_impl_CommonsHttpSolrServer.java,424,warning,2
solr_src_solrj_org_apache_solr_client_solrj_impl_CommonsHttpSolrServer.java,456,error,1
solr_src_solrj_org_apache_solr_client_solrj_impl_CommonsHttpSolrServer.java,372,warning,2
solr_src_solrj_org_apache_solr_client_solrj_impl_CommonsHttpSolrServer.java,98,warning,2
solr_src_solrj_org_apache_solr_client_solrj_impl_CommonsHttpSolrServer.java,149,warning,2
solr_src_solrj_org_apache_solr_client_solrj_impl_CommonsHttpSolrServer.java,254,warning,2
solr_src_solrj_org_apache_solr_client_solrj_impl_CommonsHttpSolrServer.java,386,warning,2
solr_src_solrj_org_apache_solr_client_solrj_impl_CommonsHttpSolrServer.java,104,warning,2
solr_src_solrj_org_apache_solr_client_solrj_impl_CommonsHttpSolrServer.java,291,error,1
solr_src_solrj_org_apache_solr_client_solrj_impl_CommonsHttpSolrServer.java,612,error,1
solr_src_solrj_org_apache_solr_client_solrj_impl_CommonsHttpSolrServer.java,65,error,1
solr_src_solrj_org_apache_solr_client_solrj_impl_CommonsHttpSolrServer.java,364,warning,2
solr_src_solrj_org_apache_solr_client_solrj_impl_CommonsHttpSolrServer.java,392,warning,2
solr_src_solrj_org_apache_solr_client_solrj_impl_CommonsHttpSolrServer.java,288,error,1
solr_src_solrj_org_apache_solr_client_solrj_impl_CommonsHttpSolrServer.java,607,error,1
solr_src_solrj_org_apache_solr_client_solrj_impl_CommonsHttpSolrServer.java,53,warning,2
solr_src_solrj_org_apache_solr_client_solrj_impl_CommonsHttpSolrServer.java,478,warning,2
solr_src_solrj_org_apache_solr_client_solrj_impl_CommonsHttpSolrServer.java,643,warning,2
solr_src_solrj_org_apache_solr_client_solrj_impl_CommonsHttpSolrServer.java,329,warning,2
solr_src_solrj_org_apache_solr_client_solrj_impl_CommonsHttpSolrServer.java,477,warning,2
solr_src_solrj_org_apache_solr_client_solrj_impl_CommonsHttpSolrServer.java,644,warning,2
solr_src_solrj_org_apache_solr_client_solrj_impl_CommonsHttpSolrServer.java,375,warning,2
solr_src_solrj_org_apache_solr_client_solrj_impl_CommonsHttpSolrServer.java,647,warning,2
solr_src_solrj_org_apache_solr_client_solrj_impl_CommonsHttpSolrServer.java,433,error,1
solr_src_solrj_org_apache_solr_client_solrj_impl_CommonsHttpSolrServer.java,209,error,1
solr_src_solrj_org_apache_solr_client_solrj_impl_CommonsHttpSolrServer.java,301,warning,2
solr_src_solrj_org_apache_solr_client_solrj_impl_CommonsHttpSolrServer.java,299,warning,2
solr_src_solrj_org_apache_solr_client_solrj_impl_CommonsHttpSolrServer.java,547,error,1
solr_src_solrj_org_apache_solr_client_solrj_impl_CommonsHttpSolrServer.java,404,warning,2
solr_src_solrj_org_apache_solr_client_solrj_impl_CommonsHttpSolrServer.java,186,warning,2
solr_src_solrj_org_apache_solr_client_solrj_impl_CommonsHttpSolrServer.java,262,warning,2
solr_src_solrj_org_apache_solr_client_solrj_impl_CommonsHttpSolrServer.java,148,warning,2
solr_src_solrj_org_apache_solr_client_solrj_impl_CommonsHttpSolrServer.java,419,error,1
solr_src_solrj_org_apache_solr_client_solrj_impl_CommonsHttpSolrServer.java,349,warning,2
solr_src_solrj_org_apache_solr_client_solrj_impl_CommonsHttpSolrServer.java,229,error,1
solr_src_solrj_org_apache_solr_client_solrj_impl_CommonsHttpSolrServer.java,253,warning,2
solr_src_solrj_org_apache_solr_client_solrj_impl_CommonsHttpSolrServer.java,115,error,1
solr_src_solrj_org_apache_solr_client_solrj_impl_CommonsHttpSolrServer.java,131,warning,2
solr_src_solrj_org_apache_solr_client_solrj_impl_CommonsHttpSolrServer.java,459,warning,2
solr_src_solrj_org_apache_solr_client_solrj_impl_CommonsHttpSolrServer.java,343,warning,2
solr_src_solrj_org_apache_solr_client_solrj_impl_CommonsHttpSolrServer.java,627,warning,2
solr_src_solrj_org_apache_solr_client_solrj_impl_CommonsHttpSolrServer.java,25,error,1
solr_src_solrj_org_apache_solr_client_solrj_impl_CommonsHttpSolrServer.java,613,warning,2
solr_src_solrj_org_apache_solr_client_solrj_impl_CommonsHttpSolrServer.java,270,error,1
solr_src_solrj_org_apache_solr_client_solrj_impl_CommonsHttpSolrServer.java,370,warning,2
solr_src_solrj_org_apache_solr_client_solrj_impl_CommonsHttpSolrServer.java,469,error,1
solr_src_solrj_org_apache_solr_client_solrj_impl_CommonsHttpSolrServer.java,407,error,1
solr_src_solrj_org_apache_solr_client_solrj_impl_CommonsHttpSolrServer.java,350,warning,2
solr_src_solrj_org_apache_solr_client_solrj_impl_CommonsHttpSolrServer.java,205,error,1
solr_src_solrj_org_apache_solr_client_solrj_impl_CommonsHttpSolrServer.java,298,warning,2
solr_src_solrj_org_apache_solr_client_solrj_impl_CommonsHttpSolrServer.java,454,error,1
solr_src_solrj_org_apache_solr_client_solrj_impl_CommonsHttpSolrServer.java,79,error,1
solr_src_solrj_org_apache_solr_client_solrj_impl_CommonsHttpSolrServer.java,473,warning,2
solr_src_solrj_org_apache_solr_client_solrj_impl_CommonsHttpSolrServer.java,217,warning,2
solr_src_solrj_org_apache_solr_client_solrj_impl_CommonsHttpSolrServer.java,102,error,1
solr_src_solrj_org_apache_solr_client_solrj_impl_CommonsHttpSolrServer.java,486,warning,2
solr_src_solrj_org_apache_solr_client_solrj_impl_CommonsHttpSolrServer.java,215,error,1
solr_src_solrj_org_apache_solr_client_solrj_impl_CommonsHttpSolrServer.java,421,error,1
solr_src_solrj_org_apache_solr_client_solrj_impl_CommonsHttpSolrServer.java,656,warning,2
solr_src_solrj_org_apache_solr_client_solrj_impl_CommonsHttpSolrServer.java,180,error,1
solr_src_solrj_org_apache_solr_client_solrj_impl_CommonsHttpSolrServer.java,71,error,1
solr_src_solrj_org_apache_solr_client_solrj_impl_CommonsHttpSolrServer.java,231,warning,2
solr_src_solrj_org_apache_solr_client_solrj_impl_CommonsHttpSolrServer.java,451,warning,2
solr_src_solrj_org_apache_solr_client_solrj_impl_CommonsHttpSolrServer.java,529,warning,2
solr_src_solrj_org_apache_solr_client_solrj_impl_CommonsHttpSolrServer.java,462,error,1
solr_src_solrj_org_apache_solr_client_solrj_impl_CommonsHttpSolrServer.java,625,warning,2
solr_src_solrj_org_apache_solr_client_solrj_impl_CommonsHttpSolrServer.java,306,warning,2
solr_src_solrj_org_apache_solr_client_solrj_impl_CommonsHttpSolrServer.java,281,error,1
solr_src_solrj_org_apache_solr_client_solrj_impl_CommonsHttpSolrServer.java,371,warning,2
solr_src_solrj_org_apache_solr_client_solrj_impl_CommonsHttpSolrServer.java,365,warning,2
solr_src_solrj_org_apache_solr_client_solrj_impl_CommonsHttpSolrServer.java,394,error,1
solr_src_solrj_org_apache_solr_client_solrj_impl_CommonsHttpSolrServer.java,313,warning,2
solr_src_solrj_org_apache_solr_client_solrj_impl_CommonsHttpSolrServer.java,391,warning,2
solr_src_solrj_org_apache_solr_client_solrj_impl_CommonsHttpSolrServer.java,614,warning,2
solr_src_solrj_org_apache_solr_client_solrj_impl_CommonsHttpSolrServer.java,541,warning,2
solr_src_solrj_org_apache_solr_client_solrj_impl_CommonsHttpSolrServer.java,351,warning,2
solr_src_solrj_org_apache_solr_client_solrj_impl_CommonsHttpSolrServer.java,593,warning,2
solr_src_solrj_org_apache_solr_client_solrj_impl_CommonsHttpSolrServer.java,192,error,1
solr_src_solrj_org_apache_solr_client_solrj_impl_CommonsHttpSolrServer.java,435,error,1
solr_src_solrj_org_apache_solr_client_solrj_impl_CommonsHttpSolrServer.java,331,warning,2
solr_src_solrj_org_apache_solr_client_solrj_impl_CommonsHttpSolrServer.java,181,warning,2
solr_src_solrj_org_apache_solr_client_solrj_impl_CommonsHttpSolrServer.java,434,error,1
solr_src_solrj_org_apache_solr_client_solrj_impl_CommonsHttpSolrServer.java,652,warning,2
solr_src_solrj_org_apache_solr_client_solrj_impl_CommonsHttpSolrServer.java,106,error,1
solr_src_solrj_org_apache_solr_client_solrj_impl_CommonsHttpSolrServer.java,512,warning,2
solr_src_solrj_org_apache_solr_client_solrj_impl_CommonsHttpSolrServer.java,322,warning,2
solr_src_solrj_org_apache_solr_client_solrj_impl_CommonsHttpSolrServer.java,363,warning,2
solr_src_solrj_org_apache_solr_client_solrj_impl_CommonsHttpSolrServer.java,328,warning,2
solr_src_solrj_org_apache_solr_client_solrj_impl_CommonsHttpSolrServer.java,609,warning,2
solr_src_solrj_org_apache_solr_client_solrj_impl_CommonsHttpSolrServer.java,314,warning,2
solr_src_solrj_org_apache_solr_client_solrj_impl_CommonsHttpSolrServer.java,657,warning,2
solr_src_solrj_org_apache_solr_client_solrj_impl_CommonsHttpSolrServer.java,422,warning,2
solr_src_solrj_org_apache_solr_client_solrj_impl_CommonsHttpSolrServer.java,610,warning,2
solr_src_solrj_org_apache_solr_client_solrj_impl_CommonsHttpSolrServer.java,207,warning,2
solr_src_solrj_org_apache_solr_client_solrj_impl_CommonsHttpSolrServer.java,211,warning,2
solr_src_solrj_org_apache_solr_client_solrj_impl_CommonsHttpSolrServer.java,264,error,1
solr_src_solrj_org_apache_solr_client_solrj_impl_CommonsHttpSolrServer.java,596,warning,2
solr_src_solrj_org_apache_solr_client_solrj_impl_CommonsHttpSolrServer.java,524,error,1
solr_src_solrj_org_apache_solr_client_solrj_impl_CommonsHttpSolrServer.java,513,warning,2
solr_src_solrj_org_apache_solr_client_solrj_impl_CommonsHttpSolrServer.java,507,error,1
solr_src_solrj_org_apache_solr_client_solrj_impl_CommonsHttpSolrServer.java,606,warning,2
solr_src_solrj_org_apache_solr_client_solrj_impl_CommonsHttpSolrServer.java,528,error,1
solr_src_solrj_org_apache_solr_client_solrj_impl_CommonsHttpSolrServer.java,576,warning,2
solr_src_solrj_org_apache_solr_client_solrj_impl_CommonsHttpSolrServer.java,464,warning,2
solr_src_solrj_org_apache_solr_client_solrj_impl_CommonsHttpSolrServer.java,431,error,1
solr_src_solrj_org_apache_solr_client_solrj_impl_CommonsHttpSolrServer.java,10,warning,2
solr_src_solrj_org_apache_solr_client_solrj_impl_CommonsHttpSolrServer.java,570,warning,2
solr_src_solrj_org_apache_solr_client_solrj_impl_CommonsHttpSolrServer.java,389,warning,2
solr_src_solrj_org_apache_solr_client_solrj_impl_CommonsHttpSolrServer.java,252,warning,2
solr_src_solrj_org_apache_solr_client_solrj_impl_CommonsHttpSolrServer.java,330,warning,2
solr_src_solrj_org_apache_solr_client_solrj_impl_CommonsHttpSolrServer.java,654,warning,2
solr_src_solrj_org_apache_solr_client_solrj_impl_CommonsHttpSolrServer.java,162,error,1
solr_src_solrj_org_apache_solr_client_solrj_impl_CommonsHttpSolrServer.java,319,warning,2
solr_src_solrj_org_apache_solr_client_solrj_impl_CommonsHttpSolrServer.java,443,warning,2
solr_src_solrj_org_apache_solr_client_solrj_impl_CommonsHttpSolrServer.java,578,error,1
solr_src_solrj_org_apache_solr_client_solrj_impl_CommonsHttpSolrServer.java,153,warning,2
solr_src_solrj_org_apache_solr_client_solrj_impl_CommonsHttpSolrServer.java,504,warning,2
solr_src_solrj_org_apache_solr_client_solrj_impl_CommonsHttpSolrServer.java,505,warning,2
solr_src_solrj_org_apache_solr_client_solrj_impl_CommonsHttpSolrServer.java,310,warning,2
solr_src_solrj_org_apache_solr_client_solrj_impl_CommonsHttpSolrServer.java,401,warning,2
solr_src_solrj_org_apache_solr_client_solrj_impl_CommonsHttpSolrServer.java,440,warning,2
solr_src_solrj_org_apache_solr_client_solrj_impl_CommonsHttpSolrServer.java,176,warning,2
solr_src_solrj_org_apache_solr_client_solrj_impl_CommonsHttpSolrServer.java,367,warning,2
solr_src_solrj_org_apache_solr_client_solrj_impl_CommonsHttpSolrServer.java,455,error,1
solr_src_solrj_org_apache_solr_client_solrj_impl_CommonsHttpSolrServer.java,396,error,1
solr_src_solrj_org_apache_solr_client_solrj_impl_CommonsHttpSolrServer.java,287,error,1
solr_src_solrj_org_apache_solr_client_solrj_impl_CommonsHttpSolrServer.java,463,error,1
solr_src_solrj_org_apache_solr_client_solrj_impl_CommonsHttpSolrServer.java,516,warning,2
solr_src_solrj_org_apache_solr_client_solrj_impl_CommonsHttpSolrServer.java,239,error,1
solr_src_solrj_org_apache_solr_client_solrj_impl_CommonsHttpSolrServer.java,337,error,1
solr_src_solrj_org_apache_solr_client_solrj_impl_CommonsHttpSolrServer.java,266,error,1
solr_src_solrj_org_apache_solr_client_solrj_impl_CommonsHttpSolrServer.java,479,error,1
solr_src_solrj_org_apache_solr_client_solrj_impl_CommonsHttpSolrServer.java,286,warning,2
solr_src_solrj_org_apache_solr_client_solrj_impl_CommonsHttpSolrServer.java,483,warning,2
solr_src_solrj_org_apache_solr_client_solrj_impl_CommonsHttpSolrServer.java,352,warning,2
solr_src_solrj_org_apache_solr_client_solrj_impl_CommonsHttpSolrServer.java,164,warning,2
solr_src_solrj_org_apache_solr_client_solrj_impl_CommonsHttpSolrServer.java,574,error,1
solr_src_solrj_org_apache_solr_client_solrj_impl_CommonsHttpSolrServer.java,490,warning,2
solr_src_solrj_org_apache_solr_client_solrj_impl_CommonsHttpSolrServer.java,292,error,1
solr_src_solrj_org_apache_solr_client_solrj_impl_CommonsHttpSolrServer.java,534,warning,2
solr_src_solrj_org_apache_solr_client_solrj_impl_CommonsHttpSolrServer.java,185,warning,2
solr_src_solrj_org_apache_solr_client_solrj_impl_CommonsHttpSolrServer.java,517,warning,2
solr_src_solrj_org_apache_solr_client_solrj_impl_CommonsHttpSolrServer.java,628,warning,2
solr_src_solrj_org_apache_solr_client_solrj_impl_CommonsHttpSolrServer.java,256,warning,2
solr_src_solrj_org_apache_solr_client_solrj_impl_CommonsHttpSolrServer.java,575,warning,2
solr_src_solrj_org_apache_solr_client_solrj_impl_CommonsHttpSolrServer.java,409,warning,2
solr_src_solrj_org_apache_solr_client_solrj_impl_CommonsHttpSolrServer.java,437,warning,2
solr_src_solrj_org_apache_solr_client_solrj_impl_CommonsHttpSolrServer.java,484,error,1
solr_src_solrj_org_apache_solr_client_solrj_impl_CommonsHttpSolrServer.java,290,warning,2
solr_src_solrj_org_apache_solr_client_solrj_impl_CommonsHttpSolrServer.java,255,error,1
solr_src_solrj_org_apache_solr_client_solrj_impl_CommonsHttpSolrServer.java,121,error,1
solr_src_solrj_org_apache_solr_client_solrj_impl_CommonsHttpSolrServer.java,430,warning,2
solr_src_solrj_org_apache_solr_client_solrj_impl_CommonsHttpSolrServer.java,172,warning,2
solr_src_solrj_org_apache_solr_client_solrj_impl_CommonsHttpSolrServer.java,444,warning,2
solr_src_solrj_org_apache_solr_client_solrj_impl_CommonsHttpSolrServer.java,374,warning,2
solr_src_solrj_org_apache_solr_client_solrj_impl_CommonsHttpSolrServer.java,144,warning,2
solr_src_solrj_org_apache_solr_client_solrj_impl_CommonsHttpSolrServer.java,317,warning,2
solr_src_solrj_org_apache_solr_client_solrj_impl_CommonsHttpSolrServer.java,587,error,1
solr_src_solrj_org_apache_solr_client_solrj_impl_CommonsHttpSolrServer.java,388,warning,2
solr_src_solrj_org_apache_solr_client_solrj_impl_CommonsHttpSolrServer.java,420,error,1
solr_src_solrj_org_apache_solr_client_solrj_impl_CommonsHttpSolrServer.java,260,error,1
solr_src_solrj_org_apache_solr_client_solrj_impl_CommonsHttpSolrServer.java,279,warning,2
solr_src_solrj_org_apache_solr_client_solrj_impl_CommonsHttpSolrServer.java,251,warning,2
solr_src_solrj_org_apache_solr_client_solrj_impl_CommonsHttpSolrServer.java,428,warning,2
solr_src_solrj_org_apache_solr_client_solrj_impl_CommonsHttpSolrServer.java,202,error,1
solr_src_solrj_org_apache_solr_client_solrj_impl_CommonsHttpSolrServer.java,222,warning,2
solr_src_solrj_org_apache_solr_client_solrj_impl_CommonsHttpSolrServer.java,238,warning,2
solr_src_solrj_org_apache_solr_client_solrj_impl_CommonsHttpSolrServer.java,245,warning,2
solr_src_solrj_org_apache_solr_client_solrj_impl_CommonsHttpSolrServer.java,650,warning,2
solr_src_solrj_org_apache_solr_client_solrj_impl_CommonsHttpSolrServer.java,318,warning,2
solr_src_solrj_org_apache_solr_client_solrj_impl_CommonsHttpSolrServer.java,402,warning,2
solr_src_solrj_org_apache_solr_client_solrj_impl_CommonsHttpSolrServer.java,316,warning,2
solr_src_solrj_org_apache_solr_client_solrj_impl_CommonsHttpSolrServer.java,244,warning,2
solr_src_solrj_org_apache_solr_client_solrj_impl_CommonsHttpSolrServer.java,491,warning,2
solr_src_solrj_org_apache_solr_client_solrj_impl_CommonsHttpSolrServer.java,166,error,1
solr_src_solrj_org_apache_solr_client_solrj_impl_CommonsHttpSolrServer.java,366,warning,2
solr_src_solrj_org_apache_solr_client_solrj_impl_CommonsHttpSolrServer.java,648,error,1
solr_src_solrj_org_apache_solr_client_solrj_impl_CommonsHttpSolrServer.java,344,warning,2
solr_src_solrj_org_apache_solr_client_solrj_impl_CommonsHttpSolrServer.java,273,warning,2
solr_src_solrj_org_apache_solr_client_solrj_impl_CommonsHttpSolrServer.java,559,warning,2
solr_src_solrj_org_apache_solr_client_solrj_impl_CommonsHttpSolrServer.java,637,warning,2
solr_src_solrj_org_apache_solr_client_solrj_impl_CommonsHttpSolrServer.java,91,error,1
solr_src_solrj_org_apache_solr_client_solrj_impl_CommonsHttpSolrServer.java,261,warning,2
solr_src_solrj_org_apache_solr_client_solrj_impl_CommonsHttpSolrServer.java,168,warning,2
solr_src_solrj_org_apache_solr_client_solrj_impl_CommonsHttpSolrServer.java,127,error,1
solr_src_solrj_org_apache_solr_client_solrj_impl_CommonsHttpSolrServer.java,466,error,1
solr_src_solrj_org_apache_solr_client_solrj_impl_CommonsHttpSolrServer.java,338,warning,2
solr_src_solrj_org_apache_solr_client_solrj_impl_CommonsHttpSolrServer.java,595,error,1
solr_src_solrj_org_apache_solr_client_solrj_impl_CommonsHttpSolrServer.java,174,warning,2
solr_src_solrj_org_apache_solr_client_solrj_impl_CommonsHttpSolrServer.java,450,error,1
solr_src_solrj_org_apache_solr_client_solrj_impl_CommonsHttpSolrServer.java,413,error,1
solr_src_solrj_org_apache_solr_client_solrj_impl_CommonsHttpSolrServer.java,408,warning,2
solr_src_solrj_org_apache_solr_client_solrj_impl_CommonsHttpSolrServer.java,525,warning,2
solr_src_solrj_org_apache_solr_client_solrj_impl_CommonsHttpSolrServer.java,588,warning,2
solr_src_solrj_org_apache_solr_client_solrj_impl_CommonsHttpSolrServer.java,358,warning,2
solr_src_solrj_org_apache_solr_client_solrj_impl_CommonsHttpSolrServer.java,88,error,1
solr_src_solrj_org_apache_solr_client_solrj_impl_CommonsHttpSolrServer.java,216,error,1
solr_src_solrj_org_apache_solr_client_solrj_impl_CommonsHttpSolrServer.java,293,error,1
solr_src_solrj_org_apache_solr_client_solrj_impl_CommonsHttpSolrServer.java,347,warning,2
solr_src_solrj_org_apache_solr_client_solrj_impl_CommonsHttpSolrServer.java,536,error,1
solr_src_solrj_org_apache_solr_client_solrj_impl_CommonsHttpSolrServer.java,378,warning,2
solr_src_solrj_org_apache_solr_client_solrj_impl_CommonsHttpSolrServer.java,269,warning,2
solr_src_solrj_org_apache_solr_client_solrj_impl_CommonsHttpSolrServer.java,653,warning,2
solr_src_solrj_org_apache_solr_client_solrj_impl_CommonsHttpSolrServer.java,649,warning,2
solr_src_solrj_org_apache_solr_client_solrj_impl_CommonsHttpSolrServer.java,300,warning,2
solr_src_solrj_org_apache_solr_client_solrj_impl_CommonsHttpSolrServer.java,509,warning,2
solr_src_solrj_org_apache_solr_client_solrj_impl_CommonsHttpSolrServer.java,275,error,1
solr_src_solrj_org_apache_solr_client_solrj_impl_CommonsHttpSolrServer.java,390,error,1
solr_src_solrj_org_apache_solr_client_solrj_impl_CommonsHttpSolrServer.java,480,warning,2
solr_src_solrj_org_apache_solr_client_solrj_impl_CommonsHttpSolrServer.java,277,warning,2
solr_src_solrj_org_apache_solr_client_solrj_impl_CommonsHttpSolrServer.java,384,warning,2
solr_src_solrj_org_apache_solr_client_solrj_impl_CommonsHttpSolrServer.java,193,warning,2
solr_src_solrj_org_apache_solr_client_solrj_impl_CommonsHttpSolrServer.java,327,warning,2
solr_src_solrj_org_apache_solr_client_solrj_impl_CommonsHttpSolrServer.java,544,warning,2
solr_src_solrj_org_apache_solr_client_solrj_impl_CommonsHttpSolrServer.java,194,warning,2
solr_src_solrj_org_apache_solr_client_solrj_impl_CommonsHttpSolrServer.java,289,error,1
solr_src_solrj_org_apache_solr_client_solrj_impl_CommonsHttpSolrServer.java,468,error,1
solr_src_solrj_org_apache_solr_client_solrj_impl_CommonsHttpSolrServer.java,605,error,1
solr_src_solrj_org_apache_solr_client_solrj_impl_CommonsHttpSolrServer.java,405,warning,2
solr_src_solrj_org_apache_solr_client_solrj_impl_CommonsHttpSolrServer.java,581,warning,2
solr_src_solrj_org_apache_solr_client_solrj_impl_CommonsHttpSolrServer.java,267,error,1
solr_src_solrj_org_apache_solr_client_solrj_impl_CommonsHttpSolrServer.java,532,warning,2
solr_src_solrj_org_apache_solr_client_solrj_impl_CommonsHttpSolrServer.java,303,warning,2
solr_src_solrj_org_apache_solr_client_solrj_impl_CommonsHttpSolrServer.java,418,error,1
solr_src_solrj_org_apache_solr_client_solrj_impl_CommonsHttpSolrServer.java,546,warning,2
solr_src_solrj_org_apache_solr_client_solrj_impl_CommonsHttpSolrServer.java,441,error,1
solr_src_solrj_org_apache_solr_client_solrj_impl_CommonsHttpSolrServer.java,549,warning,2
solr_src_solrj_org_apache_solr_client_solrj_impl_CommonsHttpSolrServer.java,152,error,1
solr_src_solrj_org_apache_solr_client_solrj_impl_CommonsHttpSolrServer.java,204,warning,2
solr_src_solrj_org_apache_solr_client_solrj_impl_CommonsHttpSolrServer.java,257,warning,2
solr_src_solrj_org_apache_solr_client_solrj_impl_CommonsHttpSolrServer.java,236,error,1
solr_src_solrj_org_apache_solr_client_solrj_impl_CommonsHttpSolrServer.java,296,error,1
solr_src_solrj_org_apache_solr_client_solrj_impl_CommonsHttpSolrServer.java,265,warning,2
solr_src_solrj_org_apache_solr_client_solrj_impl_CommonsHttpSolrServer.java,340,warning,2
solr_src_solrj_org_apache_solr_client_solrj_impl_CommonsHttpSolrServer.java,182,warning,2
solr_src_solrj_org_apache_solr_client_solrj_impl_CommonsHttpSolrServer.java,280,warning,2
solr_src_solrj_org_apache_solr_client_solrj_impl_CommonsHttpSolrServer.java,540,warning,2
solr_src_solrj_org_apache_solr_client_solrj_impl_CommonsHttpSolrServer.java,52,warning,2
solr_src_solrj_org_apache_solr_client_solrj_impl_CommonsHttpSolrServer.java,311,warning,2
solr_src_solrj_org_apache_solr_client_solrj_impl_CommonsHttpSolrServer.java,476,warning,2
solr_src_solrj_org_apache_solr_client_solrj_impl_CommonsHttpSolrServer.java,295,warning,2
solr_src_solrj_org_apache_solr_client_solrj_impl_CommonsHttpSolrServer.java,639,warning,2
solr_src_solrj_org_apache_solr_client_solrj_impl_CommonsHttpSolrServer.java,412,warning,2
solr_src_solrj_org_apache_solr_client_solrj_impl_CommonsHttpSolrServer.java,530,warning,2
solr_src_solrj_org_apache_solr_client_solrj_impl_CommonsHttpSolrServer.java,184,error,1
solr_src_solrj_org_apache_solr_client_solrj_impl_CommonsHttpSolrServer.java,84,error,1
solr_src_solrj_org_apache_solr_client_solrj_impl_CommonsHttpSolrServer.java,624,warning,2
solr_src_solrj_org_apache_solr_client_solrj_impl_CommonsHttpSolrServer.java,537,warning,2
solr_src_solrj_org_apache_solr_client_solrj_impl_CommonsHttpSolrServer.java,492,warning,2
solr_src_solrj_org_apache_solr_client_solrj_impl_CommonsHttpSolrServer.java,357,warning,2
solr_src_solrj_org_apache_solr_client_solrj_impl_CommonsHttpSolrServer.java,196,warning,2
solr_src_solrj_org_apache_solr_client_solrj_impl_CommonsHttpSolrServer.java,246,warning,2
solr_src_solrj_org_apache_solr_client_solrj_impl_CommonsHttpSolrServer.java,177,warning,2
solr_src_solrj_org_apache_solr_client_solrj_impl_CommonsHttpSolrServer.java,623,error,1
solr_src_solrj_org_apache_solr_client_solrj_impl_CommonsHttpSolrServer.java,526,warning,2
solr_src_solrj_org_apache_solr_client_solrj_impl_CommonsHttpSolrServer.java,398,error,1
solr_src_solrj_org_apache_solr_client_solrj_impl_CommonsHttpSolrServer.java,1,error,1
solr_src_solrj_org_apache_solr_client_solrj_impl_CommonsHttpSolrServer.java,395,warning,2
solr_src_solrj_org_apache_solr_client_solrj_impl_CommonsHttpSolrServer.java,640,warning,2
solr_src_solrj_org_apache_solr_client_solrj_impl_CommonsHttpSolrServer.java,150,warning,2
solr_src_solrj_org_apache_solr_client_solrj_impl_CommonsHttpSolrServer.java,475,warning,2
solr_src_solrj_org_apache_solr_client_solrj_impl_CommonsHttpSolrServer.java,170,error,1
solr_src_solrj_org_apache_solr_client_solrj_impl_CommonsHttpSolrServer.java,414,error,1
solr_src_solrj_org_apache_solr_client_solrj_impl_CommonsHttpSolrServer.java,325,warning,2
solr_src_solrj_org_apache_solr_client_solrj_impl_CommonsHttpSolrServer.java,452,error,1
solr_src_solrj_org_apache_solr_client_solrj_impl_CommonsHttpSolrServer.java,271,warning,2
solr_src_solrj_org_apache_solr_client_solrj_impl_CommonsHttpSolrServer.java,341,warning,2
solr_src_solrj_org_apache_solr_client_solrj_impl_CommonsHttpSolrServer.java,272,error,1
solr_src_solrj_org_apache_solr_client_solrj_impl_CommonsHttpSolrServer.java,481,error,1
solr_src_solrj_org_apache_solr_client_solrj_impl_CommonsHttpSolrServer.java,415,error,1
solr_src_solrj_org_apache_solr_client_solrj_impl_CommonsHttpSolrServer.java,100,error,1
solr_src_solrj_org_apache_solr_client_solrj_impl_CommonsHttpSolrServer.java,579,error,1
solr_src_solrj_org_apache_solr_client_solrj_impl_CommonsHttpSolrServer.java,585,warning,2
solr_src_solrj_org_apache_solr_client_solrj_impl_CommonsHttpSolrServer.java,432,error,1
solr_src_solrj_org_apache_solr_client_solrj_impl_CommonsHttpSolrServer.java,393,warning,2
solr_src_solrj_org_apache_solr_client_solrj_impl_CommonsHttpSolrServer.java,646,warning,2
solr_src_solrj_org_apache_solr_client_solrj_impl_CommonsHttpSolrServer.java,249,error,1
solr_src_solrj_org_apache_solr_client_solrj_impl_CommonsHttpSolrServer.java,626,warning,2
solr_src_solrj_org_apache_solr_client_solrj_impl_CommonsHttpSolrServer.java,429,warning,2
solr_src_solrj_org_apache_solr_client_solrj_impl_CommonsHttpSolrServer.java,179,error,1
solr_src_solrj_org_apache_solr_client_solrj_impl_CommonsHttpSolrServer.java,503,error,1
solr_src_solrj_org_apache_solr_client_solrj_impl_CommonsHttpSolrServer.java,334,warning,2
solr_src_solrj_org_apache_solr_client_solrj_impl_CommonsHttpSolrServer.java,379,warning,2
solr_src_solrj_org_apache_solr_client_solrj_impl_CommonsHttpSolrServer.java,567,warning,2
solr_src_solrj_org_apache_solr_client_solrj_impl_CommonsHttpSolrServer.java,240,error,1
solr_src_solrj_org_apache_solr_client_solrj_impl_CommonsHttpSolrServer.java,339,warning,2
solr_src_solrj_org_apache_solr_client_solrj_impl_CommonsHttpSolrServer.java,221,warning,2
solr_src_solrj_org_apache_solr_client_solrj_impl_CommonsHttpSolrServer.java,411,warning,2
solr_src_solrj_org_apache_solr_client_solrj_impl_CommonsHttpSolrServer.java,474,warning,2
solr_src_solrj_org_apache_solr_client_solrj_impl_CommonsHttpSolrServer.java,449,error,1
solr_src_solrj_org_apache_solr_client_solrj_impl_CommonsHttpSolrServer.java,163,warning,2
solr_src_solrj_org_apache_solr_client_solrj_impl_CommonsHttpSolrServer.java,167,error,1
solr_src_solrj_org_apache_solr_client_solrj_impl_CommonsHttpSolrServer.java,355,error,1
solr_src_solrj_org_apache_solr_client_solrj_impl_CommonsHttpSolrServer.java,64,error,1
solr_src_solrj_org_apache_solr_client_solrj_impl_CommonsHttpSolrServer.java,342,warning,2
solr_src_solrj_org_apache_solr_client_solrj_impl_CommonsHttpSolrServer.java,472,warning,2
solr_src_solrj_org_apache_solr_client_solrj_impl_CommonsHttpSolrServer.java,203,error,1
solr_src_solrj_org_apache_solr_client_solrj_impl_CommonsHttpSolrServer.java,482,error,1
solr_src_solrj_org_apache_solr_client_solrj_impl_CommonsHttpSolrServer.java,368,warning,2
solr_src_solrj_org_apache_solr_client_solrj_impl_CommonsHttpSolrServer.java,259,warning,2
solr_src_solrj_org_apache_solr_client_solrj_impl_CommonsHttpSolrServer.java,508,warning,2
solr_src_solrj_org_apache_solr_client_solrj_impl_CommonsHttpSolrServer.java,309,warning,2
solr_src_solrj_org_apache_solr_client_solrj_impl_CommonsHttpSolrServer.java,511,error,1
solr_src_solrj_org_apache_solr_client_solrj_impl_CommonsHttpSolrServer.java,241,warning,2
solr_src_solrj_org_apache_solr_client_solrj_impl_CommonsHttpSolrServer.java,515,error,1
solr_src_solrj_org_apache_solr_client_solrj_impl_CommonsHttpSolrServer.java,312,warning,2
solr_src_solrj_org_apache_solr_client_solrj_impl_CommonsHttpSolrServer.java,580,warning,2
solr_src_solrj_org_apache_solr_client_solrj_impl_CommonsHttpSolrServer.java,315,warning,2
solr_src_solrj_org_apache_solr_client_solrj_impl_CommonsHttpSolrServer.java,382,error,1
solr_src_solrj_org_apache_solr_client_solrj_impl_CommonsHttpSolrServer.java,638,warning,2
solr_src_solrj_org_apache_solr_client_solrj_impl_CommonsHttpSolrServer.java,219,warning,2
solr_src_solrj_org_apache_solr_client_solrj_impl_CommonsHttpSolrServer.java,465,error,1
solr_src_solrj_org_apache_solr_client_solrj_impl_CommonsHttpSolrServer.java,250,warning,2
solr_src_solrj_org_apache_solr_client_solrj_impl_CommonsHttpSolrServer.java,70,warning,2
solr_src_solrj_org_apache_solr_client_solrj_impl_CommonsHttpSolrServer.java,171,warning,2
solr_src_solrj_org_apache_solr_client_solrj_impl_CommonsHttpSolrServer.java,380,warning,2
solr_src_solrj_org_apache_solr_client_solrj_impl_CommonsHttpSolrServer.java,200,error,1
solr_src_solrj_org_apache_solr_client_solrj_impl_CommonsHttpSolrServer.java,154,warning,2
solr_src_solrj_org_apache_solr_client_solrj_impl_CommonsHttpSolrServer.java,461,warning,2
solr_src_solrj_org_apache_solr_client_solrj_impl_CommonsHttpSolrServer.java,369,warning,2
solr_src_solrj_org_apache_solr_client_solrj_impl_CommonsHttpSolrServer.java,602,warning,2
solr_src_solrj_org_apache_solr_client_solrj_impl_CommonsHttpSolrServer.java,383,warning,2
solr_src_solrj_org_apache_solr_client_solrj_impl_CommonsHttpSolrServer.java,589,warning,2
solr_src_solrj_org_apache_solr_client_solrj_impl_CommonsHttpSolrServer.java,243,warning,2
solr_src_solrj_org_apache_solr_client_solrj_impl_CommonsHttpSolrServer.java,403,error,1
solr_src_solrj_org_apache_solr_client_solrj_impl_CommonsHttpSolrServer.java,234,warning,2
solr_src_solrj_org_apache_solr_client_solrj_impl_CommonsHttpSolrServer.java,442,error,1
solr_src_solrj_org_apache_solr_client_solrj_impl_CommonsHttpSolrServer.java,487,warning,2
solr_src_solrj_org_apache_solr_client_solrj_impl_CommonsHttpSolrServer.java,448,error,1
solr_src_solrj_org_apache_solr_client_solrj_impl_CommonsHttpSolrServer.java,460,error,1
solr_src_solrj_org_apache_solr_client_solrj_impl_CommonsHttpSolrServer.java,485,error,1
solr_src_solrj_org_apache_solr_client_solrj_impl_CommonsHttpSolrServer.java,233,warning,2
solr_src_solrj_org_apache_solr_client_solrj_impl_CommonsHttpSolrServer.java,436,error,1
solr_src_solrj_org_apache_solr_client_solrj_impl_CommonsHttpSolrServer.java,146,warning,2
solr_src_solrj_org_apache_solr_client_solrj_impl_CommonsHttpSolrServer.java,488,error,1
solr_src_solrj_org_apache_solr_client_solrj_impl_CommonsHttpSolrServer.java,336,warning,2
solr_src_solrj_org_apache_solr_client_solrj_impl_CommonsHttpSolrServer.java,608,warning,2
solr_src_solrj_org_apache_solr_client_solrj_impl_CommonsHttpSolrServer.java,57,error,1
solr_src_solrj_org_apache_solr_client_solrj_impl_CommonsHttpSolrServer.java,548,warning,2
solr_src_solrj_org_apache_solr_client_solrj_impl_CommonsHttpSolrServer.java,8,warning,2
solr_src_solrj_org_apache_solr_client_solrj_impl_CommonsHttpSolrServer.java,571,warning,2
solr_src_solrj_org_apache_solr_client_solrj_impl_CommonsHttpSolrServer.java,359,warning,2
solr_src_solrj_org_apache_solr_client_solrj_impl_CommonsHttpSolrServer.java,569,error,1
solr_src_solrj_org_apache_solr_client_solrj_impl_CommonsHttpSolrServer.java,348,warning,2
solr_src_solrj_org_apache_solr_client_solrj_impl_CommonsHttpSolrServer.java,276,error,1
solr_src_solrj_org_apache_solr_client_solrj_impl_CommonsHttpSolrServer.java,308,warning,2
solr_src_solrj_org_apache_solr_client_solrj_impl_CommonsHttpSolrServer.java,521,error,1
solr_src_solrj_org_apache_solr_client_solrj_impl_CommonsHttpSolrServer.java,108,error,1
solr_src_solrj_org_apache_solr_client_solrj_impl_CommonsHttpSolrServer.java,573,error,1
solr_src_solrj_org_apache_solr_client_solrj_impl_CommonsHttpSolrServer.java,658,warning,2
solr_src_solrj_org_apache_solr_client_solrj_impl_CommonsHttpSolrServer.java,29,warning,2
solr_src_solrj_org_apache_solr_client_solrj_impl_CommonsHttpSolrServer.java,597,warning,2
solr_src_solrj_org_apache_solr_client_solrj_impl_CommonsHttpSolrServer.java,470,error,1
solr_src_solrj_org_apache_solr_client_solrj_impl_CommonsHttpSolrServer.java,502,error,1
solr_src_solrj_org_apache_solr_client_solrj_impl_CommonsHttpSolrServer.java,354,warning,2
solr_src_solrj_org_apache_solr_client_solrj_impl_CommonsHttpSolrServer.java,333,warning,2
solr_src_solrj_org_apache_solr_client_solrj_impl_CommonsHttpSolrServer.java,307,warning,2
solr_src_solrj_org_apache_solr_client_solrj_impl_CommonsHttpSolrServer.java,397,warning,2
solr_src_solrj_org_apache_solr_client_solrj_impl_CommonsHttpSolrServer.java,539,error,1
solr_src_solrj_org_apache_solr_client_solrj_impl_CommonsHttpSolrServer.java,201,warning,2
solr_src_solrj_org_apache_solr_client_solrj_impl_CommonsHttpSolrServer.java,324,warning,2
solr_src_solrj_org_apache_solr_client_solrj_impl_CommonsHttpSolrServer.java,323,warning,2
solr_src_solrj_org_apache_solr_client_solrj_impl_CommonsHttpSolrServer.java,302,warning,2
solr_src_solrj_org_apache_solr_client_solrj_impl_CommonsHttpSolrServer.java,416,warning,2
solr_src_solrj_org_apache_solr_client_solrj_impl_CommonsHttpSolrServer.java,268,error,1
solr_src_solrj_org_apache_solr_client_solrj_impl_CommonsHttpSolrServer.java,458,warning,2
solr_src_solrj_org_apache_solr_client_solrj_impl_CommonsHttpSolrServer.java,242,warning,2
solr_src_solrj_org_apache_solr_client_solrj_impl_CommonsHttpSolrServer.java,77,error,1
solr_src_java_org_apache_solr_search_function_distance_HaversineFunction.java,135,warning,2
solr_src_java_org_apache_solr_search_function_distance_HaversineFunction.java,151,error,1
solr_src_java_org_apache_solr_search_function_distance_HaversineFunction.java,62,error,1
solr_src_java_org_apache_solr_search_function_distance_HaversineFunction.java,105,warning,2
solr_src_java_org_apache_solr_search_function_distance_HaversineFunction.java,147,error,1
solr_src_java_org_apache_solr_search_function_distance_HaversineFunction.java,91,warning,2
solr_src_java_org_apache_solr_search_function_distance_HaversineFunction.java,110,warning,2
solr_src_java_org_apache_solr_search_function_distance_HaversineFunction.java,90,warning,2
solr_src_java_org_apache_solr_search_function_distance_HaversineFunction.java,45,error,1
solr_src_java_org_apache_solr_search_function_distance_HaversineFunction.java,98,error,1
solr_src_java_org_apache_solr_search_function_distance_HaversineFunction.java,125,warning,2
solr_src_java_org_apache_solr_search_function_distance_HaversineFunction.java,149,warning,2
solr_src_java_org_apache_solr_search_function_distance_HaversineFunction.java,126,warning,2
solr_src_java_org_apache_solr_search_function_distance_HaversineFunction.java,174,warning,2
solr_src_java_org_apache_solr_search_function_distance_HaversineFunction.java,104,error,1
solr_src_java_org_apache_solr_search_function_distance_HaversineFunction.java,27,warning,2
solr_src_java_org_apache_solr_search_function_distance_HaversineFunction.java,124,error,1
solr_src_java_org_apache_solr_search_function_distance_HaversineFunction.java,88,warning,2
solr_src_java_org_apache_solr_search_function_distance_HaversineFunction.java,53,warning,2
solr_src_java_org_apache_solr_search_function_distance_HaversineFunction.java,161,error,1
solr_src_java_org_apache_solr_search_function_distance_HaversineFunction.java,2,error,1
solr_src_java_org_apache_solr_search_function_distance_HaversineFunction.java,118,warning,2
solr_src_java_org_apache_solr_search_function_distance_HaversineFunction.java,87,warning,2
solr_src_java_org_apache_solr_search_function_distance_HaversineFunction.java,123,warning,2
solr_src_java_org_apache_solr_search_function_distance_HaversineFunction.java,148,error,1
solr_src_java_org_apache_solr_search_function_distance_HaversineFunction.java,173,warning,2
solr_src_java_org_apache_solr_search_function_distance_HaversineFunction.java,109,error,1
solr_src_java_org_apache_solr_search_function_distance_HaversineFunction.java,97,error,1
solr_src_java_org_apache_solr_search_function_distance_HaversineFunction.java,128,warning,2
solr_src_java_org_apache_solr_search_function_distance_HaversineFunction.java,130,warning,2
solr_src_java_org_apache_solr_search_function_distance_HaversineFunction.java,89,warning,2
solr_src_java_org_apache_solr_search_function_distance_HaversineFunction.java,92,warning,2
solr_src_java_org_apache_solr_search_function_distance_HaversineFunction.java,115,warning,2
solr_src_java_org_apache_solr_search_function_distance_HaversineFunction.java,140,error,1
solr_src_java_org_apache_solr_search_function_distance_HaversineFunction.java,131,warning,2
solr_src_java_org_apache_solr_search_function_distance_HaversineFunction.java,159,warning,2
solr_src_java_org_apache_solr_search_function_distance_HaversineFunction.java,28,warning,2
solr_src_java_org_apache_solr_search_function_distance_HaversineFunction.java,44,error,1
solr_src_java_org_apache_solr_search_function_distance_HaversineFunction.java,52,error,1
solr_src_java_org_apache_solr_search_function_distance_HaversineFunction.java,85,warning,2
solr_src_java_org_apache_solr_search_function_distance_HaversineFunction.java,55,warning,2
solr_src_java_org_apache_solr_search_function_distance_HaversineFunction.java,58,warning,2
solr_src_java_org_apache_solr_search_function_distance_HaversineFunction.java,79,warning,2
solr_src_java_org_apache_solr_search_function_distance_HaversineFunction.java,102,warning,2
solr_src_java_org_apache_solr_search_function_distance_HaversineFunction.java,84,warning,2
solr_src_java_org_apache_solr_search_function_distance_HaversineFunction.java,103,warning,2
solr_src_java_org_apache_solr_search_function_distance_HaversineFunction.java,120,warning,2
solr_src_java_org_apache_solr_search_function_distance_HaversineFunction.java,1,error,1
solr_src_java_org_apache_solr_search_function_distance_HaversineFunction.java,83,warning,2
solr_src_java_org_apache_solr_search_function_distance_HaversineFunction.java,137,warning,2
solr_src_java_org_apache_solr_search_function_distance_HaversineFunction.java,72,error,1
solr_src_java_org_apache_solr_search_function_distance_HaversineFunction.java,150,warning,2
solr_src_java_org_apache_solr_search_function_distance_HaversineFunction.java,170,warning,2
solr_src_java_org_apache_solr_search_function_distance_HaversineFunction.java,75,warning,2
solr_src_java_org_apache_solr_search_function_distance_HaversineFunction.java,169,warning,2
solr_src_java_org_apache_solr_search_function_distance_HaversineFunction.java,106,warning,2
solr_src_java_org_apache_solr_search_function_distance_HaversineFunction.java,111,warning,2
solr_src_java_org_apache_solr_search_function_distance_HaversineFunction.java,114,error,1
solr_src_java_org_apache_solr_search_function_distance_HaversineFunction.java,134,warning,2
solr_src_java_org_apache_solr_search_function_distance_HaversineFunction.java,113,warning,2
solr_src_java_org_apache_solr_search_function_distance_HaversineFunction.java,93,warning,2
solr_src_java_org_apache_solr_search_function_distance_HaversineFunction.java,24,warning,2
solr_src_java_org_apache_solr_search_function_distance_HaversineFunction.java,133,warning,2
solr_src_java_org_apache_solr_search_function_distance_HaversineFunction.java,69,warning,2
solr_src_java_org_apache_solr_search_function_distance_HaversineFunction.java,165,warning,2
solr_src_java_org_apache_solr_search_function_distance_HaversineFunction.java,116,warning,2
solr_src_java_org_apache_solr_search_function_distance_HaversineFunction.java,49,warning,2
solr_src_java_org_apache_solr_search_function_distance_HaversineFunction.java,48,error,1
solr_src_java_org_apache_solr_search_function_distance_HaversineFunction.java,158,warning,2
solr_src_java_org_apache_solr_search_function_distance_HaversineFunction.java,163,error,1
solr_src_java_org_apache_solr_search_function_distance_HaversineFunction.java,162,warning,2
solr_src_java_org_apache_solr_search_function_distance_HaversineFunction.java,167,error,1
solr_src_java_org_apache_solr_search_function_distance_HaversineFunction.java,157,warning,2
solr_src_java_org_apache_solr_search_function_distance_HaversineFunction.java,153,warning,2
solr_src_java_org_apache_solr_search_function_distance_HaversineFunction.java,155,error,1
solr_src_java_org_apache_solr_search_function_distance_HaversineFunction.java,64,warning,2
solr_src_java_org_apache_solr_search_function_distance_HaversineFunction.java,66,warning,2
solr_src_java_org_apache_solr_search_function_distance_HaversineFunction.java,160,error,1
solr_src_java_org_apache_solr_search_function_distance_HaversineFunction.java,59,warning,2
solr_src_java_org_apache_solr_search_function_distance_HaversineFunction.java,78,warning,2
solr_src_java_org_apache_solr_search_function_distance_HaversineFunction.java,74,warning,2
solr_src_java_org_apache_solr_search_function_distance_HaversineFunction.java,94,warning,2
solr_src_java_org_apache_solr_search_function_distance_HaversineFunction.java,43,error,1
solr_src_java_org_apache_solr_search_function_distance_HaversineFunction.java,132,warning,2
solr_src_java_org_apache_solr_search_function_distance_HaversineFunction.java,60,warning,2
solr_src_java_org_apache_solr_search_function_distance_HaversineFunction.java,164,warning,2
solr_src_java_org_apache_solr_search_function_distance_HaversineFunction.java,171,warning,2
solr_src_java_org_apache_solr_search_function_distance_HaversineFunction.java,139,error,1
solr_src_java_org_apache_solr_search_function_distance_HaversineFunction.java,81,warning,2
solr_src_java_org_apache_solr_search_function_distance_HaversineFunction.java,54,warning,2
solr_src_java_org_apache_solr_search_function_distance_HaversineFunction.java,101,warning,2
solr_src_java_org_apache_solr_search_function_distance_HaversineFunction.java,63,warning,2
solr_src_java_org_apache_solr_search_function_distance_HaversineFunction.java,146,error,1
solr_src_java_org_apache_solr_search_function_distance_HaversineFunction.java,121,warning,2
solr_src_java_org_apache_solr_search_function_distance_HaversineFunction.java,86,warning,2
solr_src_java_org_apache_solr_search_function_distance_HaversineFunction.java,119,error,1
solr_src_java_org_apache_solr_search_function_distance_HaversineFunction.java,172,warning,2
solr_src_java_org_apache_solr_search_function_distance_HaversineFunction.java,57,warning,2
solr_src_java_org_apache_solr_search_function_distance_HaversineFunction.java,141,warning,2
solr_src_java_org_apache_solr_search_function_distance_HaversineFunction.java,80,warning,2
solr_src_java_org_apache_solr_search_function_distance_HaversineFunction.java,50,warning,2
solr_src_java_org_apache_solr_search_function_distance_HaversineFunction.java,142,warning,2
solr_src_java_org_apache_solr_search_function_distance_HaversineFunction.java,144,warning,2
solr_src_java_org_apache_solr_search_function_distance_HaversineFunction.java,108,warning,2
solr_src_java_org_apache_solr_search_function_distance_HaversineFunction.java,41,warning,2
solr_src_java_org_apache_solr_search_function_distance_HaversineFunction.java,68,warning,2
solr_src_java_org_apache_solr_search_function_distance_HaversineFunction.java,129,error,1
solr_src_java_org_apache_solr_search_function_distance_HaversineFunction.java,99,warning,2
solr_src_java_org_apache_solr_search_function_distance_HaversineFunction.java,46,error,1
solr_src_java_org_apache_solr_search_function_distance_HaversineFunction.java,56,error,1
solr_src_java_org_apache_solr_search_function_distance_HaversineFunction.java,82,warning,2
solr_src_java_org_apache_solr_search_function_distance_HaversineFunction.java,77,warning,2
solr_src_java_org_apache_solr_search_function_distance_HaversineFunction.java,76,warning,2
solr_src_java_org_apache_solr_search_function_QueryValueSource.java,34,error,1
solr_src_java_org_apache_solr_search_function_QueryValueSource.java,135,warning,2
solr_src_java_org_apache_solr_search_function_QueryValueSource.java,114,warning,2
solr_src_java_org_apache_solr_search_function_QueryValueSource.java,134,warning,2
solr_src_java_org_apache_solr_search_function_QueryValueSource.java,32,error,1
solr_src_java_org_apache_solr_search_function_QueryValueSource.java,62,warning,2
solr_src_java_org_apache_solr_search_function_QueryValueSource.java,93,error,1
solr_src_java_org_apache_solr_search_function_QueryValueSource.java,105,warning,2
solr_src_java_org_apache_solr_search_function_QueryValueSource.java,100,warning,2
solr_src_java_org_apache_solr_search_function_QueryValueSource.java,133,error,1
solr_src_java_org_apache_solr_search_function_QueryValueSource.java,24,warning,2
solr_src_java_org_apache_solr_search_function_QueryValueSource.java,21,error,1
solr_src_java_org_apache_solr_search_function_QueryValueSource.java,110,warning,2
solr_src_java_org_apache_solr_search_function_QueryValueSource.java,90,warning,2
solr_src_java_org_apache_solr_search_function_QueryValueSource.java,37,warning,2
solr_src_java_org_apache_solr_search_function_QueryValueSource.java,45,warning,2
solr_src_java_org_apache_solr_search_function_QueryValueSource.java,116,error,1
solr_src_java_org_apache_solr_search_function_QueryValueSource.java,127,warning,2
solr_src_java_org_apache_solr_search_function_QueryValueSource.java,98,error,1
solr_src_java_org_apache_solr_search_function_QueryValueSource.java,125,error,1
solr_src_java_org_apache_solr_search_function_QueryValueSource.java,126,error,1
solr_src_java_org_apache_solr_search_function_QueryValueSource.java,49,error,1
solr_src_java_org_apache_solr_search_function_QueryValueSource.java,48,error,1
solr_src_java_org_apache_solr_search_function_QueryValueSource.java,104,warning,2
solr_src_java_org_apache_solr_search_function_QueryValueSource.java,65,error,1
solr_src_java_org_apache_solr_search_function_QueryValueSource.java,10,warning,2
solr_src_java_org_apache_solr_search_function_QueryValueSource.java,30,warning,2
solr_src_java_org_apache_solr_search_function_QueryValueSource.java,27,error,1
solr_src_java_org_apache_solr_search_function_QueryValueSource.java,73,error,1
solr_src_java_org_apache_solr_search_function_QueryValueSource.java,124,warning,2
solr_src_java_org_apache_solr_search_function_QueryValueSource.java,31,error,1
solr_src_java_org_apache_solr_search_function_QueryValueSource.java,40,error,1
solr_src_java_org_apache_solr_search_function_QueryValueSource.java,88,warning,2
solr_src_java_org_apache_solr_search_function_QueryValueSource.java,64,error,1
solr_src_java_org_apache_solr_search_function_QueryValueSource.java,136,warning,2
solr_src_java_org_apache_solr_search_function_QueryValueSource.java,66,warning,2
solr_src_java_org_apache_solr_search_function_QueryValueSource.java,59,error,1
solr_src_java_org_apache_solr_search_function_QueryValueSource.java,122,error,1
solr_src_java_org_apache_solr_search_function_QueryValueSource.java,78,error,1
solr_src_java_org_apache_solr_search_function_QueryValueSource.java,118,warning,2
solr_src_java_org_apache_solr_search_function_QueryValueSource.java,74,error,1
solr_src_java_org_apache_solr_search_function_QueryValueSource.java,94,warning,2
solr_src_java_org_apache_solr_search_function_QueryValueSource.java,87,warning,2
solr_src_java_org_apache_solr_search_function_QueryValueSource.java,123,warning,2
solr_src_java_org_apache_solr_search_function_QueryValueSource.java,61,error,1
solr_src_java_org_apache_solr_search_function_QueryValueSource.java,97,warning,2
solr_src_java_org_apache_solr_search_function_QueryValueSource.java,128,warning,2
solr_src_java_org_apache_solr_search_function_QueryValueSource.java,130,error,1
solr_src_java_org_apache_solr_search_function_QueryValueSource.java,42,error,1
solr_src_java_org_apache_solr_search_function_QueryValueSource.java,60,error,1
solr_src_java_org_apache_solr_search_function_QueryValueSource.java,89,error,1
solr_src_java_org_apache_solr_search_function_QueryValueSource.java,92,warning,2
solr_src_java_org_apache_solr_search_function_QueryValueSource.java,35,warning,2
solr_src_java_org_apache_solr_search_function_QueryValueSource.java,132,warning,2
solr_src_java_org_apache_solr_search_function_QueryValueSource.java,115,warning,2
solr_src_java_org_apache_solr_search_function_QueryValueSource.java,139,warning,2
solr_src_java_org_apache_solr_search_function_QueryValueSource.java,107,warning,2
solr_src_java_org_apache_solr_search_function_QueryValueSource.java,131,warning,2
solr_src_java_org_apache_solr_search_function_QueryValueSource.java,95,warning,2
solr_src_java_org_apache_solr_search_function_QueryValueSource.java,25,warning,2
solr_src_java_org_apache_solr_search_function_QueryValueSource.java,54,error,1
solr_src_java_org_apache_solr_search_function_QueryValueSource.java,44,warning,2
solr_src_java_org_apache_solr_search_function_QueryValueSource.java,111,warning,2
solr_src_java_org_apache_solr_search_function_QueryValueSource.java,101,warning,2
solr_src_java_org_apache_solr_search_function_QueryValueSource.java,52,error,1
solr_src_java_org_apache_solr_search_function_QueryValueSource.java,85,error,1
solr_src_java_org_apache_solr_search_function_QueryValueSource.java,58,error,1
solr_src_java_org_apache_solr_search_function_QueryValueSource.java,55,warning,2
solr_src_java_org_apache_solr_search_function_QueryValueSource.java,79,error,1
solr_src_java_org_apache_solr_search_function_QueryValueSource.java,121,error,1
solr_src_java_org_apache_solr_search_function_QueryValueSource.java,86,warning,2
solr_src_java_org_apache_solr_search_function_QueryValueSource.java,36,warning,2
solr_src_java_org_apache_solr_search_function_QueryValueSource.java,57,error,1
solr_src_java_org_apache_solr_search_function_QueryValueSource.java,117,warning,2
solr_src_java_org_apache_solr_search_function_QueryValueSource.java,39,error,1
solr_src_java_org_apache_solr_search_function_QueryValueSource.java,8,warning,2
solr_src_java_org_apache_solr_search_function_QueryValueSource.java,47,error,1
solr_src_java_org_apache_solr_search_function_QueryValueSource.java,50,warning,2
solr_src_java_org_apache_solr_search_function_QueryValueSource.java,103,warning,2
solr_src_java_org_apache_solr_search_function_QueryValueSource.java,68,warning,2
solr_src_java_org_apache_solr_search_function_QueryValueSource.java,138,warning,2
solr_src_java_org_apache_solr_search_function_QueryValueSource.java,129,error,1
solr_src_java_org_apache_solr_search_function_QueryValueSource.java,120,warning,2
solr_src_java_org_apache_solr_search_function_QueryValueSource.java,1,error,1
solr_src_java_org_apache_solr_search_function_QueryValueSource.java,83,error,1
solr_src_java_org_apache_solr_search_function_QueryValueSource.java,137,error,1
solr_src_java_org_apache_solr_search_function_QueryValueSource.java,67,warning,2
solr_src_java_org_apache_solr_search_function_QueryValueSource.java,72,warning,2
solr_src_java_org_apache_solr_search_function_QueryValueSource.java,99,warning,2
solr_src_java_org_apache_solr_search_function_QueryValueSource.java,75,error,1
solr_src_java_org_apache_solr_search_function_QueryValueSource.java,76,error,1
solr_src_common_org_apache_solr_common_params_SpellingParams.java,42,error,1
solr_src_common_org_apache_solr_common_params_SpellingParams.java,60,error,1
solr_src_common_org_apache_solr_common_params_SpellingParams.java,89,error,1
solr_src_common_org_apache_solr_common_params_SpellingParams.java,107,error,1
solr_src_common_org_apache_solr_common_params_SpellingParams.java,93,error,1
solr_src_common_org_apache_solr_common_params_SpellingParams.java,33,error,1
solr_src_common_org_apache_solr_common_params_SpellingParams.java,25,error,1
solr_src_common_org_apache_solr_common_params_SpellingParams.java,98,error,1
solr_src_common_org_apache_solr_common_params_SpellingParams.java,104,error,1
solr_src_common_org_apache_solr_common_params_SpellingParams.java,86,error,1
solr_src_common_org_apache_solr_common_params_SpellingParams.java,10,warning,2
solr_src_common_org_apache_solr_common_params_SpellingParams.java,27,error,1
solr_src_common_org_apache_solr_common_params_SpellingParams.java,73,error,1
solr_src_common_org_apache_solr_common_params_SpellingParams.java,8,warning,2
solr_src_common_org_apache_solr_common_params_SpellingParams.java,80,error,1
solr_src_common_org_apache_solr_common_params_SpellingParams.java,103,error,1
solr_src_common_org_apache_solr_common_params_SpellingParams.java,20,error,1
solr_src_common_org_apache_solr_common_params_SpellingParams.java,68,error,1
solr_src_common_org_apache_solr_common_params_SpellingParams.java,1,error,1
solr_src_common_org_apache_solr_common_params_SpellingParams.java,78,error,1
solr_src_common_org_apache_solr_common_params_SpellingParams.java,83,error,1
solr_src_common_org_apache_solr_common_params_SpellingParams.java,94,error,1
solr_src_common_org_apache_solr_common_params_SpellingParams.java,112,error,1
solr_src_common_org_apache_solr_common_params_SpellingParams.java,51,error,1
solr_src_java_org_apache_solr_search_function_MultiFloatFunction.java,34,error,1
solr_src_java_org_apache_solr_search_function_MultiFloatFunction.java,114,warning,2
solr_src_java_org_apache_solr_search_function_MultiFloatFunction.java,32,error,1
solr_src_java_org_apache_solr_search_function_MultiFloatFunction.java,62,warning,2
solr_src_java_org_apache_solr_search_function_MultiFloatFunction.java,113,warning,2
solr_src_java_org_apache_solr_search_function_MultiFloatFunction.java,93,error,1
solr_src_java_org_apache_solr_search_function_MultiFloatFunction.java,105,error,1
solr_src_java_org_apache_solr_search_function_MultiFloatFunction.java,100,warning,2
solr_src_java_org_apache_solr_search_function_MultiFloatFunction.java,24,warning,2
solr_src_java_org_apache_solr_search_function_MultiFloatFunction.java,91,warning,2
solr_src_java_org_apache_solr_search_function_MultiFloatFunction.java,90,error,1
solr_src_java_org_apache_solr_search_function_MultiFloatFunction.java,69,warning,2
solr_src_java_org_apache_solr_search_function_MultiFloatFunction.java,45,error,1
solr_src_java_org_apache_solr_search_function_MultiFloatFunction.java,116,error,1
solr_src_java_org_apache_solr_search_function_MultiFloatFunction.java,98,warning,2
solr_src_java_org_apache_solr_search_function_MultiFloatFunction.java,49,warning,2
solr_src_java_org_apache_solr_search_function_MultiFloatFunction.java,48,error,1
solr_src_java_org_apache_solr_search_function_MultiFloatFunction.java,65,warning,2
solr_src_java_org_apache_solr_search_function_MultiFloatFunction.java,38,error,1
solr_src_java_org_apache_solr_search_function_MultiFloatFunction.java,27,warning,2
solr_src_java_org_apache_solr_search_function_MultiFloatFunction.java,73,warning,2
solr_src_java_org_apache_solr_search_function_MultiFloatFunction.java,31,warning,2
solr_src_java_org_apache_solr_search_function_MultiFloatFunction.java,88,warning,2
solr_src_java_org_apache_solr_search_function_MultiFloatFunction.java,66,warning,2
solr_src_java_org_apache_solr_search_function_MultiFloatFunction.java,53,warning,2
solr_src_java_org_apache_solr_search_function_MultiFloatFunction.java,59,error,1
solr_src_java_org_apache_solr_search_function_MultiFloatFunction.java,122,warning,2
solr_src_java_org_apache_solr_search_function_MultiFloatFunction.java,2,error,1
solr_src_java_org_apache_solr_search_function_MultiFloatFunction.java,118,error,1
solr_src_java_org_apache_solr_search_function_MultiFloatFunction.java,78,warning,2
solr_src_java_org_apache_solr_search_function_MultiFloatFunction.java,74,warning,2
solr_src_java_org_apache_solr_search_function_MultiFloatFunction.java,94,warning,2
solr_src_java_org_apache_solr_search_function_MultiFloatFunction.java,43,warning,2
solr_src_java_org_apache_solr_search_function_MultiFloatFunction.java,87,error,1
solr_src_java_org_apache_solr_search_function_MultiFloatFunction.java,61,error,1
solr_src_java_org_apache_solr_search_function_MultiFloatFunction.java,109,warning,2
solr_src_java_org_apache_solr_search_function_MultiFloatFunction.java,97,warning,2
solr_src_java_org_apache_solr_search_function_MultiFloatFunction.java,89,warning,2
solr_src_java_org_apache_solr_search_function_MultiFloatFunction.java,35,warning,2
solr_src_java_org_apache_solr_search_function_MultiFloatFunction.java,60,warning,2
solr_src_java_org_apache_solr_search_function_MultiFloatFunction.java,92,warning,2
solr_src_java_org_apache_solr_search_function_MultiFloatFunction.java,70,warning,2
solr_src_java_org_apache_solr_search_function_MultiFloatFunction.java,23,warning,2
solr_src_java_org_apache_solr_search_function_MultiFloatFunction.java,22,warning,2
solr_src_java_org_apache_solr_search_function_MultiFloatFunction.java,107,error,1
solr_src_java_org_apache_solr_search_function_MultiFloatFunction.java,96,warning,2
solr_src_java_org_apache_solr_search_function_MultiFloatFunction.java,95,warning,2
solr_src_java_org_apache_solr_search_function_MultiFloatFunction.java,81,warning,2
solr_src_java_org_apache_solr_search_function_MultiFloatFunction.java,54,warning,2
solr_src_java_org_apache_solr_search_function_MultiFloatFunction.java,44,warning,2
solr_src_java_org_apache_solr_search_function_MultiFloatFunction.java,111,error,1
solr_src_java_org_apache_solr_search_function_MultiFloatFunction.java,101,warning,2
solr_src_java_org_apache_solr_search_function_MultiFloatFunction.java,52,warning,2
solr_src_java_org_apache_solr_search_function_MultiFloatFunction.java,85,warning,2
solr_src_java_org_apache_solr_search_function_MultiFloatFunction.java,63,warning,2
solr_src_java_org_apache_solr_search_function_MultiFloatFunction.java,58,error,1
solr_src_java_org_apache_solr_search_function_MultiFloatFunction.java,55,warning,2
solr_src_java_org_apache_solr_search_function_MultiFloatFunction.java,79,error,1
solr_src_java_org_apache_solr_search_function_MultiFloatFunction.java,121,warning,2
solr_src_java_org_apache_solr_search_function_MultiFloatFunction.java,86,warning,2
solr_src_java_org_apache_solr_search_function_MultiFloatFunction.java,119,error,1
solr_src_java_org_apache_solr_search_function_MultiFloatFunction.java,36,warning,2
solr_src_java_org_apache_solr_search_function_MultiFloatFunction.java,117,error,1
solr_src_java_org_apache_solr_search_function_MultiFloatFunction.java,39,error,1
solr_src_java_org_apache_solr_search_function_MultiFloatFunction.java,84,warning,2
solr_src_java_org_apache_solr_search_function_MultiFloatFunction.java,47,warning,2
solr_src_java_org_apache_solr_search_function_MultiFloatFunction.java,71,error,1
solr_src_java_org_apache_solr_search_function_MultiFloatFunction.java,80,error,1
solr_src_java_org_apache_solr_search_function_MultiFloatFunction.java,50,warning,2
solr_src_java_org_apache_solr_search_function_MultiFloatFunction.java,103,warning,2
solr_src_java_org_apache_solr_search_function_MultiFloatFunction.java,108,warning,2
solr_src_java_org_apache_solr_search_function_MultiFloatFunction.java,41,error,1
solr_src_java_org_apache_solr_search_function_MultiFloatFunction.java,68,warning,2
solr_src_java_org_apache_solr_search_function_MultiFloatFunction.java,120,warning,2
solr_src_java_org_apache_solr_search_function_MultiFloatFunction.java,1,error,1
solr_src_java_org_apache_solr_search_function_MultiFloatFunction.java,83,error,1
solr_src_java_org_apache_solr_search_function_MultiFloatFunction.java,67,error,1
solr_src_java_org_apache_solr_search_function_MultiFloatFunction.java,82,warning,2
solr_src_java_org_apache_solr_search_function_MultiFloatFunction.java,72,error,1
solr_src_java_org_apache_solr_search_function_MultiFloatFunction.java,99,warning,2
solr_src_java_org_apache_solr_search_function_MultiFloatFunction.java,46,warning,2
solr_src_java_org_apache_solr_search_function_MultiFloatFunction.java,56,warning,2
solr_src_java_org_apache_solr_search_function_MultiFloatFunction.java,75,error,1
solr_src_java_org_apache_solr_search_function_MultiFloatFunction.java,51,warning,2
solr_src_java_org_apache_solr_search_function_MultiFloatFunction.java,77,warning,2
solr_src_java_org_apache_solr_search_function_MultiFloatFunction.java,106,error,1
solr_src_java_org_apache_solr_search_function_MultiFloatFunction.java,76,error,1
solr_src_java_org_apache_solr_search_function_RangeMapFloatFunction.java,34,warning,2
solr_src_java_org_apache_solr_search_function_RangeMapFloatFunction.java,114,warning,2
solr_src_java_org_apache_solr_search_function_RangeMapFloatFunction.java,113,error,1
solr_src_java_org_apache_solr_search_function_RangeMapFloatFunction.java,62,warning,2
solr_src_java_org_apache_solr_search_function_RangeMapFloatFunction.java,100,error,1
solr_src_java_org_apache_solr_search_function_RangeMapFloatFunction.java,105,error,1
solr_src_java_org_apache_solr_search_function_RangeMapFloatFunction.java,93,warning,2
solr_src_java_org_apache_solr_search_function_RangeMapFloatFunction.java,24,warning,2
solr_src_java_org_apache_solr_search_function_RangeMapFloatFunction.java,91,error,1
solr_src_java_org_apache_solr_search_function_RangeMapFloatFunction.java,110,warning,2
solr_src_java_org_apache_solr_search_function_RangeMapFloatFunction.java,69,error,1
solr_src_java_org_apache_solr_search_function_RangeMapFloatFunction.java,37,error,1
solr_src_java_org_apache_solr_search_function_RangeMapFloatFunction.java,45,warning,2
solr_src_java_org_apache_solr_search_function_RangeMapFloatFunction.java,98,error,1
solr_src_java_org_apache_solr_search_function_RangeMapFloatFunction.java,49,error,1
solr_src_java_org_apache_solr_search_function_RangeMapFloatFunction.java,65,error,1
solr_src_java_org_apache_solr_search_function_RangeMapFloatFunction.java,10,warning,2
solr_src_java_org_apache_solr_search_function_RangeMapFloatFunction.java,30,error,1
solr_src_java_org_apache_solr_search_function_RangeMapFloatFunction.java,38,error,1
solr_src_java_org_apache_solr_search_function_RangeMapFloatFunction.java,73,error,1
solr_src_java_org_apache_solr_search_function_RangeMapFloatFunction.java,88,warning,2
solr_src_java_org_apache_solr_search_function_RangeMapFloatFunction.java,64,error,1
solr_src_java_org_apache_solr_search_function_RangeMapFloatFunction.java,66,warning,2
solr_src_java_org_apache_solr_search_function_RangeMapFloatFunction.java,59,error,1
solr_src_java_org_apache_solr_search_function_RangeMapFloatFunction.java,78,warning,2
solr_src_java_org_apache_solr_search_function_RangeMapFloatFunction.java,74,warning,2
solr_src_java_org_apache_solr_search_function_RangeMapFloatFunction.java,94,error,1
solr_src_java_org_apache_solr_search_function_RangeMapFloatFunction.java,43,warning,2
solr_src_java_org_apache_solr_search_function_RangeMapFloatFunction.java,87,error,1
solr_src_java_org_apache_solr_search_function_RangeMapFloatFunction.java,61,error,1
solr_src_java_org_apache_solr_search_function_RangeMapFloatFunction.java,109,warning,2
solr_src_java_org_apache_solr_search_function_RangeMapFloatFunction.java,97,warning,2
solr_src_java_org_apache_solr_search_function_RangeMapFloatFunction.java,42,warning,2
solr_src_java_org_apache_solr_search_function_RangeMapFloatFunction.java,35,error,1
solr_src_java_org_apache_solr_search_function_RangeMapFloatFunction.java,60,warning,2
solr_src_java_org_apache_solr_search_function_RangeMapFloatFunction.java,70,warning,2
solr_src_java_org_apache_solr_search_function_RangeMapFloatFunction.java,89,warning,2
solr_src_java_org_apache_solr_search_function_RangeMapFloatFunction.java,23,warning,2
solr_src_java_org_apache_solr_search_function_RangeMapFloatFunction.java,107,error,1
solr_src_java_org_apache_solr_search_function_RangeMapFloatFunction.java,96,error,1
solr_src_java_org_apache_solr_search_function_RangeMapFloatFunction.java,95,warning,2
solr_src_java_org_apache_solr_search_function_RangeMapFloatFunction.java,81,error,1
solr_src_java_org_apache_solr_search_function_RangeMapFloatFunction.java,54,error,1
solr_src_java_org_apache_solr_search_function_RangeMapFloatFunction.java,44,warning,2
solr_src_java_org_apache_solr_search_function_RangeMapFloatFunction.java,111,warning,2
solr_src_java_org_apache_solr_search_function_RangeMapFloatFunction.java,101,warning,2
solr_src_java_org_apache_solr_search_function_RangeMapFloatFunction.java,52,warning,2
solr_src_java_org_apache_solr_search_function_RangeMapFloatFunction.java,63,warning,2
solr_src_java_org_apache_solr_search_function_RangeMapFloatFunction.java,55,error,1
solr_src_java_org_apache_solr_search_function_RangeMapFloatFunction.java,58,warning,2
solr_src_java_org_apache_solr_search_function_RangeMapFloatFunction.java,79,warning,2
solr_src_java_org_apache_solr_search_function_RangeMapFloatFunction.java,86,error,1
solr_src_java_org_apache_solr_search_function_RangeMapFloatFunction.java,102,warning,2
solr_src_java_org_apache_solr_search_function_RangeMapFloatFunction.java,36,error,1
solr_src_java_org_apache_solr_search_function_RangeMapFloatFunction.java,57,warning,2
solr_src_java_org_apache_solr_search_function_RangeMapFloatFunction.java,39,error,1
solr_src_java_org_apache_solr_search_function_RangeMapFloatFunction.java,8,warning,2
solr_src_java_org_apache_solr_search_function_RangeMapFloatFunction.java,84,warning,2
solr_src_java_org_apache_solr_search_function_RangeMapFloatFunction.java,47,warning,2
solr_src_java_org_apache_solr_search_function_RangeMapFloatFunction.java,71,warning,2
solr_src_java_org_apache_solr_search_function_RangeMapFloatFunction.java,80,error,1
solr_src_java_org_apache_solr_search_function_RangeMapFloatFunction.java,103,warning,2
solr_src_java_org_apache_solr_search_function_RangeMapFloatFunction.java,108,error,1
solr_src_java_org_apache_solr_search_function_RangeMapFloatFunction.java,41,error,1
solr_src_java_org_apache_solr_search_function_RangeMapFloatFunction.java,68,error,1
solr_src_java_org_apache_solr_search_function_RangeMapFloatFunction.java,1,error,1
solr_src_java_org_apache_solr_search_function_RangeMapFloatFunction.java,67,warning,2
solr_src_java_org_apache_solr_search_function_RangeMapFloatFunction.java,82,warning,2
solr_src_java_org_apache_solr_search_function_RangeMapFloatFunction.java,72,error,1
solr_src_java_org_apache_solr_search_function_RangeMapFloatFunction.java,112,warning,2
solr_src_java_org_apache_solr_search_function_RangeMapFloatFunction.java,99,warning,2
solr_src_java_org_apache_solr_search_function_RangeMapFloatFunction.java,46,warning,2
solr_src_java_org_apache_solr_search_function_RangeMapFloatFunction.java,56,warning,2
solr_src_java_org_apache_solr_search_function_RangeMapFloatFunction.java,75,warning,2
solr_src_java_org_apache_solr_search_function_RangeMapFloatFunction.java,51,error,1
solr_src_java_org_apache_solr_search_function_RangeMapFloatFunction.java,77,warning,2
solr_src_java_org_apache_solr_search_function_RangeMapFloatFunction.java,106,error,1
solr_src_java_org_apache_solr_search_function_RangeMapFloatFunction.java,76,error,1
solr_src_java_org_apache_solr_spelling_PossibilityIterator.java,114,warning,2
solr_src_java_org_apache_solr_spelling_PossibilityIterator.java,135,warning,2
solr_src_java_org_apache_solr_spelling_PossibilityIterator.java,151,warning,2
solr_src_java_org_apache_solr_spelling_PossibilityIterator.java,134,warning,2
solr_src_java_org_apache_solr_spelling_PossibilityIterator.java,113,warning,2
solr_src_java_org_apache_solr_spelling_PossibilityIterator.java,62,error,1
solr_src_java_org_apache_solr_spelling_PossibilityIterator.java,93,warning,2
solr_src_java_org_apache_solr_spelling_PossibilityIterator.java,147,warning,2
solr_src_java_org_apache_solr_spelling_PossibilityIterator.java,133,warning,2
solr_src_java_org_apache_solr_spelling_PossibilityIterator.java,91,warning,2
solr_src_java_org_apache_solr_spelling_PossibilityIterator.java,110,warning,2
solr_src_java_org_apache_solr_spelling_PossibilityIterator.java,90,warning,2
solr_src_java_org_apache_solr_spelling_PossibilityIterator.java,69,warning,2
solr_src_java_org_apache_solr_spelling_PossibilityIterator.java,165,warning,2
solr_src_java_org_apache_solr_spelling_PossibilityIterator.java,127,warning,2
solr_src_java_org_apache_solr_spelling_PossibilityIterator.java,125,warning,2
solr_src_java_org_apache_solr_spelling_PossibilityIterator.java,149,warning,2
solr_src_java_org_apache_solr_spelling_PossibilityIterator.java,126,warning,2
solr_src_java_org_apache_solr_spelling_PossibilityIterator.java,49,warning,2
solr_src_java_org_apache_solr_spelling_PossibilityIterator.java,48,warning,2
solr_src_java_org_apache_solr_spelling_PossibilityIterator.java,145,error,1
solr_src_java_org_apache_solr_spelling_PossibilityIterator.java,65,warning,2
solr_src_java_org_apache_solr_spelling_PossibilityIterator.java,27,warning,2
solr_src_java_org_apache_solr_spelling_PossibilityIterator.java,73,warning,2
solr_src_java_org_apache_solr_spelling_PossibilityIterator.java,163,error,1
solr_src_java_org_apache_solr_spelling_PossibilityIterator.java,124,warning,2
solr_src_java_org_apache_solr_spelling_PossibilityIterator.java,157,warning,2
solr_src_java_org_apache_solr_spelling_PossibilityIterator.java,40,error,1
solr_src_java_org_apache_solr_spelling_PossibilityIterator.java,88,warning,2
solr_src_java_org_apache_solr_spelling_PossibilityIterator.java,153,warning,2
solr_src_java_org_apache_solr_spelling_PossibilityIterator.java,155,error,1
solr_src_java_org_apache_solr_spelling_PossibilityIterator.java,136,warning,2
solr_src_java_org_apache_solr_spelling_PossibilityIterator.java,64,warning,2
solr_src_java_org_apache_solr_spelling_PossibilityIterator.java,66,warning,2
solr_src_java_org_apache_solr_spelling_PossibilityIterator.java,161,warning,2
solr_src_java_org_apache_solr_spelling_PossibilityIterator.java,160,warning,2
solr_src_java_org_apache_solr_spelling_PossibilityIterator.java,59,error,1
solr_src_java_org_apache_solr_spelling_PossibilityIterator.java,122,warning,2
solr_src_java_org_apache_solr_spelling_PossibilityIterator.java,2,error,1
solr_src_java_org_apache_solr_spelling_PossibilityIterator.java,118,warning,2
solr_src_java_org_apache_solr_spelling_PossibilityIterator.java,78,warning,2
solr_src_java_org_apache_solr_spelling_PossibilityIterator.java,74,warning,2
solr_src_java_org_apache_solr_spelling_PossibilityIterator.java,43,error,1
solr_src_java_org_apache_solr_spelling_PossibilityIterator.java,61,warning,2
solr_src_java_org_apache_solr_spelling_PossibilityIterator.java,97,warning,2
solr_src_java_org_apache_solr_spelling_PossibilityIterator.java,128,warning,2
solr_src_java_org_apache_solr_spelling_PossibilityIterator.java,130,warning,2
solr_src_java_org_apache_solr_spelling_PossibilityIterator.java,42,error,1
solr_src_java_org_apache_solr_spelling_PossibilityIterator.java,60,error,1
solr_src_java_org_apache_solr_spelling_PossibilityIterator.java,89,warning,2
solr_src_java_org_apache_solr_spelling_PossibilityIterator.java,92,warning,2
solr_src_java_org_apache_solr_spelling_PossibilityIterator.java,156,warning,2
solr_src_java_org_apache_solr_spelling_PossibilityIterator.java,70,warning,2
solr_src_java_org_apache_solr_spelling_PossibilityIterator.java,132,warning,2
solr_src_java_org_apache_solr_spelling_PossibilityIterator.java,164,warning,2
solr_src_java_org_apache_solr_spelling_PossibilityIterator.java,115,warning,2
solr_src_java_org_apache_solr_spelling_PossibilityIterator.java,139,warning,2
solr_src_java_org_apache_solr_spelling_PossibilityIterator.java,140,warning,2
solr_src_java_org_apache_solr_spelling_PossibilityIterator.java,96,warning,2
solr_src_java_org_apache_solr_spelling_PossibilityIterator.java,159,error,1
solr_src_java_org_apache_solr_spelling_PossibilityIterator.java,131,warning,2
solr_src_java_org_apache_solr_spelling_PossibilityIterator.java,95,warning,2
solr_src_java_org_apache_solr_spelling_PossibilityIterator.java,81,warning,2
solr_src_java_org_apache_solr_spelling_PossibilityIterator.java,152,warning,2
solr_src_java_org_apache_solr_spelling_PossibilityIterator.java,44,error,1
solr_src_java_org_apache_solr_spelling_PossibilityIterator.java,85,warning,2
solr_src_java_org_apache_solr_spelling_PossibilityIterator.java,63,warning,2
solr_src_java_org_apache_solr_spelling_PossibilityIterator.java,79,warning,2
solr_src_java_org_apache_solr_spelling_PossibilityIterator.java,121,error,1
solr_src_java_org_apache_solr_spelling_PossibilityIterator.java,146,warning,2
solr_src_java_org_apache_solr_spelling_PossibilityIterator.java,86,warning,2
solr_src_java_org_apache_solr_spelling_PossibilityIterator.java,119,warning,2
solr_src_java_org_apache_solr_spelling_PossibilityIterator.java,117,error,1
solr_src_java_org_apache_solr_spelling_PossibilityIterator.java,57,warning,2
solr_src_java_org_apache_solr_spelling_PossibilityIterator.java,39,warning,2
solr_src_java_org_apache_solr_spelling_PossibilityIterator.java,84,warning,2
solr_src_java_org_apache_solr_spelling_PossibilityIterator.java,141,warning,2
solr_src_java_org_apache_solr_spelling_PossibilityIterator.java,71,warning,2
solr_src_java_org_apache_solr_spelling_PossibilityIterator.java,80,warning,2
solr_src_java_org_apache_solr_spelling_PossibilityIterator.java,142,warning,2
solr_src_java_org_apache_solr_spelling_PossibilityIterator.java,144,error,1
solr_src_java_org_apache_solr_spelling_PossibilityIterator.java,41,error,1
solr_src_java_org_apache_solr_spelling_PossibilityIterator.java,68,warning,2
solr_src_java_org_apache_solr_spelling_PossibilityIterator.java,138,warning,2
solr_src_java_org_apache_solr_spelling_PossibilityIterator.java,129,warning,2
solr_src_java_org_apache_solr_spelling_PossibilityIterator.java,120,warning,2
solr_src_java_org_apache_solr_spelling_PossibilityIterator.java,1,error,1
solr_src_java_org_apache_solr_spelling_PossibilityIterator.java,83,warning,2
solr_src_java_org_apache_solr_spelling_PossibilityIterator.java,137,warning,2
solr_src_java_org_apache_solr_spelling_PossibilityIterator.java,67,warning,2
solr_src_java_org_apache_solr_spelling_PossibilityIterator.java,112,error,1
solr_src_java_org_apache_solr_spelling_PossibilityIterator.java,150,warning,2
solr_src_java_org_apache_solr_spelling_PossibilityIterator.java,46,warning,2
solr_src_java_org_apache_solr_spelling_PossibilityIterator.java,75,warning,2
solr_src_java_org_apache_solr_spelling_PossibilityIterator.java,82,warning,2
solr_src_java_org_apache_solr_spelling_PossibilityIterator.java,77,warning,2
solr_src_java_org_apache_solr_spelling_PossibilityIterator.java,76,warning,2
solr_src_java_org_apache_solr_spelling_SpellCheckCollator.java,114,warning,2
solr_src_java_org_apache_solr_spelling_SpellCheckCollator.java,135,warning,2
solr_src_java_org_apache_solr_spelling_SpellCheckCollator.java,134,warning,2
solr_src_java_org_apache_solr_spelling_SpellCheckCollator.java,113,warning,2
solr_src_java_org_apache_solr_spelling_SpellCheckCollator.java,93,warning,2
solr_src_java_org_apache_solr_spelling_SpellCheckCollator.java,105,warning,2
solr_src_java_org_apache_solr_spelling_SpellCheckCollator.java,100,warning,2
solr_src_java_org_apache_solr_spelling_SpellCheckCollator.java,133,warning,2
solr_src_java_org_apache_solr_spelling_SpellCheckCollator.java,91,warning,2
solr_src_java_org_apache_solr_spelling_SpellCheckCollator.java,110,warning,2
solr_src_java_org_apache_solr_spelling_SpellCheckCollator.java,69,error,1
solr_src_java_org_apache_solr_spelling_SpellCheckCollator.java,90,warning,2
solr_src_java_org_apache_solr_spelling_SpellCheckCollator.java,45,warning,2
solr_src_java_org_apache_solr_spelling_SpellCheckCollator.java,116,warning,2
solr_src_java_org_apache_solr_spelling_SpellCheckCollator.java,98,warning,2
solr_src_java_org_apache_solr_spelling_SpellCheckCollator.java,125,warning,2
solr_src_java_org_apache_solr_spelling_SpellCheckCollator.java,126,warning,2
solr_src_java_org_apache_solr_spelling_SpellCheckCollator.java,49,warning,2
solr_src_java_org_apache_solr_spelling_SpellCheckCollator.java,48,warning,2
solr_src_java_org_apache_solr_spelling_SpellCheckCollator.java,104,warning,2
solr_src_java_org_apache_solr_spelling_SpellCheckCollator.java,65,error,1
solr_src_java_org_apache_solr_spelling_SpellCheckCollator.java,38,error,1
solr_src_java_org_apache_solr_spelling_SpellCheckCollator.java,73,warning,2
solr_src_java_org_apache_solr_spelling_SpellCheckCollator.java,124,warning,2
solr_src_java_org_apache_solr_spelling_SpellCheckCollator.java,88,warning,2
solr_src_java_org_apache_solr_spelling_SpellCheckCollator.java,40,warning,2
solr_src_java_org_apache_solr_spelling_SpellCheckCollator.java,136,warning,2
solr_src_java_org_apache_solr_spelling_SpellCheckCollator.java,66,error,1
solr_src_java_org_apache_solr_spelling_SpellCheckCollator.java,53,warning,2
solr_src_java_org_apache_solr_spelling_SpellCheckCollator.java,64,warning,2
solr_src_java_org_apache_solr_spelling_SpellCheckCollator.java,59,warning,2
solr_src_java_org_apache_solr_spelling_SpellCheckCollator.java,122,error,1
solr_src_java_org_apache_solr_spelling_SpellCheckCollator.java,2,error,1
solr_src_java_org_apache_solr_spelling_SpellCheckCollator.java,118,warning,2
solr_src_java_org_apache_solr_spelling_SpellCheckCollator.java,78,warning,2
solr_src_java_org_apache_solr_spelling_SpellCheckCollator.java,94,warning,2
solr_src_java_org_apache_solr_spelling_SpellCheckCollator.java,43,warning,2
solr_src_java_org_apache_solr_spelling_SpellCheckCollator.java,87,error,1
solr_src_java_org_apache_solr_spelling_SpellCheckCollator.java,123,warning,2
solr_src_java_org_apache_solr_spelling_SpellCheckCollator.java,61,warning,2
solr_src_java_org_apache_solr_spelling_SpellCheckCollator.java,109,error,1
solr_src_java_org_apache_solr_spelling_SpellCheckCollator.java,97,warning,2
solr_src_java_org_apache_solr_spelling_SpellCheckCollator.java,130,warning,2
solr_src_java_org_apache_solr_spelling_SpellCheckCollator.java,42,warning,2
solr_src_java_org_apache_solr_spelling_SpellCheckCollator.java,35,warning,2
solr_src_java_org_apache_solr_spelling_SpellCheckCollator.java,60,warning,2
solr_src_java_org_apache_solr_spelling_SpellCheckCollator.java,92,warning,2
solr_src_java_org_apache_solr_spelling_SpellCheckCollator.java,70,warning,2
solr_src_java_org_apache_solr_spelling_SpellCheckCollator.java,23,warning,2
solr_src_java_org_apache_solr_spelling_SpellCheckCollator.java,132,warning,2
solr_src_java_org_apache_solr_spelling_SpellCheckCollator.java,115,error,1
solr_src_java_org_apache_solr_spelling_SpellCheckCollator.java,107,warning,2
solr_src_java_org_apache_solr_spelling_SpellCheckCollator.java,96,warning,2
solr_src_java_org_apache_solr_spelling_SpellCheckCollator.java,131,warning,2
solr_src_java_org_apache_solr_spelling_SpellCheckCollator.java,95,error,1
solr_src_java_org_apache_solr_spelling_SpellCheckCollator.java,81,error,1
solr_src_java_org_apache_solr_spelling_SpellCheckCollator.java,54,warning,2
solr_src_java_org_apache_solr_spelling_SpellCheckCollator.java,44,warning,2
solr_src_java_org_apache_solr_spelling_SpellCheckCollator.java,101,warning,2
solr_src_java_org_apache_solr_spelling_SpellCheckCollator.java,52,warning,2
solr_src_java_org_apache_solr_spelling_SpellCheckCollator.java,85,warning,2
solr_src_java_org_apache_solr_spelling_SpellCheckCollator.java,63,warning,2
solr_src_java_org_apache_solr_spelling_SpellCheckCollator.java,58,error,1
solr_src_java_org_apache_solr_spelling_SpellCheckCollator.java,55,warning,2
solr_src_java_org_apache_solr_spelling_SpellCheckCollator.java,79,error,1
solr_src_java_org_apache_solr_spelling_SpellCheckCollator.java,121,error,1
solr_src_java_org_apache_solr_spelling_SpellCheckCollator.java,102,warning,2
solr_src_java_org_apache_solr_spelling_SpellCheckCollator.java,119,warning,2
solr_src_java_org_apache_solr_spelling_SpellCheckCollator.java,36,error,1
solr_src_java_org_apache_solr_spelling_SpellCheckCollator.java,57,warning,2
solr_src_java_org_apache_solr_spelling_SpellCheckCollator.java,117,warning,2
solr_src_java_org_apache_solr_spelling_SpellCheckCollator.java,39,error,1
solr_src_java_org_apache_solr_spelling_SpellCheckCollator.java,84,warning,2
solr_src_java_org_apache_solr_spelling_SpellCheckCollator.java,47,warning,2
solr_src_java_org_apache_solr_spelling_SpellCheckCollator.java,50,warning,2
solr_src_java_org_apache_solr_spelling_SpellCheckCollator.java,103,warning,2
solr_src_java_org_apache_solr_spelling_SpellCheckCollator.java,108,warning,2
solr_src_java_org_apache_solr_spelling_SpellCheckCollator.java,68,warning,2
solr_src_java_org_apache_solr_spelling_SpellCheckCollator.java,129,error,1
solr_src_java_org_apache_solr_spelling_SpellCheckCollator.java,1,error,1
solr_src_java_org_apache_solr_spelling_SpellCheckCollator.java,83,warning,2
solr_src_java_org_apache_solr_spelling_SpellCheckCollator.java,76,warning,2
solr_src_java_org_apache_solr_spelling_SpellCheckCollator.java,137,warning,2
solr_src_java_org_apache_solr_spelling_SpellCheckCollator.java,72,warning,2
solr_src_java_org_apache_solr_spelling_SpellCheckCollator.java,112,warning,2
solr_src_java_org_apache_solr_spelling_SpellCheckCollator.java,99,warning,2
solr_src_java_org_apache_solr_spelling_SpellCheckCollator.java,46,warning,2
solr_src_java_org_apache_solr_spelling_SpellCheckCollator.java,56,warning,2
solr_src_java_org_apache_solr_spelling_SpellCheckCollator.java,75,warning,2
solr_src_java_org_apache_solr_spelling_SpellCheckCollator.java,82,warning,2
solr_src_java_org_apache_solr_spelling_SpellCheckCollator.java,77,warning,2
solr_src_java_org_apache_solr_spelling_SpellCheckCollator.java,111,warning,2
solr_src_java_org_apache_solr_search_function_FileFloatSource.java,135,warning,2
solr_src_java_org_apache_solr_search_function_FileFloatSource.java,151,warning,2
solr_src_java_org_apache_solr_search_function_FileFloatSource.java,188,error,1
solr_src_java_org_apache_solr_search_function_FileFloatSource.java,110,warning,2
solr_src_java_org_apache_solr_search_function_FileFloatSource.java,345,warning,2
solr_src_java_org_apache_solr_search_function_FileFloatSource.java,320,warning,2
solr_src_java_org_apache_solr_search_function_FileFloatSource.java,210,warning,2
solr_src_java_org_apache_solr_search_function_FileFloatSource.java,98,warning,2
solr_src_java_org_apache_solr_search_function_FileFloatSource.java,125,warning,2
solr_src_java_org_apache_solr_search_function_FileFloatSource.java,149,warning,2
solr_src_java_org_apache_solr_search_function_FileFloatSource.java,254,warning,2
solr_src_java_org_apache_solr_search_function_FileFloatSource.java,291,warning,2
solr_src_java_org_apache_solr_search_function_FileFloatSource.java,65,warning,2
solr_src_java_org_apache_solr_search_function_FileFloatSource.java,364,warning,2
solr_src_java_org_apache_solr_search_function_FileFloatSource.java,263,error,1
solr_src_java_org_apache_solr_search_function_FileFloatSource.java,288,warning,2
solr_src_java_org_apache_solr_search_function_FileFloatSource.java,53,error,1
solr_src_java_org_apache_solr_search_function_FileFloatSource.java,161,warning,2
solr_src_java_org_apache_solr_search_function_FileFloatSource.java,199,warning,2
solr_src_java_org_apache_solr_search_function_FileFloatSource.java,329,warning,2
solr_src_java_org_apache_solr_search_function_FileFloatSource.java,209,warning,2
solr_src_java_org_apache_solr_search_function_FileFloatSource.java,301,warning,2
solr_src_java_org_apache_solr_search_function_FileFloatSource.java,299,warning,2
solr_src_java_org_apache_solr_search_function_FileFloatSource.java,321,warning,2
solr_src_java_org_apache_solr_search_function_FileFloatSource.java,218,error,1
solr_src_java_org_apache_solr_search_function_FileFloatSource.java,186,warning,2
solr_src_java_org_apache_solr_search_function_FileFloatSource.java,262,warning,2
solr_src_java_org_apache_solr_search_function_FileFloatSource.java,148,warning,2
solr_src_java_org_apache_solr_search_function_FileFloatSource.java,173,warning,2
solr_src_java_org_apache_solr_search_function_FileFloatSource.java,235,error,1
solr_src_java_org_apache_solr_search_function_FileFloatSource.java,109,warning,2
solr_src_java_org_apache_solr_search_function_FileFloatSource.java,349,warning,2
solr_src_java_org_apache_solr_search_function_FileFloatSource.java,128,error,1
solr_src_java_org_apache_solr_search_function_FileFloatSource.java,229,error,1
solr_src_java_org_apache_solr_search_function_FileFloatSource.java,253,warning,2
solr_src_java_org_apache_solr_search_function_FileFloatSource.java,115,error,1
solr_src_java_org_apache_solr_search_function_FileFloatSource.java,131,error,1
solr_src_java_org_apache_solr_search_function_FileFloatSource.java,343,warning,2
solr_src_java_org_apache_solr_search_function_FileFloatSource.java,350,warning,2
solr_src_java_org_apache_solr_search_function_FileFloatSource.java,298,warning,2
solr_src_java_org_apache_solr_search_function_FileFloatSource.java,362,warning,2
solr_src_java_org_apache_solr_search_function_FileFloatSource.java,58,error,1
solr_src_java_org_apache_solr_search_function_FileFloatSource.java,55,warning,2
solr_src_java_org_apache_solr_search_function_FileFloatSource.java,79,error,1
solr_src_java_org_apache_solr_search_function_FileFloatSource.java,285,warning,2
solr_src_java_org_apache_solr_search_function_FileFloatSource.java,17,warning,2
solr_src_java_org_apache_solr_search_function_FileFloatSource.java,215,warning,2
solr_src_java_org_apache_solr_search_function_FileFloatSource.java,39,warning,2
solr_src_java_org_apache_solr_search_function_FileFloatSource.java,71,warning,2
solr_src_java_org_apache_solr_search_function_FileFloatSource.java,103,warning,2
solr_src_java_org_apache_solr_search_function_FileFloatSource.java,306,warning,2
solr_src_java_org_apache_solr_search_function_FileFloatSource.java,281,error,1
solr_src_java_org_apache_solr_search_function_FileFloatSource.java,365,error,1
solr_src_java_org_apache_solr_search_function_FileFloatSource.java,26,warning,2
solr_src_java_org_apache_solr_search_function_FileFloatSource.java,214,warning,2
solr_src_java_org_apache_solr_search_function_FileFloatSource.java,67,warning,2
solr_src_java_org_apache_solr_search_function_FileFloatSource.java,351,warning,2
solr_src_java_org_apache_solr_search_function_FileFloatSource.java,192,warning,2
solr_src_java_org_apache_solr_search_function_FileFloatSource.java,331,warning,2
solr_src_java_org_apache_solr_search_function_FileFloatSource.java,75,warning,2
solr_src_java_org_apache_solr_search_function_FileFloatSource.java,51,warning,2
solr_src_java_org_apache_solr_search_function_FileFloatSource.java,181,warning,2
solr_src_java_org_apache_solr_search_function_FileFloatSource.java,106,error,1
solr_src_java_org_apache_solr_search_function_FileFloatSource.java,111,warning,2
solr_src_java_org_apache_solr_search_function_FileFloatSource.java,322,warning,2
solr_src_java_org_apache_solr_search_function_FileFloatSource.java,32,error,1
solr_src_java_org_apache_solr_search_function_FileFloatSource.java,113,warning,2
solr_src_java_org_apache_solr_search_function_FileFloatSource.java,328,warning,2
solr_src_java_org_apache_solr_search_function_FileFloatSource.java,213,warning,2
solr_src_java_org_apache_solr_search_function_FileFloatSource.java,207,error,1
solr_src_java_org_apache_solr_search_function_FileFloatSource.java,211,warning,2
solr_src_java_org_apache_solr_search_function_FileFloatSource.java,49,warning,2
solr_src_java_org_apache_solr_search_function_FileFloatSource.java,175,warning,2
solr_src_java_org_apache_solr_search_function_FileFloatSource.java,183,warning,2
solr_src_java_org_apache_solr_search_function_FileFloatSource.java,212,warning,2
solr_src_java_org_apache_solr_search_function_FileFloatSource.java,10,warning,2
solr_src_java_org_apache_solr_search_function_FileFloatSource.java,252,warning,2
solr_src_java_org_apache_solr_search_function_FileFloatSource.java,330,warning,2
solr_src_java_org_apache_solr_search_function_FileFloatSource.java,162,warning,2
solr_src_java_org_apache_solr_search_function_FileFloatSource.java,31,error,1
solr_src_java_org_apache_solr_search_function_FileFloatSource.java,157,warning,2
solr_src_java_org_apache_solr_search_function_FileFloatSource.java,40,error,1
solr_src_java_org_apache_solr_search_function_FileFloatSource.java,153,warning,2
solr_src_java_org_apache_solr_search_function_FileFloatSource.java,319,warning,2
solr_src_java_org_apache_solr_search_function_FileFloatSource.java,155,warning,2
solr_src_java_org_apache_solr_search_function_FileFloatSource.java,66,warning,2
solr_src_java_org_apache_solr_search_function_FileFloatSource.java,310,warning,2
solr_src_java_org_apache_solr_search_function_FileFloatSource.java,176,warning,2
solr_src_java_org_apache_solr_search_function_FileFloatSource.java,59,error,1
solr_src_java_org_apache_solr_search_function_FileFloatSource.java,258,warning,2
solr_src_java_org_apache_solr_search_function_FileFloatSource.java,239,warning,2
solr_src_java_org_apache_solr_search_function_FileFloatSource.java,337,warning,2
solr_src_java_org_apache_solr_search_function_FileFloatSource.java,286,warning,2
solr_src_java_org_apache_solr_search_function_FileFloatSource.java,282,error,1
solr_src_java_org_apache_solr_search_function_FileFloatSource.java,156,warning,2
solr_src_java_org_apache_solr_search_function_FileFloatSource.java,352,warning,2
solr_src_java_org_apache_solr_search_function_FileFloatSource.java,42,error,1
solr_src_java_org_apache_solr_search_function_FileFloatSource.java,164,warning,2
solr_src_java_org_apache_solr_search_function_FileFloatSource.java,139,warning,2
solr_src_java_org_apache_solr_search_function_FileFloatSource.java,81,warning,2
solr_src_java_org_apache_solr_search_function_FileFloatSource.java,256,warning,2
solr_src_java_org_apache_solr_search_function_FileFloatSource.java,290,warning,2
solr_src_java_org_apache_solr_search_function_FileFloatSource.java,346,error,1
solr_src_java_org_apache_solr_search_function_FileFloatSource.java,255,warning,2
solr_src_java_org_apache_solr_search_function_FileFloatSource.java,278,error,1
solr_src_java_org_apache_solr_search_function_FileFloatSource.java,172,warning,2
solr_src_java_org_apache_solr_search_function_FileFloatSource.java,360,error,1
solr_src_java_org_apache_solr_search_function_FileFloatSource.java,117,warning,2
solr_src_java_org_apache_solr_search_function_FileFloatSource.java,47,warning,2
solr_src_java_org_apache_solr_search_function_FileFloatSource.java,144,error,1
solr_src_java_org_apache_solr_search_function_FileFloatSource.java,317,warning,2
solr_src_java_org_apache_solr_search_function_FileFloatSource.java,41,error,1
solr_src_java_org_apache_solr_search_function_FileFloatSource.java,129,warning,2
solr_src_java_org_apache_solr_search_function_FileFloatSource.java,251,warning,2
solr_src_java_org_apache_solr_search_function_FileFloatSource.java,279,warning,2
solr_src_java_org_apache_solr_search_function_FileFloatSource.java,202,warning,2
solr_src_java_org_apache_solr_search_function_FileFloatSource.java,222,warning,2
solr_src_java_org_apache_solr_search_function_FileFloatSource.java,238,warning,2
solr_src_java_org_apache_solr_search_function_FileFloatSource.java,245,error,1
solr_src_java_org_apache_solr_search_function_FileFloatSource.java,318,warning,2
solr_src_java_org_apache_solr_search_function_FileFloatSource.java,226,error,1
solr_src_java_org_apache_solr_search_function_FileFloatSource.java,56,warning,2
solr_src_java_org_apache_solr_search_function_FileFloatSource.java,244,warning,2
solr_src_java_org_apache_solr_search_function_FileFloatSource.java,22,warning,2
solr_src_java_org_apache_solr_search_function_FileFloatSource.java,76,warning,2
solr_src_java_org_apache_solr_search_function_FileFloatSource.java,166,warning,2
solr_src_java_org_apache_solr_search_function_FileFloatSource.java,366,warning,2
solr_src_java_org_apache_solr_search_function_FileFloatSource.java,62,error,1
solr_src_java_org_apache_solr_search_function_FileFloatSource.java,344,warning,2
solr_src_java_org_apache_solr_search_function_FileFloatSource.java,273,error,1
solr_src_java_org_apache_solr_search_function_FileFloatSource.java,105,error,1
solr_src_java_org_apache_solr_search_function_FileFloatSource.java,147,warning,2
solr_src_java_org_apache_solr_search_function_FileFloatSource.java,91,warning,2
solr_src_java_org_apache_solr_search_function_FileFloatSource.java,90,error,1
solr_src_java_org_apache_solr_search_function_FileFloatSource.java,261,error,1
solr_src_java_org_apache_solr_search_function_FileFloatSource.java,168,warning,2
solr_src_java_org_apache_solr_search_function_FileFloatSource.java,127,error,1
solr_src_java_org_apache_solr_search_function_FileFloatSource.java,338,warning,2
solr_src_java_org_apache_solr_search_function_FileFloatSource.java,145,warning,2
solr_src_java_org_apache_solr_search_function_FileFloatSource.java,190,warning,2
solr_src_java_org_apache_solr_search_function_FileFloatSource.java,73,warning,2
solr_src_java_org_apache_solr_search_function_FileFloatSource.java,335,warning,2
solr_src_java_org_apache_solr_search_function_FileFloatSource.java,88,warning,2
solr_src_java_org_apache_solr_search_function_FileFloatSource.java,216,warning,2
solr_src_java_org_apache_solr_search_function_FileFloatSource.java,293,warning,2
solr_src_java_org_apache_solr_search_function_FileFloatSource.java,347,warning,2
solr_src_java_org_apache_solr_search_function_FileFloatSource.java,220,warning,2
solr_src_java_org_apache_solr_search_function_FileFloatSource.java,305,error,1
solr_src_java_org_apache_solr_search_function_FileFloatSource.java,300,warning,2
solr_src_java_org_apache_solr_search_function_FileFloatSource.java,275,warning,2
solr_src_java_org_apache_solr_search_function_FileFloatSource.java,118,warning,2
solr_src_java_org_apache_solr_search_function_FileFloatSource.java,277,warning,2
solr_src_java_org_apache_solr_search_function_FileFloatSource.java,356,warning,2
solr_src_java_org_apache_solr_search_function_FileFloatSource.java,193,error,1
solr_src_java_org_apache_solr_search_function_FileFloatSource.java,123,error,1
solr_src_java_org_apache_solr_search_function_FileFloatSource.java,61,warning,2
solr_src_java_org_apache_solr_search_function_FileFloatSource.java,327,warning,2
solr_src_java_org_apache_solr_search_function_FileFloatSource.java,194,error,1
solr_src_java_org_apache_solr_search_function_FileFloatSource.java,224,warning,2
solr_src_java_org_apache_solr_search_function_FileFloatSource.java,89,error,1
solr_src_java_org_apache_solr_search_function_FileFloatSource.java,107,error,1
solr_src_java_org_apache_solr_search_function_FileFloatSource.java,140,error,1
solr_src_java_org_apache_solr_search_function_FileFloatSource.java,96,warning,2
solr_src_java_org_apache_solr_search_function_FileFloatSource.java,159,warning,2
solr_src_java_org_apache_solr_search_function_FileFloatSource.java,303,warning,2
solr_src_java_org_apache_solr_search_function_FileFloatSource.java,152,warning,2
solr_src_java_org_apache_solr_search_function_FileFloatSource.java,257,warning,2
solr_src_java_org_apache_solr_search_function_FileFloatSource.java,265,warning,2
solr_src_java_org_apache_solr_search_function_FileFloatSource.java,44,error,1
solr_src_java_org_apache_solr_search_function_FileFloatSource.java,296,warning,2
solr_src_java_org_apache_solr_search_function_FileFloatSource.java,340,error,1
solr_src_java_org_apache_solr_search_function_FileFloatSource.java,182,error,1
solr_src_java_org_apache_solr_search_function_FileFloatSource.java,280,error,1
solr_src_java_org_apache_solr_search_function_FileFloatSource.java,85,error,1
solr_src_java_org_apache_solr_search_function_FileFloatSource.java,295,error,1
solr_src_java_org_apache_solr_search_function_FileFloatSource.java,36,warning,2
solr_src_java_org_apache_solr_search_function_FileFloatSource.java,84,error,1
solr_src_java_org_apache_solr_search_function_FileFloatSource.java,189,warning,2
solr_src_java_org_apache_solr_search_function_FileFloatSource.java,196,warning,2
solr_src_java_org_apache_solr_search_function_FileFloatSource.java,246,error,1
solr_src_java_org_apache_solr_search_function_FileFloatSource.java,177,warning,2
solr_src_java_org_apache_solr_search_function_FileFloatSource.java,294,warning,2
solr_src_java_org_apache_solr_search_function_FileFloatSource.java,120,error,1
solr_src_java_org_apache_solr_search_function_FileFloatSource.java,187,error,1
solr_src_java_org_apache_solr_search_function_FileFloatSource.java,1,error,1
solr_src_java_org_apache_solr_search_function_FileFloatSource.java,83,warning,2
solr_src_java_org_apache_solr_search_function_FileFloatSource.java,72,warning,2
solr_src_java_org_apache_solr_search_function_FileFloatSource.java,112,warning,2
solr_src_java_org_apache_solr_search_function_FileFloatSource.java,150,warning,2
solr_src_java_org_apache_solr_search_function_FileFloatSource.java,170,warning,2
solr_src_java_org_apache_solr_search_function_FileFloatSource.java,325,warning,2
solr_src_java_org_apache_solr_search_function_FileFloatSource.java,169,warning,2
solr_src_java_org_apache_solr_search_function_FileFloatSource.java,341,error,1
solr_src_java_org_apache_solr_search_function_FileFloatSource.java,134,error,1
solr_src_java_org_apache_solr_search_function_FileFloatSource.java,272,warning,2
solr_src_java_org_apache_solr_search_function_FileFloatSource.java,195,error,1
solr_src_java_org_apache_solr_search_function_FileFloatSource.java,332,warning,2
solr_src_java_org_apache_solr_search_function_FileFloatSource.java,93,warning,2
solr_src_java_org_apache_solr_search_function_FileFloatSource.java,100,warning,2
solr_src_java_org_apache_solr_search_function_FileFloatSource.java,133,error,1
solr_src_java_org_apache_solr_search_function_FileFloatSource.java,69,warning,2
solr_src_java_org_apache_solr_search_function_FileFloatSource.java,165,warning,2
solr_src_java_org_apache_solr_search_function_FileFloatSource.java,179,error,1
solr_src_java_org_apache_solr_search_function_FileFloatSource.java,48,warning,2
solr_src_java_org_apache_solr_search_function_FileFloatSource.java,158,warning,2
solr_src_java_org_apache_solr_search_function_FileFloatSource.java,361,error,1
solr_src_java_org_apache_solr_search_function_FileFloatSource.java,163,warning,2
solr_src_java_org_apache_solr_search_function_FileFloatSource.java,167,warning,2
solr_src_java_org_apache_solr_search_function_FileFloatSource.java,355,error,1
solr_src_java_org_apache_solr_search_function_FileFloatSource.java,64,warning,2
solr_src_java_org_apache_solr_search_function_FileFloatSource.java,342,warning,2
solr_src_java_org_apache_solr_search_function_FileFloatSource.java,160,warning,2
solr_src_java_org_apache_solr_search_function_FileFloatSource.java,203,warning,2
solr_src_java_org_apache_solr_search_function_FileFloatSource.java,368,warning,2
solr_src_java_org_apache_solr_search_function_FileFloatSource.java,122,error,1
solr_src_java_org_apache_solr_search_function_FileFloatSource.java,78,warning,2
solr_src_java_org_apache_solr_search_function_FileFloatSource.java,309,warning,2
solr_src_java_org_apache_solr_search_function_FileFloatSource.java,74,error,1
solr_src_java_org_apache_solr_search_function_FileFloatSource.java,241,error,1
solr_src_java_org_apache_solr_search_function_FileFloatSource.java,94,error,1
solr_src_java_org_apache_solr_search_function_FileFloatSource.java,326,warning,2
solr_src_java_org_apache_solr_search_function_FileFloatSource.java,297,warning,2
solr_src_java_org_apache_solr_search_function_FileFloatSource.java,219,warning,2
solr_src_java_org_apache_solr_search_function_FileFloatSource.java,250,warning,2
solr_src_java_org_apache_solr_search_function_FileFloatSource.java,132,warning,2
solr_src_java_org_apache_solr_search_function_FileFloatSource.java,60,warning,2
solr_src_java_org_apache_solr_search_function_FileFloatSource.java,171,warning,2
solr_src_java_org_apache_solr_search_function_FileFloatSource.java,154,warning,2
solr_src_java_org_apache_solr_search_function_FileFloatSource.java,369,warning,2
solr_src_java_org_apache_solr_search_function_FileFloatSource.java,283,warning,2
solr_src_java_org_apache_solr_search_function_FileFloatSource.java,95,warning,2
solr_src_java_org_apache_solr_search_function_FileFloatSource.java,243,error,1
solr_src_java_org_apache_solr_search_function_FileFloatSource.java,248,error,1
solr_src_java_org_apache_solr_search_function_FileFloatSource.java,234,error,1
solr_src_java_org_apache_solr_search_function_FileFloatSource.java,101,warning,2
solr_src_java_org_apache_solr_search_function_FileFloatSource.java,63,warning,2
solr_src_java_org_apache_solr_search_function_FileFloatSource.java,233,warning,2
solr_src_java_org_apache_solr_search_function_FileFloatSource.java,146,warning,2
solr_src_java_org_apache_solr_search_function_FileFloatSource.java,86,warning,2
solr_src_java_org_apache_solr_search_function_FileFloatSource.java,237,warning,2
solr_src_java_org_apache_solr_search_function_FileFloatSource.java,336,warning,2
solr_src_java_org_apache_solr_search_function_FileFloatSource.java,353,warning,2
solr_src_java_org_apache_solr_search_function_FileFloatSource.java,8,warning,2
solr_src_java_org_apache_solr_search_function_FileFloatSource.java,80,error,1
solr_src_java_org_apache_solr_search_function_FileFloatSource.java,359,error,1
solr_src_java_org_apache_solr_search_function_FileFloatSource.java,50,warning,2
solr_src_java_org_apache_solr_search_function_FileFloatSource.java,348,warning,2
solr_src_java_org_apache_solr_search_function_FileFloatSource.java,142,warning,2
solr_src_java_org_apache_solr_search_function_FileFloatSource.java,276,warning,2
solr_src_java_org_apache_solr_search_function_FileFloatSource.java,308,warning,2
solr_src_java_org_apache_solr_search_function_FileFloatSource.java,284,warning,2
solr_src_java_org_apache_solr_search_function_FileFloatSource.java,108,error,1
solr_src_java_org_apache_solr_search_function_FileFloatSource.java,68,warning,2
solr_src_java_org_apache_solr_search_function_FileFloatSource.java,208,warning,2
solr_src_java_org_apache_solr_search_function_FileFloatSource.java,333,warning,2
solr_src_java_org_apache_solr_search_function_FileFloatSource.java,307,warning,2
solr_src_java_org_apache_solr_search_function_FileFloatSource.java,197,warning,2
solr_src_java_org_apache_solr_search_function_FileFloatSource.java,201,warning,2
solr_src_java_org_apache_solr_search_function_FileFloatSource.java,225,warning,2
solr_src_java_org_apache_solr_search_function_FileFloatSource.java,99,error,1
solr_src_java_org_apache_solr_search_function_FileFloatSource.java,323,warning,2
solr_src_java_org_apache_solr_search_function_FileFloatSource.java,46,error,1
solr_src_java_org_apache_solr_search_function_FileFloatSource.java,302,warning,2
solr_src_java_org_apache_solr_search_function_FileFloatSource.java,339,warning,2
lucene_src_java_org_apache_lucene_store_FSDirectory.java,135,error,1
lucene_src_java_org_apache_lucene_store_FSDirectory.java,151,warning,2
lucene_src_java_org_apache_lucene_store_FSDirectory.java,500,warning,2
lucene_src_java_org_apache_lucene_store_FSDirectory.java,188,error,1
lucene_src_java_org_apache_lucene_store_FSDirectory.java,489,error,1
lucene_src_java_org_apache_lucene_store_FSDirectory.java,533,warning,2
lucene_src_java_org_apache_lucene_store_FSDirectory.java,304,warning,2
lucene_src_java_org_apache_lucene_store_FSDirectory.java,206,warning,2
lucene_src_java_org_apache_lucene_store_FSDirectory.java,376,warning,2
lucene_src_java_org_apache_lucene_store_FSDirectory.java,399,warning,2
lucene_src_java_org_apache_lucene_store_FSDirectory.java,320,warning,2
lucene_src_java_org_apache_lucene_store_FSDirectory.java,37,warning,2
lucene_src_java_org_apache_lucene_store_FSDirectory.java,456,error,1
lucene_src_java_org_apache_lucene_store_FSDirectory.java,372,error,1
lucene_src_java_org_apache_lucene_store_FSDirectory.java,210,warning,2
lucene_src_java_org_apache_lucene_store_FSDirectory.java,98,warning,2
lucene_src_java_org_apache_lucene_store_FSDirectory.java,149,error,1
lucene_src_java_org_apache_lucene_store_FSDirectory.java,291,warning,2
lucene_src_java_org_apache_lucene_store_FSDirectory.java,364,warning,2
lucene_src_java_org_apache_lucene_store_FSDirectory.java,288,warning,2
lucene_src_java_org_apache_lucene_store_FSDirectory.java,136,error,1
lucene_src_java_org_apache_lucene_store_FSDirectory.java,478,warning,2
lucene_src_java_org_apache_lucene_store_FSDirectory.java,199,error,1
lucene_src_java_org_apache_lucene_store_FSDirectory.java,477,warning,2
lucene_src_java_org_apache_lucene_store_FSDirectory.java,329,warning,2
lucene_src_java_org_apache_lucene_store_FSDirectory.java,518,error,1
lucene_src_java_org_apache_lucene_store_FSDirectory.java,375,warning,2
lucene_src_java_org_apache_lucene_store_FSDirectory.java,433,error,1
lucene_src_java_org_apache_lucene_store_FSDirectory.java,209,warning,2
lucene_src_java_org_apache_lucene_store_FSDirectory.java,301,warning,2
lucene_src_java_org_apache_lucene_store_FSDirectory.java,495,error,1
lucene_src_java_org_apache_lucene_store_FSDirectory.java,299,warning,2
lucene_src_java_org_apache_lucene_store_FSDirectory.java,235,error,1
lucene_src_java_org_apache_lucene_store_FSDirectory.java,191,warning,2
lucene_src_java_org_apache_lucene_store_FSDirectory.java,523,warning,2
lucene_src_java_org_apache_lucene_store_FSDirectory.java,229,warning,2
lucene_src_java_org_apache_lucene_store_FSDirectory.java,253,warning,2
lucene_src_java_org_apache_lucene_store_FSDirectory.java,115,warning,2
lucene_src_java_org_apache_lucene_store_FSDirectory.java,531,error,1
lucene_src_java_org_apache_lucene_store_FSDirectory.java,459,error,1
lucene_src_java_org_apache_lucene_store_FSDirectory.java,343,error,1
lucene_src_java_org_apache_lucene_store_FSDirectory.java,400,warning,2
lucene_src_java_org_apache_lucene_store_FSDirectory.java,370,warning,2
lucene_src_java_org_apache_lucene_store_FSDirectory.java,469,warning,2
lucene_src_java_org_apache_lucene_store_FSDirectory.java,350,error,1
lucene_src_java_org_apache_lucene_store_FSDirectory.java,205,warning,2
lucene_src_java_org_apache_lucene_store_FSDirectory.java,362,error,1
lucene_src_java_org_apache_lucene_store_FSDirectory.java,454,error,1
lucene_src_java_org_apache_lucene_store_FSDirectory.java,217,warning,2
lucene_src_java_org_apache_lucene_store_FSDirectory.java,486,warning,2
lucene_src_java_org_apache_lucene_store_FSDirectory.java,215,warning,2
lucene_src_java_org_apache_lucene_store_FSDirectory.java,231,error,1
lucene_src_java_org_apache_lucene_store_FSDirectory.java,529,warning,2
lucene_src_java_org_apache_lucene_store_FSDirectory.java,451,warning,2
lucene_src_java_org_apache_lucene_store_FSDirectory.java,462,warning,2
lucene_src_java_org_apache_lucene_store_FSDirectory.java,306,warning,2
lucene_src_java_org_apache_lucene_store_FSDirectory.java,281,warning,2
lucene_src_java_org_apache_lucene_store_FSDirectory.java,467,warning,2
lucene_src_java_org_apache_lucene_store_FSDirectory.java,527,error,1
lucene_src_java_org_apache_lucene_store_FSDirectory.java,365,warning,2
lucene_src_java_org_apache_lucene_store_FSDirectory.java,394,error,1
lucene_src_java_org_apache_lucene_store_FSDirectory.java,313,warning,2
lucene_src_java_org_apache_lucene_store_FSDirectory.java,214,warning,2
lucene_src_java_org_apache_lucene_store_FSDirectory.java,391,warning,2
lucene_src_java_org_apache_lucene_store_FSDirectory.java,541,error,1
lucene_src_java_org_apache_lucene_store_FSDirectory.java,351,error,1
lucene_src_java_org_apache_lucene_store_FSDirectory.java,192,warning,2
lucene_src_java_org_apache_lucene_store_FSDirectory.java,435,warning,2
lucene_src_java_org_apache_lucene_store_FSDirectory.java,331,error,1
lucene_src_java_org_apache_lucene_store_FSDirectory.java,535,error,1
lucene_src_java_org_apache_lucene_store_FSDirectory.java,34,error,1
lucene_src_java_org_apache_lucene_store_FSDirectory.java,322,warning,2
lucene_src_java_org_apache_lucene_store_FSDirectory.java,328,warning,2
lucene_src_java_org_apache_lucene_store_FSDirectory.java,314,warning,2
lucene_src_java_org_apache_lucene_store_FSDirectory.java,213,warning,2
lucene_src_java_org_apache_lucene_store_FSDirectory.java,207,warning,2
lucene_src_java_org_apache_lucene_store_FSDirectory.java,385,warning,2
lucene_src_java_org_apache_lucene_store_FSDirectory.java,211,warning,2
lucene_src_java_org_apache_lucene_store_FSDirectory.java,264,warning,2
lucene_src_java_org_apache_lucene_store_FSDirectory.java,524,warning,2
lucene_src_java_org_apache_lucene_store_FSDirectory.java,513,error,1
lucene_src_java_org_apache_lucene_store_FSDirectory.java,116,error,1
lucene_src_java_org_apache_lucene_store_FSDirectory.java,507,error,1
lucene_src_java_org_apache_lucene_store_FSDirectory.java,183,warning,2
lucene_src_java_org_apache_lucene_store_FSDirectory.java,528,warning,2
lucene_src_java_org_apache_lucene_store_FSDirectory.java,381,error,1
lucene_src_java_org_apache_lucene_store_FSDirectory.java,212,warning,2
lucene_src_java_org_apache_lucene_store_FSDirectory.java,464,warning,2
lucene_src_java_org_apache_lucene_store_FSDirectory.java,252,warning,2
lucene_src_java_org_apache_lucene_store_FSDirectory.java,319,error,1
lucene_src_java_org_apache_lucene_store_FSDirectory.java,157,error,1
lucene_src_java_org_apache_lucene_store_FSDirectory.java,31,warning,2
lucene_src_java_org_apache_lucene_store_FSDirectory.java,153,warning,2
lucene_src_java_org_apache_lucene_store_FSDirectory.java,504,warning,2
lucene_src_java_org_apache_lucene_store_FSDirectory.java,505,warning,2
lucene_src_java_org_apache_lucene_store_FSDirectory.java,310,error,1
lucene_src_java_org_apache_lucene_store_FSDirectory.java,401,warning,2
lucene_src_java_org_apache_lucene_store_FSDirectory.java,440,warning,2
lucene_src_java_org_apache_lucene_store_FSDirectory.java,367,warning,2
lucene_src_java_org_apache_lucene_store_FSDirectory.java,258,warning,2
lucene_src_java_org_apache_lucene_store_FSDirectory.java,455,error,1
lucene_src_java_org_apache_lucene_store_FSDirectory.java,396,warning,2
lucene_src_java_org_apache_lucene_store_FSDirectory.java,287,error,1
lucene_src_java_org_apache_lucene_store_FSDirectory.java,463,warning,2
lucene_src_java_org_apache_lucene_store_FSDirectory.java,516,warning,2
lucene_src_java_org_apache_lucene_store_FSDirectory.java,337,error,1
lucene_src_java_org_apache_lucene_store_FSDirectory.java,266,warning,2
lucene_src_java_org_apache_lucene_store_FSDirectory.java,286,warning,2
lucene_src_java_org_apache_lucene_store_FSDirectory.java,282,warning,2
lucene_src_java_org_apache_lucene_store_FSDirectory.java,479,warning,2
lucene_src_java_org_apache_lucene_store_FSDirectory.java,483,warning,2
lucene_src_java_org_apache_lucene_store_FSDirectory.java,156,error,1
lucene_src_java_org_apache_lucene_store_FSDirectory.java,352,warning,2
lucene_src_java_org_apache_lucene_store_FSDirectory.java,446,warning,2
lucene_src_java_org_apache_lucene_store_FSDirectory.java,490,warning,2
lucene_src_java_org_apache_lucene_store_FSDirectory.java,227,error,1
lucene_src_java_org_apache_lucene_store_FSDirectory.java,139,error,1
lucene_src_java_org_apache_lucene_store_FSDirectory.java,292,warning,2
lucene_src_java_org_apache_lucene_store_FSDirectory.java,453,warning,2
lucene_src_java_org_apache_lucene_store_FSDirectory.java,438,warning,2
lucene_src_java_org_apache_lucene_store_FSDirectory.java,517,warning,2
lucene_src_java_org_apache_lucene_store_FSDirectory.java,256,warning,2
lucene_src_java_org_apache_lucene_store_FSDirectory.java,409,warning,2
lucene_src_java_org_apache_lucene_store_FSDirectory.java,437,warning,2
lucene_src_java_org_apache_lucene_store_FSDirectory.java,484,warning,2
lucene_src_java_org_apache_lucene_store_FSDirectory.java,290,warning,2
lucene_src_java_org_apache_lucene_store_FSDirectory.java,346,warning,2
lucene_src_java_org_apache_lucene_store_FSDirectory.java,121,warning,2
lucene_src_java_org_apache_lucene_store_FSDirectory.java,228,error,1
lucene_src_java_org_apache_lucene_store_FSDirectory.java,278,warning,2
lucene_src_java_org_apache_lucene_store_FSDirectory.java,373,warning,2
lucene_src_java_org_apache_lucene_store_FSDirectory.java,360,error,1
lucene_src_java_org_apache_lucene_store_FSDirectory.java,141,warning,2
lucene_src_java_org_apache_lucene_store_FSDirectory.java,374,warning,2
lucene_src_java_org_apache_lucene_store_FSDirectory.java,317,error,1
lucene_src_java_org_apache_lucene_store_FSDirectory.java,144,warning,2
lucene_src_java_org_apache_lucene_store_FSDirectory.java,138,error,1
lucene_src_java_org_apache_lucene_store_FSDirectory.java,388,warning,2
lucene_src_java_org_apache_lucene_store_FSDirectory.java,279,error,1
lucene_src_java_org_apache_lucene_store_FSDirectory.java,251,warning,2
lucene_src_java_org_apache_lucene_store_FSDirectory.java,260,warning,2
lucene_src_java_org_apache_lucene_store_FSDirectory.java,318,error,1
lucene_src_java_org_apache_lucene_store_FSDirectory.java,402,warning,2
lucene_src_java_org_apache_lucene_store_FSDirectory.java,244,warning,2
lucene_src_java_org_apache_lucene_store_FSDirectory.java,491,warning,2
lucene_src_java_org_apache_lucene_store_FSDirectory.java,366,warning,2
lucene_src_java_org_apache_lucene_store_FSDirectory.java,499,warning,2
lucene_src_java_org_apache_lucene_store_FSDirectory.java,344,warning,2
lucene_src_java_org_apache_lucene_store_FSDirectory.java,273,warning,2
lucene_src_java_org_apache_lucene_store_FSDirectory.java,147,warning,2
lucene_src_java_org_apache_lucene_store_FSDirectory.java,261,warning,2
lucene_src_java_org_apache_lucene_store_FSDirectory.java,498,warning,2
lucene_src_java_org_apache_lucene_store_FSDirectory.java,127,error,1
lucene_src_java_org_apache_lucene_store_FSDirectory.java,466,error,1
lucene_src_java_org_apache_lucene_store_FSDirectory.java,338,error,1
lucene_src_java_org_apache_lucene_store_FSDirectory.java,230,error,1
lucene_src_java_org_apache_lucene_store_FSDirectory.java,450,warning,2
lucene_src_java_org_apache_lucene_store_FSDirectory.java,408,error,1
lucene_src_java_org_apache_lucene_store_FSDirectory.java,525,warning,2
lucene_src_java_org_apache_lucene_store_FSDirectory.java,190,warning,2
lucene_src_java_org_apache_lucene_store_FSDirectory.java,335,warning,2
lucene_src_java_org_apache_lucene_store_FSDirectory.java,124,warning,2
lucene_src_java_org_apache_lucene_store_FSDirectory.java,293,warning,2
lucene_src_java_org_apache_lucene_store_FSDirectory.java,347,warning,2
lucene_src_java_org_apache_lucene_store_FSDirectory.java,536,warning,2
lucene_src_java_org_apache_lucene_store_FSDirectory.java,378,warning,2
lucene_src_java_org_apache_lucene_store_FSDirectory.java,269,warning,2
lucene_src_java_org_apache_lucene_store_FSDirectory.java,300,error,1
lucene_src_java_org_apache_lucene_store_FSDirectory.java,305,warning,2
lucene_src_java_org_apache_lucene_store_FSDirectory.java,509,warning,2
lucene_src_java_org_apache_lucene_store_FSDirectory.java,275,warning,2
lucene_src_java_org_apache_lucene_store_FSDirectory.java,390,warning,2
lucene_src_java_org_apache_lucene_store_FSDirectory.java,118,warning,2
lucene_src_java_org_apache_lucene_store_FSDirectory.java,480,warning,2
lucene_src_java_org_apache_lucene_store_FSDirectory.java,356,error,1
lucene_src_java_org_apache_lucene_store_FSDirectory.java,384,warning,2
lucene_src_java_org_apache_lucene_store_FSDirectory.java,193,warning,2
lucene_src_java_org_apache_lucene_store_FSDirectory.java,123,warning,2
lucene_src_java_org_apache_lucene_store_FSDirectory.java,439,warning,2
lucene_src_java_org_apache_lucene_store_FSDirectory.java,327,error,1
lucene_src_java_org_apache_lucene_store_FSDirectory.java,544,warning,2
lucene_src_java_org_apache_lucene_store_FSDirectory.java,3,error,1
lucene_src_java_org_apache_lucene_store_FSDirectory.java,194,warning,2
lucene_src_java_org_apache_lucene_store_FSDirectory.java,224,warning,2
lucene_src_java_org_apache_lucene_store_FSDirectory.java,468,error,1
lucene_src_java_org_apache_lucene_store_FSDirectory.java,289,warning,2
lucene_src_java_org_apache_lucene_store_FSDirectory.java,267,warning,2
lucene_src_java_org_apache_lucene_store_FSDirectory.java,532,warning,2
lucene_src_java_org_apache_lucene_store_FSDirectory.java,140,warning,2
lucene_src_java_org_apache_lucene_store_FSDirectory.java,303,error,1
lucene_src_java_org_apache_lucene_store_FSDirectory.java,159,warning,2
lucene_src_java_org_apache_lucene_store_FSDirectory.java,28,warning,2
lucene_src_java_org_apache_lucene_store_FSDirectory.java,441,warning,2
lucene_src_java_org_apache_lucene_store_FSDirectory.java,152,warning,2
lucene_src_java_org_apache_lucene_store_FSDirectory.java,257,error,1
lucene_src_java_org_apache_lucene_store_FSDirectory.java,265,error,1
lucene_src_java_org_apache_lucene_store_FSDirectory.java,236,warning,2
lucene_src_java_org_apache_lucene_store_FSDirectory.java,296,warning,2
lucene_src_java_org_apache_lucene_store_FSDirectory.java,340,warning,2
lucene_src_java_org_apache_lucene_store_FSDirectory.java,182,error,1
lucene_src_java_org_apache_lucene_store_FSDirectory.java,280,warning,2
lucene_src_java_org_apache_lucene_store_FSDirectory.java,540,warning,2
lucene_src_java_org_apache_lucene_store_FSDirectory.java,311,warning,2
lucene_src_java_org_apache_lucene_store_FSDirectory.java,476,warning,2
lucene_src_java_org_apache_lucene_store_FSDirectory.java,85,error,1
lucene_src_java_org_apache_lucene_store_FSDirectory.java,295,warning,2
lucene_src_java_org_apache_lucene_store_FSDirectory.java,530,warning,2
lucene_src_java_org_apache_lucene_store_FSDirectory.java,36,warning,2
lucene_src_java_org_apache_lucene_store_FSDirectory.java,184,warning,2
lucene_src_java_org_apache_lucene_store_FSDirectory.java,537,warning,2
lucene_src_java_org_apache_lucene_store_FSDirectory.java,492,warning,2
lucene_src_java_org_apache_lucene_store_FSDirectory.java,189,warning,2
lucene_src_java_org_apache_lucene_store_FSDirectory.java,196,warning,2
lucene_src_java_org_apache_lucene_store_FSDirectory.java,294,warning,2
lucene_src_java_org_apache_lucene_store_FSDirectory.java,543,warning,2
lucene_src_java_org_apache_lucene_store_FSDirectory.java,526,warning,2
lucene_src_java_org_apache_lucene_store_FSDirectory.java,120,warning,2
lucene_src_java_org_apache_lucene_store_FSDirectory.java,519,warning,2
lucene_src_java_org_apache_lucene_store_FSDirectory.java,1,error,1
lucene_src_java_org_apache_lucene_store_FSDirectory.java,475,warning,2
lucene_src_java_org_apache_lucene_store_FSDirectory.java,457,error,1
lucene_src_java_org_apache_lucene_store_FSDirectory.java,325,warning,2
lucene_src_java_org_apache_lucene_store_FSDirectory.java,341,warning,2
lucene_src_java_org_apache_lucene_store_FSDirectory.java,134,error,1
lucene_src_java_org_apache_lucene_store_FSDirectory.java,272,error,1
lucene_src_java_org_apache_lucene_store_FSDirectory.java,481,warning,2
lucene_src_java_org_apache_lucene_store_FSDirectory.java,195,warning,2
lucene_src_java_org_apache_lucene_store_FSDirectory.java,522,warning,2
lucene_src_java_org_apache_lucene_store_FSDirectory.java,393,warning,2
lucene_src_java_org_apache_lucene_store_FSDirectory.java,249,warning,2
lucene_src_java_org_apache_lucene_store_FSDirectory.java,538,warning,2
lucene_src_java_org_apache_lucene_store_FSDirectory.java,334,warning,2
lucene_src_java_org_apache_lucene_store_FSDirectory.java,379,warning,2
lucene_src_java_org_apache_lucene_store_FSDirectory.java,268,warning,2
lucene_src_java_org_apache_lucene_store_FSDirectory.java,240,error,1
lucene_src_java_org_apache_lucene_store_FSDirectory.java,377,warning,2
lucene_src_java_org_apache_lucene_store_FSDirectory.java,406,warning,2
lucene_src_java_org_apache_lucene_store_FSDirectory.java,514,warning,2
lucene_src_java_org_apache_lucene_store_FSDirectory.java,510,warning,2
lucene_src_java_org_apache_lucene_store_FSDirectory.java,493,warning,2
lucene_src_java_org_apache_lucene_store_FSDirectory.java,472,error,1
lucene_src_java_org_apache_lucene_store_FSDirectory.java,160,warning,2
lucene_src_java_org_apache_lucene_store_FSDirectory.java,203,error,1
lucene_src_java_org_apache_lucene_store_FSDirectory.java,482,warning,2
lucene_src_java_org_apache_lucene_store_FSDirectory.java,259,warning,2
lucene_src_java_org_apache_lucene_store_FSDirectory.java,274,warning,2
lucene_src_java_org_apache_lucene_store_FSDirectory.java,368,warning,2
lucene_src_java_org_apache_lucene_store_FSDirectory.java,122,warning,2
lucene_src_java_org_apache_lucene_store_FSDirectory.java,508,error,1
lucene_src_java_org_apache_lucene_store_FSDirectory.java,497,error,1
lucene_src_java_org_apache_lucene_store_FSDirectory.java,309,warning,2
lucene_src_java_org_apache_lucene_store_FSDirectory.java,511,warning,2
lucene_src_java_org_apache_lucene_store_FSDirectory.java,241,error,1
lucene_src_java_org_apache_lucene_store_FSDirectory.java,515,warning,2
lucene_src_java_org_apache_lucene_store_FSDirectory.java,315,warning,2
lucene_src_java_org_apache_lucene_store_FSDirectory.java,382,warning,2
lucene_src_java_org_apache_lucene_store_FSDirectory.java,132,error,1
lucene_src_java_org_apache_lucene_store_FSDirectory.java,380,error,1
lucene_src_java_org_apache_lucene_store_FSDirectory.java,200,error,1
lucene_src_java_org_apache_lucene_store_FSDirectory.java,154,warning,2
lucene_src_java_org_apache_lucene_store_FSDirectory.java,461,warning,2
lucene_src_java_org_apache_lucene_store_FSDirectory.java,369,warning,2
lucene_src_java_org_apache_lucene_store_FSDirectory.java,283,warning,2
lucene_src_java_org_apache_lucene_store_FSDirectory.java,243,warning,2
lucene_src_java_org_apache_lucene_store_FSDirectory.java,248,warning,2
lucene_src_java_org_apache_lucene_store_FSDirectory.java,403,warning,2
lucene_src_java_org_apache_lucene_store_FSDirectory.java,234,warning,2
lucene_src_java_org_apache_lucene_store_FSDirectory.java,520,warning,2
lucene_src_java_org_apache_lucene_store_FSDirectory.java,448,error,1
lucene_src_java_org_apache_lucene_store_FSDirectory.java,460,warning,2
lucene_src_java_org_apache_lucene_store_FSDirectory.java,485,warning,2
lucene_src_java_org_apache_lucene_store_FSDirectory.java,146,warning,2
lucene_src_java_org_apache_lucene_store_FSDirectory.java,436,warning,2
lucene_src_java_org_apache_lucene_store_FSDirectory.java,488,warning,2
lucene_src_java_org_apache_lucene_store_FSDirectory.java,237,warning,2
lucene_src_java_org_apache_lucene_store_FSDirectory.java,119,warning,2
lucene_src_java_org_apache_lucene_store_FSDirectory.java,353,warning,2
lucene_src_java_org_apache_lucene_store_FSDirectory.java,359,warning,2
lucene_src_java_org_apache_lucene_store_FSDirectory.java,521,warning,2
lucene_src_java_org_apache_lucene_store_FSDirectory.java,29,warning,2
lucene_src_java_org_apache_lucene_store_FSDirectory.java,470,warning,2
lucene_src_java_org_apache_lucene_store_FSDirectory.java,502,error,1
lucene_src_java_org_apache_lucene_store_FSDirectory.java,354,warning,2
lucene_src_java_org_apache_lucene_store_FSDirectory.java,333,error,1
lucene_src_java_org_apache_lucene_store_FSDirectory.java,397,warning,2
lucene_src_java_org_apache_lucene_store_FSDirectory.java,539,warning,2
lucene_src_java_org_apache_lucene_store_FSDirectory.java,197,warning,2
lucene_src_java_org_apache_lucene_store_FSDirectory.java,201,warning,2
lucene_src_java_org_apache_lucene_store_FSDirectory.java,225,warning,2
lucene_src_java_org_apache_lucene_store_FSDirectory.java,324,warning,2
lucene_src_java_org_apache_lucene_store_FSDirectory.java,323,error,1
lucene_src_java_org_apache_lucene_store_FSDirectory.java,302,warning,2
lucene_src_java_org_apache_lucene_store_FSDirectory.java,496,warning,2
lucene_src_java_org_apache_lucene_store_FSDirectory.java,339,warning,2
lucene_contrib_xml-query-parser_src_java_org_apache_lucene_xmlparser_builders_UserInputQueryBuilder.java,62,error,1
lucene_contrib_xml-query-parser_src_java_org_apache_lucene_xmlparser_builders_UserInputQueryBuilder.java,93,warning,2
lucene_contrib_xml-query-parser_src_java_org_apache_lucene_xmlparser_builders_UserInputQueryBuilder.java,91,error,1
lucene_contrib_xml-query-parser_src_java_org_apache_lucene_xmlparser_builders_UserInputQueryBuilder.java,69,error,1
lucene_contrib_xml-query-parser_src_java_org_apache_lucene_xmlparser_builders_UserInputQueryBuilder.java,90,error,1
lucene_contrib_xml-query-parser_src_java_org_apache_lucene_xmlparser_builders_UserInputQueryBuilder.java,48,warning,2
lucene_contrib_xml-query-parser_src_java_org_apache_lucene_xmlparser_builders_UserInputQueryBuilder.java,65,warning,2
lucene_contrib_xml-query-parser_src_java_org_apache_lucene_xmlparser_builders_UserInputQueryBuilder.java,38,error,1
lucene_contrib_xml-query-parser_src_java_org_apache_lucene_xmlparser_builders_UserInputQueryBuilder.java,40,error,1
lucene_contrib_xml-query-parser_src_java_org_apache_lucene_xmlparser_builders_UserInputQueryBuilder.java,66,error,1
lucene_contrib_xml-query-parser_src_java_org_apache_lucene_xmlparser_builders_UserInputQueryBuilder.java,53,warning,2
lucene_contrib_xml-query-parser_src_java_org_apache_lucene_xmlparser_builders_UserInputQueryBuilder.java,59,error,1
lucene_contrib_xml-query-parser_src_java_org_apache_lucene_xmlparser_builders_UserInputQueryBuilder.java,78,warning,2
lucene_contrib_xml-query-parser_src_java_org_apache_lucene_xmlparser_builders_UserInputQueryBuilder.java,51,warning,2
lucene_contrib_xml-query-parser_src_java_org_apache_lucene_xmlparser_builders_UserInputQueryBuilder.java,74,error,1
lucene_contrib_xml-query-parser_src_java_org_apache_lucene_xmlparser_builders_UserInputQueryBuilder.java,43,error,1
lucene_contrib_xml-query-parser_src_java_org_apache_lucene_xmlparser_builders_UserInputQueryBuilder.java,13,error,1
lucene_contrib_xml-query-parser_src_java_org_apache_lucene_xmlparser_builders_UserInputQueryBuilder.java,87,warning,2
lucene_contrib_xml-query-parser_src_java_org_apache_lucene_xmlparser_builders_UserInputQueryBuilder.java,61,warning,2
lucene_contrib_xml-query-parser_src_java_org_apache_lucene_xmlparser_builders_UserInputQueryBuilder.java,42,error,1
lucene_contrib_xml-query-parser_src_java_org_apache_lucene_xmlparser_builders_UserInputQueryBuilder.java,60,warning,2
lucene_contrib_xml-query-parser_src_java_org_apache_lucene_xmlparser_builders_UserInputQueryBuilder.java,70,warning,2
lucene_contrib_xml-query-parser_src_java_org_apache_lucene_xmlparser_builders_UserInputQueryBuilder.java,92,error,1
lucene_contrib_xml-query-parser_src_java_org_apache_lucene_xmlparser_builders_UserInputQueryBuilder.java,81,warning,2
lucene_contrib_xml-query-parser_src_java_org_apache_lucene_xmlparser_builders_UserInputQueryBuilder.java,44,warning,2
lucene_contrib_xml-query-parser_src_java_org_apache_lucene_xmlparser_builders_UserInputQueryBuilder.java,52,warning,2
lucene_contrib_xml-query-parser_src_java_org_apache_lucene_xmlparser_builders_UserInputQueryBuilder.java,63,error,1
lucene_contrib_xml-query-parser_src_java_org_apache_lucene_xmlparser_builders_UserInputQueryBuilder.java,58,error,1
lucene_contrib_xml-query-parser_src_java_org_apache_lucene_xmlparser_builders_UserInputQueryBuilder.java,79,warning,2
lucene_contrib_xml-query-parser_src_java_org_apache_lucene_xmlparser_builders_UserInputQueryBuilder.java,86,warning,2
lucene_contrib_xml-query-parser_src_java_org_apache_lucene_xmlparser_builders_UserInputQueryBuilder.java,36,warning,2
lucene_contrib_xml-query-parser_src_java_org_apache_lucene_xmlparser_builders_UserInputQueryBuilder.java,39,error,1
lucene_contrib_xml-query-parser_src_java_org_apache_lucene_xmlparser_builders_UserInputQueryBuilder.java,84,error,1
lucene_contrib_xml-query-parser_src_java_org_apache_lucene_xmlparser_builders_UserInputQueryBuilder.java,47,warning,2
lucene_contrib_xml-query-parser_src_java_org_apache_lucene_xmlparser_builders_UserInputQueryBuilder.java,71,error,1
lucene_contrib_xml-query-parser_src_java_org_apache_lucene_xmlparser_builders_UserInputQueryBuilder.java,80,warning,2
lucene_contrib_xml-query-parser_src_java_org_apache_lucene_xmlparser_builders_UserInputQueryBuilder.java,50,error,1
lucene_contrib_xml-query-parser_src_java_org_apache_lucene_xmlparser_builders_UserInputQueryBuilder.java,68,warning,2
lucene_contrib_xml-query-parser_src_java_org_apache_lucene_xmlparser_builders_UserInputQueryBuilder.java,1,error,1
lucene_contrib_xml-query-parser_src_java_org_apache_lucene_xmlparser_builders_UserInputQueryBuilder.java,11,warning,2
lucene_contrib_xml-query-parser_src_java_org_apache_lucene_xmlparser_builders_UserInputQueryBuilder.java,67,warning,2
lucene_contrib_xml-query-parser_src_java_org_apache_lucene_xmlparser_builders_UserInputQueryBuilder.java,72,error,1
lucene_contrib_xml-query-parser_src_java_org_apache_lucene_xmlparser_builders_UserInputQueryBuilder.java,46,error,1
lucene_contrib_xml-query-parser_src_java_org_apache_lucene_xmlparser_builders_UserInputQueryBuilder.java,56,error,1
lucene_contrib_xml-query-parser_src_java_org_apache_lucene_xmlparser_builders_UserInputQueryBuilder.java,75,warning,2
lucene_contrib_xml-query-parser_src_java_org_apache_lucene_xmlparser_builders_UserInputQueryBuilder.java,82,warning,2
lucene_contrib_xml-query-parser_src_java_org_apache_lucene_xmlparser_builders_UserInputQueryBuilder.java,77,error,1
lucene_contrib_xml-query-parser_src_java_org_apache_lucene_xmlparser_builders_UserInputQueryBuilder.java,76,warning,2
lucene_src_java_org_apache_lucene_store_Directory.java,271,warning,2
lucene_src_java_org_apache_lucene_store_Directory.java,272,warning,2
lucene_src_java_org_apache_lucene_store_Directory.java,32,warning,2
lucene_src_java_org_apache_lucene_store_Directory.java,62,error,1
lucene_src_java_org_apache_lucene_store_Directory.java,273,warning,2
lucene_src_java_org_apache_lucene_store_Directory.java,105,warning,2
lucene_src_java_org_apache_lucene_store_Directory.java,147,warning,2
lucene_src_java_org_apache_lucene_store_Directory.java,264,warning,2
lucene_src_java_org_apache_lucene_store_Directory.java,90,error,1
lucene_src_java_org_apache_lucene_store_Directory.java,261,warning,2
lucene_src_java_org_apache_lucene_store_Directory.java,125,warning,2
lucene_src_java_org_apache_lucene_store_Directory.java,175,warning,2
lucene_src_java_org_apache_lucene_store_Directory.java,230,warning,2
lucene_src_java_org_apache_lucene_store_Directory.java,104,warning,2
lucene_src_java_org_apache_lucene_store_Directory.java,145,error,1
lucene_src_java_org_apache_lucene_store_Directory.java,158,warning,2
lucene_src_java_org_apache_lucene_store_Directory.java,38,warning,2
lucene_src_java_org_apache_lucene_store_Directory.java,124,warning,2
lucene_src_java_org_apache_lucene_store_Directory.java,162,warning,2
lucene_src_java_org_apache_lucene_store_Directory.java,157,warning,2
lucene_src_java_org_apache_lucene_store_Directory.java,155,warning,2
lucene_src_java_org_apache_lucene_store_Directory.java,66,error,1
lucene_src_java_org_apache_lucene_store_Directory.java,161,warning,2
lucene_src_java_org_apache_lucene_store_Directory.java,199,warning,2
lucene_src_java_org_apache_lucene_store_Directory.java,198,warning,2
lucene_src_java_org_apache_lucene_store_Directory.java,269,warning,2
lucene_src_java_org_apache_lucene_store_Directory.java,220,error,1
lucene_src_java_org_apache_lucene_store_Directory.java,203,warning,2
lucene_src_java_org_apache_lucene_store_Directory.java,176,warning,2
lucene_src_java_org_apache_lucene_store_Directory.java,59,error,1
lucene_src_java_org_apache_lucene_store_Directory.java,274,warning,2
lucene_src_java_org_apache_lucene_store_Directory.java,122,error,1
lucene_src_java_org_apache_lucene_store_Directory.java,275,warning,2
lucene_src_java_org_apache_lucene_store_Directory.java,258,warning,2
lucene_src_java_org_apache_lucene_store_Directory.java,74,error,1
lucene_src_java_org_apache_lucene_store_Directory.java,277,warning,2
lucene_src_java_org_apache_lucene_store_Directory.java,239,warning,2
lucene_src_java_org_apache_lucene_store_Directory.java,123,error,1
lucene_src_java_org_apache_lucene_store_Directory.java,186,warning,2
lucene_src_java_org_apache_lucene_store_Directory.java,262,warning,2
lucene_src_java_org_apache_lucene_store_Directory.java,266,warning,2
lucene_src_java_org_apache_lucene_store_Directory.java,173,error,1
lucene_src_java_org_apache_lucene_store_Directory.java,109,warning,2
lucene_src_java_org_apache_lucene_store_Directory.java,282,warning,2
lucene_src_java_org_apache_lucene_store_Directory.java,3,error,1
lucene_src_java_org_apache_lucene_store_Directory.java,128,error,1
lucene_src_java_org_apache_lucene_store_Directory.java,224,warning,2
lucene_src_java_org_apache_lucene_store_Directory.java,156,warning,2
lucene_src_java_org_apache_lucene_store_Directory.java,70,error,1
lucene_src_java_org_apache_lucene_store_Directory.java,229,warning,2
lucene_src_java_org_apache_lucene_store_Directory.java,267,warning,2
lucene_src_java_org_apache_lucene_store_Directory.java,22,warning,2
lucene_src_java_org_apache_lucene_store_Directory.java,154,error,1
lucene_src_java_org_apache_lucene_store_Directory.java,139,warning,2
lucene_src_java_org_apache_lucene_store_Directory.java,107,warning,2
lucene_src_java_org_apache_lucene_store_Directory.java,140,warning,2
lucene_src_java_org_apache_lucene_store_Directory.java,96,warning,2
lucene_src_java_org_apache_lucene_store_Directory.java,227,warning,2
lucene_src_java_org_apache_lucene_store_Directory.java,283,warning,2
lucene_src_java_org_apache_lucene_store_Directory.java,95,error,1
lucene_src_java_org_apache_lucene_store_Directory.java,185,error,1
lucene_src_java_org_apache_lucene_store_Directory.java,243,warning,2
lucene_src_java_org_apache_lucene_store_Directory.java,25,warning,2
lucene_src_java_org_apache_lucene_store_Directory.java,143,warning,2
lucene_src_java_org_apache_lucene_store_Directory.java,152,warning,2
lucene_src_java_org_apache_lucene_store_Directory.java,265,error,1
lucene_src_java_org_apache_lucene_store_Directory.java,204,warning,2
lucene_src_java_org_apache_lucene_store_Directory.java,257,warning,2
lucene_src_java_org_apache_lucene_store_Directory.java,44,warning,2
lucene_src_java_org_apache_lucene_store_Directory.java,270,warning,2
lucene_src_java_org_apache_lucene_store_Directory.java,256,warning,2
lucene_src_java_org_apache_lucene_store_Directory.java,280,warning,2
lucene_src_java_org_apache_lucene_store_Directory.java,234,warning,2
lucene_src_java_org_apache_lucene_store_Directory.java,63,warning,2
lucene_src_java_org_apache_lucene_store_Directory.java,255,warning,2
lucene_src_java_org_apache_lucene_store_Directory.java,233,warning,2
lucene_src_java_org_apache_lucene_store_Directory.java,146,warning,2
lucene_src_java_org_apache_lucene_store_Directory.java,228,warning,2
lucene_src_java_org_apache_lucene_store_Directory.java,223,error,1
lucene_src_java_org_apache_lucene_store_Directory.java,232,warning,2
lucene_src_java_org_apache_lucene_store_Directory.java,231,warning,2
lucene_src_java_org_apache_lucene_store_Directory.java,71,warning,2
lucene_src_java_org_apache_lucene_store_Directory.java,50,error,1
lucene_src_java_org_apache_lucene_store_Directory.java,177,warning,2
lucene_src_java_org_apache_lucene_store_Directory.java,103,warning,2
lucene_src_java_org_apache_lucene_store_Directory.java,20,error,1
lucene_src_java_org_apache_lucene_store_Directory.java,108,error,1
lucene_src_java_org_apache_lucene_store_Directory.java,281,error,1
lucene_src_java_org_apache_lucene_store_Directory.java,138,error,1
lucene_src_java_org_apache_lucene_store_Directory.java,129,warning,2
lucene_src_java_org_apache_lucene_store_Directory.java,260,warning,2
lucene_src_java_org_apache_lucene_store_Directory.java,187,warning,2
lucene_src_java_org_apache_lucene_store_Directory.java,1,error,1
lucene_src_java_org_apache_lucene_store_Directory.java,226,warning,2
lucene_src_java_org_apache_lucene_store_Directory.java,67,warning,2
lucene_src_java_org_apache_lucene_store_Directory.java,197,error,1
lucene_src_java_org_apache_lucene_store_Directory.java,201,error,1
lucene_src_java_org_apache_lucene_store_Directory.java,225,warning,2
lucene_src_java_org_apache_lucene_store_Directory.java,46,error,1
lucene_src_java_org_apache_lucene_store_Directory.java,268,warning,2
lucene_src_java_org_apache_lucene_store_Directory.java,75,warning,2
solr_src_java_org_apache_solr_search_function_ReciprocalFloatFunction.java,114,error,1
solr_src_java_org_apache_solr_search_function_ReciprocalFloatFunction.java,34,warning,2
solr_src_java_org_apache_solr_search_function_ReciprocalFloatFunction.java,32,error,1
solr_src_java_org_apache_solr_search_function_ReciprocalFloatFunction.java,113,error,1
solr_src_java_org_apache_solr_search_function_ReciprocalFloatFunction.java,62,warning,2
solr_src_java_org_apache_solr_search_function_ReciprocalFloatFunction.java,93,error,1
solr_src_java_org_apache_solr_search_function_ReciprocalFloatFunction.java,105,error,1
solr_src_java_org_apache_solr_search_function_ReciprocalFloatFunction.java,100,warning,2
solr_src_java_org_apache_solr_search_function_ReciprocalFloatFunction.java,24,warning,2
solr_src_java_org_apache_solr_search_function_ReciprocalFloatFunction.java,91,warning,2
solr_src_java_org_apache_solr_search_function_ReciprocalFloatFunction.java,110,warning,2
solr_src_java_org_apache_solr_search_function_ReciprocalFloatFunction.java,69,error,1
solr_src_java_org_apache_solr_search_function_ReciprocalFloatFunction.java,45,error,1
solr_src_java_org_apache_solr_search_function_ReciprocalFloatFunction.java,116,warning,2
solr_src_java_org_apache_solr_search_function_ReciprocalFloatFunction.java,98,error,1
solr_src_java_org_apache_solr_search_function_ReciprocalFloatFunction.java,48,error,1
solr_src_java_org_apache_solr_search_function_ReciprocalFloatFunction.java,65,error,1
solr_src_java_org_apache_solr_search_function_ReciprocalFloatFunction.java,10,warning,2
solr_src_java_org_apache_solr_search_function_ReciprocalFloatFunction.java,30,warning,2
solr_src_java_org_apache_solr_search_function_ReciprocalFloatFunction.java,27,error,1
solr_src_java_org_apache_solr_search_function_ReciprocalFloatFunction.java,73,error,1
solr_src_java_org_apache_solr_search_function_ReciprocalFloatFunction.java,31,error,1
solr_src_java_org_apache_solr_search_function_ReciprocalFloatFunction.java,88,warning,2
solr_src_java_org_apache_solr_search_function_ReciprocalFloatFunction.java,64,warning,2
solr_src_java_org_apache_solr_search_function_ReciprocalFloatFunction.java,66,error,1
solr_src_java_org_apache_solr_search_function_ReciprocalFloatFunction.java,53,error,1
solr_src_java_org_apache_solr_search_function_ReciprocalFloatFunction.java,78,error,1
solr_src_java_org_apache_solr_search_function_ReciprocalFloatFunction.java,118,warning,2
solr_src_java_org_apache_solr_search_function_ReciprocalFloatFunction.java,74,error,1
solr_src_java_org_apache_solr_search_function_ReciprocalFloatFunction.java,94,error,1
solr_src_java_org_apache_solr_search_function_ReciprocalFloatFunction.java,87,warning,2
solr_src_java_org_apache_solr_search_function_ReciprocalFloatFunction.java,61,error,1
solr_src_java_org_apache_solr_search_function_ReciprocalFloatFunction.java,109,warning,2
solr_src_java_org_apache_solr_search_function_ReciprocalFloatFunction.java,89,warning,2
solr_src_java_org_apache_solr_search_function_ReciprocalFloatFunction.java,35,error,1
solr_src_java_org_apache_solr_search_function_ReciprocalFloatFunction.java,60,error,1
solr_src_java_org_apache_solr_search_function_ReciprocalFloatFunction.java,70,error,1
solr_src_java_org_apache_solr_search_function_ReciprocalFloatFunction.java,23,warning,2
solr_src_java_org_apache_solr_search_function_ReciprocalFloatFunction.java,115,error,1
solr_src_java_org_apache_solr_search_function_ReciprocalFloatFunction.java,107,warning,2
solr_src_java_org_apache_solr_search_function_ReciprocalFloatFunction.java,96,warning,2
solr_src_java_org_apache_solr_search_function_ReciprocalFloatFunction.java,33,error,1
solr_src_java_org_apache_solr_search_function_ReciprocalFloatFunction.java,28,error,1
solr_src_java_org_apache_solr_search_function_ReciprocalFloatFunction.java,95,warning,2
solr_src_java_org_apache_solr_search_function_ReciprocalFloatFunction.java,81,error,1
solr_src_java_org_apache_solr_search_function_ReciprocalFloatFunction.java,54,error,1
solr_src_java_org_apache_solr_search_function_ReciprocalFloatFunction.java,44,warning,2
solr_src_java_org_apache_solr_search_function_ReciprocalFloatFunction.java,101,warning,2
solr_src_java_org_apache_solr_search_function_ReciprocalFloatFunction.java,85,error,1
solr_src_java_org_apache_solr_search_function_ReciprocalFloatFunction.java,63,warning,2
solr_src_java_org_apache_solr_search_function_ReciprocalFloatFunction.java,55,error,1
solr_src_java_org_apache_solr_search_function_ReciprocalFloatFunction.java,58,warning,2
solr_src_java_org_apache_solr_search_function_ReciprocalFloatFunction.java,79,warning,2
solr_src_java_org_apache_solr_search_function_ReciprocalFloatFunction.java,86,warning,2
solr_src_java_org_apache_solr_search_function_ReciprocalFloatFunction.java,102,warning,2
solr_src_java_org_apache_solr_search_function_ReciprocalFloatFunction.java,119,warning,2
solr_src_java_org_apache_solr_search_function_ReciprocalFloatFunction.java,57,error,1
solr_src_java_org_apache_solr_search_function_ReciprocalFloatFunction.java,117,warning,2
solr_src_java_org_apache_solr_search_function_ReciprocalFloatFunction.java,8,warning,2
solr_src_java_org_apache_solr_search_function_ReciprocalFloatFunction.java,84,warning,2
solr_src_java_org_apache_solr_search_function_ReciprocalFloatFunction.java,47,error,1
solr_src_java_org_apache_solr_search_function_ReciprocalFloatFunction.java,71,warning,2
solr_src_java_org_apache_solr_search_function_ReciprocalFloatFunction.java,80,warning,2
solr_src_java_org_apache_solr_search_function_ReciprocalFloatFunction.java,50,error,1
solr_src_java_org_apache_solr_search_function_ReciprocalFloatFunction.java,103,warning,2
solr_src_java_org_apache_solr_search_function_ReciprocalFloatFunction.java,108,error,1
solr_src_java_org_apache_solr_search_function_ReciprocalFloatFunction.java,68,warning,2
solr_src_java_org_apache_solr_search_function_ReciprocalFloatFunction.java,120,warning,2
solr_src_java_org_apache_solr_search_function_ReciprocalFloatFunction.java,1,error,1
solr_src_java_org_apache_solr_search_function_ReciprocalFloatFunction.java,83,warning,2
solr_src_java_org_apache_solr_search_function_ReciprocalFloatFunction.java,67,warning,2
solr_src_java_org_apache_solr_search_function_ReciprocalFloatFunction.java,72,warning,2
solr_src_java_org_apache_solr_search_function_ReciprocalFloatFunction.java,112,error,1
solr_src_java_org_apache_solr_search_function_ReciprocalFloatFunction.java,46,error,1
solr_src_java_org_apache_solr_search_function_ReciprocalFloatFunction.java,56,error,1
solr_src_java_org_apache_solr_search_function_ReciprocalFloatFunction.java,75,warning,2
solr_src_java_org_apache_solr_search_function_ReciprocalFloatFunction.java,82,warning,2
solr_src_java_org_apache_solr_search_function_ReciprocalFloatFunction.java,77,error,1
solr_src_java_org_apache_solr_search_function_ReciprocalFloatFunction.java,76,warning,2
solr_src_java_org_apache_solr_search_function_FloatFieldSource.java,93,error,1
solr_src_java_org_apache_solr_search_function_FloatFieldSource.java,24,warning,2
solr_src_java_org_apache_solr_search_function_FloatFieldSource.java,21,error,1
solr_src_java_org_apache_solr_search_function_FloatFieldSource.java,91,error,1
solr_src_java_org_apache_solr_search_function_FloatFieldSource.java,69,error,1
solr_src_java_org_apache_solr_search_function_FloatFieldSource.java,90,error,1
solr_src_java_org_apache_solr_search_function_FloatFieldSource.java,45,warning,2
solr_src_java_org_apache_solr_search_function_FloatFieldSource.java,49,warning,2
solr_src_java_org_apache_solr_search_function_FloatFieldSource.java,104,warning,2
solr_src_java_org_apache_solr_search_function_FloatFieldSource.java,65,error,1
solr_src_java_org_apache_solr_search_function_FloatFieldSource.java,10,warning,2
solr_src_java_org_apache_solr_search_function_FloatFieldSource.java,38,error,1
solr_src_java_org_apache_solr_search_function_FloatFieldSource.java,73,warning,2
solr_src_java_org_apache_solr_search_function_FloatFieldSource.java,40,warning,2
solr_src_java_org_apache_solr_search_function_FloatFieldSource.java,88,warning,2
solr_src_java_org_apache_solr_search_function_FloatFieldSource.java,64,error,1
solr_src_java_org_apache_solr_search_function_FloatFieldSource.java,66,warning,2
solr_src_java_org_apache_solr_search_function_FloatFieldSource.java,53,error,1
solr_src_java_org_apache_solr_search_function_FloatFieldSource.java,59,error,1
solr_src_java_org_apache_solr_search_function_FloatFieldSource.java,78,warning,2
solr_src_java_org_apache_solr_search_function_FloatFieldSource.java,74,error,1
solr_src_java_org_apache_solr_search_function_FloatFieldSource.java,94,warning,2
solr_src_java_org_apache_solr_search_function_FloatFieldSource.java,43,warning,2
solr_src_java_org_apache_solr_search_function_FloatFieldSource.java,61,warning,2
solr_src_java_org_apache_solr_search_function_FloatFieldSource.java,97,warning,2
solr_src_java_org_apache_solr_search_function_FloatFieldSource.java,42,error,1
solr_src_java_org_apache_solr_search_function_FloatFieldSource.java,70,error,1
solr_src_java_org_apache_solr_search_function_FloatFieldSource.java,35,warning,2
solr_src_java_org_apache_solr_search_function_FloatFieldSource.java,92,error,1
solr_src_java_org_apache_solr_search_function_FloatFieldSource.java,60,warning,2
solr_src_java_org_apache_solr_search_function_FloatFieldSource.java,22,warning,2
solr_src_java_org_apache_solr_search_function_FloatFieldSource.java,28,error,1
solr_src_java_org_apache_solr_search_function_FloatFieldSource.java,95,error,1
solr_src_java_org_apache_solr_search_function_FloatFieldSource.java,81,warning,2
solr_src_java_org_apache_solr_search_function_FloatFieldSource.java,25,warning,2
solr_src_java_org_apache_solr_search_function_FloatFieldSource.java,54,error,1
solr_src_java_org_apache_solr_search_function_FloatFieldSource.java,44,warning,2
solr_src_java_org_apache_solr_search_function_FloatFieldSource.java,101,error,1
solr_src_java_org_apache_solr_search_function_FloatFieldSource.java,52,error,1
solr_src_java_org_apache_solr_search_function_FloatFieldSource.java,63,warning,2
solr_src_java_org_apache_solr_search_function_FloatFieldSource.java,85,warning,2
solr_src_java_org_apache_solr_search_function_FloatFieldSource.java,55,error,1
solr_src_java_org_apache_solr_search_function_FloatFieldSource.java,58,warning,2
solr_src_java_org_apache_solr_search_function_FloatFieldSource.java,79,error,1
solr_src_java_org_apache_solr_search_function_FloatFieldSource.java,86,warning,2
solr_src_java_org_apache_solr_search_function_FloatFieldSource.java,102,warning,2
solr_src_java_org_apache_solr_search_function_FloatFieldSource.java,36,error,1
solr_src_java_org_apache_solr_search_function_FloatFieldSource.java,57,warning,2
solr_src_java_org_apache_solr_search_function_FloatFieldSource.java,8,warning,2
solr_src_java_org_apache_solr_search_function_FloatFieldSource.java,84,error,1
solr_src_java_org_apache_solr_search_function_FloatFieldSource.java,39,warning,2
solr_src_java_org_apache_solr_search_function_FloatFieldSource.java,47,error,1
solr_src_java_org_apache_solr_search_function_FloatFieldSource.java,71,warning,2
solr_src_java_org_apache_solr_search_function_FloatFieldSource.java,80,warning,2
solr_src_java_org_apache_solr_search_function_FloatFieldSource.java,50,warning,2
solr_src_java_org_apache_solr_search_function_FloatFieldSource.java,103,warning,2
solr_src_java_org_apache_solr_search_function_FloatFieldSource.java,68,warning,2
solr_src_java_org_apache_solr_search_function_FloatFieldSource.java,1,error,1
solr_src_java_org_apache_solr_search_function_FloatFieldSource.java,83,warning,2
solr_src_java_org_apache_solr_search_function_FloatFieldSource.java,99,error,1
solr_src_java_org_apache_solr_search_function_FloatFieldSource.java,75,error,1
solr_src_java_org_apache_solr_search_function_FloatFieldSource.java,76,warning,2
solr_src_java_org_apache_solr_spelling_RankedSpellPossibility.java,39,warning,2
solr_src_java_org_apache_solr_spelling_RankedSpellPossibility.java,34,warning,2
solr_src_java_org_apache_solr_spelling_RankedSpellPossibility.java,42,warning,2
solr_src_java_org_apache_solr_spelling_RankedSpellPossibility.java,35,warning,2
solr_src_java_org_apache_solr_spelling_RankedSpellPossibility.java,31,warning,2
solr_src_java_org_apache_solr_spelling_RankedSpellPossibility.java,23,error,1
solr_src_java_org_apache_solr_spelling_RankedSpellPossibility.java,33,error,1
solr_src_java_org_apache_solr_spelling_RankedSpellPossibility.java,41,error,1
solr_src_java_org_apache_solr_spelling_RankedSpellPossibility.java,25,error,1
solr_src_java_org_apache_solr_spelling_RankedSpellPossibility.java,21,error,1
solr_src_java_org_apache_solr_spelling_RankedSpellPossibility.java,29,error,1
solr_src_java_org_apache_solr_spelling_RankedSpellPossibility.java,1,error,1
solr_src_java_org_apache_solr_spelling_RankedSpellPossibility.java,37,error,1
solr_src_java_org_apache_solr_spelling_RankedSpellPossibility.java,2,error,1
solr_src_java_org_apache_solr_spelling_RankedSpellPossibility.java,26,warning,2
solr_src_java_org_apache_solr_spelling_RankedSpellPossibility.java,43,warning,2
solr_src_java_org_apache_solr_spelling_RankedSpellPossibility.java,22,error,1
solr_src_java_org_apache_solr_spelling_RankedSpellPossibility.java,30,warning,2
solr_src_java_org_apache_solr_spelling_RankedSpellPossibility.java,38,warning,2
solr_src_java_org_apache_solr_spelling_RankedSpellPossibility.java,27,warning,2
