"filename","test.release","line_number","prediction_result","Priority"
"lucene_src_java_org_apache_lucene_search_SloppyPhraseScorer.java","lucene-3.1",1,"False",1
"lucene_src_java_org_apache_lucene_search_SloppyPhraseScorer.java","lucene-3.1",2,"False",1
"lucene_src_java_org_apache_lucene_search_SloppyPhraseScorer.java","lucene-3.1",3,"False",1
"lucene_src_java_org_apache_lucene_search_SloppyPhraseScorer.java","lucene-3.1",4,"False",1
"lucene_src_java_org_apache_lucene_search_SloppyPhraseScorer.java","lucene-3.1",5,"False",1
"lucene_src_java_org_apache_lucene_search_SloppyPhraseScorer.java","lucene-3.1",6,"False",1
"lucene_src_java_org_apache_lucene_search_SloppyPhraseScorer.java","lucene-3.1",7,"False",1
"lucene_src_java_org_apache_lucene_search_SloppyPhraseScorer.java","lucene-3.1",8,"False",1
"lucene_src_java_org_apache_lucene_search_SloppyPhraseScorer.java","lucene-3.1",9,"False",1
"lucene_src_java_org_apache_lucene_search_SloppyPhraseScorer.java","lucene-3.1",10,"False",1
"lucene_src_java_org_apache_lucene_search_SloppyPhraseScorer.java","lucene-3.1",11,"False",1
"lucene_src_java_org_apache_lucene_search_SloppyPhraseScorer.java","lucene-3.1",12,"False",1
"lucene_src_java_org_apache_lucene_search_SloppyPhraseScorer.java","lucene-3.1",13,"False",1
"lucene_src_java_org_apache_lucene_search_SloppyPhraseScorer.java","lucene-3.1",14,"False",1
"lucene_src_java_org_apache_lucene_search_SloppyPhraseScorer.java","lucene-3.1",15,"False",1
"lucene_src_java_org_apache_lucene_search_SloppyPhraseScorer.java","lucene-3.1",16,"False",1
"lucene_src_java_org_apache_lucene_search_SloppyPhraseScorer.java","lucene-3.1",17,"False",1
"lucene_src_java_org_apache_lucene_search_SloppyPhraseScorer.java","lucene-3.1",18,"False",1
"lucene_src_java_org_apache_lucene_search_SloppyPhraseScorer.java","lucene-3.1",19,"False",1
"lucene_src_java_org_apache_lucene_search_SloppyPhraseScorer.java","lucene-3.1",20,"False",1
"lucene_src_java_org_apache_lucene_search_SloppyPhraseScorer.java","lucene-3.1",21,"False",1
"lucene_src_java_org_apache_lucene_search_SloppyPhraseScorer.java","lucene-3.1",22,"False",1
"lucene_src_java_org_apache_lucene_search_SloppyPhraseScorer.java","lucene-3.1",23,"True",3
"lucene_src_java_org_apache_lucene_search_SloppyPhraseScorer.java","lucene-3.1",24,"False",1
"lucene_src_java_org_apache_lucene_search_SloppyPhraseScorer.java","lucene-3.1",25,"False",1
"lucene_src_java_org_apache_lucene_search_SloppyPhraseScorer.java","lucene-3.1",26,"False",1
"lucene_src_java_org_apache_lucene_search_SloppyPhraseScorer.java","lucene-3.1",27,"False",1
"lucene_src_java_org_apache_lucene_search_SloppyPhraseScorer.java","lucene-3.1",28,"False",1
"lucene_src_java_org_apache_lucene_search_SloppyPhraseScorer.java","lucene-3.1",29,"False",1
"lucene_src_java_org_apache_lucene_search_SloppyPhraseScorer.java","lucene-3.1",30,"False",1
"lucene_src_java_org_apache_lucene_search_SloppyPhraseScorer.java","lucene-3.1",31,"False",1
"lucene_src_java_org_apache_lucene_search_SloppyPhraseScorer.java","lucene-3.1",32,"False",1
"lucene_src_java_org_apache_lucene_search_SloppyPhraseScorer.java","lucene-3.1",33,"False",1
"lucene_src_java_org_apache_lucene_search_SloppyPhraseScorer.java","lucene-3.1",34,"False",1
"lucene_src_java_org_apache_lucene_search_SloppyPhraseScorer.java","lucene-3.1",35,"False",1
"lucene_src_java_org_apache_lucene_search_SloppyPhraseScorer.java","lucene-3.1",36,"False",1
"lucene_src_java_org_apache_lucene_search_SloppyPhraseScorer.java","lucene-3.1",37,"False",1
"lucene_src_java_org_apache_lucene_search_SloppyPhraseScorer.java","lucene-3.1",38,"False",1
"lucene_src_java_org_apache_lucene_search_SloppyPhraseScorer.java","lucene-3.1",39,"False",1
"lucene_src_java_org_apache_lucene_search_SloppyPhraseScorer.java","lucene-3.1",40,"False",1
"lucene_src_java_org_apache_lucene_search_SloppyPhraseScorer.java","lucene-3.1",41,"False",1
"lucene_src_java_org_apache_lucene_search_SloppyPhraseScorer.java","lucene-3.1",42,"False",1
"lucene_src_java_org_apache_lucene_search_SloppyPhraseScorer.java","lucene-3.1",43,"False",1
"lucene_src_java_org_apache_lucene_search_SloppyPhraseScorer.java","lucene-3.1",44,"False",1
"lucene_src_java_org_apache_lucene_search_SloppyPhraseScorer.java","lucene-3.1",45,"False",1
"lucene_src_java_org_apache_lucene_search_SloppyPhraseScorer.java","lucene-3.1",46,"False",1
"lucene_src_java_org_apache_lucene_search_SloppyPhraseScorer.java","lucene-3.1",47,"False",1
"lucene_src_java_org_apache_lucene_search_SloppyPhraseScorer.java","lucene-3.1",48,"False",1
"lucene_src_java_org_apache_lucene_search_SloppyPhraseScorer.java","lucene-3.1",49,"False",1
"lucene_src_java_org_apache_lucene_search_SloppyPhraseScorer.java","lucene-3.1",50,"False",1
"lucene_src_java_org_apache_lucene_search_SloppyPhraseScorer.java","lucene-3.1",51,"False",1
"lucene_src_java_org_apache_lucene_search_SloppyPhraseScorer.java","lucene-3.1",52,"False",1
"lucene_src_java_org_apache_lucene_search_SloppyPhraseScorer.java","lucene-3.1",53,"False",1
"lucene_src_java_org_apache_lucene_search_SloppyPhraseScorer.java","lucene-3.1",54,"False",1
"lucene_src_java_org_apache_lucene_search_SloppyPhraseScorer.java","lucene-3.1",55,"False",1
"lucene_src_java_org_apache_lucene_search_SloppyPhraseScorer.java","lucene-3.1",56,"False",1
"lucene_src_java_org_apache_lucene_search_SloppyPhraseScorer.java","lucene-3.1",57,"False",1
"lucene_src_java_org_apache_lucene_search_SloppyPhraseScorer.java","lucene-3.1",58,"False",1
"lucene_src_java_org_apache_lucene_search_SloppyPhraseScorer.java","lucene-3.1",59,"True",2
"lucene_src_java_org_apache_lucene_search_SloppyPhraseScorer.java","lucene-3.1",60,"False",1
"lucene_src_java_org_apache_lucene_search_SloppyPhraseScorer.java","lucene-3.1",61,"False",1
"lucene_src_java_org_apache_lucene_search_SloppyPhraseScorer.java","lucene-3.1",62,"True",2
"lucene_src_java_org_apache_lucene_search_SloppyPhraseScorer.java","lucene-3.1",63,"False",1
"lucene_src_java_org_apache_lucene_search_SloppyPhraseScorer.java","lucene-3.1",64,"False",1
"lucene_src_java_org_apache_lucene_search_SloppyPhraseScorer.java","lucene-3.1",65,"False",1
"lucene_src_java_org_apache_lucene_search_SloppyPhraseScorer.java","lucene-3.1",66,"False",1
"lucene_src_java_org_apache_lucene_search_SloppyPhraseScorer.java","lucene-3.1",67,"False",1
"lucene_src_java_org_apache_lucene_search_SloppyPhraseScorer.java","lucene-3.1",68,"False",1
"lucene_src_java_org_apache_lucene_search_SloppyPhraseScorer.java","lucene-3.1",69,"False",1
"lucene_src_java_org_apache_lucene_search_SloppyPhraseScorer.java","lucene-3.1",70,"False",1
"lucene_src_java_org_apache_lucene_search_SloppyPhraseScorer.java","lucene-3.1",71,"False",1
"lucene_src_java_org_apache_lucene_search_SloppyPhraseScorer.java","lucene-3.1",72,"False",1
"lucene_src_java_org_apache_lucene_search_SloppyPhraseScorer.java","lucene-3.1",73,"True",2
"lucene_src_java_org_apache_lucene_search_SloppyPhraseScorer.java","lucene-3.1",74,"False",1
"lucene_src_java_org_apache_lucene_search_SloppyPhraseScorer.java","lucene-3.1",75,"False",1
"lucene_src_java_org_apache_lucene_search_SloppyPhraseScorer.java","lucene-3.1",76,"False",1
"lucene_src_java_org_apache_lucene_search_SloppyPhraseScorer.java","lucene-3.1",77,"False",1
"lucene_src_java_org_apache_lucene_search_SloppyPhraseScorer.java","lucene-3.1",78,"False",1
"lucene_src_java_org_apache_lucene_search_SloppyPhraseScorer.java","lucene-3.1",79,"False",1
"lucene_src_java_org_apache_lucene_search_SloppyPhraseScorer.java","lucene-3.1",80,"False",1
"lucene_src_java_org_apache_lucene_search_SloppyPhraseScorer.java","lucene-3.1",81,"False",1
"lucene_src_java_org_apache_lucene_search_SloppyPhraseScorer.java","lucene-3.1",82,"False",1
"lucene_src_java_org_apache_lucene_search_SloppyPhraseScorer.java","lucene-3.1",83,"False",1
"lucene_src_java_org_apache_lucene_search_SloppyPhraseScorer.java","lucene-3.1",84,"False",1
"lucene_src_java_org_apache_lucene_search_SloppyPhraseScorer.java","lucene-3.1",85,"False",1
"lucene_src_java_org_apache_lucene_search_SloppyPhraseScorer.java","lucene-3.1",86,"False",1
"lucene_src_java_org_apache_lucene_search_SloppyPhraseScorer.java","lucene-3.1",87,"False",1
"lucene_src_java_org_apache_lucene_search_SloppyPhraseScorer.java","lucene-3.1",88,"False",1
"lucene_src_java_org_apache_lucene_search_SloppyPhraseScorer.java","lucene-3.1",89,"False",1
"lucene_src_java_org_apache_lucene_search_SloppyPhraseScorer.java","lucene-3.1",90,"False",1
"lucene_src_java_org_apache_lucene_search_SloppyPhraseScorer.java","lucene-3.1",91,"False",1
"lucene_src_java_org_apache_lucene_search_SloppyPhraseScorer.java","lucene-3.1",92,"False",1
"lucene_src_java_org_apache_lucene_search_SloppyPhraseScorer.java","lucene-3.1",93,"False",1
"lucene_src_java_org_apache_lucene_search_SloppyPhraseScorer.java","lucene-3.1",94,"False",1
"lucene_src_java_org_apache_lucene_search_SloppyPhraseScorer.java","lucene-3.1",95,"False",1
"lucene_src_java_org_apache_lucene_search_SloppyPhraseScorer.java","lucene-3.1",96,"False",1
"lucene_src_java_org_apache_lucene_search_SloppyPhraseScorer.java","lucene-3.1",97,"False",1
"lucene_src_java_org_apache_lucene_search_SloppyPhraseScorer.java","lucene-3.1",98,"False",1
"lucene_src_java_org_apache_lucene_search_SloppyPhraseScorer.java","lucene-3.1",99,"False",1
"lucene_src_java_org_apache_lucene_search_SloppyPhraseScorer.java","lucene-3.1",100,"False",1
"lucene_src_java_org_apache_lucene_search_SloppyPhraseScorer.java","lucene-3.1",101,"False",1
"lucene_src_java_org_apache_lucene_search_SloppyPhraseScorer.java","lucene-3.1",102,"False",1
"lucene_src_java_org_apache_lucene_search_SloppyPhraseScorer.java","lucene-3.1",103,"False",1
"lucene_src_java_org_apache_lucene_search_SloppyPhraseScorer.java","lucene-3.1",104,"False",1
"lucene_src_java_org_apache_lucene_search_SloppyPhraseScorer.java","lucene-3.1",105,"False",1
"lucene_src_java_org_apache_lucene_search_SloppyPhraseScorer.java","lucene-3.1",106,"False",1
"lucene_src_java_org_apache_lucene_search_SloppyPhraseScorer.java","lucene-3.1",107,"False",1
"lucene_src_java_org_apache_lucene_search_SloppyPhraseScorer.java","lucene-3.1",108,"False",1
"lucene_src_java_org_apache_lucene_search_SloppyPhraseScorer.java","lucene-3.1",109,"False",1
"lucene_src_java_org_apache_lucene_search_SloppyPhraseScorer.java","lucene-3.1",110,"False",1
"lucene_src_java_org_apache_lucene_search_SloppyPhraseScorer.java","lucene-3.1",111,"False",1
"lucene_src_java_org_apache_lucene_search_SloppyPhraseScorer.java","lucene-3.1",112,"False",1
"lucene_src_java_org_apache_lucene_search_SloppyPhraseScorer.java","lucene-3.1",113,"False",1
"lucene_src_java_org_apache_lucene_search_SloppyPhraseScorer.java","lucene-3.1",114,"False",1
"lucene_src_java_org_apache_lucene_search_SloppyPhraseScorer.java","lucene-3.1",115,"False",1
"lucene_src_java_org_apache_lucene_search_SloppyPhraseScorer.java","lucene-3.1",116,"False",1
"lucene_src_java_org_apache_lucene_search_SloppyPhraseScorer.java","lucene-3.1",117,"False",1
"lucene_src_java_org_apache_lucene_search_SloppyPhraseScorer.java","lucene-3.1",118,"False",1
"lucene_src_java_org_apache_lucene_search_SloppyPhraseScorer.java","lucene-3.1",119,"False",1
"lucene_src_java_org_apache_lucene_search_SloppyPhraseScorer.java","lucene-3.1",120,"False",1
"lucene_src_java_org_apache_lucene_search_SloppyPhraseScorer.java","lucene-3.1",121,"False",1
"lucene_src_java_org_apache_lucene_search_SloppyPhraseScorer.java","lucene-3.1",122,"False",1
"lucene_src_java_org_apache_lucene_search_SloppyPhraseScorer.java","lucene-3.1",123,"False",1
"lucene_src_java_org_apache_lucene_search_SloppyPhraseScorer.java","lucene-3.1",124,"False",1
"lucene_src_java_org_apache_lucene_search_SloppyPhraseScorer.java","lucene-3.1",125,"False",1
"lucene_src_java_org_apache_lucene_search_SloppyPhraseScorer.java","lucene-3.1",126,"False",1
"lucene_src_java_org_apache_lucene_search_SloppyPhraseScorer.java","lucene-3.1",127,"False",1
"lucene_src_java_org_apache_lucene_search_SloppyPhraseScorer.java","lucene-3.1",128,"False",1
"lucene_src_java_org_apache_lucene_search_SloppyPhraseScorer.java","lucene-3.1",129,"False",1
"lucene_src_java_org_apache_lucene_search_SloppyPhraseScorer.java","lucene-3.1",130,"False",1
"lucene_src_java_org_apache_lucene_search_SloppyPhraseScorer.java","lucene-3.1",131,"False",1
"lucene_src_java_org_apache_lucene_search_SloppyPhraseScorer.java","lucene-3.1",132,"False",1
"lucene_src_java_org_apache_lucene_search_SloppyPhraseScorer.java","lucene-3.1",133,"False",1
"lucene_src_java_org_apache_lucene_search_SloppyPhraseScorer.java","lucene-3.1",134,"False",1
"lucene_src_java_org_apache_lucene_search_SloppyPhraseScorer.java","lucene-3.1",135,"False",1
"lucene_src_java_org_apache_lucene_search_SloppyPhraseScorer.java","lucene-3.1",136,"False",1
"lucene_src_java_org_apache_lucene_search_SloppyPhraseScorer.java","lucene-3.1",137,"False",1
"lucene_src_java_org_apache_lucene_search_SloppyPhraseScorer.java","lucene-3.1",138,"False",1
"lucene_src_java_org_apache_lucene_search_SloppyPhraseScorer.java","lucene-3.1",139,"False",1
"lucene_src_java_org_apache_lucene_search_SloppyPhraseScorer.java","lucene-3.1",140,"False",1
"lucene_src_java_org_apache_lucene_search_SloppyPhraseScorer.java","lucene-3.1",141,"False",1
"lucene_src_java_org_apache_lucene_search_SloppyPhraseScorer.java","lucene-3.1",142,"False",1
"lucene_src_java_org_apache_lucene_search_SloppyPhraseScorer.java","lucene-3.1",143,"False",1
"lucene_src_java_org_apache_lucene_search_SloppyPhraseScorer.java","lucene-3.1",144,"False",1
"lucene_src_java_org_apache_lucene_search_SloppyPhraseScorer.java","lucene-3.1",145,"False",1
"lucene_src_java_org_apache_lucene_search_SloppyPhraseScorer.java","lucene-3.1",146,"False",1
"lucene_src_java_org_apache_lucene_search_SloppyPhraseScorer.java","lucene-3.1",147,"False",1
"lucene_src_java_org_apache_lucene_search_SloppyPhraseScorer.java","lucene-3.1",148,"False",1
"lucene_src_java_org_apache_lucene_search_SloppyPhraseScorer.java","lucene-3.1",149,"False",1
"lucene_src_java_org_apache_lucene_search_SloppyPhraseScorer.java","lucene-3.1",150,"False",1
"lucene_src_java_org_apache_lucene_search_SloppyPhraseScorer.java","lucene-3.1",151,"False",1
"lucene_src_java_org_apache_lucene_search_SloppyPhraseScorer.java","lucene-3.1",152,"False",1
"lucene_src_java_org_apache_lucene_search_SloppyPhraseScorer.java","lucene-3.1",153,"False",1
"lucene_src_java_org_apache_lucene_search_SloppyPhraseScorer.java","lucene-3.1",154,"False",1
"lucene_src_java_org_apache_lucene_search_SloppyPhraseScorer.java","lucene-3.1",155,"False",1
"lucene_src_java_org_apache_lucene_search_SloppyPhraseScorer.java","lucene-3.1",156,"True",2
"lucene_src_java_org_apache_lucene_search_SloppyPhraseScorer.java","lucene-3.1",157,"True",2
"lucene_src_java_org_apache_lucene_search_SloppyPhraseScorer.java","lucene-3.1",158,"False",1
"lucene_src_java_org_apache_lucene_search_SloppyPhraseScorer.java","lucene-3.1",159,"False",1
"lucene_src_java_org_apache_lucene_search_SloppyPhraseScorer.java","lucene-3.1",160,"False",1
"lucene_src_java_org_apache_lucene_search_SloppyPhraseScorer.java","lucene-3.1",161,"False",1
"lucene_src_java_org_apache_lucene_search_SloppyPhraseScorer.java","lucene-3.1",162,"False",1
"lucene_src_java_org_apache_lucene_search_SloppyPhraseScorer.java","lucene-3.1",163,"False",1
"lucene_src_java_org_apache_lucene_search_SloppyPhraseScorer.java","lucene-3.1",164,"False",1
"lucene_src_java_org_apache_lucene_search_SloppyPhraseScorer.java","lucene-3.1",165,"False",1
"lucene_src_java_org_apache_lucene_search_SloppyPhraseScorer.java","lucene-3.1",166,"False",1
"lucene_src_java_org_apache_lucene_search_SloppyPhraseScorer.java","lucene-3.1",167,"False",1
"lucene_src_java_org_apache_lucene_search_SloppyPhraseScorer.java","lucene-3.1",168,"False",1
"lucene_src_java_org_apache_lucene_search_SloppyPhraseScorer.java","lucene-3.1",169,"False",1
"lucene_src_java_org_apache_lucene_search_SloppyPhraseScorer.java","lucene-3.1",170,"False",1
"lucene_src_java_org_apache_lucene_search_SloppyPhraseScorer.java","lucene-3.1",171,"False",1
"lucene_src_java_org_apache_lucene_search_SloppyPhraseScorer.java","lucene-3.1",172,"False",1
"lucene_src_java_org_apache_lucene_search_SloppyPhraseScorer.java","lucene-3.1",173,"False",1
"lucene_src_java_org_apache_lucene_search_SloppyPhraseScorer.java","lucene-3.1",174,"False",1
"lucene_src_java_org_apache_lucene_search_SloppyPhraseScorer.java","lucene-3.1",175,"False",1
"lucene_src_java_org_apache_lucene_search_SloppyPhraseScorer.java","lucene-3.1",176,"False",1
"lucene_src_java_org_apache_lucene_search_SloppyPhraseScorer.java","lucene-3.1",177,"False",1
"lucene_src_java_org_apache_lucene_search_SloppyPhraseScorer.java","lucene-3.1",178,"False",1
"lucene_src_java_org_apache_lucene_search_SloppyPhraseScorer.java","lucene-3.1",179,"False",1
"lucene_src_java_org_apache_lucene_search_SloppyPhraseScorer.java","lucene-3.1",180,"False",1
"lucene_src_java_org_apache_lucene_search_SloppyPhraseScorer.java","lucene-3.1",181,"False",1
"lucene_src_java_org_apache_lucene_search_SloppyPhraseScorer.java","lucene-3.1",182,"False",1
"lucene_src_java_org_apache_lucene_search_SloppyPhraseScorer.java","lucene-3.1",183,"False",1
"lucene_src_java_org_apache_lucene_search_SloppyPhraseScorer.java","lucene-3.1",184,"False",1
"lucene_src_java_org_apache_lucene_search_SloppyPhraseScorer.java","lucene-3.1",185,"False",1
"lucene_src_java_org_apache_lucene_search_SloppyPhraseScorer.java","lucene-3.1",186,"False",1
"lucene_src_java_org_apache_lucene_search_SloppyPhraseScorer.java","lucene-3.1",187,"False",1
"lucene_src_java_org_apache_lucene_search_SloppyPhraseScorer.java","lucene-3.1",188,"False",1
"lucene_src_java_org_apache_lucene_search_SloppyPhraseScorer.java","lucene-3.1",189,"False",1
"lucene_src_java_org_apache_lucene_search_SloppyPhraseScorer.java","lucene-3.1",190,"False",1
"lucene_src_java_org_apache_lucene_search_SloppyPhraseScorer.java","lucene-3.1",191,"False",1
"lucene_src_java_org_apache_lucene_search_SloppyPhraseScorer.java","lucene-3.1",192,"False",1
"lucene_src_java_org_apache_lucene_search_SloppyPhraseScorer.java","lucene-3.1",193,"False",1
"lucene_src_java_org_apache_lucene_search_SloppyPhraseScorer.java","lucene-3.1",194,"False",1
"lucene_src_java_org_apache_lucene_search_SloppyPhraseScorer.java","lucene-3.1",195,"False",1
"lucene_src_java_org_apache_lucene_search_SloppyPhraseScorer.java","lucene-3.1",196,"False",1
"lucene_src_java_org_apache_lucene_search_SloppyPhraseScorer.java","lucene-3.1",197,"False",1
"lucene_src_java_org_apache_lucene_search_SloppyPhraseScorer.java","lucene-3.1",198,"False",1
"lucene_src_java_org_apache_lucene_search_SloppyPhraseScorer.java","lucene-3.1",199,"False",1
"lucene_src_java_org_apache_lucene_search_SloppyPhraseScorer.java","lucene-3.1",200,"False",1
"lucene_src_java_org_apache_lucene_search_SloppyPhraseScorer.java","lucene-3.1",201,"False",1
"lucene_src_java_org_apache_lucene_search_SloppyPhraseScorer.java","lucene-3.1",202,"False",1
"lucene_src_java_org_apache_lucene_search_SloppyPhraseScorer.java","lucene-3.1",203,"False",1
"lucene_src_java_org_apache_lucene_search_SloppyPhraseScorer.java","lucene-3.1",204,"False",1
"lucene_src_java_org_apache_lucene_search_SloppyPhraseScorer.java","lucene-3.1",205,"False",1
"lucene_src_java_org_apache_lucene_search_SloppyPhraseScorer.java","lucene-3.1",206,"False",1
"lucene_src_java_org_apache_lucene_search_SloppyPhraseScorer.java","lucene-3.1",207,"False",1
"lucene_src_java_org_apache_lucene_search_SloppyPhraseScorer.java","lucene-3.1",208,"False",1
"lucene_src_java_org_apache_lucene_search_SloppyPhraseScorer.java","lucene-3.1",209,"False",1
"lucene_src_java_org_apache_lucene_search_SloppyPhraseScorer.java","lucene-3.1",210,"False",1
"lucene_src_java_org_apache_lucene_search_SloppyPhraseScorer.java","lucene-3.1",211,"False",1
"lucene_src_java_org_apache_lucene_search_SloppyPhraseScorer.java","lucene-3.1",212,"False",1
"lucene_src_java_org_apache_lucene_search_SloppyPhraseScorer.java","lucene-3.1",213,"False",1
"lucene_src_java_org_apache_lucene_search_SloppyPhraseScorer.java","lucene-3.1",214,"False",1
"lucene_src_java_org_apache_lucene_search_SloppyPhraseScorer.java","lucene-3.1",215,"False",1
"solr_src_java_org_apache_solr_handler_component_SpellCheckComponent.java","lucene-3.1",1,"False",1
"solr_src_java_org_apache_solr_handler_component_SpellCheckComponent.java","lucene-3.1",2,"False",1
"solr_src_java_org_apache_solr_handler_component_SpellCheckComponent.java","lucene-3.1",3,"False",1
"solr_src_java_org_apache_solr_handler_component_SpellCheckComponent.java","lucene-3.1",4,"False",1
"solr_src_java_org_apache_solr_handler_component_SpellCheckComponent.java","lucene-3.1",5,"False",1
"solr_src_java_org_apache_solr_handler_component_SpellCheckComponent.java","lucene-3.1",6,"False",1
"solr_src_java_org_apache_solr_handler_component_SpellCheckComponent.java","lucene-3.1",7,"False",1
"solr_src_java_org_apache_solr_handler_component_SpellCheckComponent.java","lucene-3.1",8,"False",1
"solr_src_java_org_apache_solr_handler_component_SpellCheckComponent.java","lucene-3.1",9,"False",1
"solr_src_java_org_apache_solr_handler_component_SpellCheckComponent.java","lucene-3.1",10,"False",1
"solr_src_java_org_apache_solr_handler_component_SpellCheckComponent.java","lucene-3.1",11,"False",1
"solr_src_java_org_apache_solr_handler_component_SpellCheckComponent.java","lucene-3.1",12,"False",1
"solr_src_java_org_apache_solr_handler_component_SpellCheckComponent.java","lucene-3.1",13,"False",1
"solr_src_java_org_apache_solr_handler_component_SpellCheckComponent.java","lucene-3.1",14,"False",1
"solr_src_java_org_apache_solr_handler_component_SpellCheckComponent.java","lucene-3.1",15,"False",1
"solr_src_java_org_apache_solr_handler_component_SpellCheckComponent.java","lucene-3.1",16,"False",1
"solr_src_java_org_apache_solr_handler_component_SpellCheckComponent.java","lucene-3.1",17,"False",1
"solr_src_java_org_apache_solr_handler_component_SpellCheckComponent.java","lucene-3.1",18,"False",1
"solr_src_java_org_apache_solr_handler_component_SpellCheckComponent.java","lucene-3.1",19,"False",1
"solr_src_java_org_apache_solr_handler_component_SpellCheckComponent.java","lucene-3.1",20,"False",1
"solr_src_java_org_apache_solr_handler_component_SpellCheckComponent.java","lucene-3.1",21,"False",1
"solr_src_java_org_apache_solr_handler_component_SpellCheckComponent.java","lucene-3.1",22,"False",1
"solr_src_java_org_apache_solr_handler_component_SpellCheckComponent.java","lucene-3.1",23,"False",1
"solr_src_java_org_apache_solr_handler_component_SpellCheckComponent.java","lucene-3.1",24,"False",1
"solr_src_java_org_apache_solr_handler_component_SpellCheckComponent.java","lucene-3.1",25,"False",1
"solr_src_java_org_apache_solr_handler_component_SpellCheckComponent.java","lucene-3.1",26,"False",1
"solr_src_java_org_apache_solr_handler_component_SpellCheckComponent.java","lucene-3.1",27,"False",1
"solr_src_java_org_apache_solr_handler_component_SpellCheckComponent.java","lucene-3.1",28,"False",1
"solr_src_java_org_apache_solr_handler_component_SpellCheckComponent.java","lucene-3.1",29,"False",1
"solr_src_java_org_apache_solr_handler_component_SpellCheckComponent.java","lucene-3.1",30,"False",1
"solr_src_java_org_apache_solr_handler_component_SpellCheckComponent.java","lucene-3.1",31,"False",1
"solr_src_java_org_apache_solr_handler_component_SpellCheckComponent.java","lucene-3.1",32,"False",1
"solr_src_java_org_apache_solr_handler_component_SpellCheckComponent.java","lucene-3.1",33,"False",1
"solr_src_java_org_apache_solr_handler_component_SpellCheckComponent.java","lucene-3.1",34,"False",1
"solr_src_java_org_apache_solr_handler_component_SpellCheckComponent.java","lucene-3.1",35,"False",1
"solr_src_java_org_apache_solr_handler_component_SpellCheckComponent.java","lucene-3.1",36,"False",1
"solr_src_java_org_apache_solr_handler_component_SpellCheckComponent.java","lucene-3.1",37,"False",1
"solr_src_java_org_apache_solr_handler_component_SpellCheckComponent.java","lucene-3.1",38,"False",1
"solr_src_java_org_apache_solr_handler_component_SpellCheckComponent.java","lucene-3.1",39,"False",1
"solr_src_java_org_apache_solr_handler_component_SpellCheckComponent.java","lucene-3.1",40,"False",1
"solr_src_java_org_apache_solr_handler_component_SpellCheckComponent.java","lucene-3.1",41,"False",1
"solr_src_java_org_apache_solr_handler_component_SpellCheckComponent.java","lucene-3.1",42,"False",1
"solr_src_java_org_apache_solr_handler_component_SpellCheckComponent.java","lucene-3.1",43,"False",1
"solr_src_java_org_apache_solr_handler_component_SpellCheckComponent.java","lucene-3.1",44,"False",1
"solr_src_java_org_apache_solr_handler_component_SpellCheckComponent.java","lucene-3.1",45,"False",1
"solr_src_java_org_apache_solr_handler_component_SpellCheckComponent.java","lucene-3.1",46,"False",1
"solr_src_java_org_apache_solr_handler_component_SpellCheckComponent.java","lucene-3.1",47,"False",1
"solr_src_java_org_apache_solr_handler_component_SpellCheckComponent.java","lucene-3.1",48,"False",1
"solr_src_java_org_apache_solr_handler_component_SpellCheckComponent.java","lucene-3.1",49,"False",1
"solr_src_java_org_apache_solr_handler_component_SpellCheckComponent.java","lucene-3.1",50,"False",1
"solr_src_java_org_apache_solr_handler_component_SpellCheckComponent.java","lucene-3.1",51,"False",1
"solr_src_java_org_apache_solr_handler_component_SpellCheckComponent.java","lucene-3.1",52,"False",1
"solr_src_java_org_apache_solr_handler_component_SpellCheckComponent.java","lucene-3.1",53,"False",1
"solr_src_java_org_apache_solr_handler_component_SpellCheckComponent.java","lucene-3.1",54,"False",1
"solr_src_java_org_apache_solr_handler_component_SpellCheckComponent.java","lucene-3.1",55,"False",1
"solr_src_java_org_apache_solr_handler_component_SpellCheckComponent.java","lucene-3.1",56,"False",1
"solr_src_java_org_apache_solr_handler_component_SpellCheckComponent.java","lucene-3.1",57,"False",1
"solr_src_java_org_apache_solr_handler_component_SpellCheckComponent.java","lucene-3.1",58,"False",1
"solr_src_java_org_apache_solr_handler_component_SpellCheckComponent.java","lucene-3.1",59,"False",1
"solr_src_java_org_apache_solr_handler_component_SpellCheckComponent.java","lucene-3.1",60,"False",1
"solr_src_java_org_apache_solr_handler_component_SpellCheckComponent.java","lucene-3.1",61,"False",1
"solr_src_java_org_apache_solr_handler_component_SpellCheckComponent.java","lucene-3.1",62,"False",1
"solr_src_java_org_apache_solr_handler_component_SpellCheckComponent.java","lucene-3.1",63,"False",1
"solr_src_java_org_apache_solr_handler_component_SpellCheckComponent.java","lucene-3.1",64,"False",1
"solr_src_java_org_apache_solr_handler_component_SpellCheckComponent.java","lucene-3.1",65,"False",1
"solr_src_java_org_apache_solr_handler_component_SpellCheckComponent.java","lucene-3.1",66,"False",1
"solr_src_java_org_apache_solr_handler_component_SpellCheckComponent.java","lucene-3.1",67,"False",1
"solr_src_java_org_apache_solr_handler_component_SpellCheckComponent.java","lucene-3.1",68,"False",1
"solr_src_java_org_apache_solr_handler_component_SpellCheckComponent.java","lucene-3.1",69,"False",1
"solr_src_java_org_apache_solr_handler_component_SpellCheckComponent.java","lucene-3.1",70,"False",1
"solr_src_java_org_apache_solr_handler_component_SpellCheckComponent.java","lucene-3.1",71,"True",3
"solr_src_java_org_apache_solr_handler_component_SpellCheckComponent.java","lucene-3.1",72,"False",1
"solr_src_java_org_apache_solr_handler_component_SpellCheckComponent.java","lucene-3.1",73,"False",1
"solr_src_java_org_apache_solr_handler_component_SpellCheckComponent.java","lucene-3.1",74,"False",1
"solr_src_java_org_apache_solr_handler_component_SpellCheckComponent.java","lucene-3.1",75,"False",1
"solr_src_java_org_apache_solr_handler_component_SpellCheckComponent.java","lucene-3.1",76,"False",1
"solr_src_java_org_apache_solr_handler_component_SpellCheckComponent.java","lucene-3.1",77,"False",1
"solr_src_java_org_apache_solr_handler_component_SpellCheckComponent.java","lucene-3.1",78,"False",1
"solr_src_java_org_apache_solr_handler_component_SpellCheckComponent.java","lucene-3.1",79,"False",1
"solr_src_java_org_apache_solr_handler_component_SpellCheckComponent.java","lucene-3.1",80,"False",1
"solr_src_java_org_apache_solr_handler_component_SpellCheckComponent.java","lucene-3.1",81,"False",1
"solr_src_java_org_apache_solr_handler_component_SpellCheckComponent.java","lucene-3.1",82,"False",1
"solr_src_java_org_apache_solr_handler_component_SpellCheckComponent.java","lucene-3.1",83,"False",1
"solr_src_java_org_apache_solr_handler_component_SpellCheckComponent.java","lucene-3.1",84,"False",1
"solr_src_java_org_apache_solr_handler_component_SpellCheckComponent.java","lucene-3.1",85,"False",1
"solr_src_java_org_apache_solr_handler_component_SpellCheckComponent.java","lucene-3.1",86,"False",1
"solr_src_java_org_apache_solr_handler_component_SpellCheckComponent.java","lucene-3.1",87,"False",1
"solr_src_java_org_apache_solr_handler_component_SpellCheckComponent.java","lucene-3.1",88,"False",1
"solr_src_java_org_apache_solr_handler_component_SpellCheckComponent.java","lucene-3.1",89,"False",1
"solr_src_java_org_apache_solr_handler_component_SpellCheckComponent.java","lucene-3.1",90,"False",1
"solr_src_java_org_apache_solr_handler_component_SpellCheckComponent.java","lucene-3.1",91,"False",1
"solr_src_java_org_apache_solr_handler_component_SpellCheckComponent.java","lucene-3.1",92,"False",1
"solr_src_java_org_apache_solr_handler_component_SpellCheckComponent.java","lucene-3.1",93,"False",1
"solr_src_java_org_apache_solr_handler_component_SpellCheckComponent.java","lucene-3.1",94,"False",1
"solr_src_java_org_apache_solr_handler_component_SpellCheckComponent.java","lucene-3.1",95,"False",1
"solr_src_java_org_apache_solr_handler_component_SpellCheckComponent.java","lucene-3.1",96,"False",1
"solr_src_java_org_apache_solr_handler_component_SpellCheckComponent.java","lucene-3.1",97,"False",1
"solr_src_java_org_apache_solr_handler_component_SpellCheckComponent.java","lucene-3.1",98,"False",1
"solr_src_java_org_apache_solr_handler_component_SpellCheckComponent.java","lucene-3.1",99,"False",1
"solr_src_java_org_apache_solr_handler_component_SpellCheckComponent.java","lucene-3.1",100,"False",1
"solr_src_java_org_apache_solr_handler_component_SpellCheckComponent.java","lucene-3.1",101,"False",1
"solr_src_java_org_apache_solr_handler_component_SpellCheckComponent.java","lucene-3.1",102,"False",1
"solr_src_java_org_apache_solr_handler_component_SpellCheckComponent.java","lucene-3.1",103,"False",1
"solr_src_java_org_apache_solr_handler_component_SpellCheckComponent.java","lucene-3.1",104,"True",2
"solr_src_java_org_apache_solr_handler_component_SpellCheckComponent.java","lucene-3.1",105,"False",1
"solr_src_java_org_apache_solr_handler_component_SpellCheckComponent.java","lucene-3.1",106,"False",1
"solr_src_java_org_apache_solr_handler_component_SpellCheckComponent.java","lucene-3.1",107,"False",1
"solr_src_java_org_apache_solr_handler_component_SpellCheckComponent.java","lucene-3.1",108,"False",1
"solr_src_java_org_apache_solr_handler_component_SpellCheckComponent.java","lucene-3.1",109,"False",1
"solr_src_java_org_apache_solr_handler_component_SpellCheckComponent.java","lucene-3.1",110,"True",2
"solr_src_java_org_apache_solr_handler_component_SpellCheckComponent.java","lucene-3.1",111,"True",2
"solr_src_java_org_apache_solr_handler_component_SpellCheckComponent.java","lucene-3.1",112,"False",1
"solr_src_java_org_apache_solr_handler_component_SpellCheckComponent.java","lucene-3.1",113,"True",2
"solr_src_java_org_apache_solr_handler_component_SpellCheckComponent.java","lucene-3.1",114,"True",2
"solr_src_java_org_apache_solr_handler_component_SpellCheckComponent.java","lucene-3.1",115,"False",1
"solr_src_java_org_apache_solr_handler_component_SpellCheckComponent.java","lucene-3.1",116,"False",1
"solr_src_java_org_apache_solr_handler_component_SpellCheckComponent.java","lucene-3.1",117,"False",1
"solr_src_java_org_apache_solr_handler_component_SpellCheckComponent.java","lucene-3.1",118,"False",1
"solr_src_java_org_apache_solr_handler_component_SpellCheckComponent.java","lucene-3.1",119,"False",1
"solr_src_java_org_apache_solr_handler_component_SpellCheckComponent.java","lucene-3.1",120,"False",1
"solr_src_java_org_apache_solr_handler_component_SpellCheckComponent.java","lucene-3.1",121,"True",2
"solr_src_java_org_apache_solr_handler_component_SpellCheckComponent.java","lucene-3.1",122,"False",1
"solr_src_java_org_apache_solr_handler_component_SpellCheckComponent.java","lucene-3.1",123,"False",1
"solr_src_java_org_apache_solr_handler_component_SpellCheckComponent.java","lucene-3.1",124,"False",1
"solr_src_java_org_apache_solr_handler_component_SpellCheckComponent.java","lucene-3.1",125,"False",1
"solr_src_java_org_apache_solr_handler_component_SpellCheckComponent.java","lucene-3.1",126,"False",1
"solr_src_java_org_apache_solr_handler_component_SpellCheckComponent.java","lucene-3.1",127,"False",1
"solr_src_java_org_apache_solr_handler_component_SpellCheckComponent.java","lucene-3.1",128,"False",1
"solr_src_java_org_apache_solr_handler_component_SpellCheckComponent.java","lucene-3.1",129,"False",1
"solr_src_java_org_apache_solr_handler_component_SpellCheckComponent.java","lucene-3.1",130,"False",1
"solr_src_java_org_apache_solr_handler_component_SpellCheckComponent.java","lucene-3.1",131,"False",1
"solr_src_java_org_apache_solr_handler_component_SpellCheckComponent.java","lucene-3.1",132,"False",1
"solr_src_java_org_apache_solr_handler_component_SpellCheckComponent.java","lucene-3.1",133,"False",1
"solr_src_java_org_apache_solr_handler_component_SpellCheckComponent.java","lucene-3.1",134,"False",1
"solr_src_java_org_apache_solr_handler_component_SpellCheckComponent.java","lucene-3.1",135,"False",1
"solr_src_java_org_apache_solr_handler_component_SpellCheckComponent.java","lucene-3.1",136,"False",1
"solr_src_java_org_apache_solr_handler_component_SpellCheckComponent.java","lucene-3.1",137,"False",1
"solr_src_java_org_apache_solr_handler_component_SpellCheckComponent.java","lucene-3.1",138,"False",1
"solr_src_java_org_apache_solr_handler_component_SpellCheckComponent.java","lucene-3.1",139,"False",1
"solr_src_java_org_apache_solr_handler_component_SpellCheckComponent.java","lucene-3.1",140,"False",1
"solr_src_java_org_apache_solr_handler_component_SpellCheckComponent.java","lucene-3.1",141,"False",1
"solr_src_java_org_apache_solr_handler_component_SpellCheckComponent.java","lucene-3.1",142,"False",1
"solr_src_java_org_apache_solr_handler_component_SpellCheckComponent.java","lucene-3.1",143,"False",1
"solr_src_java_org_apache_solr_handler_component_SpellCheckComponent.java","lucene-3.1",144,"False",1
"solr_src_java_org_apache_solr_handler_component_SpellCheckComponent.java","lucene-3.1",145,"False",1
"solr_src_java_org_apache_solr_handler_component_SpellCheckComponent.java","lucene-3.1",146,"False",1
"solr_src_java_org_apache_solr_handler_component_SpellCheckComponent.java","lucene-3.1",147,"True",2
"solr_src_java_org_apache_solr_handler_component_SpellCheckComponent.java","lucene-3.1",148,"False",1
"solr_src_java_org_apache_solr_handler_component_SpellCheckComponent.java","lucene-3.1",149,"False",1
"solr_src_java_org_apache_solr_handler_component_SpellCheckComponent.java","lucene-3.1",150,"False",1
"solr_src_java_org_apache_solr_handler_component_SpellCheckComponent.java","lucene-3.1",151,"False",1
"solr_src_java_org_apache_solr_handler_component_SpellCheckComponent.java","lucene-3.1",152,"False",1
"solr_src_java_org_apache_solr_handler_component_SpellCheckComponent.java","lucene-3.1",153,"False",1
"solr_src_java_org_apache_solr_handler_component_SpellCheckComponent.java","lucene-3.1",154,"False",1
"solr_src_java_org_apache_solr_handler_component_SpellCheckComponent.java","lucene-3.1",155,"False",1
"solr_src_java_org_apache_solr_handler_component_SpellCheckComponent.java","lucene-3.1",156,"False",1
"solr_src_java_org_apache_solr_handler_component_SpellCheckComponent.java","lucene-3.1",157,"False",1
"solr_src_java_org_apache_solr_handler_component_SpellCheckComponent.java","lucene-3.1",158,"False",1
"solr_src_java_org_apache_solr_handler_component_SpellCheckComponent.java","lucene-3.1",159,"False",1
"solr_src_java_org_apache_solr_handler_component_SpellCheckComponent.java","lucene-3.1",160,"True",2
"solr_src_java_org_apache_solr_handler_component_SpellCheckComponent.java","lucene-3.1",161,"False",1
"solr_src_java_org_apache_solr_handler_component_SpellCheckComponent.java","lucene-3.1",162,"False",1
"solr_src_java_org_apache_solr_handler_component_SpellCheckComponent.java","lucene-3.1",163,"False",1
"solr_src_java_org_apache_solr_handler_component_SpellCheckComponent.java","lucene-3.1",164,"False",1
"solr_src_java_org_apache_solr_handler_component_SpellCheckComponent.java","lucene-3.1",165,"False",1
"solr_src_java_org_apache_solr_handler_component_SpellCheckComponent.java","lucene-3.1",166,"False",1
"solr_src_java_org_apache_solr_handler_component_SpellCheckComponent.java","lucene-3.1",167,"False",1
"solr_src_java_org_apache_solr_handler_component_SpellCheckComponent.java","lucene-3.1",168,"False",1
"solr_src_java_org_apache_solr_handler_component_SpellCheckComponent.java","lucene-3.1",169,"False",1
"solr_src_java_org_apache_solr_handler_component_SpellCheckComponent.java","lucene-3.1",170,"False",1
"solr_src_java_org_apache_solr_handler_component_SpellCheckComponent.java","lucene-3.1",171,"False",1
"solr_src_java_org_apache_solr_handler_component_SpellCheckComponent.java","lucene-3.1",172,"False",1
"solr_src_java_org_apache_solr_handler_component_SpellCheckComponent.java","lucene-3.1",173,"False",1
"solr_src_java_org_apache_solr_handler_component_SpellCheckComponent.java","lucene-3.1",174,"False",1
"solr_src_java_org_apache_solr_handler_component_SpellCheckComponent.java","lucene-3.1",175,"False",1
"solr_src_java_org_apache_solr_handler_component_SpellCheckComponent.java","lucene-3.1",176,"False",1
"solr_src_java_org_apache_solr_handler_component_SpellCheckComponent.java","lucene-3.1",177,"False",1
"solr_src_java_org_apache_solr_handler_component_SpellCheckComponent.java","lucene-3.1",178,"False",1
"solr_src_java_org_apache_solr_handler_component_SpellCheckComponent.java","lucene-3.1",179,"False",1
"solr_src_java_org_apache_solr_handler_component_SpellCheckComponent.java","lucene-3.1",180,"False",1
"solr_src_java_org_apache_solr_handler_component_SpellCheckComponent.java","lucene-3.1",181,"False",1
"solr_src_java_org_apache_solr_handler_component_SpellCheckComponent.java","lucene-3.1",182,"False",1
"solr_src_java_org_apache_solr_handler_component_SpellCheckComponent.java","lucene-3.1",183,"False",1
"solr_src_java_org_apache_solr_handler_component_SpellCheckComponent.java","lucene-3.1",184,"False",1
"solr_src_java_org_apache_solr_handler_component_SpellCheckComponent.java","lucene-3.1",185,"False",1
"solr_src_java_org_apache_solr_handler_component_SpellCheckComponent.java","lucene-3.1",186,"False",1
"solr_src_java_org_apache_solr_handler_component_SpellCheckComponent.java","lucene-3.1",187,"False",1
"solr_src_java_org_apache_solr_handler_component_SpellCheckComponent.java","lucene-3.1",188,"False",1
"solr_src_java_org_apache_solr_handler_component_SpellCheckComponent.java","lucene-3.1",189,"False",1
"solr_src_java_org_apache_solr_handler_component_SpellCheckComponent.java","lucene-3.1",190,"False",1
"solr_src_java_org_apache_solr_handler_component_SpellCheckComponent.java","lucene-3.1",191,"False",1
"solr_src_java_org_apache_solr_handler_component_SpellCheckComponent.java","lucene-3.1",192,"False",1
"solr_src_java_org_apache_solr_handler_component_SpellCheckComponent.java","lucene-3.1",193,"False",1
"solr_src_java_org_apache_solr_handler_component_SpellCheckComponent.java","lucene-3.1",194,"False",1
"solr_src_java_org_apache_solr_handler_component_SpellCheckComponent.java","lucene-3.1",195,"False",1
"solr_src_java_org_apache_solr_handler_component_SpellCheckComponent.java","lucene-3.1",196,"False",1
"solr_src_java_org_apache_solr_handler_component_SpellCheckComponent.java","lucene-3.1",197,"False",1
"solr_src_java_org_apache_solr_handler_component_SpellCheckComponent.java","lucene-3.1",198,"False",1
"solr_src_java_org_apache_solr_handler_component_SpellCheckComponent.java","lucene-3.1",199,"False",1
"solr_src_java_org_apache_solr_handler_component_SpellCheckComponent.java","lucene-3.1",200,"False",1
"solr_src_java_org_apache_solr_handler_component_SpellCheckComponent.java","lucene-3.1",201,"False",1
"solr_src_java_org_apache_solr_handler_component_SpellCheckComponent.java","lucene-3.1",202,"False",1
"solr_src_java_org_apache_solr_handler_component_SpellCheckComponent.java","lucene-3.1",203,"False",1
"solr_src_java_org_apache_solr_handler_component_SpellCheckComponent.java","lucene-3.1",204,"False",1
"solr_src_java_org_apache_solr_handler_component_SpellCheckComponent.java","lucene-3.1",205,"False",1
"solr_src_java_org_apache_solr_handler_component_SpellCheckComponent.java","lucene-3.1",206,"False",1
"solr_src_java_org_apache_solr_handler_component_SpellCheckComponent.java","lucene-3.1",207,"False",1
"solr_src_java_org_apache_solr_handler_component_SpellCheckComponent.java","lucene-3.1",208,"False",1
"solr_src_java_org_apache_solr_handler_component_SpellCheckComponent.java","lucene-3.1",209,"False",1
"solr_src_java_org_apache_solr_handler_component_SpellCheckComponent.java","lucene-3.1",210,"False",1
"solr_src_java_org_apache_solr_handler_component_SpellCheckComponent.java","lucene-3.1",211,"False",1
"solr_src_java_org_apache_solr_handler_component_SpellCheckComponent.java","lucene-3.1",212,"False",1
"solr_src_java_org_apache_solr_handler_component_SpellCheckComponent.java","lucene-3.1",213,"False",1
"solr_src_java_org_apache_solr_handler_component_SpellCheckComponent.java","lucene-3.1",214,"False",1
"solr_src_java_org_apache_solr_handler_component_SpellCheckComponent.java","lucene-3.1",215,"False",1
"solr_src_java_org_apache_solr_handler_component_SpellCheckComponent.java","lucene-3.1",216,"False",1
"solr_src_java_org_apache_solr_handler_component_SpellCheckComponent.java","lucene-3.1",217,"False",1
"solr_src_java_org_apache_solr_handler_component_SpellCheckComponent.java","lucene-3.1",218,"False",1
"solr_src_java_org_apache_solr_handler_component_SpellCheckComponent.java","lucene-3.1",219,"False",1
"solr_src_java_org_apache_solr_handler_component_SpellCheckComponent.java","lucene-3.1",220,"False",1
"solr_src_java_org_apache_solr_handler_component_SpellCheckComponent.java","lucene-3.1",221,"False",1
"solr_src_java_org_apache_solr_handler_component_SpellCheckComponent.java","lucene-3.1",222,"False",1
"solr_src_java_org_apache_solr_handler_component_SpellCheckComponent.java","lucene-3.1",223,"False",1
"solr_src_java_org_apache_solr_handler_component_SpellCheckComponent.java","lucene-3.1",224,"False",1
"solr_src_java_org_apache_solr_handler_component_SpellCheckComponent.java","lucene-3.1",225,"False",1
"solr_src_java_org_apache_solr_handler_component_SpellCheckComponent.java","lucene-3.1",226,"False",1
"solr_src_java_org_apache_solr_handler_component_SpellCheckComponent.java","lucene-3.1",227,"False",1
"solr_src_java_org_apache_solr_handler_component_SpellCheckComponent.java","lucene-3.1",228,"False",1
"solr_src_java_org_apache_solr_handler_component_SpellCheckComponent.java","lucene-3.1",229,"False",1
"solr_src_java_org_apache_solr_handler_component_SpellCheckComponent.java","lucene-3.1",230,"False",1
"solr_src_java_org_apache_solr_handler_component_SpellCheckComponent.java","lucene-3.1",231,"False",1
"solr_src_java_org_apache_solr_handler_component_SpellCheckComponent.java","lucene-3.1",232,"True",2
"solr_src_java_org_apache_solr_handler_component_SpellCheckComponent.java","lucene-3.1",233,"False",1
"solr_src_java_org_apache_solr_handler_component_SpellCheckComponent.java","lucene-3.1",234,"False",1
"solr_src_java_org_apache_solr_handler_component_SpellCheckComponent.java","lucene-3.1",235,"True",2
"solr_src_java_org_apache_solr_handler_component_SpellCheckComponent.java","lucene-3.1",236,"False",1
"solr_src_java_org_apache_solr_handler_component_SpellCheckComponent.java","lucene-3.1",237,"True",2
"solr_src_java_org_apache_solr_handler_component_SpellCheckComponent.java","lucene-3.1",238,"False",1
"solr_src_java_org_apache_solr_handler_component_SpellCheckComponent.java","lucene-3.1",239,"True",2
"solr_src_java_org_apache_solr_handler_component_SpellCheckComponent.java","lucene-3.1",240,"True",2
"solr_src_java_org_apache_solr_handler_component_SpellCheckComponent.java","lucene-3.1",241,"False",1
"solr_src_java_org_apache_solr_handler_component_SpellCheckComponent.java","lucene-3.1",242,"True",2
"solr_src_java_org_apache_solr_handler_component_SpellCheckComponent.java","lucene-3.1",243,"False",1
"solr_src_java_org_apache_solr_handler_component_SpellCheckComponent.java","lucene-3.1",244,"False",1
"solr_src_java_org_apache_solr_handler_component_SpellCheckComponent.java","lucene-3.1",245,"False",1
"solr_src_java_org_apache_solr_handler_component_SpellCheckComponent.java","lucene-3.1",246,"False",1
"solr_src_java_org_apache_solr_handler_component_SpellCheckComponent.java","lucene-3.1",247,"False",1
"solr_src_java_org_apache_solr_handler_component_SpellCheckComponent.java","lucene-3.1",248,"False",1
"solr_src_java_org_apache_solr_handler_component_SpellCheckComponent.java","lucene-3.1",249,"True",2
"solr_src_java_org_apache_solr_handler_component_SpellCheckComponent.java","lucene-3.1",250,"True",2
"solr_src_java_org_apache_solr_handler_component_SpellCheckComponent.java","lucene-3.1",251,"False",1
"solr_src_java_org_apache_solr_handler_component_SpellCheckComponent.java","lucene-3.1",252,"False",1
"solr_src_java_org_apache_solr_handler_component_SpellCheckComponent.java","lucene-3.1",253,"False",1
"solr_src_java_org_apache_solr_handler_component_SpellCheckComponent.java","lucene-3.1",254,"False",1
"solr_src_java_org_apache_solr_handler_component_SpellCheckComponent.java","lucene-3.1",255,"False",1
"solr_src_java_org_apache_solr_handler_component_SpellCheckComponent.java","lucene-3.1",256,"False",1
"solr_src_java_org_apache_solr_handler_component_SpellCheckComponent.java","lucene-3.1",257,"False",1
"solr_src_java_org_apache_solr_handler_component_SpellCheckComponent.java","lucene-3.1",258,"False",1
"solr_src_java_org_apache_solr_handler_component_SpellCheckComponent.java","lucene-3.1",259,"False",1
"solr_src_java_org_apache_solr_handler_component_SpellCheckComponent.java","lucene-3.1",260,"False",1
"solr_src_java_org_apache_solr_handler_component_SpellCheckComponent.java","lucene-3.1",261,"False",1
"solr_src_java_org_apache_solr_handler_component_SpellCheckComponent.java","lucene-3.1",262,"False",1
"solr_src_java_org_apache_solr_handler_component_SpellCheckComponent.java","lucene-3.1",263,"False",1
"solr_src_java_org_apache_solr_handler_component_SpellCheckComponent.java","lucene-3.1",264,"False",1
"solr_src_java_org_apache_solr_handler_component_SpellCheckComponent.java","lucene-3.1",265,"False",1
"solr_src_java_org_apache_solr_handler_component_SpellCheckComponent.java","lucene-3.1",266,"False",1
"solr_src_java_org_apache_solr_handler_component_SpellCheckComponent.java","lucene-3.1",267,"True",2
"solr_src_java_org_apache_solr_handler_component_SpellCheckComponent.java","lucene-3.1",268,"False",1
"solr_src_java_org_apache_solr_handler_component_SpellCheckComponent.java","lucene-3.1",269,"False",1
"solr_src_java_org_apache_solr_handler_component_SpellCheckComponent.java","lucene-3.1",270,"False",1
"solr_src_java_org_apache_solr_handler_component_SpellCheckComponent.java","lucene-3.1",271,"True",2
"solr_src_java_org_apache_solr_handler_component_SpellCheckComponent.java","lucene-3.1",272,"False",1
"solr_src_java_org_apache_solr_handler_component_SpellCheckComponent.java","lucene-3.1",273,"False",1
"solr_src_java_org_apache_solr_handler_component_SpellCheckComponent.java","lucene-3.1",274,"False",1
"solr_src_java_org_apache_solr_handler_component_SpellCheckComponent.java","lucene-3.1",275,"False",1
"solr_src_java_org_apache_solr_handler_component_SpellCheckComponent.java","lucene-3.1",276,"False",1
"solr_src_java_org_apache_solr_handler_component_SpellCheckComponent.java","lucene-3.1",277,"False",1
"solr_src_java_org_apache_solr_handler_component_SpellCheckComponent.java","lucene-3.1",278,"False",1
"solr_src_java_org_apache_solr_handler_component_SpellCheckComponent.java","lucene-3.1",279,"False",1
"solr_src_java_org_apache_solr_handler_component_SpellCheckComponent.java","lucene-3.1",280,"False",1
"solr_src_java_org_apache_solr_handler_component_SpellCheckComponent.java","lucene-3.1",281,"False",1
"solr_src_java_org_apache_solr_handler_component_SpellCheckComponent.java","lucene-3.1",282,"False",1
"solr_src_java_org_apache_solr_handler_component_SpellCheckComponent.java","lucene-3.1",283,"False",1
"solr_src_java_org_apache_solr_handler_component_SpellCheckComponent.java","lucene-3.1",284,"False",1
"solr_src_java_org_apache_solr_handler_component_SpellCheckComponent.java","lucene-3.1",285,"False",1
"solr_src_java_org_apache_solr_handler_component_SpellCheckComponent.java","lucene-3.1",286,"False",1
"solr_src_java_org_apache_solr_handler_component_SpellCheckComponent.java","lucene-3.1",287,"False",1
"solr_src_java_org_apache_solr_handler_component_SpellCheckComponent.java","lucene-3.1",288,"False",1
"solr_src_java_org_apache_solr_handler_component_SpellCheckComponent.java","lucene-3.1",289,"False",1
"solr_src_java_org_apache_solr_handler_component_SpellCheckComponent.java","lucene-3.1",290,"False",1
"solr_src_java_org_apache_solr_handler_component_SpellCheckComponent.java","lucene-3.1",291,"False",1
"solr_src_java_org_apache_solr_handler_component_SpellCheckComponent.java","lucene-3.1",292,"False",1
"solr_src_java_org_apache_solr_handler_component_SpellCheckComponent.java","lucene-3.1",293,"False",1
"solr_src_java_org_apache_solr_handler_component_SpellCheckComponent.java","lucene-3.1",294,"False",1
"solr_src_java_org_apache_solr_handler_component_SpellCheckComponent.java","lucene-3.1",295,"False",1
"solr_src_java_org_apache_solr_handler_component_SpellCheckComponent.java","lucene-3.1",296,"False",1
"solr_src_java_org_apache_solr_handler_component_SpellCheckComponent.java","lucene-3.1",297,"False",1
"solr_src_java_org_apache_solr_handler_component_SpellCheckComponent.java","lucene-3.1",298,"False",1
"solr_src_java_org_apache_solr_handler_component_SpellCheckComponent.java","lucene-3.1",299,"False",1
"solr_src_java_org_apache_solr_handler_component_SpellCheckComponent.java","lucene-3.1",300,"False",1
"solr_src_java_org_apache_solr_handler_component_SpellCheckComponent.java","lucene-3.1",301,"True",2
"solr_src_java_org_apache_solr_handler_component_SpellCheckComponent.java","lucene-3.1",302,"True",2
"solr_src_java_org_apache_solr_handler_component_SpellCheckComponent.java","lucene-3.1",303,"False",1
"solr_src_java_org_apache_solr_handler_component_SpellCheckComponent.java","lucene-3.1",304,"False",1
"solr_src_java_org_apache_solr_handler_component_SpellCheckComponent.java","lucene-3.1",305,"False",1
"solr_src_java_org_apache_solr_handler_component_SpellCheckComponent.java","lucene-3.1",306,"False",1
"solr_src_java_org_apache_solr_handler_component_SpellCheckComponent.java","lucene-3.1",307,"False",1
"solr_src_java_org_apache_solr_handler_component_SpellCheckComponent.java","lucene-3.1",308,"False",1
"solr_src_java_org_apache_solr_handler_component_SpellCheckComponent.java","lucene-3.1",309,"False",1
"solr_src_java_org_apache_solr_handler_component_SpellCheckComponent.java","lucene-3.1",310,"False",1
"solr_src_java_org_apache_solr_handler_component_SpellCheckComponent.java","lucene-3.1",311,"False",1
"solr_src_java_org_apache_solr_handler_component_SpellCheckComponent.java","lucene-3.1",312,"False",1
"solr_src_java_org_apache_solr_handler_component_SpellCheckComponent.java","lucene-3.1",313,"False",1
"solr_src_java_org_apache_solr_handler_component_SpellCheckComponent.java","lucene-3.1",314,"False",1
"solr_src_java_org_apache_solr_handler_component_SpellCheckComponent.java","lucene-3.1",315,"False",1
"solr_src_java_org_apache_solr_handler_component_SpellCheckComponent.java","lucene-3.1",316,"False",1
"solr_src_java_org_apache_solr_handler_component_SpellCheckComponent.java","lucene-3.1",317,"False",1
"solr_src_java_org_apache_solr_handler_component_SpellCheckComponent.java","lucene-3.1",318,"False",1
"solr_src_java_org_apache_solr_handler_component_SpellCheckComponent.java","lucene-3.1",319,"False",1
"solr_src_java_org_apache_solr_handler_component_SpellCheckComponent.java","lucene-3.1",320,"False",1
"solr_src_java_org_apache_solr_handler_component_SpellCheckComponent.java","lucene-3.1",321,"False",1
"solr_src_java_org_apache_solr_handler_component_SpellCheckComponent.java","lucene-3.1",322,"False",1
"solr_src_java_org_apache_solr_handler_component_SpellCheckComponent.java","lucene-3.1",323,"False",1
"solr_src_java_org_apache_solr_handler_component_SpellCheckComponent.java","lucene-3.1",324,"False",1
"solr_src_java_org_apache_solr_handler_component_SpellCheckComponent.java","lucene-3.1",325,"False",1
"solr_src_java_org_apache_solr_handler_component_SpellCheckComponent.java","lucene-3.1",326,"False",1
"solr_src_java_org_apache_solr_handler_component_SpellCheckComponent.java","lucene-3.1",327,"False",1
"solr_src_java_org_apache_solr_handler_component_SpellCheckComponent.java","lucene-3.1",328,"False",1
"solr_src_java_org_apache_solr_handler_component_SpellCheckComponent.java","lucene-3.1",329,"False",1
"solr_src_java_org_apache_solr_handler_component_SpellCheckComponent.java","lucene-3.1",330,"False",1
"solr_src_java_org_apache_solr_handler_component_SpellCheckComponent.java","lucene-3.1",331,"False",1
"solr_src_java_org_apache_solr_handler_component_SpellCheckComponent.java","lucene-3.1",332,"False",1
"solr_src_java_org_apache_solr_handler_component_SpellCheckComponent.java","lucene-3.1",333,"False",1
"solr_src_java_org_apache_solr_handler_component_SpellCheckComponent.java","lucene-3.1",334,"False",1
"solr_src_java_org_apache_solr_handler_component_SpellCheckComponent.java","lucene-3.1",335,"False",1
"solr_src_java_org_apache_solr_handler_component_SpellCheckComponent.java","lucene-3.1",336,"False",1
"solr_src_java_org_apache_solr_handler_component_SpellCheckComponent.java","lucene-3.1",337,"False",1
"solr_src_java_org_apache_solr_handler_component_SpellCheckComponent.java","lucene-3.1",338,"False",1
"solr_src_java_org_apache_solr_handler_component_SpellCheckComponent.java","lucene-3.1",339,"False",1
"solr_src_java_org_apache_solr_handler_component_SpellCheckComponent.java","lucene-3.1",340,"True",2
"solr_src_java_org_apache_solr_handler_component_SpellCheckComponent.java","lucene-3.1",341,"False",1
"solr_src_java_org_apache_solr_handler_component_SpellCheckComponent.java","lucene-3.1",342,"False",1
"solr_src_java_org_apache_solr_handler_component_SpellCheckComponent.java","lucene-3.1",343,"False",1
"solr_src_java_org_apache_solr_handler_component_SpellCheckComponent.java","lucene-3.1",344,"True",2
"solr_src_java_org_apache_solr_handler_component_SpellCheckComponent.java","lucene-3.1",345,"False",1
"solr_src_java_org_apache_solr_handler_component_SpellCheckComponent.java","lucene-3.1",346,"False",1
"solr_src_java_org_apache_solr_handler_component_SpellCheckComponent.java","lucene-3.1",347,"False",1
"solr_src_java_org_apache_solr_handler_component_SpellCheckComponent.java","lucene-3.1",348,"False",1
"solr_src_java_org_apache_solr_handler_component_SpellCheckComponent.java","lucene-3.1",349,"False",1
"solr_src_java_org_apache_solr_handler_component_SpellCheckComponent.java","lucene-3.1",350,"False",1
"solr_src_java_org_apache_solr_handler_component_SpellCheckComponent.java","lucene-3.1",351,"False",1
"solr_src_java_org_apache_solr_handler_component_SpellCheckComponent.java","lucene-3.1",352,"False",1
"solr_src_java_org_apache_solr_handler_component_SpellCheckComponent.java","lucene-3.1",353,"False",1
"solr_src_java_org_apache_solr_handler_component_SpellCheckComponent.java","lucene-3.1",354,"False",1
"solr_src_java_org_apache_solr_handler_component_SpellCheckComponent.java","lucene-3.1",355,"False",1
"solr_src_java_org_apache_solr_handler_component_SpellCheckComponent.java","lucene-3.1",356,"False",1
"solr_src_java_org_apache_solr_handler_component_SpellCheckComponent.java","lucene-3.1",357,"False",1
"solr_src_java_org_apache_solr_handler_component_SpellCheckComponent.java","lucene-3.1",358,"False",1
"solr_src_java_org_apache_solr_handler_component_SpellCheckComponent.java","lucene-3.1",359,"False",1
"solr_src_java_org_apache_solr_handler_component_SpellCheckComponent.java","lucene-3.1",360,"False",1
"solr_src_java_org_apache_solr_handler_component_SpellCheckComponent.java","lucene-3.1",361,"False",1
"solr_src_java_org_apache_solr_handler_component_SpellCheckComponent.java","lucene-3.1",362,"False",1
"solr_src_java_org_apache_solr_handler_component_SpellCheckComponent.java","lucene-3.1",363,"False",1
"solr_src_java_org_apache_solr_handler_component_SpellCheckComponent.java","lucene-3.1",364,"False",1
"solr_src_java_org_apache_solr_handler_component_SpellCheckComponent.java","lucene-3.1",365,"False",1
"solr_src_java_org_apache_solr_handler_component_SpellCheckComponent.java","lucene-3.1",366,"False",1
"solr_src_java_org_apache_solr_handler_component_SpellCheckComponent.java","lucene-3.1",367,"False",1
"solr_src_java_org_apache_solr_handler_component_SpellCheckComponent.java","lucene-3.1",368,"False",1
"solr_src_java_org_apache_solr_handler_component_SpellCheckComponent.java","lucene-3.1",369,"False",1
"solr_src_java_org_apache_solr_handler_component_SpellCheckComponent.java","lucene-3.1",370,"False",1
"solr_src_java_org_apache_solr_handler_component_SpellCheckComponent.java","lucene-3.1",371,"False",1
"solr_src_java_org_apache_solr_handler_component_SpellCheckComponent.java","lucene-3.1",372,"False",1
"solr_src_java_org_apache_solr_handler_component_SpellCheckComponent.java","lucene-3.1",373,"False",1
"solr_src_java_org_apache_solr_handler_component_SpellCheckComponent.java","lucene-3.1",374,"False",1
"solr_src_java_org_apache_solr_handler_component_SpellCheckComponent.java","lucene-3.1",375,"False",1
"solr_src_java_org_apache_solr_handler_component_SpellCheckComponent.java","lucene-3.1",376,"False",1
"solr_src_java_org_apache_solr_handler_component_SpellCheckComponent.java","lucene-3.1",377,"False",1
"solr_src_java_org_apache_solr_handler_component_SpellCheckComponent.java","lucene-3.1",378,"False",1
"solr_src_java_org_apache_solr_handler_component_SpellCheckComponent.java","lucene-3.1",379,"False",1
"solr_src_java_org_apache_solr_handler_component_SpellCheckComponent.java","lucene-3.1",380,"False",1
"solr_src_java_org_apache_solr_handler_component_SpellCheckComponent.java","lucene-3.1",381,"False",1
"solr_src_java_org_apache_solr_handler_component_SpellCheckComponent.java","lucene-3.1",382,"False",1
"solr_src_java_org_apache_solr_handler_component_SpellCheckComponent.java","lucene-3.1",383,"False",1
"solr_src_java_org_apache_solr_handler_component_SpellCheckComponent.java","lucene-3.1",384,"False",1
"solr_src_java_org_apache_solr_handler_component_SpellCheckComponent.java","lucene-3.1",385,"False",1
"solr_src_java_org_apache_solr_handler_component_SpellCheckComponent.java","lucene-3.1",386,"False",1
"solr_src_java_org_apache_solr_handler_component_SpellCheckComponent.java","lucene-3.1",387,"False",1
"solr_src_java_org_apache_solr_handler_component_SpellCheckComponent.java","lucene-3.1",388,"False",1
"solr_src_java_org_apache_solr_handler_component_SpellCheckComponent.java","lucene-3.1",389,"False",1
"solr_src_java_org_apache_solr_handler_component_SpellCheckComponent.java","lucene-3.1",390,"False",1
"solr_src_java_org_apache_solr_handler_component_SpellCheckComponent.java","lucene-3.1",391,"False",1
"solr_src_java_org_apache_solr_handler_component_SpellCheckComponent.java","lucene-3.1",392,"False",1
"solr_src_java_org_apache_solr_handler_component_SpellCheckComponent.java","lucene-3.1",393,"False",1
"solr_src_java_org_apache_solr_handler_component_SpellCheckComponent.java","lucene-3.1",394,"False",1
"solr_src_java_org_apache_solr_handler_component_SpellCheckComponent.java","lucene-3.1",395,"False",1
"solr_src_java_org_apache_solr_handler_component_SpellCheckComponent.java","lucene-3.1",396,"False",1
"solr_src_java_org_apache_solr_handler_component_SpellCheckComponent.java","lucene-3.1",397,"False",1
"solr_src_java_org_apache_solr_handler_component_SpellCheckComponent.java","lucene-3.1",398,"False",1
"solr_src_java_org_apache_solr_handler_component_SpellCheckComponent.java","lucene-3.1",399,"False",1
"solr_src_java_org_apache_solr_handler_component_SpellCheckComponent.java","lucene-3.1",400,"False",1
"solr_src_java_org_apache_solr_handler_component_SpellCheckComponent.java","lucene-3.1",401,"False",1
"solr_src_java_org_apache_solr_handler_component_SpellCheckComponent.java","lucene-3.1",402,"False",1
"solr_src_java_org_apache_solr_handler_component_SpellCheckComponent.java","lucene-3.1",403,"False",1
"solr_src_java_org_apache_solr_handler_component_SpellCheckComponent.java","lucene-3.1",404,"False",1
"solr_src_java_org_apache_solr_handler_component_SpellCheckComponent.java","lucene-3.1",405,"False",1
"solr_src_java_org_apache_solr_handler_component_SpellCheckComponent.java","lucene-3.1",406,"False",1
"solr_src_java_org_apache_solr_handler_component_SpellCheckComponent.java","lucene-3.1",407,"False",1
"solr_src_java_org_apache_solr_handler_component_SpellCheckComponent.java","lucene-3.1",408,"False",1
"solr_src_java_org_apache_solr_handler_component_SpellCheckComponent.java","lucene-3.1",409,"False",1
"solr_src_java_org_apache_solr_handler_component_SpellCheckComponent.java","lucene-3.1",410,"False",1
"solr_src_java_org_apache_solr_handler_component_SpellCheckComponent.java","lucene-3.1",411,"False",1
"solr_src_java_org_apache_solr_handler_component_SpellCheckComponent.java","lucene-3.1",412,"False",1
"solr_src_java_org_apache_solr_handler_component_SpellCheckComponent.java","lucene-3.1",413,"True",2
"solr_src_java_org_apache_solr_handler_component_SpellCheckComponent.java","lucene-3.1",414,"True",2
"solr_src_java_org_apache_solr_handler_component_SpellCheckComponent.java","lucene-3.1",415,"False",1
"solr_src_java_org_apache_solr_handler_component_SpellCheckComponent.java","lucene-3.1",416,"False",1
"solr_src_java_org_apache_solr_handler_component_SpellCheckComponent.java","lucene-3.1",417,"False",1
"solr_src_java_org_apache_solr_handler_component_SpellCheckComponent.java","lucene-3.1",418,"True",2
"solr_src_java_org_apache_solr_handler_component_SpellCheckComponent.java","lucene-3.1",419,"False",1
"solr_src_java_org_apache_solr_handler_component_SpellCheckComponent.java","lucene-3.1",420,"False",1
"solr_src_java_org_apache_solr_handler_component_SpellCheckComponent.java","lucene-3.1",421,"False",1
"solr_src_java_org_apache_solr_handler_component_SpellCheckComponent.java","lucene-3.1",422,"False",1
"solr_src_java_org_apache_solr_handler_component_SpellCheckComponent.java","lucene-3.1",423,"False",1
"solr_src_java_org_apache_solr_handler_component_SpellCheckComponent.java","lucene-3.1",424,"False",1
"solr_src_java_org_apache_solr_handler_component_SpellCheckComponent.java","lucene-3.1",425,"False",1
"solr_src_java_org_apache_solr_handler_component_SpellCheckComponent.java","lucene-3.1",426,"False",1
"solr_src_java_org_apache_solr_handler_component_SpellCheckComponent.java","lucene-3.1",427,"False",1
"solr_src_java_org_apache_solr_handler_component_SpellCheckComponent.java","lucene-3.1",428,"False",1
"solr_src_java_org_apache_solr_handler_component_SpellCheckComponent.java","lucene-3.1",429,"False",1
"solr_src_java_org_apache_solr_handler_component_SpellCheckComponent.java","lucene-3.1",430,"False",1
"solr_src_java_org_apache_solr_handler_component_SpellCheckComponent.java","lucene-3.1",431,"False",1
"solr_src_java_org_apache_solr_handler_component_SpellCheckComponent.java","lucene-3.1",432,"False",1
"solr_src_java_org_apache_solr_handler_component_SpellCheckComponent.java","lucene-3.1",433,"False",1
"solr_src_java_org_apache_solr_handler_component_SpellCheckComponent.java","lucene-3.1",434,"False",1
"solr_src_java_org_apache_solr_handler_component_SpellCheckComponent.java","lucene-3.1",435,"False",1
"solr_src_java_org_apache_solr_handler_component_SpellCheckComponent.java","lucene-3.1",436,"False",1
"solr_src_java_org_apache_solr_handler_component_SpellCheckComponent.java","lucene-3.1",437,"False",1
"solr_src_java_org_apache_solr_handler_component_SpellCheckComponent.java","lucene-3.1",438,"False",1
"solr_src_java_org_apache_solr_handler_component_SpellCheckComponent.java","lucene-3.1",439,"True",2
"solr_src_java_org_apache_solr_handler_component_SpellCheckComponent.java","lucene-3.1",440,"False",1
"solr_src_java_org_apache_solr_handler_component_SpellCheckComponent.java","lucene-3.1",441,"False",1
"solr_src_java_org_apache_solr_handler_component_SpellCheckComponent.java","lucene-3.1",442,"True",2
"solr_src_java_org_apache_solr_handler_component_SpellCheckComponent.java","lucene-3.1",443,"False",1
"solr_src_java_org_apache_solr_handler_component_SpellCheckComponent.java","lucene-3.1",444,"False",1
"solr_src_java_org_apache_solr_handler_component_SpellCheckComponent.java","lucene-3.1",445,"False",1
"solr_src_java_org_apache_solr_handler_component_SpellCheckComponent.java","lucene-3.1",446,"False",1
"solr_src_java_org_apache_solr_handler_component_SpellCheckComponent.java","lucene-3.1",447,"False",1
"solr_src_java_org_apache_solr_handler_component_SpellCheckComponent.java","lucene-3.1",448,"False",1
"solr_src_java_org_apache_solr_handler_component_SpellCheckComponent.java","lucene-3.1",449,"False",1
"solr_src_java_org_apache_solr_handler_component_SpellCheckComponent.java","lucene-3.1",450,"False",1
"solr_src_java_org_apache_solr_handler_component_SpellCheckComponent.java","lucene-3.1",451,"False",1
"solr_src_java_org_apache_solr_handler_component_SpellCheckComponent.java","lucene-3.1",452,"False",1
"solr_src_java_org_apache_solr_handler_component_SpellCheckComponent.java","lucene-3.1",453,"False",1
"solr_src_java_org_apache_solr_handler_component_SpellCheckComponent.java","lucene-3.1",454,"False",1
"solr_src_java_org_apache_solr_handler_component_SpellCheckComponent.java","lucene-3.1",455,"False",1
"solr_src_java_org_apache_solr_handler_component_SpellCheckComponent.java","lucene-3.1",456,"False",1
"solr_src_java_org_apache_solr_handler_component_SpellCheckComponent.java","lucene-3.1",457,"False",1
"solr_src_java_org_apache_solr_handler_component_SpellCheckComponent.java","lucene-3.1",458,"False",1
"solr_src_java_org_apache_solr_handler_component_SpellCheckComponent.java","lucene-3.1",459,"False",1
"solr_src_java_org_apache_solr_handler_component_SpellCheckComponent.java","lucene-3.1",460,"False",1
"solr_src_java_org_apache_solr_handler_component_SpellCheckComponent.java","lucene-3.1",461,"False",1
"solr_src_java_org_apache_solr_handler_component_SpellCheckComponent.java","lucene-3.1",462,"False",1
"solr_src_java_org_apache_solr_handler_component_SpellCheckComponent.java","lucene-3.1",463,"False",1
"solr_src_java_org_apache_solr_handler_component_SpellCheckComponent.java","lucene-3.1",464,"False",1
"solr_src_java_org_apache_solr_handler_component_SpellCheckComponent.java","lucene-3.1",465,"False",1
"solr_src_java_org_apache_solr_handler_component_SpellCheckComponent.java","lucene-3.1",466,"False",1
"solr_src_java_org_apache_solr_handler_component_SpellCheckComponent.java","lucene-3.1",467,"False",1
"solr_src_java_org_apache_solr_handler_component_SpellCheckComponent.java","lucene-3.1",468,"False",1
"solr_src_java_org_apache_solr_handler_component_SpellCheckComponent.java","lucene-3.1",469,"False",1
"solr_src_java_org_apache_solr_handler_component_SpellCheckComponent.java","lucene-3.1",470,"True",2
"solr_src_java_org_apache_solr_handler_component_SpellCheckComponent.java","lucene-3.1",471,"False",1
"solr_src_java_org_apache_solr_handler_component_SpellCheckComponent.java","lucene-3.1",472,"False",1
"solr_src_java_org_apache_solr_handler_component_SpellCheckComponent.java","lucene-3.1",473,"False",1
"solr_src_java_org_apache_solr_handler_component_SpellCheckComponent.java","lucene-3.1",474,"False",1
"solr_src_java_org_apache_solr_handler_component_SpellCheckComponent.java","lucene-3.1",475,"False",1
"solr_src_java_org_apache_solr_handler_component_SpellCheckComponent.java","lucene-3.1",476,"False",1
"solr_src_java_org_apache_solr_handler_component_SpellCheckComponent.java","lucene-3.1",477,"False",1
"solr_src_java_org_apache_solr_handler_component_SpellCheckComponent.java","lucene-3.1",478,"False",1
"solr_src_java_org_apache_solr_handler_component_SpellCheckComponent.java","lucene-3.1",479,"False",1
"solr_src_java_org_apache_solr_handler_component_SpellCheckComponent.java","lucene-3.1",480,"False",1
"solr_src_java_org_apache_solr_handler_component_SpellCheckComponent.java","lucene-3.1",481,"False",1
"solr_src_java_org_apache_solr_handler_component_SpellCheckComponent.java","lucene-3.1",482,"False",1
"solr_src_java_org_apache_solr_handler_component_SpellCheckComponent.java","lucene-3.1",483,"False",1
"solr_src_java_org_apache_solr_handler_component_SpellCheckComponent.java","lucene-3.1",484,"False",1
"solr_src_java_org_apache_solr_handler_component_SpellCheckComponent.java","lucene-3.1",485,"False",1
"solr_src_java_org_apache_solr_handler_component_SpellCheckComponent.java","lucene-3.1",486,"False",1
"solr_src_java_org_apache_solr_handler_component_SpellCheckComponent.java","lucene-3.1",487,"False",1
"solr_src_java_org_apache_solr_handler_component_SpellCheckComponent.java","lucene-3.1",488,"False",1
"solr_src_java_org_apache_solr_handler_component_SpellCheckComponent.java","lucene-3.1",489,"False",1
"solr_src_java_org_apache_solr_handler_component_SpellCheckComponent.java","lucene-3.1",490,"False",1
"solr_src_java_org_apache_solr_handler_component_SpellCheckComponent.java","lucene-3.1",491,"False",1
"solr_src_java_org_apache_solr_handler_component_SpellCheckComponent.java","lucene-3.1",492,"False",1
"solr_src_java_org_apache_solr_handler_component_SpellCheckComponent.java","lucene-3.1",493,"False",1
"solr_src_java_org_apache_solr_handler_component_SpellCheckComponent.java","lucene-3.1",494,"False",1
"solr_src_java_org_apache_solr_handler_component_SpellCheckComponent.java","lucene-3.1",495,"False",1
"solr_src_java_org_apache_solr_handler_component_SpellCheckComponent.java","lucene-3.1",496,"False",1
"solr_src_java_org_apache_solr_handler_component_SpellCheckComponent.java","lucene-3.1",497,"False",1
"solr_src_java_org_apache_solr_handler_component_SpellCheckComponent.java","lucene-3.1",498,"False",1
"solr_src_java_org_apache_solr_handler_component_SpellCheckComponent.java","lucene-3.1",499,"False",1
"solr_src_java_org_apache_solr_handler_component_SpellCheckComponent.java","lucene-3.1",500,"False",1
"solr_src_java_org_apache_solr_handler_component_SpellCheckComponent.java","lucene-3.1",501,"False",1
"solr_src_java_org_apache_solr_handler_component_SpellCheckComponent.java","lucene-3.1",502,"False",1
"solr_src_java_org_apache_solr_handler_component_SpellCheckComponent.java","lucene-3.1",503,"False",1
"solr_src_java_org_apache_solr_handler_component_SpellCheckComponent.java","lucene-3.1",504,"False",1
"solr_src_java_org_apache_solr_handler_component_SpellCheckComponent.java","lucene-3.1",505,"False",1
"solr_src_java_org_apache_solr_handler_component_SpellCheckComponent.java","lucene-3.1",506,"False",1
"solr_src_java_org_apache_solr_handler_component_SpellCheckComponent.java","lucene-3.1",507,"False",1
"solr_src_java_org_apache_solr_handler_component_SpellCheckComponent.java","lucene-3.1",508,"False",1
"solr_src_java_org_apache_solr_handler_component_SpellCheckComponent.java","lucene-3.1",509,"False",1
"solr_src_java_org_apache_solr_handler_component_SpellCheckComponent.java","lucene-3.1",510,"False",1
"solr_src_java_org_apache_solr_handler_component_SpellCheckComponent.java","lucene-3.1",511,"False",1
"solr_src_java_org_apache_solr_handler_component_SpellCheckComponent.java","lucene-3.1",512,"False",1
"solr_src_java_org_apache_solr_handler_component_SpellCheckComponent.java","lucene-3.1",513,"False",1
"solr_src_java_org_apache_solr_handler_component_SpellCheckComponent.java","lucene-3.1",514,"False",1
"solr_src_java_org_apache_solr_handler_component_SpellCheckComponent.java","lucene-3.1",515,"False",1
"solr_src_java_org_apache_solr_handler_component_SpellCheckComponent.java","lucene-3.1",516,"False",1
"solr_src_java_org_apache_solr_handler_component_SpellCheckComponent.java","lucene-3.1",517,"True",3
"solr_src_java_org_apache_solr_handler_component_SpellCheckComponent.java","lucene-3.1",518,"False",1
"solr_src_java_org_apache_solr_handler_component_SpellCheckComponent.java","lucene-3.1",519,"False",1
"solr_src_java_org_apache_solr_handler_component_SpellCheckComponent.java","lucene-3.1",520,"False",1
"solr_src_java_org_apache_solr_handler_component_SpellCheckComponent.java","lucene-3.1",521,"False",1
"solr_src_java_org_apache_solr_handler_component_SpellCheckComponent.java","lucene-3.1",522,"False",1
"solr_src_java_org_apache_solr_handler_component_SpellCheckComponent.java","lucene-3.1",523,"False",1
"solr_src_java_org_apache_solr_handler_component_SpellCheckComponent.java","lucene-3.1",524,"False",1
"solr_src_java_org_apache_solr_handler_component_SpellCheckComponent.java","lucene-3.1",525,"False",1
"solr_src_java_org_apache_solr_handler_component_SpellCheckComponent.java","lucene-3.1",526,"False",1
"solr_src_java_org_apache_solr_handler_component_SpellCheckComponent.java","lucene-3.1",527,"False",1
"solr_src_java_org_apache_solr_handler_component_SpellCheckComponent.java","lucene-3.1",528,"False",1
"solr_src_java_org_apache_solr_handler_component_SpellCheckComponent.java","lucene-3.1",529,"False",1
"solr_src_java_org_apache_solr_handler_component_SpellCheckComponent.java","lucene-3.1",530,"False",1
"solr_src_java_org_apache_solr_handler_component_SpellCheckComponent.java","lucene-3.1",531,"False",1
"solr_src_java_org_apache_solr_handler_component_SpellCheckComponent.java","lucene-3.1",532,"False",1
"solr_src_java_org_apache_solr_handler_component_SpellCheckComponent.java","lucene-3.1",533,"False",1
"solr_src_java_org_apache_solr_handler_component_SpellCheckComponent.java","lucene-3.1",534,"False",1
"solr_src_java_org_apache_solr_handler_component_SpellCheckComponent.java","lucene-3.1",535,"False",1
"solr_src_java_org_apache_solr_handler_component_SpellCheckComponent.java","lucene-3.1",536,"False",1
"solr_src_java_org_apache_solr_handler_component_SpellCheckComponent.java","lucene-3.1",537,"False",1
"solr_src_java_org_apache_solr_handler_component_SpellCheckComponent.java","lucene-3.1",538,"False",1
"solr_src_java_org_apache_solr_handler_component_SpellCheckComponent.java","lucene-3.1",539,"False",1
"solr_src_java_org_apache_solr_handler_component_SpellCheckComponent.java","lucene-3.1",540,"False",1
"solr_src_java_org_apache_solr_handler_component_SpellCheckComponent.java","lucene-3.1",541,"False",1
"solr_src_java_org_apache_solr_handler_component_SpellCheckComponent.java","lucene-3.1",542,"False",1
"solr_src_java_org_apache_solr_handler_component_SpellCheckComponent.java","lucene-3.1",543,"False",1
"solr_src_java_org_apache_solr_handler_component_SpellCheckComponent.java","lucene-3.1",544,"False",1
"solr_src_java_org_apache_solr_handler_component_SpellCheckComponent.java","lucene-3.1",545,"False",1
"solr_src_java_org_apache_solr_handler_component_SpellCheckComponent.java","lucene-3.1",546,"False",1
"solr_src_java_org_apache_solr_handler_component_SpellCheckComponent.java","lucene-3.1",547,"False",1
"solr_src_java_org_apache_solr_handler_component_SpellCheckComponent.java","lucene-3.1",548,"False",1
"solr_src_java_org_apache_solr_handler_component_SpellCheckComponent.java","lucene-3.1",549,"False",1
"solr_src_java_org_apache_solr_handler_component_SpellCheckComponent.java","lucene-3.1",550,"False",1
"solr_src_java_org_apache_solr_handler_component_SpellCheckComponent.java","lucene-3.1",551,"False",1
"solr_src_java_org_apache_solr_handler_component_SpellCheckComponent.java","lucene-3.1",552,"False",1
"solr_src_java_org_apache_solr_handler_component_SpellCheckComponent.java","lucene-3.1",553,"False",1
"solr_src_java_org_apache_solr_handler_component_SpellCheckComponent.java","lucene-3.1",554,"False",1
"solr_src_java_org_apache_solr_handler_component_SpellCheckComponent.java","lucene-3.1",555,"False",1
"solr_src_java_org_apache_solr_handler_component_SpellCheckComponent.java","lucene-3.1",556,"False",1
"solr_src_java_org_apache_solr_handler_component_SpellCheckComponent.java","lucene-3.1",557,"False",1
"solr_src_java_org_apache_solr_handler_component_SpellCheckComponent.java","lucene-3.1",558,"False",1
"solr_src_java_org_apache_solr_handler_component_SpellCheckComponent.java","lucene-3.1",559,"False",1
"solr_src_java_org_apache_solr_handler_component_SpellCheckComponent.java","lucene-3.1",560,"False",1
"solr_src_java_org_apache_solr_handler_component_SpellCheckComponent.java","lucene-3.1",561,"False",1
"solr_src_java_org_apache_solr_handler_component_SpellCheckComponent.java","lucene-3.1",562,"False",1
"solr_src_java_org_apache_solr_handler_component_SpellCheckComponent.java","lucene-3.1",563,"False",1
"solr_src_java_org_apache_solr_handler_component_SpellCheckComponent.java","lucene-3.1",564,"False",1
"solr_src_java_org_apache_solr_handler_component_SpellCheckComponent.java","lucene-3.1",565,"False",1
"solr_src_java_org_apache_solr_handler_component_SpellCheckComponent.java","lucene-3.1",566,"False",1
"solr_src_java_org_apache_solr_handler_component_SpellCheckComponent.java","lucene-3.1",567,"False",1
"solr_src_java_org_apache_solr_handler_component_SpellCheckComponent.java","lucene-3.1",568,"False",1
"solr_src_java_org_apache_solr_handler_component_SpellCheckComponent.java","lucene-3.1",569,"False",1
"solr_src_java_org_apache_solr_handler_component_SpellCheckComponent.java","lucene-3.1",570,"False",1
"solr_src_java_org_apache_solr_handler_component_SpellCheckComponent.java","lucene-3.1",571,"False",1
"solr_src_java_org_apache_solr_handler_component_SpellCheckComponent.java","lucene-3.1",572,"False",1
"solr_src_java_org_apache_solr_handler_component_SpellCheckComponent.java","lucene-3.1",573,"False",1
"solr_src_java_org_apache_solr_handler_component_SpellCheckComponent.java","lucene-3.1",574,"False",1
"solr_src_java_org_apache_solr_handler_component_SpellCheckComponent.java","lucene-3.1",575,"False",1
"solr_src_java_org_apache_solr_handler_component_SpellCheckComponent.java","lucene-3.1",576,"False",1
"solr_src_java_org_apache_solr_handler_component_SpellCheckComponent.java","lucene-3.1",577,"False",1
"solr_src_java_org_apache_solr_handler_component_SpellCheckComponent.java","lucene-3.1",578,"False",1
"solr_src_java_org_apache_solr_handler_component_SpellCheckComponent.java","lucene-3.1",579,"False",1
"solr_src_java_org_apache_solr_handler_component_SpellCheckComponent.java","lucene-3.1",580,"False",1
"solr_src_java_org_apache_solr_handler_component_SpellCheckComponent.java","lucene-3.1",581,"False",1
"solr_src_java_org_apache_solr_handler_component_SpellCheckComponent.java","lucene-3.1",582,"False",1
"solr_src_java_org_apache_solr_handler_component_SpellCheckComponent.java","lucene-3.1",583,"False",1
"solr_src_java_org_apache_solr_handler_component_SpellCheckComponent.java","lucene-3.1",584,"False",1
"solr_src_java_org_apache_solr_handler_component_SpellCheckComponent.java","lucene-3.1",585,"False",1
"solr_src_java_org_apache_solr_handler_component_SpellCheckComponent.java","lucene-3.1",586,"False",1
"solr_src_java_org_apache_solr_handler_component_SpellCheckComponent.java","lucene-3.1",587,"False",1
"solr_src_java_org_apache_solr_handler_component_SpellCheckComponent.java","lucene-3.1",588,"False",1
"solr_src_java_org_apache_solr_handler_component_SpellCheckComponent.java","lucene-3.1",589,"False",1
"solr_src_java_org_apache_solr_handler_component_SpellCheckComponent.java","lucene-3.1",590,"False",1
"solr_src_java_org_apache_solr_handler_component_SpellCheckComponent.java","lucene-3.1",591,"False",1
"solr_src_java_org_apache_solr_handler_component_SpellCheckComponent.java","lucene-3.1",592,"False",1
"solr_src_java_org_apache_solr_handler_component_SpellCheckComponent.java","lucene-3.1",593,"False",1
"solr_src_java_org_apache_solr_handler_component_SpellCheckComponent.java","lucene-3.1",594,"False",1
"solr_src_java_org_apache_solr_handler_component_SpellCheckComponent.java","lucene-3.1",595,"False",1
"solr_src_java_org_apache_solr_handler_component_SpellCheckComponent.java","lucene-3.1",596,"False",1
"solr_src_java_org_apache_solr_handler_component_SpellCheckComponent.java","lucene-3.1",597,"False",1
"solr_src_java_org_apache_solr_handler_component_SpellCheckComponent.java","lucene-3.1",598,"False",1
"solr_src_java_org_apache_solr_handler_component_SpellCheckComponent.java","lucene-3.1",599,"False",1
"solr_src_java_org_apache_solr_handler_component_SpellCheckComponent.java","lucene-3.1",600,"False",1
"solr_src_java_org_apache_solr_handler_component_SpellCheckComponent.java","lucene-3.1",601,"False",1
"solr_src_java_org_apache_solr_handler_component_SpellCheckComponent.java","lucene-3.1",602,"False",1
"solr_src_java_org_apache_solr_handler_component_SpellCheckComponent.java","lucene-3.1",603,"False",1
"solr_src_java_org_apache_solr_handler_component_SpellCheckComponent.java","lucene-3.1",604,"False",1
"solr_src_java_org_apache_solr_handler_component_SpellCheckComponent.java","lucene-3.1",605,"False",1
"solr_src_java_org_apache_solr_handler_component_SpellCheckComponent.java","lucene-3.1",606,"False",1
"solr_src_java_org_apache_solr_handler_component_SpellCheckComponent.java","lucene-3.1",607,"False",1
"solr_src_java_org_apache_solr_handler_component_SpellCheckComponent.java","lucene-3.1",608,"False",1
"solr_src_java_org_apache_solr_handler_component_SpellCheckComponent.java","lucene-3.1",609,"False",1
"solr_src_java_org_apache_solr_handler_component_SpellCheckComponent.java","lucene-3.1",610,"False",1
"solr_src_java_org_apache_solr_handler_component_SpellCheckComponent.java","lucene-3.1",611,"False",1
"solr_src_java_org_apache_solr_handler_component_SpellCheckComponent.java","lucene-3.1",612,"False",1
"solr_src_java_org_apache_solr_handler_component_SpellCheckComponent.java","lucene-3.1",613,"False",1
"solr_src_java_org_apache_solr_handler_component_SpellCheckComponent.java","lucene-3.1",614,"False",1
"solr_src_java_org_apache_solr_handler_component_SpellCheckComponent.java","lucene-3.1",615,"False",1
"solr_src_java_org_apache_solr_handler_component_SpellCheckComponent.java","lucene-3.1",616,"False",1
"solr_src_java_org_apache_solr_handler_component_SpellCheckComponent.java","lucene-3.1",617,"False",1
"solr_src_java_org_apache_solr_handler_component_SpellCheckComponent.java","lucene-3.1",618,"False",1
"solr_src_java_org_apache_solr_handler_component_SpellCheckComponent.java","lucene-3.1",619,"False",1
"solr_src_java_org_apache_solr_handler_component_SpellCheckComponent.java","lucene-3.1",620,"False",1
"solr_src_java_org_apache_solr_handler_component_SpellCheckComponent.java","lucene-3.1",621,"False",1
"solr_src_java_org_apache_solr_handler_component_SpellCheckComponent.java","lucene-3.1",622,"False",1
"solr_src_java_org_apache_solr_handler_component_SpellCheckComponent.java","lucene-3.1",623,"False",1
"solr_src_java_org_apache_solr_handler_component_SpellCheckComponent.java","lucene-3.1",624,"False",1
"solr_src_java_org_apache_solr_handler_component_SpellCheckComponent.java","lucene-3.1",625,"False",1
"solr_src_java_org_apache_solr_handler_component_SpellCheckComponent.java","lucene-3.1",626,"False",1
"solr_src_java_org_apache_solr_handler_component_SpellCheckComponent.java","lucene-3.1",627,"False",1
"solr_src_java_org_apache_solr_handler_component_SpellCheckComponent.java","lucene-3.1",628,"False",1
"solr_src_java_org_apache_solr_handler_component_SpellCheckComponent.java","lucene-3.1",629,"False",1
"solr_src_java_org_apache_solr_handler_component_SpellCheckComponent.java","lucene-3.1",630,"False",1
"solr_src_java_org_apache_solr_handler_component_SpellCheckComponent.java","lucene-3.1",631,"False",1
"solr_src_java_org_apache_solr_handler_component_SpellCheckComponent.java","lucene-3.1",632,"False",1
"solr_src_java_org_apache_solr_handler_component_SpellCheckComponent.java","lucene-3.1",633,"False",1
"solr_src_java_org_apache_solr_handler_component_SpellCheckComponent.java","lucene-3.1",634,"False",1
"solr_src_java_org_apache_solr_handler_component_SpellCheckComponent.java","lucene-3.1",635,"False",1
"solr_src_java_org_apache_solr_handler_component_SpellCheckComponent.java","lucene-3.1",636,"False",1
"solr_src_java_org_apache_solr_handler_component_SpellCheckComponent.java","lucene-3.1",637,"False",1
"solr_src_java_org_apache_solr_handler_component_SpellCheckComponent.java","lucene-3.1",638,"False",1
"solr_src_java_org_apache_solr_handler_component_SpellCheckComponent.java","lucene-3.1",639,"False",1
"solr_src_java_org_apache_solr_handler_component_SpellCheckComponent.java","lucene-3.1",640,"False",1
"solr_src_java_org_apache_solr_handler_component_SpellCheckComponent.java","lucene-3.1",641,"False",1
"solr_src_java_org_apache_solr_handler_component_SpellCheckComponent.java","lucene-3.1",642,"True",2
"solr_src_java_org_apache_solr_handler_component_SpellCheckComponent.java","lucene-3.1",643,"False",1
"solr_src_java_org_apache_solr_handler_component_SpellCheckComponent.java","lucene-3.1",644,"False",1
"solr_src_java_org_apache_solr_handler_component_SpellCheckComponent.java","lucene-3.1",645,"False",1
"solr_src_java_org_apache_solr_handler_component_SpellCheckComponent.java","lucene-3.1",646,"False",1
"solr_src_java_org_apache_solr_handler_component_SpellCheckComponent.java","lucene-3.1",647,"False",1
"solr_src_java_org_apache_solr_handler_component_SpellCheckComponent.java","lucene-3.1",648,"False",1
"solr_src_java_org_apache_solr_handler_component_SpellCheckComponent.java","lucene-3.1",649,"False",1
"solr_src_java_org_apache_solr_handler_component_SpellCheckComponent.java","lucene-3.1",650,"False",1
"solr_src_java_org_apache_solr_handler_component_SpellCheckComponent.java","lucene-3.1",651,"False",1
"solr_src_java_org_apache_solr_handler_component_SpellCheckComponent.java","lucene-3.1",652,"False",1
"solr_src_java_org_apache_solr_handler_component_SpellCheckComponent.java","lucene-3.1",653,"False",1
"solr_src_java_org_apache_solr_handler_component_SpellCheckComponent.java","lucene-3.1",654,"False",1
"solr_src_java_org_apache_solr_handler_component_SpellCheckComponent.java","lucene-3.1",655,"False",1
"solr_src_java_org_apache_solr_handler_component_SpellCheckComponent.java","lucene-3.1",656,"False",1
"solr_src_java_org_apache_solr_handler_component_SpellCheckComponent.java","lucene-3.1",657,"False",1
"solr_src_java_org_apache_solr_handler_component_SpellCheckComponent.java","lucene-3.1",658,"False",1
"solr_src_java_org_apache_solr_handler_component_SpellCheckComponent.java","lucene-3.1",659,"False",1
"solr_src_java_org_apache_solr_handler_component_SpellCheckComponent.java","lucene-3.1",660,"False",1
"solr_src_java_org_apache_solr_handler_component_SpellCheckComponent.java","lucene-3.1",661,"False",1
"solr_src_java_org_apache_solr_handler_component_SpellCheckComponent.java","lucene-3.1",662,"False",1
"solr_src_java_org_apache_solr_handler_component_SpellCheckComponent.java","lucene-3.1",663,"True",3
"solr_src_java_org_apache_solr_handler_component_SpellCheckComponent.java","lucene-3.1",664,"False",1
"solr_src_java_org_apache_solr_handler_component_SpellCheckComponent.java","lucene-3.1",665,"False",1
"solr_src_java_org_apache_solr_handler_component_SpellCheckComponent.java","lucene-3.1",666,"False",1
"solr_src_java_org_apache_solr_handler_component_SpellCheckComponent.java","lucene-3.1",667,"False",1
"solr_src_java_org_apache_solr_handler_component_SpellCheckComponent.java","lucene-3.1",668,"False",1
"solr_src_java_org_apache_solr_handler_component_SpellCheckComponent.java","lucene-3.1",669,"False",1
"solr_src_java_org_apache_solr_handler_component_SpellCheckComponent.java","lucene-3.1",670,"False",1
"solr_src_java_org_apache_solr_handler_component_SpellCheckComponent.java","lucene-3.1",671,"False",1
"solr_src_java_org_apache_solr_handler_component_SpellCheckComponent.java","lucene-3.1",672,"False",1
"solr_src_java_org_apache_solr_handler_component_SpellCheckComponent.java","lucene-3.1",673,"False",1
"solr_src_java_org_apache_solr_handler_component_SpellCheckComponent.java","lucene-3.1",674,"False",1
"solr_src_java_org_apache_solr_handler_component_SpellCheckComponent.java","lucene-3.1",675,"False",1
"solr_src_java_org_apache_solr_handler_component_SpellCheckComponent.java","lucene-3.1",676,"False",1
"solr_src_java_org_apache_solr_handler_component_SpellCheckComponent.java","lucene-3.1",677,"False",1
"solr_src_java_org_apache_solr_handler_component_SpellCheckComponent.java","lucene-3.1",678,"False",1
"solr_src_java_org_apache_solr_handler_component_SpellCheckComponent.java","lucene-3.1",679,"False",1
"solr_src_java_org_apache_solr_handler_component_SpellCheckComponent.java","lucene-3.1",680,"False",1
"solr_src_java_org_apache_solr_handler_component_SpellCheckComponent.java","lucene-3.1",681,"False",1
"solr_src_java_org_apache_solr_handler_component_SpellCheckComponent.java","lucene-3.1",682,"False",1
"solr_src_java_org_apache_solr_handler_component_SpellCheckComponent.java","lucene-3.1",683,"False",1
"solr_src_java_org_apache_solr_handler_component_SpellCheckComponent.java","lucene-3.1",684,"False",1
"solr_src_java_org_apache_solr_handler_component_SpellCheckComponent.java","lucene-3.1",685,"False",1
"solr_src_java_org_apache_solr_handler_component_SpellCheckComponent.java","lucene-3.1",686,"False",1
"solr_src_java_org_apache_solr_handler_component_SpellCheckComponent.java","lucene-3.1",687,"False",1
"solr_src_java_org_apache_solr_handler_component_SpellCheckComponent.java","lucene-3.1",688,"False",1
"solr_src_java_org_apache_solr_handler_component_SpellCheckComponent.java","lucene-3.1",689,"False",1
"solr_src_java_org_apache_solr_handler_component_SpellCheckComponent.java","lucene-3.1",690,"False",1
"solr_src_java_org_apache_solr_handler_component_SpellCheckComponent.java","lucene-3.1",691,"False",1
"solr_src_java_org_apache_solr_handler_component_SpellCheckComponent.java","lucene-3.1",692,"False",1
"solr_src_java_org_apache_solr_handler_component_SpellCheckComponent.java","lucene-3.1",693,"False",1
"solr_src_java_org_apache_solr_handler_component_SpellCheckComponent.java","lucene-3.1",694,"False",1
"solr_src_java_org_apache_solr_handler_component_SpellCheckComponent.java","lucene-3.1",695,"False",1
"solr_src_java_org_apache_solr_handler_component_SpellCheckComponent.java","lucene-3.1",696,"False",1
"solr_src_java_org_apache_solr_handler_component_SpellCheckComponent.java","lucene-3.1",697,"False",1
"solr_src_java_org_apache_solr_handler_component_SpellCheckComponent.java","lucene-3.1",698,"False",1
"solr_src_java_org_apache_solr_handler_component_SpellCheckComponent.java","lucene-3.1",699,"False",1
"solr_src_java_org_apache_solr_handler_component_SpellCheckComponent.java","lucene-3.1",700,"False",1
"solr_src_java_org_apache_solr_handler_component_SpellCheckComponent.java","lucene-3.1",701,"False",1
"solr_src_java_org_apache_solr_handler_component_SpellCheckComponent.java","lucene-3.1",702,"False",1
"solr_src_java_org_apache_solr_handler_component_SpellCheckComponent.java","lucene-3.1",703,"False",1
"solr_src_java_org_apache_solr_handler_component_SpellCheckComponent.java","lucene-3.1",704,"False",1
"solr_src_java_org_apache_solr_handler_component_SpellCheckComponent.java","lucene-3.1",705,"False",1
"solr_src_java_org_apache_solr_handler_component_SpellCheckComponent.java","lucene-3.1",706,"False",1
"solr_src_java_org_apache_solr_handler_component_SpellCheckComponent.java","lucene-3.1",707,"False",1
"solr_src_java_org_apache_solr_handler_component_SpellCheckComponent.java","lucene-3.1",708,"False",1
"solr_src_java_org_apache_solr_handler_component_SpellCheckComponent.java","lucene-3.1",709,"False",1
"solr_src_java_org_apache_solr_handler_component_SpellCheckComponent.java","lucene-3.1",710,"False",1
"solr_src_java_org_apache_solr_handler_component_SpellCheckComponent.java","lucene-3.1",711,"False",1
"solr_src_java_org_apache_solr_handler_component_SpellCheckComponent.java","lucene-3.1",712,"False",1
"solr_src_java_org_apache_solr_handler_component_SpellCheckComponent.java","lucene-3.1",713,"False",1
"solr_src_java_org_apache_solr_handler_component_SpellCheckComponent.java","lucene-3.1",714,"False",1
"solr_src_java_org_apache_solr_handler_component_SpellCheckComponent.java","lucene-3.1",715,"False",1
"solr_src_java_org_apache_solr_handler_component_SpellCheckComponent.java","lucene-3.1",716,"False",1
"solr_src_java_org_apache_solr_handler_component_SpellCheckComponent.java","lucene-3.1",717,"False",1
"solr_src_java_org_apache_solr_handler_component_SpellCheckComponent.java","lucene-3.1",718,"False",1
"solr_src_java_org_apache_solr_handler_component_SpellCheckComponent.java","lucene-3.1",719,"False",1
"solr_src_java_org_apache_solr_handler_component_SpellCheckComponent.java","lucene-3.1",720,"False",1
"solr_src_java_org_apache_solr_handler_component_SpellCheckComponent.java","lucene-3.1",721,"False",1
"solr_src_java_org_apache_solr_handler_component_SpellCheckComponent.java","lucene-3.1",722,"False",1
"solr_src_java_org_apache_solr_handler_component_SpellCheckComponent.java","lucene-3.1",723,"False",1
"solr_src_java_org_apache_solr_handler_component_SpellCheckComponent.java","lucene-3.1",724,"False",1
"solr_src_java_org_apache_solr_handler_component_SpellCheckComponent.java","lucene-3.1",725,"False",1
"solr_src_java_org_apache_solr_handler_component_SpellCheckComponent.java","lucene-3.1",726,"False",1
"solr_src_java_org_apache_solr_handler_component_SpellCheckComponent.java","lucene-3.1",727,"False",1
"solr_src_java_org_apache_solr_handler_component_SpellCheckComponent.java","lucene-3.1",728,"False",1
"solr_src_java_org_apache_solr_handler_component_SpellCheckComponent.java","lucene-3.1",729,"False",1
"solr_src_java_org_apache_solr_handler_component_SpellCheckComponent.java","lucene-3.1",730,"False",1
"solr_src_java_org_apache_solr_handler_component_SpellCheckComponent.java","lucene-3.1",731,"False",1
"solr_src_java_org_apache_solr_handler_component_SpellCheckComponent.java","lucene-3.1",732,"False",1
"solr_src_java_org_apache_solr_handler_component_SpellCheckComponent.java","lucene-3.1",733,"False",1
"solr_src_java_org_apache_solr_handler_component_SpellCheckComponent.java","lucene-3.1",734,"False",1
"solr_src_java_org_apache_solr_request_SimpleFacets.java","lucene-3.1",1,"False",1
"solr_src_java_org_apache_solr_request_SimpleFacets.java","lucene-3.1",2,"False",1
"solr_src_java_org_apache_solr_request_SimpleFacets.java","lucene-3.1",3,"False",1
"solr_src_java_org_apache_solr_request_SimpleFacets.java","lucene-3.1",4,"False",1
"solr_src_java_org_apache_solr_request_SimpleFacets.java","lucene-3.1",5,"False",1
"solr_src_java_org_apache_solr_request_SimpleFacets.java","lucene-3.1",6,"False",1
"solr_src_java_org_apache_solr_request_SimpleFacets.java","lucene-3.1",7,"False",1
"solr_src_java_org_apache_solr_request_SimpleFacets.java","lucene-3.1",8,"False",1
"solr_src_java_org_apache_solr_request_SimpleFacets.java","lucene-3.1",9,"False",1
"solr_src_java_org_apache_solr_request_SimpleFacets.java","lucene-3.1",10,"False",1
"solr_src_java_org_apache_solr_request_SimpleFacets.java","lucene-3.1",11,"False",1
"solr_src_java_org_apache_solr_request_SimpleFacets.java","lucene-3.1",12,"False",1
"solr_src_java_org_apache_solr_request_SimpleFacets.java","lucene-3.1",13,"False",1
"solr_src_java_org_apache_solr_request_SimpleFacets.java","lucene-3.1",14,"False",1
"solr_src_java_org_apache_solr_request_SimpleFacets.java","lucene-3.1",15,"False",1
"solr_src_java_org_apache_solr_request_SimpleFacets.java","lucene-3.1",16,"False",1
"solr_src_java_org_apache_solr_request_SimpleFacets.java","lucene-3.1",17,"False",1
"solr_src_java_org_apache_solr_request_SimpleFacets.java","lucene-3.1",18,"False",1
"solr_src_java_org_apache_solr_request_SimpleFacets.java","lucene-3.1",19,"False",1
"solr_src_java_org_apache_solr_request_SimpleFacets.java","lucene-3.1",20,"False",1
"solr_src_java_org_apache_solr_request_SimpleFacets.java","lucene-3.1",21,"False",1
"solr_src_java_org_apache_solr_request_SimpleFacets.java","lucene-3.1",22,"False",1
"solr_src_java_org_apache_solr_request_SimpleFacets.java","lucene-3.1",23,"False",1
"solr_src_java_org_apache_solr_request_SimpleFacets.java","lucene-3.1",24,"False",1
"solr_src_java_org_apache_solr_request_SimpleFacets.java","lucene-3.1",25,"False",1
"solr_src_java_org_apache_solr_request_SimpleFacets.java","lucene-3.1",26,"False",1
"solr_src_java_org_apache_solr_request_SimpleFacets.java","lucene-3.1",27,"False",1
"solr_src_java_org_apache_solr_request_SimpleFacets.java","lucene-3.1",28,"False",1
"solr_src_java_org_apache_solr_request_SimpleFacets.java","lucene-3.1",29,"False",1
"solr_src_java_org_apache_solr_request_SimpleFacets.java","lucene-3.1",30,"False",1
"solr_src_java_org_apache_solr_request_SimpleFacets.java","lucene-3.1",31,"False",1
"solr_src_java_org_apache_solr_request_SimpleFacets.java","lucene-3.1",32,"False",1
"solr_src_java_org_apache_solr_request_SimpleFacets.java","lucene-3.1",33,"False",1
"solr_src_java_org_apache_solr_request_SimpleFacets.java","lucene-3.1",34,"False",1
"solr_src_java_org_apache_solr_request_SimpleFacets.java","lucene-3.1",35,"False",1
"solr_src_java_org_apache_solr_request_SimpleFacets.java","lucene-3.1",36,"False",1
"solr_src_java_org_apache_solr_request_SimpleFacets.java","lucene-3.1",37,"False",1
"solr_src_java_org_apache_solr_request_SimpleFacets.java","lucene-3.1",38,"False",1
"solr_src_java_org_apache_solr_request_SimpleFacets.java","lucene-3.1",39,"False",1
"solr_src_java_org_apache_solr_request_SimpleFacets.java","lucene-3.1",40,"False",1
"solr_src_java_org_apache_solr_request_SimpleFacets.java","lucene-3.1",41,"False",1
"solr_src_java_org_apache_solr_request_SimpleFacets.java","lucene-3.1",42,"False",1
"solr_src_java_org_apache_solr_request_SimpleFacets.java","lucene-3.1",43,"False",1
"solr_src_java_org_apache_solr_request_SimpleFacets.java","lucene-3.1",44,"False",1
"solr_src_java_org_apache_solr_request_SimpleFacets.java","lucene-3.1",45,"False",1
"solr_src_java_org_apache_solr_request_SimpleFacets.java","lucene-3.1",46,"False",1
"solr_src_java_org_apache_solr_request_SimpleFacets.java","lucene-3.1",47,"False",1
"solr_src_java_org_apache_solr_request_SimpleFacets.java","lucene-3.1",48,"False",1
"solr_src_java_org_apache_solr_request_SimpleFacets.java","lucene-3.1",49,"False",1
"solr_src_java_org_apache_solr_request_SimpleFacets.java","lucene-3.1",50,"False",1
"solr_src_java_org_apache_solr_request_SimpleFacets.java","lucene-3.1",51,"False",1
"solr_src_java_org_apache_solr_request_SimpleFacets.java","lucene-3.1",52,"False",1
"solr_src_java_org_apache_solr_request_SimpleFacets.java","lucene-3.1",53,"False",1
"solr_src_java_org_apache_solr_request_SimpleFacets.java","lucene-3.1",54,"False",1
"solr_src_java_org_apache_solr_request_SimpleFacets.java","lucene-3.1",55,"False",1
"solr_src_java_org_apache_solr_request_SimpleFacets.java","lucene-3.1",56,"False",1
"solr_src_java_org_apache_solr_request_SimpleFacets.java","lucene-3.1",57,"False",1
"solr_src_java_org_apache_solr_request_SimpleFacets.java","lucene-3.1",58,"False",1
"solr_src_java_org_apache_solr_request_SimpleFacets.java","lucene-3.1",59,"False",1
"solr_src_java_org_apache_solr_request_SimpleFacets.java","lucene-3.1",60,"False",1
"solr_src_java_org_apache_solr_request_SimpleFacets.java","lucene-3.1",61,"False",1
"solr_src_java_org_apache_solr_request_SimpleFacets.java","lucene-3.1",62,"False",1
"solr_src_java_org_apache_solr_request_SimpleFacets.java","lucene-3.1",63,"False",1
"solr_src_java_org_apache_solr_request_SimpleFacets.java","lucene-3.1",64,"False",1
"solr_src_java_org_apache_solr_request_SimpleFacets.java","lucene-3.1",65,"False",1
"solr_src_java_org_apache_solr_request_SimpleFacets.java","lucene-3.1",66,"False",1
"solr_src_java_org_apache_solr_request_SimpleFacets.java","lucene-3.1",67,"False",1
"solr_src_java_org_apache_solr_request_SimpleFacets.java","lucene-3.1",68,"False",1
"solr_src_java_org_apache_solr_request_SimpleFacets.java","lucene-3.1",69,"False",1
"solr_src_java_org_apache_solr_request_SimpleFacets.java","lucene-3.1",70,"False",1
"solr_src_java_org_apache_solr_request_SimpleFacets.java","lucene-3.1",71,"False",1
"solr_src_java_org_apache_solr_request_SimpleFacets.java","lucene-3.1",72,"False",1
"solr_src_java_org_apache_solr_request_SimpleFacets.java","lucene-3.1",73,"False",1
"solr_src_java_org_apache_solr_request_SimpleFacets.java","lucene-3.1",74,"False",1
"solr_src_java_org_apache_solr_request_SimpleFacets.java","lucene-3.1",75,"False",1
"solr_src_java_org_apache_solr_request_SimpleFacets.java","lucene-3.1",76,"False",1
"solr_src_java_org_apache_solr_request_SimpleFacets.java","lucene-3.1",77,"False",1
"solr_src_java_org_apache_solr_request_SimpleFacets.java","lucene-3.1",78,"False",1
"solr_src_java_org_apache_solr_request_SimpleFacets.java","lucene-3.1",79,"False",1
"solr_src_java_org_apache_solr_request_SimpleFacets.java","lucene-3.1",80,"False",1
"solr_src_java_org_apache_solr_request_SimpleFacets.java","lucene-3.1",81,"False",1
"solr_src_java_org_apache_solr_request_SimpleFacets.java","lucene-3.1",82,"False",1
"solr_src_java_org_apache_solr_request_SimpleFacets.java","lucene-3.1",83,"False",1
"solr_src_java_org_apache_solr_request_SimpleFacets.java","lucene-3.1",84,"False",1
"solr_src_java_org_apache_solr_request_SimpleFacets.java","lucene-3.1",85,"False",1
"solr_src_java_org_apache_solr_request_SimpleFacets.java","lucene-3.1",86,"False",1
"solr_src_java_org_apache_solr_request_SimpleFacets.java","lucene-3.1",87,"False",1
"solr_src_java_org_apache_solr_request_SimpleFacets.java","lucene-3.1",88,"False",1
"solr_src_java_org_apache_solr_request_SimpleFacets.java","lucene-3.1",89,"False",1
"solr_src_java_org_apache_solr_request_SimpleFacets.java","lucene-3.1",90,"False",1
"solr_src_java_org_apache_solr_request_SimpleFacets.java","lucene-3.1",91,"False",1
"solr_src_java_org_apache_solr_request_SimpleFacets.java","lucene-3.1",92,"False",1
"solr_src_java_org_apache_solr_request_SimpleFacets.java","lucene-3.1",93,"False",1
"solr_src_java_org_apache_solr_request_SimpleFacets.java","lucene-3.1",94,"False",1
"solr_src_java_org_apache_solr_request_SimpleFacets.java","lucene-3.1",95,"False",1
"solr_src_java_org_apache_solr_request_SimpleFacets.java","lucene-3.1",96,"False",1
"solr_src_java_org_apache_solr_request_SimpleFacets.java","lucene-3.1",97,"False",1
"solr_src_java_org_apache_solr_request_SimpleFacets.java","lucene-3.1",98,"False",1
"solr_src_java_org_apache_solr_request_SimpleFacets.java","lucene-3.1",99,"False",1
"solr_src_java_org_apache_solr_request_SimpleFacets.java","lucene-3.1",100,"False",1
"solr_src_java_org_apache_solr_request_SimpleFacets.java","lucene-3.1",101,"False",1
"solr_src_java_org_apache_solr_request_SimpleFacets.java","lucene-3.1",102,"False",1
"solr_src_java_org_apache_solr_request_SimpleFacets.java","lucene-3.1",103,"False",1
"solr_src_java_org_apache_solr_request_SimpleFacets.java","lucene-3.1",104,"False",1
"solr_src_java_org_apache_solr_request_SimpleFacets.java","lucene-3.1",105,"False",1
"solr_src_java_org_apache_solr_request_SimpleFacets.java","lucene-3.1",106,"False",1
"solr_src_java_org_apache_solr_request_SimpleFacets.java","lucene-3.1",107,"False",1
"solr_src_java_org_apache_solr_request_SimpleFacets.java","lucene-3.1",108,"False",1
"solr_src_java_org_apache_solr_request_SimpleFacets.java","lucene-3.1",109,"False",1
"solr_src_java_org_apache_solr_request_SimpleFacets.java","lucene-3.1",110,"False",1
"solr_src_java_org_apache_solr_request_SimpleFacets.java","lucene-3.1",111,"False",1
"solr_src_java_org_apache_solr_request_SimpleFacets.java","lucene-3.1",112,"False",1
"solr_src_java_org_apache_solr_request_SimpleFacets.java","lucene-3.1",113,"False",1
"solr_src_java_org_apache_solr_request_SimpleFacets.java","lucene-3.1",114,"False",1
"solr_src_java_org_apache_solr_request_SimpleFacets.java","lucene-3.1",115,"False",1
"solr_src_java_org_apache_solr_request_SimpleFacets.java","lucene-3.1",116,"False",1
"solr_src_java_org_apache_solr_request_SimpleFacets.java","lucene-3.1",117,"False",1
"solr_src_java_org_apache_solr_request_SimpleFacets.java","lucene-3.1",118,"False",1
"solr_src_java_org_apache_solr_request_SimpleFacets.java","lucene-3.1",119,"False",1
"solr_src_java_org_apache_solr_request_SimpleFacets.java","lucene-3.1",120,"False",1
"solr_src_java_org_apache_solr_request_SimpleFacets.java","lucene-3.1",121,"False",1
"solr_src_java_org_apache_solr_request_SimpleFacets.java","lucene-3.1",122,"False",1
"solr_src_java_org_apache_solr_request_SimpleFacets.java","lucene-3.1",123,"False",1
"solr_src_java_org_apache_solr_request_SimpleFacets.java","lucene-3.1",124,"False",1
"solr_src_java_org_apache_solr_request_SimpleFacets.java","lucene-3.1",125,"False",1
"solr_src_java_org_apache_solr_request_SimpleFacets.java","lucene-3.1",126,"False",1
"solr_src_java_org_apache_solr_request_SimpleFacets.java","lucene-3.1",127,"False",1
"solr_src_java_org_apache_solr_request_SimpleFacets.java","lucene-3.1",128,"False",1
"solr_src_java_org_apache_solr_request_SimpleFacets.java","lucene-3.1",129,"False",1
"solr_src_java_org_apache_solr_request_SimpleFacets.java","lucene-3.1",130,"False",1
"solr_src_java_org_apache_solr_request_SimpleFacets.java","lucene-3.1",131,"False",1
"solr_src_java_org_apache_solr_request_SimpleFacets.java","lucene-3.1",132,"False",1
"solr_src_java_org_apache_solr_request_SimpleFacets.java","lucene-3.1",133,"False",1
"solr_src_java_org_apache_solr_request_SimpleFacets.java","lucene-3.1",134,"False",1
"solr_src_java_org_apache_solr_request_SimpleFacets.java","lucene-3.1",135,"False",1
"solr_src_java_org_apache_solr_request_SimpleFacets.java","lucene-3.1",136,"False",1
"solr_src_java_org_apache_solr_request_SimpleFacets.java","lucene-3.1",137,"False",1
"solr_src_java_org_apache_solr_request_SimpleFacets.java","lucene-3.1",138,"False",1
"solr_src_java_org_apache_solr_request_SimpleFacets.java","lucene-3.1",139,"False",1
"solr_src_java_org_apache_solr_request_SimpleFacets.java","lucene-3.1",140,"False",1
"solr_src_java_org_apache_solr_request_SimpleFacets.java","lucene-3.1",141,"False",1
"solr_src_java_org_apache_solr_request_SimpleFacets.java","lucene-3.1",142,"False",1
"solr_src_java_org_apache_solr_request_SimpleFacets.java","lucene-3.1",143,"False",1
"solr_src_java_org_apache_solr_request_SimpleFacets.java","lucene-3.1",144,"False",1
"solr_src_java_org_apache_solr_request_SimpleFacets.java","lucene-3.1",145,"False",1
"solr_src_java_org_apache_solr_request_SimpleFacets.java","lucene-3.1",146,"False",1
"solr_src_java_org_apache_solr_request_SimpleFacets.java","lucene-3.1",147,"False",1
"solr_src_java_org_apache_solr_request_SimpleFacets.java","lucene-3.1",148,"False",1
"solr_src_java_org_apache_solr_request_SimpleFacets.java","lucene-3.1",149,"False",1
"solr_src_java_org_apache_solr_request_SimpleFacets.java","lucene-3.1",150,"False",1
"solr_src_java_org_apache_solr_request_SimpleFacets.java","lucene-3.1",151,"False",1
"solr_src_java_org_apache_solr_request_SimpleFacets.java","lucene-3.1",152,"False",1
"solr_src_java_org_apache_solr_request_SimpleFacets.java","lucene-3.1",153,"False",1
"solr_src_java_org_apache_solr_request_SimpleFacets.java","lucene-3.1",154,"False",1
"solr_src_java_org_apache_solr_request_SimpleFacets.java","lucene-3.1",155,"False",1
"solr_src_java_org_apache_solr_request_SimpleFacets.java","lucene-3.1",156,"False",1
"solr_src_java_org_apache_solr_request_SimpleFacets.java","lucene-3.1",157,"False",1
"solr_src_java_org_apache_solr_request_SimpleFacets.java","lucene-3.1",158,"False",1
"solr_src_java_org_apache_solr_request_SimpleFacets.java","lucene-3.1",159,"False",1
"solr_src_java_org_apache_solr_request_SimpleFacets.java","lucene-3.1",160,"False",1
"solr_src_java_org_apache_solr_request_SimpleFacets.java","lucene-3.1",161,"False",1
"solr_src_java_org_apache_solr_request_SimpleFacets.java","lucene-3.1",162,"False",1
"solr_src_java_org_apache_solr_request_SimpleFacets.java","lucene-3.1",163,"False",1
"solr_src_java_org_apache_solr_request_SimpleFacets.java","lucene-3.1",164,"False",1
"solr_src_java_org_apache_solr_request_SimpleFacets.java","lucene-3.1",165,"False",1
"solr_src_java_org_apache_solr_request_SimpleFacets.java","lucene-3.1",166,"False",1
"solr_src_java_org_apache_solr_request_SimpleFacets.java","lucene-3.1",167,"False",1
"solr_src_java_org_apache_solr_request_SimpleFacets.java","lucene-3.1",168,"False",1
"solr_src_java_org_apache_solr_request_SimpleFacets.java","lucene-3.1",169,"False",1
"solr_src_java_org_apache_solr_request_SimpleFacets.java","lucene-3.1",170,"False",1
"solr_src_java_org_apache_solr_request_SimpleFacets.java","lucene-3.1",171,"False",1
"solr_src_java_org_apache_solr_request_SimpleFacets.java","lucene-3.1",172,"False",1
"solr_src_java_org_apache_solr_request_SimpleFacets.java","lucene-3.1",173,"False",1
"solr_src_java_org_apache_solr_request_SimpleFacets.java","lucene-3.1",174,"False",1
"solr_src_java_org_apache_solr_request_SimpleFacets.java","lucene-3.1",175,"False",1
"solr_src_java_org_apache_solr_request_SimpleFacets.java","lucene-3.1",176,"False",1
"solr_src_java_org_apache_solr_request_SimpleFacets.java","lucene-3.1",177,"True",3
"solr_src_java_org_apache_solr_request_SimpleFacets.java","lucene-3.1",178,"False",1
"solr_src_java_org_apache_solr_request_SimpleFacets.java","lucene-3.1",179,"False",1
"solr_src_java_org_apache_solr_request_SimpleFacets.java","lucene-3.1",180,"False",1
"solr_src_java_org_apache_solr_request_SimpleFacets.java","lucene-3.1",181,"False",1
"solr_src_java_org_apache_solr_request_SimpleFacets.java","lucene-3.1",182,"False",1
"solr_src_java_org_apache_solr_request_SimpleFacets.java","lucene-3.1",183,"False",1
"solr_src_java_org_apache_solr_request_SimpleFacets.java","lucene-3.1",184,"False",1
"solr_src_java_org_apache_solr_request_SimpleFacets.java","lucene-3.1",185,"False",1
"solr_src_java_org_apache_solr_request_SimpleFacets.java","lucene-3.1",186,"False",1
"solr_src_java_org_apache_solr_request_SimpleFacets.java","lucene-3.1",187,"False",1
"solr_src_java_org_apache_solr_request_SimpleFacets.java","lucene-3.1",188,"False",1
"solr_src_java_org_apache_solr_request_SimpleFacets.java","lucene-3.1",189,"False",1
"solr_src_java_org_apache_solr_request_SimpleFacets.java","lucene-3.1",190,"False",1
"solr_src_java_org_apache_solr_request_SimpleFacets.java","lucene-3.1",191,"False",1
"solr_src_java_org_apache_solr_request_SimpleFacets.java","lucene-3.1",192,"False",1
"solr_src_java_org_apache_solr_request_SimpleFacets.java","lucene-3.1",193,"False",1
"solr_src_java_org_apache_solr_request_SimpleFacets.java","lucene-3.1",194,"False",1
"solr_src_java_org_apache_solr_request_SimpleFacets.java","lucene-3.1",195,"False",1
"solr_src_java_org_apache_solr_request_SimpleFacets.java","lucene-3.1",196,"False",1
"solr_src_java_org_apache_solr_request_SimpleFacets.java","lucene-3.1",197,"False",1
"solr_src_java_org_apache_solr_request_SimpleFacets.java","lucene-3.1",198,"False",1
"solr_src_java_org_apache_solr_request_SimpleFacets.java","lucene-3.1",199,"False",1
"solr_src_java_org_apache_solr_request_SimpleFacets.java","lucene-3.1",200,"False",1
"solr_src_java_org_apache_solr_request_SimpleFacets.java","lucene-3.1",201,"False",1
"solr_src_java_org_apache_solr_request_SimpleFacets.java","lucene-3.1",202,"False",1
"solr_src_java_org_apache_solr_request_SimpleFacets.java","lucene-3.1",203,"False",1
"solr_src_java_org_apache_solr_request_SimpleFacets.java","lucene-3.1",204,"False",1
"solr_src_java_org_apache_solr_request_SimpleFacets.java","lucene-3.1",205,"False",1
"solr_src_java_org_apache_solr_request_SimpleFacets.java","lucene-3.1",206,"False",1
"solr_src_java_org_apache_solr_request_SimpleFacets.java","lucene-3.1",207,"False",1
"solr_src_java_org_apache_solr_request_SimpleFacets.java","lucene-3.1",208,"False",1
"solr_src_java_org_apache_solr_request_SimpleFacets.java","lucene-3.1",209,"False",1
"solr_src_java_org_apache_solr_request_SimpleFacets.java","lucene-3.1",210,"False",1
"solr_src_java_org_apache_solr_request_SimpleFacets.java","lucene-3.1",211,"False",1
"solr_src_java_org_apache_solr_request_SimpleFacets.java","lucene-3.1",212,"False",1
"solr_src_java_org_apache_solr_request_SimpleFacets.java","lucene-3.1",213,"False",1
"solr_src_java_org_apache_solr_request_SimpleFacets.java","lucene-3.1",214,"False",1
"solr_src_java_org_apache_solr_request_SimpleFacets.java","lucene-3.1",215,"False",1
"solr_src_java_org_apache_solr_request_SimpleFacets.java","lucene-3.1",216,"False",1
"solr_src_java_org_apache_solr_request_SimpleFacets.java","lucene-3.1",217,"False",1
"solr_src_java_org_apache_solr_request_SimpleFacets.java","lucene-3.1",218,"False",1
"solr_src_java_org_apache_solr_request_SimpleFacets.java","lucene-3.1",219,"False",1
"solr_src_java_org_apache_solr_request_SimpleFacets.java","lucene-3.1",220,"False",1
"solr_src_java_org_apache_solr_request_SimpleFacets.java","lucene-3.1",221,"False",1
"solr_src_java_org_apache_solr_request_SimpleFacets.java","lucene-3.1",222,"False",1
"solr_src_java_org_apache_solr_request_SimpleFacets.java","lucene-3.1",223,"False",1
"solr_src_java_org_apache_solr_request_SimpleFacets.java","lucene-3.1",224,"False",1
"solr_src_java_org_apache_solr_request_SimpleFacets.java","lucene-3.1",225,"False",1
"solr_src_java_org_apache_solr_request_SimpleFacets.java","lucene-3.1",226,"False",1
"solr_src_java_org_apache_solr_request_SimpleFacets.java","lucene-3.1",227,"False",1
"solr_src_java_org_apache_solr_request_SimpleFacets.java","lucene-3.1",228,"False",1
"solr_src_java_org_apache_solr_request_SimpleFacets.java","lucene-3.1",229,"False",1
"solr_src_java_org_apache_solr_request_SimpleFacets.java","lucene-3.1",230,"False",1
"solr_src_java_org_apache_solr_request_SimpleFacets.java","lucene-3.1",231,"False",1
"solr_src_java_org_apache_solr_request_SimpleFacets.java","lucene-3.1",232,"False",1
"solr_src_java_org_apache_solr_request_SimpleFacets.java","lucene-3.1",233,"False",1
"solr_src_java_org_apache_solr_request_SimpleFacets.java","lucene-3.1",234,"False",1
"solr_src_java_org_apache_solr_request_SimpleFacets.java","lucene-3.1",235,"False",1
"solr_src_java_org_apache_solr_request_SimpleFacets.java","lucene-3.1",236,"False",1
"solr_src_java_org_apache_solr_request_SimpleFacets.java","lucene-3.1",237,"False",1
"solr_src_java_org_apache_solr_request_SimpleFacets.java","lucene-3.1",238,"False",1
"solr_src_java_org_apache_solr_request_SimpleFacets.java","lucene-3.1",239,"False",1
"solr_src_java_org_apache_solr_request_SimpleFacets.java","lucene-3.1",240,"False",1
"solr_src_java_org_apache_solr_request_SimpleFacets.java","lucene-3.1",241,"False",1
"solr_src_java_org_apache_solr_request_SimpleFacets.java","lucene-3.1",242,"False",1
"solr_src_java_org_apache_solr_request_SimpleFacets.java","lucene-3.1",243,"False",1
"solr_src_java_org_apache_solr_request_SimpleFacets.java","lucene-3.1",244,"False",1
"solr_src_java_org_apache_solr_request_SimpleFacets.java","lucene-3.1",245,"False",1
"solr_src_java_org_apache_solr_request_SimpleFacets.java","lucene-3.1",246,"False",1
"solr_src_java_org_apache_solr_request_SimpleFacets.java","lucene-3.1",247,"False",1
"solr_src_java_org_apache_solr_request_SimpleFacets.java","lucene-3.1",248,"False",1
"solr_src_java_org_apache_solr_request_SimpleFacets.java","lucene-3.1",249,"False",1
"solr_src_java_org_apache_solr_request_SimpleFacets.java","lucene-3.1",250,"False",1
"solr_src_java_org_apache_solr_request_SimpleFacets.java","lucene-3.1",251,"False",1
"solr_src_java_org_apache_solr_request_SimpleFacets.java","lucene-3.1",252,"False",1
"solr_src_java_org_apache_solr_request_SimpleFacets.java","lucene-3.1",253,"False",1
"solr_src_java_org_apache_solr_request_SimpleFacets.java","lucene-3.1",254,"False",1
"solr_src_java_org_apache_solr_request_SimpleFacets.java","lucene-3.1",255,"False",1
"solr_src_java_org_apache_solr_request_SimpleFacets.java","lucene-3.1",256,"False",1
"solr_src_java_org_apache_solr_request_SimpleFacets.java","lucene-3.1",257,"False",1
"solr_src_java_org_apache_solr_request_SimpleFacets.java","lucene-3.1",258,"False",1
"solr_src_java_org_apache_solr_request_SimpleFacets.java","lucene-3.1",259,"False",1
"solr_src_java_org_apache_solr_request_SimpleFacets.java","lucene-3.1",260,"False",1
"solr_src_java_org_apache_solr_request_SimpleFacets.java","lucene-3.1",261,"False",1
"solr_src_java_org_apache_solr_request_SimpleFacets.java","lucene-3.1",262,"False",1
"solr_src_java_org_apache_solr_request_SimpleFacets.java","lucene-3.1",263,"False",1
"solr_src_java_org_apache_solr_request_SimpleFacets.java","lucene-3.1",264,"False",1
"solr_src_java_org_apache_solr_request_SimpleFacets.java","lucene-3.1",265,"False",1
"solr_src_java_org_apache_solr_request_SimpleFacets.java","lucene-3.1",266,"False",1
"solr_src_java_org_apache_solr_request_SimpleFacets.java","lucene-3.1",267,"False",1
"solr_src_java_org_apache_solr_request_SimpleFacets.java","lucene-3.1",268,"False",1
"solr_src_java_org_apache_solr_request_SimpleFacets.java","lucene-3.1",269,"False",1
"solr_src_java_org_apache_solr_request_SimpleFacets.java","lucene-3.1",270,"False",1
"solr_src_java_org_apache_solr_request_SimpleFacets.java","lucene-3.1",271,"False",1
"solr_src_java_org_apache_solr_request_SimpleFacets.java","lucene-3.1",272,"False",1
"solr_src_java_org_apache_solr_request_SimpleFacets.java","lucene-3.1",273,"False",1
"solr_src_java_org_apache_solr_request_SimpleFacets.java","lucene-3.1",274,"False",1
"solr_src_java_org_apache_solr_request_SimpleFacets.java","lucene-3.1",275,"False",1
"solr_src_java_org_apache_solr_request_SimpleFacets.java","lucene-3.1",276,"False",1
"solr_src_java_org_apache_solr_request_SimpleFacets.java","lucene-3.1",277,"False",1
"solr_src_java_org_apache_solr_request_SimpleFacets.java","lucene-3.1",278,"False",1
"solr_src_java_org_apache_solr_request_SimpleFacets.java","lucene-3.1",279,"False",1
"solr_src_java_org_apache_solr_request_SimpleFacets.java","lucene-3.1",280,"False",1
"solr_src_java_org_apache_solr_request_SimpleFacets.java","lucene-3.1",281,"False",1
"solr_src_java_org_apache_solr_request_SimpleFacets.java","lucene-3.1",282,"False",1
"solr_src_java_org_apache_solr_request_SimpleFacets.java","lucene-3.1",283,"False",1
"solr_src_java_org_apache_solr_request_SimpleFacets.java","lucene-3.1",284,"False",1
"solr_src_java_org_apache_solr_request_SimpleFacets.java","lucene-3.1",285,"False",1
"solr_src_java_org_apache_solr_request_SimpleFacets.java","lucene-3.1",286,"False",1
"solr_src_java_org_apache_solr_request_SimpleFacets.java","lucene-3.1",287,"False",1
"solr_src_java_org_apache_solr_request_SimpleFacets.java","lucene-3.1",288,"False",1
"solr_src_java_org_apache_solr_request_SimpleFacets.java","lucene-3.1",289,"False",1
"solr_src_java_org_apache_solr_request_SimpleFacets.java","lucene-3.1",290,"False",1
"solr_src_java_org_apache_solr_request_SimpleFacets.java","lucene-3.1",291,"False",1
"solr_src_java_org_apache_solr_request_SimpleFacets.java","lucene-3.1",292,"False",1
"solr_src_java_org_apache_solr_request_SimpleFacets.java","lucene-3.1",293,"False",1
"solr_src_java_org_apache_solr_request_SimpleFacets.java","lucene-3.1",294,"False",1
"solr_src_java_org_apache_solr_request_SimpleFacets.java","lucene-3.1",295,"False",1
"solr_src_java_org_apache_solr_request_SimpleFacets.java","lucene-3.1",296,"False",1
"solr_src_java_org_apache_solr_request_SimpleFacets.java","lucene-3.1",297,"False",1
"solr_src_java_org_apache_solr_request_SimpleFacets.java","lucene-3.1",298,"False",1
"solr_src_java_org_apache_solr_request_SimpleFacets.java","lucene-3.1",299,"False",1
"solr_src_java_org_apache_solr_request_SimpleFacets.java","lucene-3.1",300,"False",1
"solr_src_java_org_apache_solr_request_SimpleFacets.java","lucene-3.1",301,"False",1
"solr_src_java_org_apache_solr_request_SimpleFacets.java","lucene-3.1",302,"False",1
"solr_src_java_org_apache_solr_request_SimpleFacets.java","lucene-3.1",303,"False",1
"solr_src_java_org_apache_solr_request_SimpleFacets.java","lucene-3.1",304,"False",1
"solr_src_java_org_apache_solr_request_SimpleFacets.java","lucene-3.1",305,"False",1
"solr_src_java_org_apache_solr_request_SimpleFacets.java","lucene-3.1",306,"False",1
"solr_src_java_org_apache_solr_request_SimpleFacets.java","lucene-3.1",307,"False",1
"solr_src_java_org_apache_solr_request_SimpleFacets.java","lucene-3.1",308,"False",1
"solr_src_java_org_apache_solr_request_SimpleFacets.java","lucene-3.1",309,"False",1
"solr_src_java_org_apache_solr_request_SimpleFacets.java","lucene-3.1",310,"False",1
"solr_src_java_org_apache_solr_request_SimpleFacets.java","lucene-3.1",311,"False",1
"solr_src_java_org_apache_solr_request_SimpleFacets.java","lucene-3.1",312,"False",1
"solr_src_java_org_apache_solr_request_SimpleFacets.java","lucene-3.1",313,"False",1
"solr_src_java_org_apache_solr_request_SimpleFacets.java","lucene-3.1",314,"False",1
"solr_src_java_org_apache_solr_request_SimpleFacets.java","lucene-3.1",315,"False",1
"solr_src_java_org_apache_solr_request_SimpleFacets.java","lucene-3.1",316,"False",1
"solr_src_java_org_apache_solr_request_SimpleFacets.java","lucene-3.1",317,"False",1
"solr_src_java_org_apache_solr_request_SimpleFacets.java","lucene-3.1",318,"False",1
"solr_src_java_org_apache_solr_request_SimpleFacets.java","lucene-3.1",319,"False",1
"solr_src_java_org_apache_solr_request_SimpleFacets.java","lucene-3.1",320,"False",1
"solr_src_java_org_apache_solr_request_SimpleFacets.java","lucene-3.1",321,"False",1
"solr_src_java_org_apache_solr_request_SimpleFacets.java","lucene-3.1",322,"False",1
"solr_src_java_org_apache_solr_request_SimpleFacets.java","lucene-3.1",323,"False",1
"solr_src_java_org_apache_solr_request_SimpleFacets.java","lucene-3.1",324,"False",1
"solr_src_java_org_apache_solr_request_SimpleFacets.java","lucene-3.1",325,"False",1
"solr_src_java_org_apache_solr_request_SimpleFacets.java","lucene-3.1",326,"False",1
"solr_src_java_org_apache_solr_request_SimpleFacets.java","lucene-3.1",327,"False",1
"solr_src_java_org_apache_solr_request_SimpleFacets.java","lucene-3.1",328,"False",1
"solr_src_java_org_apache_solr_request_SimpleFacets.java","lucene-3.1",329,"False",1
"solr_src_java_org_apache_solr_request_SimpleFacets.java","lucene-3.1",330,"False",1
"solr_src_java_org_apache_solr_request_SimpleFacets.java","lucene-3.1",331,"False",1
"solr_src_java_org_apache_solr_request_SimpleFacets.java","lucene-3.1",332,"False",1
"solr_src_java_org_apache_solr_request_SimpleFacets.java","lucene-3.1",333,"False",1
"solr_src_java_org_apache_solr_request_SimpleFacets.java","lucene-3.1",334,"False",1
"solr_src_java_org_apache_solr_request_SimpleFacets.java","lucene-3.1",335,"False",1
"solr_src_java_org_apache_solr_request_SimpleFacets.java","lucene-3.1",336,"False",1
"solr_src_java_org_apache_solr_request_SimpleFacets.java","lucene-3.1",337,"False",1
"solr_src_java_org_apache_solr_request_SimpleFacets.java","lucene-3.1",338,"False",1
"solr_src_java_org_apache_solr_request_SimpleFacets.java","lucene-3.1",339,"False",1
"solr_src_java_org_apache_solr_request_SimpleFacets.java","lucene-3.1",340,"False",1
"solr_src_java_org_apache_solr_request_SimpleFacets.java","lucene-3.1",341,"False",1
"solr_src_java_org_apache_solr_request_SimpleFacets.java","lucene-3.1",342,"False",1
"solr_src_java_org_apache_solr_request_SimpleFacets.java","lucene-3.1",343,"False",1
"solr_src_java_org_apache_solr_request_SimpleFacets.java","lucene-3.1",344,"False",1
"solr_src_java_org_apache_solr_request_SimpleFacets.java","lucene-3.1",345,"False",1
"solr_src_java_org_apache_solr_request_SimpleFacets.java","lucene-3.1",346,"False",1
"solr_src_java_org_apache_solr_request_SimpleFacets.java","lucene-3.1",347,"False",1
"solr_src_java_org_apache_solr_request_SimpleFacets.java","lucene-3.1",348,"False",1
"solr_src_java_org_apache_solr_request_SimpleFacets.java","lucene-3.1",349,"False",1
"solr_src_java_org_apache_solr_request_SimpleFacets.java","lucene-3.1",350,"False",1
"solr_src_java_org_apache_solr_request_SimpleFacets.java","lucene-3.1",351,"False",1
"solr_src_java_org_apache_solr_request_SimpleFacets.java","lucene-3.1",352,"False",1
"solr_src_java_org_apache_solr_request_SimpleFacets.java","lucene-3.1",353,"False",1
"solr_src_java_org_apache_solr_request_SimpleFacets.java","lucene-3.1",354,"False",1
"solr_src_java_org_apache_solr_request_SimpleFacets.java","lucene-3.1",355,"False",1
"solr_src_java_org_apache_solr_request_SimpleFacets.java","lucene-3.1",356,"False",1
"solr_src_java_org_apache_solr_request_SimpleFacets.java","lucene-3.1",357,"False",1
"solr_src_java_org_apache_solr_request_SimpleFacets.java","lucene-3.1",358,"True",3
"solr_src_java_org_apache_solr_request_SimpleFacets.java","lucene-3.1",359,"False",1
"solr_src_java_org_apache_solr_request_SimpleFacets.java","lucene-3.1",360,"False",1
"solr_src_java_org_apache_solr_request_SimpleFacets.java","lucene-3.1",361,"False",1
"solr_src_java_org_apache_solr_request_SimpleFacets.java","lucene-3.1",362,"False",1
"solr_src_java_org_apache_solr_request_SimpleFacets.java","lucene-3.1",363,"False",1
"solr_src_java_org_apache_solr_request_SimpleFacets.java","lucene-3.1",364,"False",1
"solr_src_java_org_apache_solr_request_SimpleFacets.java","lucene-3.1",365,"False",1
"solr_src_java_org_apache_solr_request_SimpleFacets.java","lucene-3.1",366,"False",1
"solr_src_java_org_apache_solr_request_SimpleFacets.java","lucene-3.1",367,"False",1
"solr_src_java_org_apache_solr_request_SimpleFacets.java","lucene-3.1",368,"False",1
"solr_src_java_org_apache_solr_request_SimpleFacets.java","lucene-3.1",369,"False",1
"solr_src_java_org_apache_solr_request_SimpleFacets.java","lucene-3.1",370,"False",1
"solr_src_java_org_apache_solr_request_SimpleFacets.java","lucene-3.1",371,"False",1
"solr_src_java_org_apache_solr_request_SimpleFacets.java","lucene-3.1",372,"False",1
"solr_src_java_org_apache_solr_request_SimpleFacets.java","lucene-3.1",373,"False",1
"solr_src_java_org_apache_solr_request_SimpleFacets.java","lucene-3.1",374,"False",1
"solr_src_java_org_apache_solr_request_SimpleFacets.java","lucene-3.1",375,"False",1
"solr_src_java_org_apache_solr_request_SimpleFacets.java","lucene-3.1",376,"False",1
"solr_src_java_org_apache_solr_request_SimpleFacets.java","lucene-3.1",377,"False",1
"solr_src_java_org_apache_solr_request_SimpleFacets.java","lucene-3.1",378,"False",1
"solr_src_java_org_apache_solr_request_SimpleFacets.java","lucene-3.1",379,"False",1
"solr_src_java_org_apache_solr_request_SimpleFacets.java","lucene-3.1",380,"False",1
"solr_src_java_org_apache_solr_request_SimpleFacets.java","lucene-3.1",381,"False",1
"solr_src_java_org_apache_solr_request_SimpleFacets.java","lucene-3.1",382,"False",1
"solr_src_java_org_apache_solr_request_SimpleFacets.java","lucene-3.1",383,"False",1
"solr_src_java_org_apache_solr_request_SimpleFacets.java","lucene-3.1",384,"False",1
"solr_src_java_org_apache_solr_request_SimpleFacets.java","lucene-3.1",385,"False",1
"solr_src_java_org_apache_solr_request_SimpleFacets.java","lucene-3.1",386,"False",1
"solr_src_java_org_apache_solr_request_SimpleFacets.java","lucene-3.1",387,"False",1
"solr_src_java_org_apache_solr_request_SimpleFacets.java","lucene-3.1",388,"False",1
"solr_src_java_org_apache_solr_request_SimpleFacets.java","lucene-3.1",389,"False",1
"solr_src_java_org_apache_solr_request_SimpleFacets.java","lucene-3.1",390,"False",1
"solr_src_java_org_apache_solr_request_SimpleFacets.java","lucene-3.1",391,"False",1
"solr_src_java_org_apache_solr_request_SimpleFacets.java","lucene-3.1",392,"False",1
"solr_src_java_org_apache_solr_request_SimpleFacets.java","lucene-3.1",393,"False",1
"solr_src_java_org_apache_solr_request_SimpleFacets.java","lucene-3.1",394,"False",1
"solr_src_java_org_apache_solr_request_SimpleFacets.java","lucene-3.1",395,"False",1
"solr_src_java_org_apache_solr_request_SimpleFacets.java","lucene-3.1",396,"False",1
"solr_src_java_org_apache_solr_request_SimpleFacets.java","lucene-3.1",397,"False",1
"solr_src_java_org_apache_solr_request_SimpleFacets.java","lucene-3.1",398,"False",1
"solr_src_java_org_apache_solr_request_SimpleFacets.java","lucene-3.1",399,"False",1
"solr_src_java_org_apache_solr_request_SimpleFacets.java","lucene-3.1",400,"False",1
"solr_src_java_org_apache_solr_request_SimpleFacets.java","lucene-3.1",401,"False",1
"solr_src_java_org_apache_solr_request_SimpleFacets.java","lucene-3.1",402,"False",1
"solr_src_java_org_apache_solr_request_SimpleFacets.java","lucene-3.1",403,"False",1
"solr_src_java_org_apache_solr_request_SimpleFacets.java","lucene-3.1",404,"False",1
"solr_src_java_org_apache_solr_request_SimpleFacets.java","lucene-3.1",405,"False",1
"solr_src_java_org_apache_solr_request_SimpleFacets.java","lucene-3.1",406,"False",1
"solr_src_java_org_apache_solr_request_SimpleFacets.java","lucene-3.1",407,"False",1
"solr_src_java_org_apache_solr_request_SimpleFacets.java","lucene-3.1",408,"False",1
"solr_src_java_org_apache_solr_request_SimpleFacets.java","lucene-3.1",409,"False",1
"solr_src_java_org_apache_solr_request_SimpleFacets.java","lucene-3.1",410,"False",1
"solr_src_java_org_apache_solr_request_SimpleFacets.java","lucene-3.1",411,"False",1
"solr_src_java_org_apache_solr_request_SimpleFacets.java","lucene-3.1",412,"False",1
"solr_src_java_org_apache_solr_request_SimpleFacets.java","lucene-3.1",413,"False",1
"solr_src_java_org_apache_solr_request_SimpleFacets.java","lucene-3.1",414,"False",1
"solr_src_java_org_apache_solr_request_SimpleFacets.java","lucene-3.1",415,"False",1
"solr_src_java_org_apache_solr_request_SimpleFacets.java","lucene-3.1",416,"False",1
"solr_src_java_org_apache_solr_request_SimpleFacets.java","lucene-3.1",417,"False",1
"solr_src_java_org_apache_solr_request_SimpleFacets.java","lucene-3.1",418,"False",1
"solr_src_java_org_apache_solr_request_SimpleFacets.java","lucene-3.1",419,"False",1
"solr_src_java_org_apache_solr_request_SimpleFacets.java","lucene-3.1",420,"False",1
"solr_src_java_org_apache_solr_request_SimpleFacets.java","lucene-3.1",421,"False",1
"solr_src_java_org_apache_solr_request_SimpleFacets.java","lucene-3.1",422,"False",1
"solr_src_java_org_apache_solr_request_SimpleFacets.java","lucene-3.1",423,"False",1
"solr_src_java_org_apache_solr_request_SimpleFacets.java","lucene-3.1",424,"False",1
"solr_src_java_org_apache_solr_request_SimpleFacets.java","lucene-3.1",425,"False",1
"solr_src_java_org_apache_solr_request_SimpleFacets.java","lucene-3.1",426,"False",1
"solr_src_java_org_apache_solr_request_SimpleFacets.java","lucene-3.1",427,"False",1
"solr_src_java_org_apache_solr_request_SimpleFacets.java","lucene-3.1",428,"False",1
"solr_src_java_org_apache_solr_request_SimpleFacets.java","lucene-3.1",429,"False",1
"solr_src_java_org_apache_solr_request_SimpleFacets.java","lucene-3.1",430,"False",1
"solr_src_java_org_apache_solr_request_SimpleFacets.java","lucene-3.1",431,"False",1
"solr_src_java_org_apache_solr_request_SimpleFacets.java","lucene-3.1",432,"False",1
"solr_src_java_org_apache_solr_request_SimpleFacets.java","lucene-3.1",433,"False",1
"solr_src_java_org_apache_solr_request_SimpleFacets.java","lucene-3.1",434,"False",1
"solr_src_java_org_apache_solr_request_SimpleFacets.java","lucene-3.1",435,"False",1
"solr_src_java_org_apache_solr_request_SimpleFacets.java","lucene-3.1",436,"False",1
"solr_src_java_org_apache_solr_request_SimpleFacets.java","lucene-3.1",437,"False",1
"solr_src_java_org_apache_solr_request_SimpleFacets.java","lucene-3.1",438,"True",2
"solr_src_java_org_apache_solr_request_SimpleFacets.java","lucene-3.1",439,"False",1
"solr_src_java_org_apache_solr_request_SimpleFacets.java","lucene-3.1",440,"False",1
"solr_src_java_org_apache_solr_request_SimpleFacets.java","lucene-3.1",441,"False",1
"solr_src_java_org_apache_solr_request_SimpleFacets.java","lucene-3.1",442,"False",1
"solr_src_java_org_apache_solr_request_SimpleFacets.java","lucene-3.1",443,"False",1
"solr_src_java_org_apache_solr_request_SimpleFacets.java","lucene-3.1",444,"False",1
"solr_src_java_org_apache_solr_request_SimpleFacets.java","lucene-3.1",445,"False",1
"solr_src_java_org_apache_solr_request_SimpleFacets.java","lucene-3.1",446,"False",1
"solr_src_java_org_apache_solr_request_SimpleFacets.java","lucene-3.1",447,"False",1
"solr_src_java_org_apache_solr_request_SimpleFacets.java","lucene-3.1",448,"False",1
"solr_src_java_org_apache_solr_request_SimpleFacets.java","lucene-3.1",449,"False",1
"solr_src_java_org_apache_solr_request_SimpleFacets.java","lucene-3.1",450,"False",1
"solr_src_java_org_apache_solr_request_SimpleFacets.java","lucene-3.1",451,"False",1
"solr_src_java_org_apache_solr_request_SimpleFacets.java","lucene-3.1",452,"False",1
"solr_src_java_org_apache_solr_request_SimpleFacets.java","lucene-3.1",453,"False",1
"solr_src_java_org_apache_solr_request_SimpleFacets.java","lucene-3.1",454,"False",1
"solr_src_java_org_apache_solr_request_SimpleFacets.java","lucene-3.1",455,"False",1
"solr_src_java_org_apache_solr_request_SimpleFacets.java","lucene-3.1",456,"False",1
"solr_src_java_org_apache_solr_request_SimpleFacets.java","lucene-3.1",457,"False",1
"solr_src_java_org_apache_solr_request_SimpleFacets.java","lucene-3.1",458,"False",1
"solr_src_java_org_apache_solr_request_SimpleFacets.java","lucene-3.1",459,"False",1
"solr_src_java_org_apache_solr_request_SimpleFacets.java","lucene-3.1",460,"False",1
"solr_src_java_org_apache_solr_request_SimpleFacets.java","lucene-3.1",461,"False",1
"solr_src_java_org_apache_solr_request_SimpleFacets.java","lucene-3.1",462,"False",1
"solr_src_java_org_apache_solr_request_SimpleFacets.java","lucene-3.1",463,"False",1
"solr_src_java_org_apache_solr_request_SimpleFacets.java","lucene-3.1",464,"False",1
"solr_src_java_org_apache_solr_request_SimpleFacets.java","lucene-3.1",465,"False",1
"solr_src_java_org_apache_solr_request_SimpleFacets.java","lucene-3.1",466,"False",1
"solr_src_java_org_apache_solr_request_SimpleFacets.java","lucene-3.1",467,"False",1
"solr_src_java_org_apache_solr_request_SimpleFacets.java","lucene-3.1",468,"False",1
"solr_src_java_org_apache_solr_request_SimpleFacets.java","lucene-3.1",469,"False",1
"solr_src_java_org_apache_solr_request_SimpleFacets.java","lucene-3.1",470,"False",1
"solr_src_java_org_apache_solr_request_SimpleFacets.java","lucene-3.1",471,"False",1
"solr_src_java_org_apache_solr_request_SimpleFacets.java","lucene-3.1",472,"False",1
"solr_src_java_org_apache_solr_request_SimpleFacets.java","lucene-3.1",473,"False",1
"solr_src_java_org_apache_solr_request_SimpleFacets.java","lucene-3.1",474,"False",1
"solr_src_java_org_apache_solr_request_SimpleFacets.java","lucene-3.1",475,"False",1
"solr_src_java_org_apache_solr_request_SimpleFacets.java","lucene-3.1",476,"False",1
"solr_src_java_org_apache_solr_request_SimpleFacets.java","lucene-3.1",477,"False",1
"solr_src_java_org_apache_solr_request_SimpleFacets.java","lucene-3.1",478,"False",1
"solr_src_java_org_apache_solr_request_SimpleFacets.java","lucene-3.1",479,"False",1
"solr_src_java_org_apache_solr_request_SimpleFacets.java","lucene-3.1",480,"False",1
"solr_src_java_org_apache_solr_request_SimpleFacets.java","lucene-3.1",481,"False",1
"solr_src_java_org_apache_solr_request_SimpleFacets.java","lucene-3.1",482,"False",1
"solr_src_java_org_apache_solr_request_SimpleFacets.java","lucene-3.1",483,"False",1
"solr_src_java_org_apache_solr_request_SimpleFacets.java","lucene-3.1",484,"False",1
"solr_src_java_org_apache_solr_request_SimpleFacets.java","lucene-3.1",485,"False",1
"solr_src_java_org_apache_solr_request_SimpleFacets.java","lucene-3.1",486,"False",1
"solr_src_java_org_apache_solr_request_SimpleFacets.java","lucene-3.1",487,"False",1
"solr_src_java_org_apache_solr_request_SimpleFacets.java","lucene-3.1",488,"False",1
"solr_src_java_org_apache_solr_request_SimpleFacets.java","lucene-3.1",489,"False",1
"solr_src_java_org_apache_solr_request_SimpleFacets.java","lucene-3.1",490,"False",1
"solr_src_java_org_apache_solr_request_SimpleFacets.java","lucene-3.1",491,"False",1
"solr_src_java_org_apache_solr_request_SimpleFacets.java","lucene-3.1",492,"False",1
"solr_src_java_org_apache_solr_request_SimpleFacets.java","lucene-3.1",493,"False",1
"solr_src_java_org_apache_solr_request_SimpleFacets.java","lucene-3.1",494,"False",1
"solr_src_java_org_apache_solr_request_SimpleFacets.java","lucene-3.1",495,"False",1
"solr_src_java_org_apache_solr_request_SimpleFacets.java","lucene-3.1",496,"False",1
"solr_src_java_org_apache_solr_request_SimpleFacets.java","lucene-3.1",497,"False",1
"solr_src_java_org_apache_solr_request_SimpleFacets.java","lucene-3.1",498,"False",1
"solr_src_java_org_apache_solr_request_SimpleFacets.java","lucene-3.1",499,"False",1
"solr_src_java_org_apache_solr_request_SimpleFacets.java","lucene-3.1",500,"False",1
"solr_src_java_org_apache_solr_request_SimpleFacets.java","lucene-3.1",501,"False",1
"solr_src_java_org_apache_solr_request_SimpleFacets.java","lucene-3.1",502,"False",1
"solr_src_java_org_apache_solr_request_SimpleFacets.java","lucene-3.1",503,"False",1
"solr_src_java_org_apache_solr_request_SimpleFacets.java","lucene-3.1",504,"False",1
"solr_src_java_org_apache_solr_request_SimpleFacets.java","lucene-3.1",505,"False",1
"solr_src_java_org_apache_solr_request_SimpleFacets.java","lucene-3.1",506,"False",1
"solr_src_java_org_apache_solr_request_SimpleFacets.java","lucene-3.1",507,"False",1
"solr_src_java_org_apache_solr_request_SimpleFacets.java","lucene-3.1",508,"False",1
"solr_src_java_org_apache_solr_request_SimpleFacets.java","lucene-3.1",509,"False",1
"solr_src_java_org_apache_solr_request_SimpleFacets.java","lucene-3.1",510,"False",1
"solr_src_java_org_apache_solr_request_SimpleFacets.java","lucene-3.1",511,"True",2
"solr_src_java_org_apache_solr_request_SimpleFacets.java","lucene-3.1",512,"True",2
"solr_src_java_org_apache_solr_request_SimpleFacets.java","lucene-3.1",513,"False",1
"solr_src_java_org_apache_solr_request_SimpleFacets.java","lucene-3.1",514,"False",1
"solr_src_java_org_apache_solr_request_SimpleFacets.java","lucene-3.1",515,"False",1
"solr_src_java_org_apache_solr_request_SimpleFacets.java","lucene-3.1",516,"False",1
"solr_src_java_org_apache_solr_request_SimpleFacets.java","lucene-3.1",517,"False",1
"solr_src_java_org_apache_solr_request_SimpleFacets.java","lucene-3.1",518,"False",1
"solr_src_java_org_apache_solr_request_SimpleFacets.java","lucene-3.1",519,"False",1
"solr_src_java_org_apache_solr_request_SimpleFacets.java","lucene-3.1",520,"False",1
"solr_src_java_org_apache_solr_request_SimpleFacets.java","lucene-3.1",521,"False",1
"solr_src_java_org_apache_solr_request_SimpleFacets.java","lucene-3.1",522,"False",1
"solr_src_java_org_apache_solr_request_SimpleFacets.java","lucene-3.1",523,"False",1
"solr_src_java_org_apache_solr_request_SimpleFacets.java","lucene-3.1",524,"False",1
"solr_src_java_org_apache_solr_request_SimpleFacets.java","lucene-3.1",525,"False",1
"solr_src_java_org_apache_solr_request_SimpleFacets.java","lucene-3.1",526,"False",1
"solr_src_java_org_apache_solr_request_SimpleFacets.java","lucene-3.1",527,"False",1
"solr_src_java_org_apache_solr_request_SimpleFacets.java","lucene-3.1",528,"False",1
"solr_src_java_org_apache_solr_request_SimpleFacets.java","lucene-3.1",529,"False",1
"solr_src_java_org_apache_solr_request_SimpleFacets.java","lucene-3.1",530,"False",1
"solr_src_java_org_apache_solr_request_SimpleFacets.java","lucene-3.1",531,"False",1
"solr_src_java_org_apache_solr_request_SimpleFacets.java","lucene-3.1",532,"False",1
"solr_src_java_org_apache_solr_request_SimpleFacets.java","lucene-3.1",533,"False",1
"solr_src_java_org_apache_solr_request_SimpleFacets.java","lucene-3.1",534,"False",1
"solr_src_java_org_apache_solr_request_SimpleFacets.java","lucene-3.1",535,"False",1
"solr_src_java_org_apache_solr_request_SimpleFacets.java","lucene-3.1",536,"False",1
"solr_src_java_org_apache_solr_request_SimpleFacets.java","lucene-3.1",537,"False",1
"solr_src_java_org_apache_solr_request_SimpleFacets.java","lucene-3.1",538,"False",1
"solr_src_java_org_apache_solr_request_SimpleFacets.java","lucene-3.1",539,"False",1
"solr_src_java_org_apache_solr_request_SimpleFacets.java","lucene-3.1",540,"False",1
"solr_src_java_org_apache_solr_request_SimpleFacets.java","lucene-3.1",541,"False",1
"solr_src_java_org_apache_solr_request_SimpleFacets.java","lucene-3.1",542,"False",1
"solr_src_java_org_apache_solr_request_SimpleFacets.java","lucene-3.1",543,"False",1
"solr_src_java_org_apache_solr_request_SimpleFacets.java","lucene-3.1",544,"False",1
"solr_src_java_org_apache_solr_request_SimpleFacets.java","lucene-3.1",545,"False",1
"solr_src_java_org_apache_solr_request_SimpleFacets.java","lucene-3.1",546,"True",2
"solr_src_java_org_apache_solr_request_SimpleFacets.java","lucene-3.1",547,"False",1
"solr_src_java_org_apache_solr_request_SimpleFacets.java","lucene-3.1",548,"False",1
"solr_src_java_org_apache_solr_request_SimpleFacets.java","lucene-3.1",549,"False",1
"solr_src_java_org_apache_solr_request_SimpleFacets.java","lucene-3.1",550,"False",1
"solr_src_java_org_apache_solr_request_SimpleFacets.java","lucene-3.1",551,"False",1
"solr_src_java_org_apache_solr_request_SimpleFacets.java","lucene-3.1",552,"False",1
"solr_src_java_org_apache_solr_request_SimpleFacets.java","lucene-3.1",553,"False",1
"solr_src_java_org_apache_solr_request_SimpleFacets.java","lucene-3.1",554,"False",1
"solr_src_java_org_apache_solr_request_SimpleFacets.java","lucene-3.1",555,"False",1
"solr_src_java_org_apache_solr_request_SimpleFacets.java","lucene-3.1",556,"False",1
"solr_src_java_org_apache_solr_request_SimpleFacets.java","lucene-3.1",557,"False",1
"solr_src_java_org_apache_solr_request_SimpleFacets.java","lucene-3.1",558,"False",1
"solr_src_java_org_apache_solr_request_SimpleFacets.java","lucene-3.1",559,"False",1
"solr_src_java_org_apache_solr_request_SimpleFacets.java","lucene-3.1",560,"False",1
"solr_src_java_org_apache_solr_request_SimpleFacets.java","lucene-3.1",561,"False",1
"solr_src_java_org_apache_solr_request_SimpleFacets.java","lucene-3.1",562,"False",1
"solr_src_java_org_apache_solr_request_SimpleFacets.java","lucene-3.1",563,"False",1
"solr_src_java_org_apache_solr_request_SimpleFacets.java","lucene-3.1",564,"False",1
"solr_src_java_org_apache_solr_request_SimpleFacets.java","lucene-3.1",565,"False",1
"solr_src_java_org_apache_solr_request_SimpleFacets.java","lucene-3.1",566,"False",1
"solr_src_java_org_apache_solr_request_SimpleFacets.java","lucene-3.1",567,"False",1
"solr_src_java_org_apache_solr_request_SimpleFacets.java","lucene-3.1",568,"False",1
"solr_src_java_org_apache_solr_request_SimpleFacets.java","lucene-3.1",569,"False",1
"solr_src_java_org_apache_solr_request_SimpleFacets.java","lucene-3.1",570,"False",1
"solr_src_java_org_apache_solr_request_SimpleFacets.java","lucene-3.1",571,"False",1
"solr_src_java_org_apache_solr_request_SimpleFacets.java","lucene-3.1",572,"False",1
"solr_src_java_org_apache_solr_request_SimpleFacets.java","lucene-3.1",573,"False",1
"solr_src_java_org_apache_solr_request_SimpleFacets.java","lucene-3.1",574,"False",1
"solr_src_java_org_apache_solr_request_SimpleFacets.java","lucene-3.1",575,"False",1
"solr_src_java_org_apache_solr_request_SimpleFacets.java","lucene-3.1",576,"False",1
"solr_src_java_org_apache_solr_request_SimpleFacets.java","lucene-3.1",577,"False",1
"solr_src_java_org_apache_solr_request_SimpleFacets.java","lucene-3.1",578,"False",1
"solr_src_java_org_apache_solr_request_SimpleFacets.java","lucene-3.1",579,"False",1
"solr_src_java_org_apache_solr_request_SimpleFacets.java","lucene-3.1",580,"False",1
"solr_src_java_org_apache_solr_request_SimpleFacets.java","lucene-3.1",581,"False",1
"solr_src_java_org_apache_solr_request_SimpleFacets.java","lucene-3.1",582,"False",1
"solr_src_java_org_apache_solr_request_SimpleFacets.java","lucene-3.1",583,"False",1
"solr_src_java_org_apache_solr_request_SimpleFacets.java","lucene-3.1",584,"False",1
"solr_src_java_org_apache_solr_request_SimpleFacets.java","lucene-3.1",585,"False",1
"solr_src_java_org_apache_solr_request_SimpleFacets.java","lucene-3.1",586,"False",1
"solr_src_java_org_apache_solr_request_SimpleFacets.java","lucene-3.1",587,"False",1
"solr_src_java_org_apache_solr_request_SimpleFacets.java","lucene-3.1",588,"False",1
"solr_src_java_org_apache_solr_request_SimpleFacets.java","lucene-3.1",589,"False",1
"solr_src_java_org_apache_solr_request_SimpleFacets.java","lucene-3.1",590,"False",1
"solr_src_java_org_apache_solr_request_SimpleFacets.java","lucene-3.1",591,"False",1
"solr_src_java_org_apache_solr_request_SimpleFacets.java","lucene-3.1",592,"False",1
"solr_src_java_org_apache_solr_request_SimpleFacets.java","lucene-3.1",593,"False",1
"solr_src_java_org_apache_solr_request_SimpleFacets.java","lucene-3.1",594,"False",1
"solr_src_java_org_apache_solr_request_SimpleFacets.java","lucene-3.1",595,"False",1
"solr_src_java_org_apache_solr_request_SimpleFacets.java","lucene-3.1",596,"False",1
"solr_src_java_org_apache_solr_request_SimpleFacets.java","lucene-3.1",597,"False",1
"solr_src_java_org_apache_solr_request_SimpleFacets.java","lucene-3.1",598,"False",1
"solr_src_java_org_apache_solr_request_SimpleFacets.java","lucene-3.1",599,"False",1
"solr_src_java_org_apache_solr_request_SimpleFacets.java","lucene-3.1",600,"False",1
"solr_src_java_org_apache_solr_request_SimpleFacets.java","lucene-3.1",601,"False",1
"solr_src_java_org_apache_solr_request_SimpleFacets.java","lucene-3.1",602,"False",1
"solr_src_java_org_apache_solr_request_SimpleFacets.java","lucene-3.1",603,"False",1
"solr_src_java_org_apache_solr_request_SimpleFacets.java","lucene-3.1",604,"False",1
"solr_src_java_org_apache_solr_request_SimpleFacets.java","lucene-3.1",605,"False",1
"solr_src_java_org_apache_solr_request_SimpleFacets.java","lucene-3.1",606,"False",1
"solr_src_java_org_apache_solr_request_SimpleFacets.java","lucene-3.1",607,"False",1
"solr_src_java_org_apache_solr_request_SimpleFacets.java","lucene-3.1",608,"False",1
"solr_src_java_org_apache_solr_request_SimpleFacets.java","lucene-3.1",609,"False",1
"solr_src_java_org_apache_solr_request_SimpleFacets.java","lucene-3.1",610,"False",1
"solr_src_java_org_apache_solr_request_SimpleFacets.java","lucene-3.1",611,"False",1
"solr_src_java_org_apache_solr_request_SimpleFacets.java","lucene-3.1",612,"False",1
"solr_src_java_org_apache_solr_request_SimpleFacets.java","lucene-3.1",613,"False",1
"solr_src_java_org_apache_solr_request_SimpleFacets.java","lucene-3.1",614,"False",1
"solr_src_java_org_apache_solr_request_SimpleFacets.java","lucene-3.1",615,"False",1
"solr_src_java_org_apache_solr_request_SimpleFacets.java","lucene-3.1",616,"False",1
"solr_src_java_org_apache_solr_request_SimpleFacets.java","lucene-3.1",617,"False",1
"solr_src_java_org_apache_solr_request_SimpleFacets.java","lucene-3.1",618,"False",1
"solr_src_java_org_apache_solr_request_SimpleFacets.java","lucene-3.1",619,"False",1
"solr_src_java_org_apache_solr_request_SimpleFacets.java","lucene-3.1",620,"False",1
"solr_src_java_org_apache_solr_request_SimpleFacets.java","lucene-3.1",621,"False",1
"solr_src_java_org_apache_solr_request_SimpleFacets.java","lucene-3.1",622,"False",1
"solr_src_java_org_apache_solr_request_SimpleFacets.java","lucene-3.1",623,"False",1
"solr_src_java_org_apache_solr_request_SimpleFacets.java","lucene-3.1",624,"False",1
"solr_src_java_org_apache_solr_request_SimpleFacets.java","lucene-3.1",625,"False",1
"solr_src_java_org_apache_solr_request_SimpleFacets.java","lucene-3.1",626,"False",1
"solr_src_java_org_apache_solr_request_SimpleFacets.java","lucene-3.1",627,"False",1
"solr_src_java_org_apache_solr_request_SimpleFacets.java","lucene-3.1",628,"False",1
"solr_src_java_org_apache_solr_request_SimpleFacets.java","lucene-3.1",629,"False",1
"solr_src_java_org_apache_solr_request_SimpleFacets.java","lucene-3.1",630,"False",1
"solr_src_java_org_apache_solr_request_SimpleFacets.java","lucene-3.1",631,"False",1
"solr_src_java_org_apache_solr_request_SimpleFacets.java","lucene-3.1",632,"False",1
"solr_src_java_org_apache_solr_request_SimpleFacets.java","lucene-3.1",633,"False",1
"solr_src_java_org_apache_solr_request_SimpleFacets.java","lucene-3.1",634,"False",1
"solr_src_java_org_apache_solr_request_SimpleFacets.java","lucene-3.1",635,"False",1
"solr_src_java_org_apache_solr_request_SimpleFacets.java","lucene-3.1",636,"False",1
"solr_src_java_org_apache_solr_request_SimpleFacets.java","lucene-3.1",637,"False",1
"solr_src_java_org_apache_solr_request_SimpleFacets.java","lucene-3.1",638,"False",1
"solr_src_java_org_apache_solr_request_SimpleFacets.java","lucene-3.1",639,"False",1
"solr_src_java_org_apache_solr_request_SimpleFacets.java","lucene-3.1",640,"False",1
"solr_src_java_org_apache_solr_request_SimpleFacets.java","lucene-3.1",641,"False",1
"solr_src_java_org_apache_solr_request_SimpleFacets.java","lucene-3.1",642,"False",1
"solr_src_java_org_apache_solr_request_SimpleFacets.java","lucene-3.1",643,"False",1
"solr_src_java_org_apache_solr_request_SimpleFacets.java","lucene-3.1",644,"False",1
"solr_src_java_org_apache_solr_request_SimpleFacets.java","lucene-3.1",645,"False",1
"solr_src_java_org_apache_solr_request_SimpleFacets.java","lucene-3.1",646,"False",1
"solr_src_java_org_apache_solr_request_SimpleFacets.java","lucene-3.1",647,"False",1
"solr_src_java_org_apache_solr_request_SimpleFacets.java","lucene-3.1",648,"False",1
"solr_src_java_org_apache_solr_request_SimpleFacets.java","lucene-3.1",649,"False",1
"solr_src_java_org_apache_solr_request_SimpleFacets.java","lucene-3.1",650,"False",1
"solr_src_java_org_apache_solr_request_SimpleFacets.java","lucene-3.1",651,"False",1
"solr_src_java_org_apache_solr_request_SimpleFacets.java","lucene-3.1",652,"False",1
"solr_src_java_org_apache_solr_request_SimpleFacets.java","lucene-3.1",653,"False",1
"solr_src_java_org_apache_solr_request_SimpleFacets.java","lucene-3.1",654,"False",1
"solr_src_java_org_apache_solr_request_SimpleFacets.java","lucene-3.1",655,"False",1
"solr_src_java_org_apache_solr_request_SimpleFacets.java","lucene-3.1",656,"True",2
"solr_src_java_org_apache_solr_request_SimpleFacets.java","lucene-3.1",657,"False",1
"solr_src_java_org_apache_solr_request_SimpleFacets.java","lucene-3.1",658,"False",1
"solr_src_java_org_apache_solr_request_SimpleFacets.java","lucene-3.1",659,"False",1
"solr_src_java_org_apache_solr_request_SimpleFacets.java","lucene-3.1",660,"False",1
"solr_src_java_org_apache_solr_request_SimpleFacets.java","lucene-3.1",661,"False",1
"solr_src_java_org_apache_solr_request_SimpleFacets.java","lucene-3.1",662,"False",1
"solr_src_java_org_apache_solr_request_SimpleFacets.java","lucene-3.1",663,"False",1
"solr_src_java_org_apache_solr_request_SimpleFacets.java","lucene-3.1",664,"False",1
"solr_src_java_org_apache_solr_request_SimpleFacets.java","lucene-3.1",665,"False",1
"solr_src_java_org_apache_solr_request_SimpleFacets.java","lucene-3.1",666,"False",1
"solr_src_java_org_apache_solr_request_SimpleFacets.java","lucene-3.1",667,"False",1
"solr_src_java_org_apache_solr_request_SimpleFacets.java","lucene-3.1",668,"False",1
"solr_src_java_org_apache_solr_request_SimpleFacets.java","lucene-3.1",669,"False",1
"solr_src_java_org_apache_solr_request_SimpleFacets.java","lucene-3.1",670,"False",1
"solr_src_java_org_apache_solr_request_SimpleFacets.java","lucene-3.1",671,"False",1
"solr_src_java_org_apache_solr_request_SimpleFacets.java","lucene-3.1",672,"False",1
"solr_src_java_org_apache_solr_request_SimpleFacets.java","lucene-3.1",673,"False",1
"solr_src_java_org_apache_solr_request_SimpleFacets.java","lucene-3.1",674,"False",1
"solr_src_java_org_apache_solr_request_SimpleFacets.java","lucene-3.1",675,"False",1
"solr_src_java_org_apache_solr_request_SimpleFacets.java","lucene-3.1",676,"False",1
"solr_src_java_org_apache_solr_request_SimpleFacets.java","lucene-3.1",677,"False",1
"solr_src_java_org_apache_solr_request_SimpleFacets.java","lucene-3.1",678,"False",1
"solr_src_java_org_apache_solr_request_SimpleFacets.java","lucene-3.1",679,"False",1
"solr_src_java_org_apache_solr_request_SimpleFacets.java","lucene-3.1",680,"False",1
"solr_src_java_org_apache_solr_request_SimpleFacets.java","lucene-3.1",681,"False",1
"solr_src_java_org_apache_solr_request_SimpleFacets.java","lucene-3.1",682,"False",1
"solr_src_java_org_apache_solr_request_SimpleFacets.java","lucene-3.1",683,"False",1
"solr_src_java_org_apache_solr_request_SimpleFacets.java","lucene-3.1",684,"False",1
"solr_src_java_org_apache_solr_request_SimpleFacets.java","lucene-3.1",685,"False",1
"solr_src_java_org_apache_solr_request_SimpleFacets.java","lucene-3.1",686,"False",1
"solr_src_java_org_apache_solr_request_SimpleFacets.java","lucene-3.1",687,"False",1
"solr_src_java_org_apache_solr_request_SimpleFacets.java","lucene-3.1",688,"False",1
"solr_src_java_org_apache_solr_request_SimpleFacets.java","lucene-3.1",689,"False",1
"solr_src_java_org_apache_solr_request_SimpleFacets.java","lucene-3.1",690,"False",1
"solr_src_java_org_apache_solr_request_SimpleFacets.java","lucene-3.1",691,"False",1
"solr_src_java_org_apache_solr_request_SimpleFacets.java","lucene-3.1",692,"False",1
"solr_src_java_org_apache_solr_request_SimpleFacets.java","lucene-3.1",693,"False",1
"solr_src_java_org_apache_solr_request_SimpleFacets.java","lucene-3.1",694,"False",1
"solr_src_java_org_apache_solr_request_SimpleFacets.java","lucene-3.1",695,"False",1
"solr_src_java_org_apache_solr_request_SimpleFacets.java","lucene-3.1",696,"False",1
"solr_src_java_org_apache_solr_request_SimpleFacets.java","lucene-3.1",697,"False",1
"solr_src_java_org_apache_solr_request_SimpleFacets.java","lucene-3.1",698,"False",1
"solr_src_java_org_apache_solr_request_SimpleFacets.java","lucene-3.1",699,"False",1
"solr_src_java_org_apache_solr_request_SimpleFacets.java","lucene-3.1",700,"False",1
"solr_src_java_org_apache_solr_request_SimpleFacets.java","lucene-3.1",701,"False",1
"solr_src_java_org_apache_solr_request_SimpleFacets.java","lucene-3.1",702,"False",1
"solr_src_java_org_apache_solr_request_SimpleFacets.java","lucene-3.1",703,"False",1
"solr_src_java_org_apache_solr_request_SimpleFacets.java","lucene-3.1",704,"False",1
"solr_src_java_org_apache_solr_request_SimpleFacets.java","lucene-3.1",705,"False",1
"solr_src_java_org_apache_solr_request_SimpleFacets.java","lucene-3.1",706,"False",1
"solr_src_java_org_apache_solr_request_SimpleFacets.java","lucene-3.1",707,"False",1
"solr_src_java_org_apache_solr_request_SimpleFacets.java","lucene-3.1",708,"False",1
"solr_src_java_org_apache_solr_request_SimpleFacets.java","lucene-3.1",709,"False",1
"solr_src_java_org_apache_solr_request_SimpleFacets.java","lucene-3.1",710,"False",1
"solr_src_java_org_apache_solr_request_SimpleFacets.java","lucene-3.1",711,"False",1
"solr_src_java_org_apache_solr_request_SimpleFacets.java","lucene-3.1",712,"False",1
"solr_src_java_org_apache_solr_request_SimpleFacets.java","lucene-3.1",713,"False",1
"solr_src_java_org_apache_solr_request_SimpleFacets.java","lucene-3.1",714,"False",1
"solr_src_java_org_apache_solr_request_SimpleFacets.java","lucene-3.1",715,"False",1
"solr_src_java_org_apache_solr_request_SimpleFacets.java","lucene-3.1",716,"False",1
"solr_src_java_org_apache_solr_request_SimpleFacets.java","lucene-3.1",717,"False",1
"solr_src_java_org_apache_solr_request_SimpleFacets.java","lucene-3.1",718,"False",1
"solr_src_java_org_apache_solr_request_SimpleFacets.java","lucene-3.1",719,"False",1
"solr_src_java_org_apache_solr_request_SimpleFacets.java","lucene-3.1",720,"False",1
"solr_src_java_org_apache_solr_request_SimpleFacets.java","lucene-3.1",721,"False",1
"solr_src_java_org_apache_solr_request_SimpleFacets.java","lucene-3.1",722,"False",1
"solr_src_java_org_apache_solr_request_SimpleFacets.java","lucene-3.1",723,"False",1
"solr_src_java_org_apache_solr_request_SimpleFacets.java","lucene-3.1",724,"False",1
"solr_src_java_org_apache_solr_request_SimpleFacets.java","lucene-3.1",725,"False",1
"solr_src_java_org_apache_solr_request_SimpleFacets.java","lucene-3.1",726,"False",1
"solr_src_java_org_apache_solr_request_SimpleFacets.java","lucene-3.1",727,"False",1
"solr_src_java_org_apache_solr_request_SimpleFacets.java","lucene-3.1",728,"False",1
"solr_src_java_org_apache_solr_request_SimpleFacets.java","lucene-3.1",729,"False",1
"solr_src_java_org_apache_solr_request_SimpleFacets.java","lucene-3.1",730,"False",1
"solr_src_java_org_apache_solr_request_SimpleFacets.java","lucene-3.1",731,"False",1
"solr_src_java_org_apache_solr_request_SimpleFacets.java","lucene-3.1",732,"False",1
"solr_src_java_org_apache_solr_request_SimpleFacets.java","lucene-3.1",733,"False",1
"solr_src_java_org_apache_solr_request_SimpleFacets.java","lucene-3.1",734,"False",1
"solr_src_java_org_apache_solr_request_SimpleFacets.java","lucene-3.1",735,"False",1
"solr_src_java_org_apache_solr_request_SimpleFacets.java","lucene-3.1",736,"False",1
"solr_src_java_org_apache_solr_request_SimpleFacets.java","lucene-3.1",737,"False",1
"solr_src_java_org_apache_solr_request_SimpleFacets.java","lucene-3.1",738,"False",1
"solr_src_java_org_apache_solr_request_SimpleFacets.java","lucene-3.1",739,"False",1
"solr_src_java_org_apache_solr_request_SimpleFacets.java","lucene-3.1",740,"False",1
"solr_src_java_org_apache_solr_request_SimpleFacets.java","lucene-3.1",741,"False",1
"solr_src_java_org_apache_solr_request_SimpleFacets.java","lucene-3.1",742,"False",1
"solr_src_java_org_apache_solr_request_SimpleFacets.java","lucene-3.1",743,"False",1
"solr_src_java_org_apache_solr_request_SimpleFacets.java","lucene-3.1",744,"False",1
"solr_src_java_org_apache_solr_request_SimpleFacets.java","lucene-3.1",745,"False",1
"solr_src_java_org_apache_solr_request_SimpleFacets.java","lucene-3.1",746,"False",1
"solr_src_java_org_apache_solr_request_SimpleFacets.java","lucene-3.1",747,"False",1
"solr_src_java_org_apache_solr_request_SimpleFacets.java","lucene-3.1",748,"False",1
"solr_src_java_org_apache_solr_request_SimpleFacets.java","lucene-3.1",749,"False",1
"solr_src_java_org_apache_solr_request_SimpleFacets.java","lucene-3.1",750,"False",1
"solr_src_java_org_apache_solr_request_SimpleFacets.java","lucene-3.1",751,"False",1
"solr_src_java_org_apache_solr_request_SimpleFacets.java","lucene-3.1",752,"False",1
"solr_src_java_org_apache_solr_request_SimpleFacets.java","lucene-3.1",753,"False",1
"solr_src_java_org_apache_solr_request_SimpleFacets.java","lucene-3.1",754,"False",1
"solr_src_java_org_apache_solr_request_SimpleFacets.java","lucene-3.1",755,"False",1
"solr_src_java_org_apache_solr_request_SimpleFacets.java","lucene-3.1",756,"False",1
"solr_src_java_org_apache_solr_request_SimpleFacets.java","lucene-3.1",757,"False",1
"solr_src_java_org_apache_solr_request_SimpleFacets.java","lucene-3.1",758,"False",1
"solr_src_java_org_apache_solr_request_SimpleFacets.java","lucene-3.1",759,"False",1
"solr_src_java_org_apache_solr_request_SimpleFacets.java","lucene-3.1",760,"False",1
"solr_src_java_org_apache_solr_request_SimpleFacets.java","lucene-3.1",761,"False",1
"solr_src_java_org_apache_solr_request_SimpleFacets.java","lucene-3.1",762,"False",1
"solr_src_java_org_apache_solr_request_SimpleFacets.java","lucene-3.1",763,"False",1
"solr_src_java_org_apache_solr_request_SimpleFacets.java","lucene-3.1",764,"False",1
"solr_src_java_org_apache_solr_request_SimpleFacets.java","lucene-3.1",765,"False",1
"solr_src_java_org_apache_solr_request_SimpleFacets.java","lucene-3.1",766,"False",1
"solr_src_java_org_apache_solr_request_SimpleFacets.java","lucene-3.1",767,"False",1
"solr_src_java_org_apache_solr_request_SimpleFacets.java","lucene-3.1",768,"False",1
"solr_src_java_org_apache_solr_request_SimpleFacets.java","lucene-3.1",769,"False",1
"solr_src_java_org_apache_solr_request_SimpleFacets.java","lucene-3.1",770,"False",1
"solr_src_java_org_apache_solr_request_SimpleFacets.java","lucene-3.1",771,"False",1
"solr_src_java_org_apache_solr_request_SimpleFacets.java","lucene-3.1",772,"False",1
"solr_src_java_org_apache_solr_request_SimpleFacets.java","lucene-3.1",773,"False",1
"solr_src_java_org_apache_solr_request_SimpleFacets.java","lucene-3.1",774,"False",1
"solr_src_java_org_apache_solr_request_SimpleFacets.java","lucene-3.1",775,"False",1
"solr_src_java_org_apache_solr_request_SimpleFacets.java","lucene-3.1",776,"False",1
"solr_src_java_org_apache_solr_request_SimpleFacets.java","lucene-3.1",777,"False",1
"solr_src_java_org_apache_solr_request_SimpleFacets.java","lucene-3.1",778,"False",1
"solr_src_java_org_apache_solr_request_SimpleFacets.java","lucene-3.1",779,"False",1
"solr_src_java_org_apache_solr_request_SimpleFacets.java","lucene-3.1",780,"False",1
"solr_src_java_org_apache_solr_request_SimpleFacets.java","lucene-3.1",781,"False",1
"solr_src_java_org_apache_solr_request_SimpleFacets.java","lucene-3.1",782,"False",1
"solr_src_java_org_apache_solr_request_SimpleFacets.java","lucene-3.1",783,"False",1
"solr_src_java_org_apache_solr_request_SimpleFacets.java","lucene-3.1",784,"False",1
"solr_src_java_org_apache_solr_request_SimpleFacets.java","lucene-3.1",785,"False",1
"solr_src_java_org_apache_solr_request_SimpleFacets.java","lucene-3.1",786,"False",1
"solr_src_java_org_apache_solr_request_SimpleFacets.java","lucene-3.1",787,"False",1
"solr_src_java_org_apache_solr_request_SimpleFacets.java","lucene-3.1",788,"False",1
"solr_src_java_org_apache_solr_request_SimpleFacets.java","lucene-3.1",789,"False",1
"solr_src_java_org_apache_solr_request_SimpleFacets.java","lucene-3.1",790,"False",1
"solr_src_java_org_apache_solr_request_SimpleFacets.java","lucene-3.1",791,"False",1
"solr_src_java_org_apache_solr_request_SimpleFacets.java","lucene-3.1",792,"False",1
"solr_src_java_org_apache_solr_request_SimpleFacets.java","lucene-3.1",793,"False",1
"solr_src_java_org_apache_solr_request_SimpleFacets.java","lucene-3.1",794,"False",1
"solr_src_java_org_apache_solr_request_SimpleFacets.java","lucene-3.1",795,"False",1
"solr_src_java_org_apache_solr_request_SimpleFacets.java","lucene-3.1",796,"False",1
"solr_src_java_org_apache_solr_request_SimpleFacets.java","lucene-3.1",797,"False",1
"solr_src_java_org_apache_solr_request_SimpleFacets.java","lucene-3.1",798,"False",1
"solr_src_java_org_apache_solr_request_SimpleFacets.java","lucene-3.1",799,"False",1
"solr_src_java_org_apache_solr_request_SimpleFacets.java","lucene-3.1",800,"False",1
"solr_src_java_org_apache_solr_request_SimpleFacets.java","lucene-3.1",801,"False",1
"solr_src_java_org_apache_solr_request_SimpleFacets.java","lucene-3.1",802,"True",3
"solr_src_java_org_apache_solr_request_SimpleFacets.java","lucene-3.1",803,"False",1
"solr_src_java_org_apache_solr_request_SimpleFacets.java","lucene-3.1",804,"False",1
"solr_src_java_org_apache_solr_request_SimpleFacets.java","lucene-3.1",805,"False",1
"solr_src_java_org_apache_solr_request_SimpleFacets.java","lucene-3.1",806,"False",1
"solr_src_java_org_apache_solr_request_SimpleFacets.java","lucene-3.1",807,"False",1
"solr_src_java_org_apache_solr_request_SimpleFacets.java","lucene-3.1",808,"False",1
"solr_src_java_org_apache_solr_request_SimpleFacets.java","lucene-3.1",809,"False",1
"solr_src_java_org_apache_solr_request_SimpleFacets.java","lucene-3.1",810,"False",1
"solr_src_java_org_apache_solr_request_SimpleFacets.java","lucene-3.1",811,"False",1
"solr_src_java_org_apache_solr_request_SimpleFacets.java","lucene-3.1",812,"False",1
"solr_src_java_org_apache_solr_request_SimpleFacets.java","lucene-3.1",813,"False",1
"solr_src_java_org_apache_solr_request_SimpleFacets.java","lucene-3.1",814,"False",1
"solr_src_java_org_apache_solr_request_SimpleFacets.java","lucene-3.1",815,"False",1
"solr_src_java_org_apache_solr_request_SimpleFacets.java","lucene-3.1",816,"False",1
"solr_src_java_org_apache_solr_request_SimpleFacets.java","lucene-3.1",817,"False",1
"solr_src_java_org_apache_solr_request_SimpleFacets.java","lucene-3.1",818,"False",1
"solr_src_java_org_apache_solr_request_SimpleFacets.java","lucene-3.1",819,"False",1
"solr_src_java_org_apache_solr_request_SimpleFacets.java","lucene-3.1",820,"False",1
"solr_src_java_org_apache_solr_request_SimpleFacets.java","lucene-3.1",821,"False",1
"solr_src_java_org_apache_solr_request_SimpleFacets.java","lucene-3.1",822,"False",1
"solr_src_java_org_apache_solr_request_SimpleFacets.java","lucene-3.1",823,"False",1
"solr_src_java_org_apache_solr_request_SimpleFacets.java","lucene-3.1",824,"False",1
"solr_src_java_org_apache_solr_request_SimpleFacets.java","lucene-3.1",825,"False",1
"solr_src_java_org_apache_solr_request_SimpleFacets.java","lucene-3.1",826,"False",1
"solr_src_java_org_apache_solr_request_SimpleFacets.java","lucene-3.1",827,"False",1
"solr_src_java_org_apache_solr_request_SimpleFacets.java","lucene-3.1",828,"False",1
"solr_src_java_org_apache_solr_request_SimpleFacets.java","lucene-3.1",829,"False",1
"solr_src_java_org_apache_solr_request_SimpleFacets.java","lucene-3.1",830,"False",1
"solr_src_java_org_apache_solr_request_SimpleFacets.java","lucene-3.1",831,"False",1
"solr_src_java_org_apache_solr_request_SimpleFacets.java","lucene-3.1",832,"False",1
"solr_src_java_org_apache_solr_request_SimpleFacets.java","lucene-3.1",833,"False",1
"solr_src_java_org_apache_solr_request_SimpleFacets.java","lucene-3.1",834,"False",1
"solr_src_java_org_apache_solr_request_SimpleFacets.java","lucene-3.1",835,"False",1
"solr_src_java_org_apache_solr_request_SimpleFacets.java","lucene-3.1",836,"False",1
"solr_src_java_org_apache_solr_request_SimpleFacets.java","lucene-3.1",837,"False",1
"solr_src_java_org_apache_solr_request_SimpleFacets.java","lucene-3.1",838,"False",1
"solr_src_java_org_apache_solr_request_SimpleFacets.java","lucene-3.1",839,"False",1
"solr_src_java_org_apache_solr_request_SimpleFacets.java","lucene-3.1",840,"False",1
"solr_src_java_org_apache_solr_request_SimpleFacets.java","lucene-3.1",841,"False",1
"solr_src_java_org_apache_solr_request_SimpleFacets.java","lucene-3.1",842,"False",1
"solr_src_java_org_apache_solr_request_SimpleFacets.java","lucene-3.1",843,"False",1
"solr_src_java_org_apache_solr_request_SimpleFacets.java","lucene-3.1",844,"False",1
"solr_src_java_org_apache_solr_request_SimpleFacets.java","lucene-3.1",845,"False",1
"solr_src_java_org_apache_solr_request_SimpleFacets.java","lucene-3.1",846,"False",1
"solr_src_java_org_apache_solr_request_SimpleFacets.java","lucene-3.1",847,"False",1
"solr_src_java_org_apache_solr_request_SimpleFacets.java","lucene-3.1",848,"False",1
"solr_src_java_org_apache_solr_request_SimpleFacets.java","lucene-3.1",849,"False",1
"solr_src_java_org_apache_solr_request_SimpleFacets.java","lucene-3.1",850,"False",1
"solr_src_java_org_apache_solr_request_SimpleFacets.java","lucene-3.1",851,"False",1
"solr_src_java_org_apache_solr_request_SimpleFacets.java","lucene-3.1",852,"False",1
"solr_src_java_org_apache_solr_request_SimpleFacets.java","lucene-3.1",853,"False",1
"solr_src_java_org_apache_solr_request_SimpleFacets.java","lucene-3.1",854,"False",1
"solr_src_java_org_apache_solr_request_SimpleFacets.java","lucene-3.1",855,"False",1
"solr_src_java_org_apache_solr_request_SimpleFacets.java","lucene-3.1",856,"False",1
"solr_src_java_org_apache_solr_request_SimpleFacets.java","lucene-3.1",857,"False",1
"solr_src_java_org_apache_solr_request_SimpleFacets.java","lucene-3.1",858,"False",1
"solr_src_java_org_apache_solr_request_SimpleFacets.java","lucene-3.1",859,"False",1
"solr_src_java_org_apache_solr_request_SimpleFacets.java","lucene-3.1",860,"False",1
"solr_src_java_org_apache_solr_request_SimpleFacets.java","lucene-3.1",861,"False",1
"solr_src_java_org_apache_solr_request_SimpleFacets.java","lucene-3.1",862,"False",1
"solr_src_java_org_apache_solr_request_SimpleFacets.java","lucene-3.1",863,"False",1
"solr_src_java_org_apache_solr_request_SimpleFacets.java","lucene-3.1",864,"False",1
"solr_src_java_org_apache_solr_request_SimpleFacets.java","lucene-3.1",865,"False",1
"solr_src_java_org_apache_solr_request_SimpleFacets.java","lucene-3.1",866,"False",1
"solr_src_java_org_apache_solr_request_SimpleFacets.java","lucene-3.1",867,"False",1
"solr_src_java_org_apache_solr_request_SimpleFacets.java","lucene-3.1",868,"False",1
"solr_src_java_org_apache_solr_request_SimpleFacets.java","lucene-3.1",869,"False",1
"solr_src_java_org_apache_solr_request_SimpleFacets.java","lucene-3.1",870,"False",1
"solr_src_java_org_apache_solr_request_SimpleFacets.java","lucene-3.1",871,"False",1
"solr_src_java_org_apache_solr_request_SimpleFacets.java","lucene-3.1",872,"False",1
"solr_src_java_org_apache_solr_request_SimpleFacets.java","lucene-3.1",873,"False",1
"solr_src_java_org_apache_solr_request_SimpleFacets.java","lucene-3.1",874,"False",1
"solr_src_java_org_apache_solr_request_SimpleFacets.java","lucene-3.1",875,"False",1
"solr_src_java_org_apache_solr_request_SimpleFacets.java","lucene-3.1",876,"False",1
"solr_src_java_org_apache_solr_request_SimpleFacets.java","lucene-3.1",877,"False",1
"solr_src_java_org_apache_solr_request_SimpleFacets.java","lucene-3.1",878,"False",1
"solr_src_java_org_apache_solr_request_SimpleFacets.java","lucene-3.1",879,"False",1
"solr_src_java_org_apache_solr_request_SimpleFacets.java","lucene-3.1",880,"False",1
"solr_src_java_org_apache_solr_request_SimpleFacets.java","lucene-3.1",881,"False",1
"solr_src_java_org_apache_solr_request_SimpleFacets.java","lucene-3.1",882,"False",1
"solr_src_java_org_apache_solr_request_SimpleFacets.java","lucene-3.1",883,"False",1
"solr_src_java_org_apache_solr_request_SimpleFacets.java","lucene-3.1",884,"False",1
"solr_src_java_org_apache_solr_request_SimpleFacets.java","lucene-3.1",885,"False",1
"solr_src_java_org_apache_solr_request_SimpleFacets.java","lucene-3.1",886,"False",1
"solr_src_java_org_apache_solr_request_SimpleFacets.java","lucene-3.1",887,"False",1
"solr_src_java_org_apache_solr_request_SimpleFacets.java","lucene-3.1",888,"False",1
"solr_src_java_org_apache_solr_request_SimpleFacets.java","lucene-3.1",889,"False",1
"solr_src_java_org_apache_solr_request_SimpleFacets.java","lucene-3.1",890,"False",1
"solr_src_java_org_apache_solr_request_SimpleFacets.java","lucene-3.1",891,"False",1
"solr_src_java_org_apache_solr_request_SimpleFacets.java","lucene-3.1",892,"False",1
"solr_src_java_org_apache_solr_request_SimpleFacets.java","lucene-3.1",893,"False",1
"solr_src_java_org_apache_solr_request_SimpleFacets.java","lucene-3.1",894,"False",1
"solr_src_java_org_apache_solr_request_SimpleFacets.java","lucene-3.1",895,"False",1
"solr_src_java_org_apache_solr_request_SimpleFacets.java","lucene-3.1",896,"False",1
"solr_src_java_org_apache_solr_request_SimpleFacets.java","lucene-3.1",897,"False",1
"solr_src_java_org_apache_solr_request_SimpleFacets.java","lucene-3.1",898,"False",1
"solr_src_java_org_apache_solr_request_SimpleFacets.java","lucene-3.1",899,"False",1
"solr_src_java_org_apache_solr_request_SimpleFacets.java","lucene-3.1",900,"False",1
"solr_src_java_org_apache_solr_request_SimpleFacets.java","lucene-3.1",901,"False",1
"solr_src_java_org_apache_solr_request_SimpleFacets.java","lucene-3.1",902,"False",1
"solr_src_java_org_apache_solr_request_SimpleFacets.java","lucene-3.1",903,"False",1
"solr_src_java_org_apache_solr_request_SimpleFacets.java","lucene-3.1",904,"False",1
"solr_src_java_org_apache_solr_request_SimpleFacets.java","lucene-3.1",905,"False",1
"solr_src_java_org_apache_solr_request_SimpleFacets.java","lucene-3.1",906,"False",1
"solr_src_java_org_apache_solr_request_SimpleFacets.java","lucene-3.1",907,"False",1
"solr_src_java_org_apache_solr_request_SimpleFacets.java","lucene-3.1",908,"False",1
"solr_src_java_org_apache_solr_request_SimpleFacets.java","lucene-3.1",909,"False",1
"solr_src_java_org_apache_solr_request_SimpleFacets.java","lucene-3.1",910,"False",1
"solr_src_java_org_apache_solr_request_SimpleFacets.java","lucene-3.1",911,"False",1
"solr_src_java_org_apache_solr_request_SimpleFacets.java","lucene-3.1",912,"False",1
"solr_src_java_org_apache_solr_request_SimpleFacets.java","lucene-3.1",913,"False",1
"solr_src_java_org_apache_solr_request_SimpleFacets.java","lucene-3.1",914,"False",1
"solr_src_java_org_apache_solr_request_SimpleFacets.java","lucene-3.1",915,"False",1
"solr_src_java_org_apache_solr_request_SimpleFacets.java","lucene-3.1",916,"False",1
"solr_src_java_org_apache_solr_request_SimpleFacets.java","lucene-3.1",917,"False",1
"solr_src_java_org_apache_solr_request_SimpleFacets.java","lucene-3.1",918,"False",1
"solr_src_java_org_apache_solr_request_SimpleFacets.java","lucene-3.1",919,"False",1
"solr_src_java_org_apache_solr_request_SimpleFacets.java","lucene-3.1",920,"False",1
"solr_src_java_org_apache_solr_request_SimpleFacets.java","lucene-3.1",921,"False",1
"solr_src_java_org_apache_solr_request_SimpleFacets.java","lucene-3.1",922,"False",1
"solr_src_java_org_apache_solr_request_SimpleFacets.java","lucene-3.1",923,"False",1
"solr_src_java_org_apache_solr_request_SimpleFacets.java","lucene-3.1",924,"False",1
"solr_src_java_org_apache_solr_request_SimpleFacets.java","lucene-3.1",925,"False",1
"solr_src_java_org_apache_solr_request_SimpleFacets.java","lucene-3.1",926,"False",1
"solr_src_java_org_apache_solr_request_SimpleFacets.java","lucene-3.1",927,"False",1
"solr_src_java_org_apache_solr_request_SimpleFacets.java","lucene-3.1",928,"False",1
"solr_src_java_org_apache_solr_request_SimpleFacets.java","lucene-3.1",929,"False",1
"solr_src_java_org_apache_solr_request_SimpleFacets.java","lucene-3.1",930,"False",1
"solr_src_java_org_apache_solr_request_SimpleFacets.java","lucene-3.1",931,"False",1
"solr_src_java_org_apache_solr_request_SimpleFacets.java","lucene-3.1",932,"False",1
"solr_src_java_org_apache_solr_request_SimpleFacets.java","lucene-3.1",933,"False",1
"solr_src_java_org_apache_solr_request_SimpleFacets.java","lucene-3.1",934,"False",1
"solr_src_java_org_apache_solr_request_SimpleFacets.java","lucene-3.1",935,"False",1
"solr_src_java_org_apache_solr_request_SimpleFacets.java","lucene-3.1",936,"False",1
"solr_src_java_org_apache_solr_request_SimpleFacets.java","lucene-3.1",937,"False",1
"solr_src_java_org_apache_solr_request_SimpleFacets.java","lucene-3.1",938,"False",1
"solr_src_java_org_apache_solr_request_SimpleFacets.java","lucene-3.1",939,"False",1
"solr_src_java_org_apache_solr_request_SimpleFacets.java","lucene-3.1",940,"False",1
"solr_src_java_org_apache_solr_request_SimpleFacets.java","lucene-3.1",941,"False",1
"solr_src_java_org_apache_solr_request_SimpleFacets.java","lucene-3.1",942,"False",1
"solr_src_java_org_apache_solr_request_SimpleFacets.java","lucene-3.1",943,"False",1
"solr_src_java_org_apache_solr_request_SimpleFacets.java","lucene-3.1",944,"False",1
"solr_src_java_org_apache_solr_request_SimpleFacets.java","lucene-3.1",945,"False",1
"solr_src_java_org_apache_solr_request_SimpleFacets.java","lucene-3.1",946,"False",1
"solr_src_java_org_apache_solr_request_SimpleFacets.java","lucene-3.1",947,"False",1
"solr_src_java_org_apache_solr_request_SimpleFacets.java","lucene-3.1",948,"False",1
"solr_src_java_org_apache_solr_request_SimpleFacets.java","lucene-3.1",949,"False",1
"solr_src_java_org_apache_solr_request_SimpleFacets.java","lucene-3.1",950,"False",1
"solr_src_java_org_apache_solr_request_SimpleFacets.java","lucene-3.1",951,"False",1
"solr_src_java_org_apache_solr_request_SimpleFacets.java","lucene-3.1",952,"False",1
"solr_src_java_org_apache_solr_request_SimpleFacets.java","lucene-3.1",953,"False",1
"solr_src_java_org_apache_solr_request_SimpleFacets.java","lucene-3.1",954,"False",1
"solr_src_java_org_apache_solr_request_SimpleFacets.java","lucene-3.1",955,"False",1
"solr_src_java_org_apache_solr_request_SimpleFacets.java","lucene-3.1",956,"False",1
"solr_src_java_org_apache_solr_request_SimpleFacets.java","lucene-3.1",957,"False",1
"solr_src_java_org_apache_solr_request_SimpleFacets.java","lucene-3.1",958,"False",1
"solr_src_java_org_apache_solr_request_SimpleFacets.java","lucene-3.1",959,"False",1
"solr_src_java_org_apache_solr_request_SimpleFacets.java","lucene-3.1",960,"False",1
"solr_src_java_org_apache_solr_request_SimpleFacets.java","lucene-3.1",961,"False",1
"solr_src_java_org_apache_solr_request_SimpleFacets.java","lucene-3.1",962,"False",1
"solr_src_java_org_apache_solr_request_SimpleFacets.java","lucene-3.1",963,"False",1
"solr_src_java_org_apache_solr_request_SimpleFacets.java","lucene-3.1",964,"False",1
"solr_src_java_org_apache_solr_request_SimpleFacets.java","lucene-3.1",965,"False",1
"solr_src_java_org_apache_solr_request_SimpleFacets.java","lucene-3.1",966,"False",1
"solr_src_java_org_apache_solr_request_SimpleFacets.java","lucene-3.1",967,"False",1
"solr_src_java_org_apache_solr_request_SimpleFacets.java","lucene-3.1",968,"False",1
"solr_src_java_org_apache_solr_request_SimpleFacets.java","lucene-3.1",969,"False",1
"solr_src_java_org_apache_solr_request_SimpleFacets.java","lucene-3.1",970,"False",1
"solr_src_java_org_apache_solr_request_SimpleFacets.java","lucene-3.1",971,"False",1
"solr_src_java_org_apache_solr_request_SimpleFacets.java","lucene-3.1",972,"False",1
"solr_src_java_org_apache_solr_request_SimpleFacets.java","lucene-3.1",973,"False",1
"solr_src_java_org_apache_solr_request_SimpleFacets.java","lucene-3.1",974,"False",1
"solr_src_java_org_apache_solr_request_SimpleFacets.java","lucene-3.1",975,"False",1
"solr_src_java_org_apache_solr_request_SimpleFacets.java","lucene-3.1",976,"False",1
"solr_src_java_org_apache_solr_request_SimpleFacets.java","lucene-3.1",977,"False",1
"solr_src_java_org_apache_solr_request_SimpleFacets.java","lucene-3.1",978,"False",1
"solr_src_java_org_apache_solr_request_SimpleFacets.java","lucene-3.1",979,"False",1
"solr_src_java_org_apache_solr_request_SimpleFacets.java","lucene-3.1",980,"False",1
"solr_src_java_org_apache_solr_request_SimpleFacets.java","lucene-3.1",981,"False",1
"solr_src_java_org_apache_solr_request_SimpleFacets.java","lucene-3.1",982,"False",1
"solr_src_java_org_apache_solr_request_SimpleFacets.java","lucene-3.1",983,"False",1
"solr_src_java_org_apache_solr_request_SimpleFacets.java","lucene-3.1",984,"False",1
"solr_src_java_org_apache_solr_request_SimpleFacets.java","lucene-3.1",985,"False",1
"solr_src_java_org_apache_solr_request_SimpleFacets.java","lucene-3.1",986,"False",1
"solr_src_java_org_apache_solr_request_SimpleFacets.java","lucene-3.1",987,"False",1
"solr_src_java_org_apache_solr_request_SimpleFacets.java","lucene-3.1",988,"False",1
"solr_src_java_org_apache_solr_request_SimpleFacets.java","lucene-3.1",989,"False",1
"solr_src_java_org_apache_solr_request_SimpleFacets.java","lucene-3.1",990,"False",1
"solr_src_java_org_apache_solr_request_SimpleFacets.java","lucene-3.1",991,"False",1
"solr_src_java_org_apache_solr_request_SimpleFacets.java","lucene-3.1",992,"False",1
"solr_src_java_org_apache_solr_request_SimpleFacets.java","lucene-3.1",993,"False",1
"solr_src_java_org_apache_solr_request_SimpleFacets.java","lucene-3.1",994,"False",1
"solr_src_java_org_apache_solr_request_SimpleFacets.java","lucene-3.1",995,"False",1
"solr_src_java_org_apache_solr_request_SimpleFacets.java","lucene-3.1",996,"False",1
"solr_src_java_org_apache_solr_request_SimpleFacets.java","lucene-3.1",997,"False",1
"solr_src_java_org_apache_solr_request_SimpleFacets.java","lucene-3.1",998,"False",1
"solr_src_java_org_apache_solr_request_SimpleFacets.java","lucene-3.1",999,"False",1
"solr_src_java_org_apache_solr_request_SimpleFacets.java","lucene-3.1",1000,"False",1
"solr_src_java_org_apache_solr_request_SimpleFacets.java","lucene-3.1",1001,"False",1
"solr_src_java_org_apache_solr_request_SimpleFacets.java","lucene-3.1",1002,"False",1
"solr_src_java_org_apache_solr_request_SimpleFacets.java","lucene-3.1",1003,"False",1
"solr_src_java_org_apache_solr_request_SimpleFacets.java","lucene-3.1",1004,"False",1
"solr_src_java_org_apache_solr_request_SimpleFacets.java","lucene-3.1",1005,"False",1
"solr_src_java_org_apache_solr_request_SimpleFacets.java","lucene-3.1",1006,"False",1
"solr_src_java_org_apache_solr_request_SimpleFacets.java","lucene-3.1",1007,"True",3
"solr_src_java_org_apache_solr_request_SimpleFacets.java","lucene-3.1",1008,"False",1
"solr_src_java_org_apache_solr_request_SimpleFacets.java","lucene-3.1",1009,"False",1
"solr_src_java_org_apache_solr_request_SimpleFacets.java","lucene-3.1",1010,"False",1
"solr_src_java_org_apache_solr_request_SimpleFacets.java","lucene-3.1",1011,"False",1
"solr_src_java_org_apache_solr_request_SimpleFacets.java","lucene-3.1",1012,"False",1
"solr_src_java_org_apache_solr_request_SimpleFacets.java","lucene-3.1",1013,"False",1
"solr_src_java_org_apache_solr_request_SimpleFacets.java","lucene-3.1",1014,"False",1
"solr_src_java_org_apache_solr_request_SimpleFacets.java","lucene-3.1",1015,"False",1
"solr_src_java_org_apache_solr_request_SimpleFacets.java","lucene-3.1",1016,"False",1
"solr_src_java_org_apache_solr_request_SimpleFacets.java","lucene-3.1",1017,"False",1
"solr_src_java_org_apache_solr_request_SimpleFacets.java","lucene-3.1",1018,"False",1
"solr_src_java_org_apache_solr_request_SimpleFacets.java","lucene-3.1",1019,"False",1
"solr_src_java_org_apache_solr_request_SimpleFacets.java","lucene-3.1",1020,"False",1
"solr_src_java_org_apache_solr_request_SimpleFacets.java","lucene-3.1",1021,"False",1
"solr_src_java_org_apache_solr_request_SimpleFacets.java","lucene-3.1",1022,"False",1
"solr_src_java_org_apache_solr_request_SimpleFacets.java","lucene-3.1",1023,"False",1
"solr_src_java_org_apache_solr_request_SimpleFacets.java","lucene-3.1",1024,"False",1
"solr_src_java_org_apache_solr_request_SimpleFacets.java","lucene-3.1",1025,"False",1
"solr_src_java_org_apache_solr_request_SimpleFacets.java","lucene-3.1",1026,"False",1
"solr_src_java_org_apache_solr_request_SimpleFacets.java","lucene-3.1",1027,"False",1
"solr_src_java_org_apache_solr_request_SimpleFacets.java","lucene-3.1",1028,"False",1
"solr_src_java_org_apache_solr_request_SimpleFacets.java","lucene-3.1",1029,"False",1
"solr_src_java_org_apache_solr_request_SimpleFacets.java","lucene-3.1",1030,"False",1
"solr_src_java_org_apache_solr_request_SimpleFacets.java","lucene-3.1",1031,"False",1
"solr_src_java_org_apache_solr_request_SimpleFacets.java","lucene-3.1",1032,"False",1
"solr_src_java_org_apache_solr_request_SimpleFacets.java","lucene-3.1",1033,"False",1
"solr_src_java_org_apache_solr_request_SimpleFacets.java","lucene-3.1",1034,"False",1
"solr_src_java_org_apache_solr_request_SimpleFacets.java","lucene-3.1",1035,"False",1
"solr_src_java_org_apache_solr_request_SimpleFacets.java","lucene-3.1",1036,"False",1
"solr_src_java_org_apache_solr_request_SimpleFacets.java","lucene-3.1",1037,"False",1
"solr_src_java_org_apache_solr_request_SimpleFacets.java","lucene-3.1",1038,"False",1
"solr_src_java_org_apache_solr_request_SimpleFacets.java","lucene-3.1",1039,"False",1
"solr_src_java_org_apache_solr_request_SimpleFacets.java","lucene-3.1",1040,"False",1
"solr_src_java_org_apache_solr_request_SimpleFacets.java","lucene-3.1",1041,"False",1
"solr_src_java_org_apache_solr_request_SimpleFacets.java","lucene-3.1",1042,"False",1
"solr_src_java_org_apache_solr_request_SimpleFacets.java","lucene-3.1",1043,"False",1
"solr_src_java_org_apache_solr_request_SimpleFacets.java","lucene-3.1",1044,"False",1
"solr_src_java_org_apache_solr_request_SimpleFacets.java","lucene-3.1",1045,"False",1
"solr_src_java_org_apache_solr_request_SimpleFacets.java","lucene-3.1",1046,"False",1
"solr_src_java_org_apache_solr_request_SimpleFacets.java","lucene-3.1",1047,"False",1
"solr_src_java_org_apache_solr_request_SimpleFacets.java","lucene-3.1",1048,"False",1
"solr_src_java_org_apache_solr_request_SimpleFacets.java","lucene-3.1",1049,"False",1
"solr_src_java_org_apache_solr_request_SimpleFacets.java","lucene-3.1",1050,"False",1
"solr_src_java_org_apache_solr_request_SimpleFacets.java","lucene-3.1",1051,"False",1
"solr_src_java_org_apache_solr_request_SimpleFacets.java","lucene-3.1",1052,"False",1
"solr_src_java_org_apache_solr_request_SimpleFacets.java","lucene-3.1",1053,"False",1
"solr_src_java_org_apache_solr_request_SimpleFacets.java","lucene-3.1",1054,"False",1
"solr_src_java_org_apache_solr_request_SimpleFacets.java","lucene-3.1",1055,"False",1
"solr_src_java_org_apache_solr_request_SimpleFacets.java","lucene-3.1",1056,"False",1
"solr_src_java_org_apache_solr_request_SimpleFacets.java","lucene-3.1",1057,"False",1
"solr_src_java_org_apache_solr_request_SimpleFacets.java","lucene-3.1",1058,"False",1
"solr_src_java_org_apache_solr_request_SimpleFacets.java","lucene-3.1",1059,"False",1
"solr_src_java_org_apache_solr_request_SimpleFacets.java","lucene-3.1",1060,"False",1
"solr_src_java_org_apache_solr_request_SimpleFacets.java","lucene-3.1",1061,"False",1
"solr_src_java_org_apache_solr_request_SimpleFacets.java","lucene-3.1",1062,"False",1
"solr_src_java_org_apache_solr_request_SimpleFacets.java","lucene-3.1",1063,"False",1
"solr_src_java_org_apache_solr_request_SimpleFacets.java","lucene-3.1",1064,"False",1
"solr_src_java_org_apache_solr_request_SimpleFacets.java","lucene-3.1",1065,"False",1
"solr_src_java_org_apache_solr_request_SimpleFacets.java","lucene-3.1",1066,"False",1
"solr_src_java_org_apache_solr_request_SimpleFacets.java","lucene-3.1",1067,"False",1
"solr_src_java_org_apache_solr_request_SimpleFacets.java","lucene-3.1",1068,"False",1
"solr_src_java_org_apache_solr_request_SimpleFacets.java","lucene-3.1",1069,"False",1
"solr_src_java_org_apache_solr_request_SimpleFacets.java","lucene-3.1",1070,"False",1
"solr_src_java_org_apache_solr_request_SimpleFacets.java","lucene-3.1",1071,"False",1
"solr_src_java_org_apache_solr_request_SimpleFacets.java","lucene-3.1",1072,"False",1
"solr_src_java_org_apache_solr_request_SimpleFacets.java","lucene-3.1",1073,"False",1
"solr_src_java_org_apache_solr_request_SimpleFacets.java","lucene-3.1",1074,"False",1
"solr_src_java_org_apache_solr_request_SimpleFacets.java","lucene-3.1",1075,"False",1
"solr_src_java_org_apache_solr_request_SimpleFacets.java","lucene-3.1",1076,"False",1
"solr_src_java_org_apache_solr_request_SimpleFacets.java","lucene-3.1",1077,"False",1
"solr_src_java_org_apache_solr_request_SimpleFacets.java","lucene-3.1",1078,"False",1
"solr_src_java_org_apache_solr_request_SimpleFacets.java","lucene-3.1",1079,"False",1
"solr_src_java_org_apache_solr_request_SimpleFacets.java","lucene-3.1",1080,"False",1
"solr_src_java_org_apache_solr_request_SimpleFacets.java","lucene-3.1",1081,"False",1
"solr_src_java_org_apache_solr_request_SimpleFacets.java","lucene-3.1",1082,"False",1
"solr_src_java_org_apache_solr_request_SimpleFacets.java","lucene-3.1",1083,"False",1
"solr_src_java_org_apache_solr_request_SimpleFacets.java","lucene-3.1",1084,"False",1
"solr_src_java_org_apache_solr_request_SimpleFacets.java","lucene-3.1",1085,"False",1
"solr_src_java_org_apache_solr_request_SimpleFacets.java","lucene-3.1",1086,"False",1
"solr_src_java_org_apache_solr_request_SimpleFacets.java","lucene-3.1",1087,"False",1
"solr_src_java_org_apache_solr_request_SimpleFacets.java","lucene-3.1",1088,"False",1
"solr_src_java_org_apache_solr_request_SimpleFacets.java","lucene-3.1",1089,"False",1
"solr_src_java_org_apache_solr_request_SimpleFacets.java","lucene-3.1",1090,"False",1
"solr_src_java_org_apache_solr_request_SimpleFacets.java","lucene-3.1",1091,"False",1
"solr_src_java_org_apache_solr_request_SimpleFacets.java","lucene-3.1",1092,"False",1
"solr_src_java_org_apache_solr_request_SimpleFacets.java","lucene-3.1",1093,"False",1
"solr_src_java_org_apache_solr_request_SimpleFacets.java","lucene-3.1",1094,"False",1
"solr_src_java_org_apache_solr_request_SimpleFacets.java","lucene-3.1",1095,"False",1
"solr_src_java_org_apache_solr_request_SimpleFacets.java","lucene-3.1",1096,"False",1
"solr_src_java_org_apache_solr_request_SimpleFacets.java","lucene-3.1",1097,"False",1
"solr_src_java_org_apache_solr_request_SimpleFacets.java","lucene-3.1",1098,"False",1
"solr_src_java_org_apache_solr_request_SimpleFacets.java","lucene-3.1",1099,"False",1
"solr_src_java_org_apache_solr_request_SimpleFacets.java","lucene-3.1",1100,"False",1
"solr_src_java_org_apache_solr_request_SimpleFacets.java","lucene-3.1",1101,"False",1
"solr_src_java_org_apache_solr_request_SimpleFacets.java","lucene-3.1",1102,"False",1
"solr_src_java_org_apache_solr_request_SimpleFacets.java","lucene-3.1",1103,"False",1
"solr_src_java_org_apache_solr_request_SimpleFacets.java","lucene-3.1",1104,"False",1
"solr_src_java_org_apache_solr_request_SimpleFacets.java","lucene-3.1",1105,"False",1
"solr_src_java_org_apache_solr_request_SimpleFacets.java","lucene-3.1",1106,"False",1
"solr_src_java_org_apache_solr_request_SimpleFacets.java","lucene-3.1",1107,"False",1
"solr_src_java_org_apache_solr_request_SimpleFacets.java","lucene-3.1",1108,"False",1
"solr_src_java_org_apache_solr_request_SimpleFacets.java","lucene-3.1",1109,"False",1
"solr_src_java_org_apache_solr_request_SimpleFacets.java","lucene-3.1",1110,"False",1
"solr_src_java_org_apache_solr_request_SimpleFacets.java","lucene-3.1",1111,"False",1
"solr_src_java_org_apache_solr_request_SimpleFacets.java","lucene-3.1",1112,"False",1
"solr_src_java_org_apache_solr_request_SimpleFacets.java","lucene-3.1",1113,"False",1
"solr_src_java_org_apache_solr_request_SimpleFacets.java","lucene-3.1",1114,"True",3
"solr_src_java_org_apache_solr_request_SimpleFacets.java","lucene-3.1",1115,"False",1
"solr_src_java_org_apache_solr_request_SimpleFacets.java","lucene-3.1",1116,"False",1
"solr_src_java_org_apache_solr_request_SimpleFacets.java","lucene-3.1",1117,"False",1
"solr_src_java_org_apache_solr_request_SimpleFacets.java","lucene-3.1",1118,"True",3
"solr_src_java_org_apache_solr_request_SimpleFacets.java","lucene-3.1",1119,"False",1
"solr_src_java_org_apache_solr_request_SimpleFacets.java","lucene-3.1",1120,"False",1
"solr_src_java_org_apache_solr_request_SimpleFacets.java","lucene-3.1",1121,"False",1
"solr_src_java_org_apache_solr_request_SimpleFacets.java","lucene-3.1",1122,"False",1
"solr_src_java_org_apache_solr_request_SimpleFacets.java","lucene-3.1",1123,"False",1
"solr_src_java_org_apache_solr_request_SimpleFacets.java","lucene-3.1",1124,"False",1
"solr_src_java_org_apache_solr_request_SimpleFacets.java","lucene-3.1",1125,"False",1
"solr_src_java_org_apache_solr_request_SimpleFacets.java","lucene-3.1",1126,"False",1
"solr_src_java_org_apache_solr_request_SimpleFacets.java","lucene-3.1",1127,"True",3
"solr_src_java_org_apache_solr_request_SimpleFacets.java","lucene-3.1",1128,"False",1
"solr_src_java_org_apache_solr_request_SimpleFacets.java","lucene-3.1",1129,"False",1
"solr_src_java_org_apache_solr_request_SimpleFacets.java","lucene-3.1",1130,"False",1
"solr_src_java_org_apache_solr_request_SimpleFacets.java","lucene-3.1",1131,"True",3
"solr_src_java_org_apache_solr_request_SimpleFacets.java","lucene-3.1",1132,"False",1
"solr_src_java_org_apache_solr_request_SimpleFacets.java","lucene-3.1",1133,"False",1
"solr_src_java_org_apache_solr_request_SimpleFacets.java","lucene-3.1",1134,"False",1
"solr_src_java_org_apache_solr_request_SimpleFacets.java","lucene-3.1",1135,"False",1
"solr_src_java_org_apache_solr_request_SimpleFacets.java","lucene-3.1",1136,"False",1
"solr_src_java_org_apache_solr_request_SimpleFacets.java","lucene-3.1",1137,"False",1
"solr_src_java_org_apache_solr_request_SimpleFacets.java","lucene-3.1",1138,"False",1
"solr_src_java_org_apache_solr_request_SimpleFacets.java","lucene-3.1",1139,"False",1
"solr_src_java_org_apache_solr_request_SimpleFacets.java","lucene-3.1",1140,"True",3
"solr_src_java_org_apache_solr_request_SimpleFacets.java","lucene-3.1",1141,"False",1
"solr_src_java_org_apache_solr_request_SimpleFacets.java","lucene-3.1",1142,"False",1
"solr_src_java_org_apache_solr_request_SimpleFacets.java","lucene-3.1",1143,"False",1
"solr_src_java_org_apache_solr_request_SimpleFacets.java","lucene-3.1",1144,"True",3
"solr_src_java_org_apache_solr_request_SimpleFacets.java","lucene-3.1",1145,"False",1
"solr_src_java_org_apache_solr_request_SimpleFacets.java","lucene-3.1",1146,"False",1
"solr_src_java_org_apache_solr_request_SimpleFacets.java","lucene-3.1",1147,"False",1
"solr_src_java_org_apache_solr_request_SimpleFacets.java","lucene-3.1",1148,"False",1
"solr_src_java_org_apache_solr_request_SimpleFacets.java","lucene-3.1",1149,"False",1
"solr_src_java_org_apache_solr_request_SimpleFacets.java","lucene-3.1",1150,"False",1
"solr_src_java_org_apache_solr_request_SimpleFacets.java","lucene-3.1",1151,"False",1
"solr_src_java_org_apache_solr_request_SimpleFacets.java","lucene-3.1",1152,"False",1
"solr_src_java_org_apache_solr_request_SimpleFacets.java","lucene-3.1",1153,"True",3
"solr_src_java_org_apache_solr_request_SimpleFacets.java","lucene-3.1",1154,"False",1
"solr_src_java_org_apache_solr_request_SimpleFacets.java","lucene-3.1",1155,"False",1
"solr_src_java_org_apache_solr_request_SimpleFacets.java","lucene-3.1",1156,"False",1
"solr_src_java_org_apache_solr_request_SimpleFacets.java","lucene-3.1",1157,"True",3
"solr_src_java_org_apache_solr_request_SimpleFacets.java","lucene-3.1",1158,"False",1
"solr_src_java_org_apache_solr_request_SimpleFacets.java","lucene-3.1",1159,"False",1
"solr_src_java_org_apache_solr_request_SimpleFacets.java","lucene-3.1",1160,"False",1
"solr_src_java_org_apache_solr_request_SimpleFacets.java","lucene-3.1",1161,"False",1
"solr_src_java_org_apache_solr_request_SimpleFacets.java","lucene-3.1",1162,"False",1
"solr_src_java_org_apache_solr_request_SimpleFacets.java","lucene-3.1",1163,"False",1
"solr_src_java_org_apache_solr_request_SimpleFacets.java","lucene-3.1",1164,"False",1
"solr_src_java_org_apache_solr_request_SimpleFacets.java","lucene-3.1",1165,"False",1
"solr_src_java_org_apache_solr_request_SimpleFacets.java","lucene-3.1",1166,"False",1
"solr_src_java_org_apache_solr_request_SimpleFacets.java","lucene-3.1",1167,"False",1
"solr_src_java_org_apache_solr_request_SimpleFacets.java","lucene-3.1",1168,"False",1
"solr_src_java_org_apache_solr_request_SimpleFacets.java","lucene-3.1",1169,"False",1
"solr_src_java_org_apache_solr_request_SimpleFacets.java","lucene-3.1",1170,"False",1
"solr_src_java_org_apache_solr_request_SimpleFacets.java","lucene-3.1",1171,"False",1
"solr_src_java_org_apache_solr_request_SimpleFacets.java","lucene-3.1",1172,"False",1
"solr_src_java_org_apache_solr_request_SimpleFacets.java","lucene-3.1",1173,"False",1
"solr_src_java_org_apache_solr_request_SimpleFacets.java","lucene-3.1",1174,"False",1
"solr_src_java_org_apache_solr_request_SimpleFacets.java","lucene-3.1",1175,"False",1
"solr_src_java_org_apache_solr_request_SimpleFacets.java","lucene-3.1",1176,"False",1
"solr_src_java_org_apache_solr_request_SimpleFacets.java","lucene-3.1",1177,"False",1
"solr_src_java_org_apache_solr_request_SimpleFacets.java","lucene-3.1",1178,"False",1
"solr_src_java_org_apache_solr_request_SimpleFacets.java","lucene-3.1",1179,"False",1
"solr_src_java_org_apache_solr_request_SimpleFacets.java","lucene-3.1",1180,"False",1
"solr_src_java_org_apache_solr_request_SimpleFacets.java","lucene-3.1",1181,"False",1
"solr_src_java_org_apache_solr_request_SimpleFacets.java","lucene-3.1",1182,"False",1
"solr_src_java_org_apache_solr_request_SimpleFacets.java","lucene-3.1",1183,"False",1
"solr_src_java_org_apache_solr_request_SimpleFacets.java","lucene-3.1",1184,"False",1
"solr_src_java_org_apache_solr_request_SimpleFacets.java","lucene-3.1",1185,"False",1
"solr_src_java_org_apache_solr_request_SimpleFacets.java","lucene-3.1",1186,"False",1
"solr_src_java_org_apache_solr_request_SimpleFacets.java","lucene-3.1",1187,"False",1
"solr_src_java_org_apache_solr_request_SimpleFacets.java","lucene-3.1",1188,"False",1
"solr_src_java_org_apache_solr_request_SimpleFacets.java","lucene-3.1",1189,"False",1
"solr_src_java_org_apache_solr_request_SimpleFacets.java","lucene-3.1",1190,"False",1
"solr_src_java_org_apache_solr_request_SimpleFacets.java","lucene-3.1",1191,"False",1
"solr_src_java_org_apache_solr_request_SimpleFacets.java","lucene-3.1",1192,"False",1
"solr_src_java_org_apache_solr_schema_IndexSchema.java","lucene-3.1",1,"False",1
"solr_src_java_org_apache_solr_schema_IndexSchema.java","lucene-3.1",2,"False",1
"solr_src_java_org_apache_solr_schema_IndexSchema.java","lucene-3.1",3,"False",1
"solr_src_java_org_apache_solr_schema_IndexSchema.java","lucene-3.1",4,"False",1
"solr_src_java_org_apache_solr_schema_IndexSchema.java","lucene-3.1",5,"False",1
"solr_src_java_org_apache_solr_schema_IndexSchema.java","lucene-3.1",6,"False",1
"solr_src_java_org_apache_solr_schema_IndexSchema.java","lucene-3.1",7,"False",1
"solr_src_java_org_apache_solr_schema_IndexSchema.java","lucene-3.1",8,"False",1
"solr_src_java_org_apache_solr_schema_IndexSchema.java","lucene-3.1",9,"False",1
"solr_src_java_org_apache_solr_schema_IndexSchema.java","lucene-3.1",10,"False",1
"solr_src_java_org_apache_solr_schema_IndexSchema.java","lucene-3.1",11,"False",1
"solr_src_java_org_apache_solr_schema_IndexSchema.java","lucene-3.1",12,"False",1
"solr_src_java_org_apache_solr_schema_IndexSchema.java","lucene-3.1",13,"False",1
"solr_src_java_org_apache_solr_schema_IndexSchema.java","lucene-3.1",14,"False",1
"solr_src_java_org_apache_solr_schema_IndexSchema.java","lucene-3.1",15,"False",1
"solr_src_java_org_apache_solr_schema_IndexSchema.java","lucene-3.1",16,"False",1
"solr_src_java_org_apache_solr_schema_IndexSchema.java","lucene-3.1",17,"False",1
"solr_src_java_org_apache_solr_schema_IndexSchema.java","lucene-3.1",18,"False",1
"solr_src_java_org_apache_solr_schema_IndexSchema.java","lucene-3.1",19,"False",1
"solr_src_java_org_apache_solr_schema_IndexSchema.java","lucene-3.1",20,"False",1
"solr_src_java_org_apache_solr_schema_IndexSchema.java","lucene-3.1",21,"False",1
"solr_src_java_org_apache_solr_schema_IndexSchema.java","lucene-3.1",22,"False",1
"solr_src_java_org_apache_solr_schema_IndexSchema.java","lucene-3.1",23,"False",1
"solr_src_java_org_apache_solr_schema_IndexSchema.java","lucene-3.1",24,"False",1
"solr_src_java_org_apache_solr_schema_IndexSchema.java","lucene-3.1",25,"False",1
"solr_src_java_org_apache_solr_schema_IndexSchema.java","lucene-3.1",26,"False",1
"solr_src_java_org_apache_solr_schema_IndexSchema.java","lucene-3.1",27,"False",1
"solr_src_java_org_apache_solr_schema_IndexSchema.java","lucene-3.1",28,"False",1
"solr_src_java_org_apache_solr_schema_IndexSchema.java","lucene-3.1",29,"False",1
"solr_src_java_org_apache_solr_schema_IndexSchema.java","lucene-3.1",30,"False",1
"solr_src_java_org_apache_solr_schema_IndexSchema.java","lucene-3.1",31,"False",1
"solr_src_java_org_apache_solr_schema_IndexSchema.java","lucene-3.1",32,"False",1
"solr_src_java_org_apache_solr_schema_IndexSchema.java","lucene-3.1",33,"False",1
"solr_src_java_org_apache_solr_schema_IndexSchema.java","lucene-3.1",34,"False",1
"solr_src_java_org_apache_solr_schema_IndexSchema.java","lucene-3.1",35,"False",1
"solr_src_java_org_apache_solr_schema_IndexSchema.java","lucene-3.1",36,"False",1
"solr_src_java_org_apache_solr_schema_IndexSchema.java","lucene-3.1",37,"False",1
"solr_src_java_org_apache_solr_schema_IndexSchema.java","lucene-3.1",38,"False",1
"solr_src_java_org_apache_solr_schema_IndexSchema.java","lucene-3.1",39,"False",1
"solr_src_java_org_apache_solr_schema_IndexSchema.java","lucene-3.1",40,"False",1
"solr_src_java_org_apache_solr_schema_IndexSchema.java","lucene-3.1",41,"False",1
"solr_src_java_org_apache_solr_schema_IndexSchema.java","lucene-3.1",42,"False",1
"solr_src_java_org_apache_solr_schema_IndexSchema.java","lucene-3.1",43,"False",1
"solr_src_java_org_apache_solr_schema_IndexSchema.java","lucene-3.1",44,"False",1
"solr_src_java_org_apache_solr_schema_IndexSchema.java","lucene-3.1",45,"False",1
"solr_src_java_org_apache_solr_schema_IndexSchema.java","lucene-3.1",46,"False",1
"solr_src_java_org_apache_solr_schema_IndexSchema.java","lucene-3.1",47,"False",1
"solr_src_java_org_apache_solr_schema_IndexSchema.java","lucene-3.1",48,"False",1
"solr_src_java_org_apache_solr_schema_IndexSchema.java","lucene-3.1",49,"False",1
"solr_src_java_org_apache_solr_schema_IndexSchema.java","lucene-3.1",50,"False",1
"solr_src_java_org_apache_solr_schema_IndexSchema.java","lucene-3.1",51,"False",1
"solr_src_java_org_apache_solr_schema_IndexSchema.java","lucene-3.1",52,"False",1
"solr_src_java_org_apache_solr_schema_IndexSchema.java","lucene-3.1",53,"False",1
"solr_src_java_org_apache_solr_schema_IndexSchema.java","lucene-3.1",54,"False",1
"solr_src_java_org_apache_solr_schema_IndexSchema.java","lucene-3.1",55,"False",1
"solr_src_java_org_apache_solr_schema_IndexSchema.java","lucene-3.1",56,"False",1
"solr_src_java_org_apache_solr_schema_IndexSchema.java","lucene-3.1",57,"False",1
"solr_src_java_org_apache_solr_schema_IndexSchema.java","lucene-3.1",58,"False",1
"solr_src_java_org_apache_solr_schema_IndexSchema.java","lucene-3.1",59,"False",1
"solr_src_java_org_apache_solr_schema_IndexSchema.java","lucene-3.1",60,"False",1
"solr_src_java_org_apache_solr_schema_IndexSchema.java","lucene-3.1",61,"False",1
"solr_src_java_org_apache_solr_schema_IndexSchema.java","lucene-3.1",62,"False",1
"solr_src_java_org_apache_solr_schema_IndexSchema.java","lucene-3.1",63,"False",1
"solr_src_java_org_apache_solr_schema_IndexSchema.java","lucene-3.1",64,"False",1
"solr_src_java_org_apache_solr_schema_IndexSchema.java","lucene-3.1",65,"False",1
"solr_src_java_org_apache_solr_schema_IndexSchema.java","lucene-3.1",66,"False",1
"solr_src_java_org_apache_solr_schema_IndexSchema.java","lucene-3.1",67,"False",1
"solr_src_java_org_apache_solr_schema_IndexSchema.java","lucene-3.1",68,"False",1
"solr_src_java_org_apache_solr_schema_IndexSchema.java","lucene-3.1",69,"False",1
"solr_src_java_org_apache_solr_schema_IndexSchema.java","lucene-3.1",70,"False",1
"solr_src_java_org_apache_solr_schema_IndexSchema.java","lucene-3.1",71,"False",1
"solr_src_java_org_apache_solr_schema_IndexSchema.java","lucene-3.1",72,"False",1
"solr_src_java_org_apache_solr_schema_IndexSchema.java","lucene-3.1",73,"False",1
"solr_src_java_org_apache_solr_schema_IndexSchema.java","lucene-3.1",74,"False",1
"solr_src_java_org_apache_solr_schema_IndexSchema.java","lucene-3.1",75,"False",1
"solr_src_java_org_apache_solr_schema_IndexSchema.java","lucene-3.1",76,"False",1
"solr_src_java_org_apache_solr_schema_IndexSchema.java","lucene-3.1",77,"False",1
"solr_src_java_org_apache_solr_schema_IndexSchema.java","lucene-3.1",78,"False",1
"solr_src_java_org_apache_solr_schema_IndexSchema.java","lucene-3.1",79,"False",1
"solr_src_java_org_apache_solr_schema_IndexSchema.java","lucene-3.1",80,"False",1
"solr_src_java_org_apache_solr_schema_IndexSchema.java","lucene-3.1",81,"False",1
"solr_src_java_org_apache_solr_schema_IndexSchema.java","lucene-3.1",82,"False",1
"solr_src_java_org_apache_solr_schema_IndexSchema.java","lucene-3.1",83,"False",1
"solr_src_java_org_apache_solr_schema_IndexSchema.java","lucene-3.1",84,"False",1
"solr_src_java_org_apache_solr_schema_IndexSchema.java","lucene-3.1",85,"False",1
"solr_src_java_org_apache_solr_schema_IndexSchema.java","lucene-3.1",86,"False",1
"solr_src_java_org_apache_solr_schema_IndexSchema.java","lucene-3.1",87,"False",1
"solr_src_java_org_apache_solr_schema_IndexSchema.java","lucene-3.1",88,"False",1
"solr_src_java_org_apache_solr_schema_IndexSchema.java","lucene-3.1",89,"False",1
"solr_src_java_org_apache_solr_schema_IndexSchema.java","lucene-3.1",90,"False",1
"solr_src_java_org_apache_solr_schema_IndexSchema.java","lucene-3.1",91,"False",1
"solr_src_java_org_apache_solr_schema_IndexSchema.java","lucene-3.1",92,"False",1
"solr_src_java_org_apache_solr_schema_IndexSchema.java","lucene-3.1",93,"False",1
"solr_src_java_org_apache_solr_schema_IndexSchema.java","lucene-3.1",94,"False",1
"solr_src_java_org_apache_solr_schema_IndexSchema.java","lucene-3.1",95,"False",1
"solr_src_java_org_apache_solr_schema_IndexSchema.java","lucene-3.1",96,"False",1
"solr_src_java_org_apache_solr_schema_IndexSchema.java","lucene-3.1",97,"False",1
"solr_src_java_org_apache_solr_schema_IndexSchema.java","lucene-3.1",98,"False",1
"solr_src_java_org_apache_solr_schema_IndexSchema.java","lucene-3.1",99,"False",1
"solr_src_java_org_apache_solr_schema_IndexSchema.java","lucene-3.1",100,"False",1
"solr_src_java_org_apache_solr_schema_IndexSchema.java","lucene-3.1",101,"False",1
"solr_src_java_org_apache_solr_schema_IndexSchema.java","lucene-3.1",102,"False",1
"solr_src_java_org_apache_solr_schema_IndexSchema.java","lucene-3.1",103,"False",1
"solr_src_java_org_apache_solr_schema_IndexSchema.java","lucene-3.1",104,"False",1
"solr_src_java_org_apache_solr_schema_IndexSchema.java","lucene-3.1",105,"False",1
"solr_src_java_org_apache_solr_schema_IndexSchema.java","lucene-3.1",106,"False",1
"solr_src_java_org_apache_solr_schema_IndexSchema.java","lucene-3.1",107,"False",1
"solr_src_java_org_apache_solr_schema_IndexSchema.java","lucene-3.1",108,"False",1
"solr_src_java_org_apache_solr_schema_IndexSchema.java","lucene-3.1",109,"False",1
"solr_src_java_org_apache_solr_schema_IndexSchema.java","lucene-3.1",110,"False",1
"solr_src_java_org_apache_solr_schema_IndexSchema.java","lucene-3.1",111,"False",1
"solr_src_java_org_apache_solr_schema_IndexSchema.java","lucene-3.1",112,"False",1
"solr_src_java_org_apache_solr_schema_IndexSchema.java","lucene-3.1",113,"False",1
"solr_src_java_org_apache_solr_schema_IndexSchema.java","lucene-3.1",114,"False",1
"solr_src_java_org_apache_solr_schema_IndexSchema.java","lucene-3.1",115,"False",1
"solr_src_java_org_apache_solr_schema_IndexSchema.java","lucene-3.1",116,"False",1
"solr_src_java_org_apache_solr_schema_IndexSchema.java","lucene-3.1",117,"False",1
"solr_src_java_org_apache_solr_schema_IndexSchema.java","lucene-3.1",118,"False",1
"solr_src_java_org_apache_solr_schema_IndexSchema.java","lucene-3.1",119,"False",1
"solr_src_java_org_apache_solr_schema_IndexSchema.java","lucene-3.1",120,"False",1
"solr_src_java_org_apache_solr_schema_IndexSchema.java","lucene-3.1",121,"False",1
"solr_src_java_org_apache_solr_schema_IndexSchema.java","lucene-3.1",122,"False",1
"solr_src_java_org_apache_solr_schema_IndexSchema.java","lucene-3.1",123,"False",1
"solr_src_java_org_apache_solr_schema_IndexSchema.java","lucene-3.1",124,"False",1
"solr_src_java_org_apache_solr_schema_IndexSchema.java","lucene-3.1",125,"False",1
"solr_src_java_org_apache_solr_schema_IndexSchema.java","lucene-3.1",126,"False",1
"solr_src_java_org_apache_solr_schema_IndexSchema.java","lucene-3.1",127,"False",1
"solr_src_java_org_apache_solr_schema_IndexSchema.java","lucene-3.1",128,"False",1
"solr_src_java_org_apache_solr_schema_IndexSchema.java","lucene-3.1",129,"False",1
"solr_src_java_org_apache_solr_schema_IndexSchema.java","lucene-3.1",130,"False",1
"solr_src_java_org_apache_solr_schema_IndexSchema.java","lucene-3.1",131,"False",1
"solr_src_java_org_apache_solr_schema_IndexSchema.java","lucene-3.1",132,"False",1
"solr_src_java_org_apache_solr_schema_IndexSchema.java","lucene-3.1",133,"False",1
"solr_src_java_org_apache_solr_schema_IndexSchema.java","lucene-3.1",134,"False",1
"solr_src_java_org_apache_solr_schema_IndexSchema.java","lucene-3.1",135,"False",1
"solr_src_java_org_apache_solr_schema_IndexSchema.java","lucene-3.1",136,"False",1
"solr_src_java_org_apache_solr_schema_IndexSchema.java","lucene-3.1",137,"False",1
"solr_src_java_org_apache_solr_schema_IndexSchema.java","lucene-3.1",138,"False",1
"solr_src_java_org_apache_solr_schema_IndexSchema.java","lucene-3.1",139,"False",1
"solr_src_java_org_apache_solr_schema_IndexSchema.java","lucene-3.1",140,"False",1
"solr_src_java_org_apache_solr_schema_IndexSchema.java","lucene-3.1",141,"False",1
"solr_src_java_org_apache_solr_schema_IndexSchema.java","lucene-3.1",142,"False",1
"solr_src_java_org_apache_solr_schema_IndexSchema.java","lucene-3.1",143,"False",1
"solr_src_java_org_apache_solr_schema_IndexSchema.java","lucene-3.1",144,"False",1
"solr_src_java_org_apache_solr_schema_IndexSchema.java","lucene-3.1",145,"False",1
"solr_src_java_org_apache_solr_schema_IndexSchema.java","lucene-3.1",146,"False",1
"solr_src_java_org_apache_solr_schema_IndexSchema.java","lucene-3.1",147,"False",1
"solr_src_java_org_apache_solr_schema_IndexSchema.java","lucene-3.1",148,"False",1
"solr_src_java_org_apache_solr_schema_IndexSchema.java","lucene-3.1",149,"False",1
"solr_src_java_org_apache_solr_schema_IndexSchema.java","lucene-3.1",150,"False",1
"solr_src_java_org_apache_solr_schema_IndexSchema.java","lucene-3.1",151,"False",1
"solr_src_java_org_apache_solr_schema_IndexSchema.java","lucene-3.1",152,"False",1
"solr_src_java_org_apache_solr_schema_IndexSchema.java","lucene-3.1",153,"False",1
"solr_src_java_org_apache_solr_schema_IndexSchema.java","lucene-3.1",154,"False",1
"solr_src_java_org_apache_solr_schema_IndexSchema.java","lucene-3.1",155,"False",1
"solr_src_java_org_apache_solr_schema_IndexSchema.java","lucene-3.1",156,"False",1
"solr_src_java_org_apache_solr_schema_IndexSchema.java","lucene-3.1",157,"False",1
"solr_src_java_org_apache_solr_schema_IndexSchema.java","lucene-3.1",158,"False",1
"solr_src_java_org_apache_solr_schema_IndexSchema.java","lucene-3.1",159,"False",1
"solr_src_java_org_apache_solr_schema_IndexSchema.java","lucene-3.1",160,"False",1
"solr_src_java_org_apache_solr_schema_IndexSchema.java","lucene-3.1",161,"False",1
"solr_src_java_org_apache_solr_schema_IndexSchema.java","lucene-3.1",162,"False",1
"solr_src_java_org_apache_solr_schema_IndexSchema.java","lucene-3.1",163,"False",1
"solr_src_java_org_apache_solr_schema_IndexSchema.java","lucene-3.1",164,"False",1
"solr_src_java_org_apache_solr_schema_IndexSchema.java","lucene-3.1",165,"False",1
"solr_src_java_org_apache_solr_schema_IndexSchema.java","lucene-3.1",166,"False",1
"solr_src_java_org_apache_solr_schema_IndexSchema.java","lucene-3.1",167,"False",1
"solr_src_java_org_apache_solr_schema_IndexSchema.java","lucene-3.1",168,"False",1
"solr_src_java_org_apache_solr_schema_IndexSchema.java","lucene-3.1",169,"False",1
"solr_src_java_org_apache_solr_schema_IndexSchema.java","lucene-3.1",170,"False",1
"solr_src_java_org_apache_solr_schema_IndexSchema.java","lucene-3.1",171,"False",1
"solr_src_java_org_apache_solr_schema_IndexSchema.java","lucene-3.1",172,"False",1
"solr_src_java_org_apache_solr_schema_IndexSchema.java","lucene-3.1",173,"False",1
"solr_src_java_org_apache_solr_schema_IndexSchema.java","lucene-3.1",174,"False",1
"solr_src_java_org_apache_solr_schema_IndexSchema.java","lucene-3.1",175,"False",1
"solr_src_java_org_apache_solr_schema_IndexSchema.java","lucene-3.1",176,"False",1
"solr_src_java_org_apache_solr_schema_IndexSchema.java","lucene-3.1",177,"False",1
"solr_src_java_org_apache_solr_schema_IndexSchema.java","lucene-3.1",178,"False",1
"solr_src_java_org_apache_solr_schema_IndexSchema.java","lucene-3.1",179,"False",1
"solr_src_java_org_apache_solr_schema_IndexSchema.java","lucene-3.1",180,"False",1
"solr_src_java_org_apache_solr_schema_IndexSchema.java","lucene-3.1",181,"False",1
"solr_src_java_org_apache_solr_schema_IndexSchema.java","lucene-3.1",182,"False",1
"solr_src_java_org_apache_solr_schema_IndexSchema.java","lucene-3.1",183,"False",1
"solr_src_java_org_apache_solr_schema_IndexSchema.java","lucene-3.1",184,"False",1
"solr_src_java_org_apache_solr_schema_IndexSchema.java","lucene-3.1",185,"False",1
"solr_src_java_org_apache_solr_schema_IndexSchema.java","lucene-3.1",186,"False",1
"solr_src_java_org_apache_solr_schema_IndexSchema.java","lucene-3.1",187,"False",1
"solr_src_java_org_apache_solr_schema_IndexSchema.java","lucene-3.1",188,"False",1
"solr_src_java_org_apache_solr_schema_IndexSchema.java","lucene-3.1",189,"False",1
"solr_src_java_org_apache_solr_schema_IndexSchema.java","lucene-3.1",190,"False",1
"solr_src_java_org_apache_solr_schema_IndexSchema.java","lucene-3.1",191,"False",1
"solr_src_java_org_apache_solr_schema_IndexSchema.java","lucene-3.1",192,"False",1
"solr_src_java_org_apache_solr_schema_IndexSchema.java","lucene-3.1",193,"False",1
"solr_src_java_org_apache_solr_schema_IndexSchema.java","lucene-3.1",194,"False",1
"solr_src_java_org_apache_solr_schema_IndexSchema.java","lucene-3.1",195,"False",1
"solr_src_java_org_apache_solr_schema_IndexSchema.java","lucene-3.1",196,"False",1
"solr_src_java_org_apache_solr_schema_IndexSchema.java","lucene-3.1",197,"False",1
"solr_src_java_org_apache_solr_schema_IndexSchema.java","lucene-3.1",198,"False",1
"solr_src_java_org_apache_solr_schema_IndexSchema.java","lucene-3.1",199,"False",1
"solr_src_java_org_apache_solr_schema_IndexSchema.java","lucene-3.1",200,"False",1
"solr_src_java_org_apache_solr_schema_IndexSchema.java","lucene-3.1",201,"False",1
"solr_src_java_org_apache_solr_schema_IndexSchema.java","lucene-3.1",202,"False",1
"solr_src_java_org_apache_solr_schema_IndexSchema.java","lucene-3.1",203,"False",1
"solr_src_java_org_apache_solr_schema_IndexSchema.java","lucene-3.1",204,"False",1
"solr_src_java_org_apache_solr_schema_IndexSchema.java","lucene-3.1",205,"False",1
"solr_src_java_org_apache_solr_schema_IndexSchema.java","lucene-3.1",206,"False",1
"solr_src_java_org_apache_solr_schema_IndexSchema.java","lucene-3.1",207,"False",1
"solr_src_java_org_apache_solr_schema_IndexSchema.java","lucene-3.1",208,"False",1
"solr_src_java_org_apache_solr_schema_IndexSchema.java","lucene-3.1",209,"False",1
"solr_src_java_org_apache_solr_schema_IndexSchema.java","lucene-3.1",210,"False",1
"solr_src_java_org_apache_solr_schema_IndexSchema.java","lucene-3.1",211,"False",1
"solr_src_java_org_apache_solr_schema_IndexSchema.java","lucene-3.1",212,"False",1
"solr_src_java_org_apache_solr_schema_IndexSchema.java","lucene-3.1",213,"False",1
"solr_src_java_org_apache_solr_schema_IndexSchema.java","lucene-3.1",214,"False",1
"solr_src_java_org_apache_solr_schema_IndexSchema.java","lucene-3.1",215,"False",1
"solr_src_java_org_apache_solr_schema_IndexSchema.java","lucene-3.1",216,"False",1
"solr_src_java_org_apache_solr_schema_IndexSchema.java","lucene-3.1",217,"False",1
"solr_src_java_org_apache_solr_schema_IndexSchema.java","lucene-3.1",218,"False",1
"solr_src_java_org_apache_solr_schema_IndexSchema.java","lucene-3.1",219,"False",1
"solr_src_java_org_apache_solr_schema_IndexSchema.java","lucene-3.1",220,"False",1
"solr_src_java_org_apache_solr_schema_IndexSchema.java","lucene-3.1",221,"False",1
"solr_src_java_org_apache_solr_schema_IndexSchema.java","lucene-3.1",222,"False",1
"solr_src_java_org_apache_solr_schema_IndexSchema.java","lucene-3.1",223,"False",1
"solr_src_java_org_apache_solr_schema_IndexSchema.java","lucene-3.1",224,"False",1
"solr_src_java_org_apache_solr_schema_IndexSchema.java","lucene-3.1",225,"False",1
"solr_src_java_org_apache_solr_schema_IndexSchema.java","lucene-3.1",226,"False",1
"solr_src_java_org_apache_solr_schema_IndexSchema.java","lucene-3.1",227,"False",1
"solr_src_java_org_apache_solr_schema_IndexSchema.java","lucene-3.1",228,"False",1
"solr_src_java_org_apache_solr_schema_IndexSchema.java","lucene-3.1",229,"False",1
"solr_src_java_org_apache_solr_schema_IndexSchema.java","lucene-3.1",230,"False",1
"solr_src_java_org_apache_solr_schema_IndexSchema.java","lucene-3.1",231,"False",1
"solr_src_java_org_apache_solr_schema_IndexSchema.java","lucene-3.1",232,"False",1
"solr_src_java_org_apache_solr_schema_IndexSchema.java","lucene-3.1",233,"False",1
"solr_src_java_org_apache_solr_schema_IndexSchema.java","lucene-3.1",234,"False",1
"solr_src_java_org_apache_solr_schema_IndexSchema.java","lucene-3.1",235,"False",1
"solr_src_java_org_apache_solr_schema_IndexSchema.java","lucene-3.1",236,"False",1
"solr_src_java_org_apache_solr_schema_IndexSchema.java","lucene-3.1",237,"False",1
"solr_src_java_org_apache_solr_schema_IndexSchema.java","lucene-3.1",238,"False",1
"solr_src_java_org_apache_solr_schema_IndexSchema.java","lucene-3.1",239,"False",1
"solr_src_java_org_apache_solr_schema_IndexSchema.java","lucene-3.1",240,"False",1
"solr_src_java_org_apache_solr_schema_IndexSchema.java","lucene-3.1",241,"False",1
"solr_src_java_org_apache_solr_schema_IndexSchema.java","lucene-3.1",242,"False",1
"solr_src_java_org_apache_solr_schema_IndexSchema.java","lucene-3.1",243,"False",1
"solr_src_java_org_apache_solr_schema_IndexSchema.java","lucene-3.1",244,"False",1
"solr_src_java_org_apache_solr_schema_IndexSchema.java","lucene-3.1",245,"False",1
"solr_src_java_org_apache_solr_schema_IndexSchema.java","lucene-3.1",246,"False",1
"solr_src_java_org_apache_solr_schema_IndexSchema.java","lucene-3.1",247,"False",1
"solr_src_java_org_apache_solr_schema_IndexSchema.java","lucene-3.1",248,"False",1
"solr_src_java_org_apache_solr_schema_IndexSchema.java","lucene-3.1",249,"False",1
"solr_src_java_org_apache_solr_schema_IndexSchema.java","lucene-3.1",250,"False",1
"solr_src_java_org_apache_solr_schema_IndexSchema.java","lucene-3.1",251,"False",1
"solr_src_java_org_apache_solr_schema_IndexSchema.java","lucene-3.1",252,"False",1
"solr_src_java_org_apache_solr_schema_IndexSchema.java","lucene-3.1",253,"False",1
"solr_src_java_org_apache_solr_schema_IndexSchema.java","lucene-3.1",254,"False",1
"solr_src_java_org_apache_solr_schema_IndexSchema.java","lucene-3.1",255,"False",1
"solr_src_java_org_apache_solr_schema_IndexSchema.java","lucene-3.1",256,"False",1
"solr_src_java_org_apache_solr_schema_IndexSchema.java","lucene-3.1",257,"False",1
"solr_src_java_org_apache_solr_schema_IndexSchema.java","lucene-3.1",258,"False",1
"solr_src_java_org_apache_solr_schema_IndexSchema.java","lucene-3.1",259,"False",1
"solr_src_java_org_apache_solr_schema_IndexSchema.java","lucene-3.1",260,"False",1
"solr_src_java_org_apache_solr_schema_IndexSchema.java","lucene-3.1",261,"False",1
"solr_src_java_org_apache_solr_schema_IndexSchema.java","lucene-3.1",262,"False",1
"solr_src_java_org_apache_solr_schema_IndexSchema.java","lucene-3.1",263,"False",1
"solr_src_java_org_apache_solr_schema_IndexSchema.java","lucene-3.1",264,"False",1
"solr_src_java_org_apache_solr_schema_IndexSchema.java","lucene-3.1",265,"False",1
"solr_src_java_org_apache_solr_schema_IndexSchema.java","lucene-3.1",266,"False",1
"solr_src_java_org_apache_solr_schema_IndexSchema.java","lucene-3.1",267,"False",1
"solr_src_java_org_apache_solr_schema_IndexSchema.java","lucene-3.1",268,"False",1
"solr_src_java_org_apache_solr_schema_IndexSchema.java","lucene-3.1",269,"False",1
"solr_src_java_org_apache_solr_schema_IndexSchema.java","lucene-3.1",270,"False",1
"solr_src_java_org_apache_solr_schema_IndexSchema.java","lucene-3.1",271,"False",1
"solr_src_java_org_apache_solr_schema_IndexSchema.java","lucene-3.1",272,"False",1
"solr_src_java_org_apache_solr_schema_IndexSchema.java","lucene-3.1",273,"False",1
"solr_src_java_org_apache_solr_schema_IndexSchema.java","lucene-3.1",274,"False",1
"solr_src_java_org_apache_solr_schema_IndexSchema.java","lucene-3.1",275,"False",1
"solr_src_java_org_apache_solr_schema_IndexSchema.java","lucene-3.1",276,"False",1
"solr_src_java_org_apache_solr_schema_IndexSchema.java","lucene-3.1",277,"False",1
"solr_src_java_org_apache_solr_schema_IndexSchema.java","lucene-3.1",278,"False",1
"solr_src_java_org_apache_solr_schema_IndexSchema.java","lucene-3.1",279,"False",1
"solr_src_java_org_apache_solr_schema_IndexSchema.java","lucene-3.1",280,"False",1
"solr_src_java_org_apache_solr_schema_IndexSchema.java","lucene-3.1",281,"False",1
"solr_src_java_org_apache_solr_schema_IndexSchema.java","lucene-3.1",282,"False",1
"solr_src_java_org_apache_solr_schema_IndexSchema.java","lucene-3.1",283,"False",1
"solr_src_java_org_apache_solr_schema_IndexSchema.java","lucene-3.1",284,"False",1
"solr_src_java_org_apache_solr_schema_IndexSchema.java","lucene-3.1",285,"False",1
"solr_src_java_org_apache_solr_schema_IndexSchema.java","lucene-3.1",286,"False",1
"solr_src_java_org_apache_solr_schema_IndexSchema.java","lucene-3.1",287,"False",1
"solr_src_java_org_apache_solr_schema_IndexSchema.java","lucene-3.1",288,"False",1
"solr_src_java_org_apache_solr_schema_IndexSchema.java","lucene-3.1",289,"False",1
"solr_src_java_org_apache_solr_schema_IndexSchema.java","lucene-3.1",290,"False",1
"solr_src_java_org_apache_solr_schema_IndexSchema.java","lucene-3.1",291,"False",1
"solr_src_java_org_apache_solr_schema_IndexSchema.java","lucene-3.1",292,"False",1
"solr_src_java_org_apache_solr_schema_IndexSchema.java","lucene-3.1",293,"False",1
"solr_src_java_org_apache_solr_schema_IndexSchema.java","lucene-3.1",294,"False",1
"solr_src_java_org_apache_solr_schema_IndexSchema.java","lucene-3.1",295,"False",1
"solr_src_java_org_apache_solr_schema_IndexSchema.java","lucene-3.1",296,"False",1
"solr_src_java_org_apache_solr_schema_IndexSchema.java","lucene-3.1",297,"False",1
"solr_src_java_org_apache_solr_schema_IndexSchema.java","lucene-3.1",298,"False",1
"solr_src_java_org_apache_solr_schema_IndexSchema.java","lucene-3.1",299,"False",1
"solr_src_java_org_apache_solr_schema_IndexSchema.java","lucene-3.1",300,"False",1
"solr_src_java_org_apache_solr_schema_IndexSchema.java","lucene-3.1",301,"False",1
"solr_src_java_org_apache_solr_schema_IndexSchema.java","lucene-3.1",302,"False",1
"solr_src_java_org_apache_solr_schema_IndexSchema.java","lucene-3.1",303,"False",1
"solr_src_java_org_apache_solr_schema_IndexSchema.java","lucene-3.1",304,"False",1
"solr_src_java_org_apache_solr_schema_IndexSchema.java","lucene-3.1",305,"False",1
"solr_src_java_org_apache_solr_schema_IndexSchema.java","lucene-3.1",306,"False",1
"solr_src_java_org_apache_solr_schema_IndexSchema.java","lucene-3.1",307,"False",1
"solr_src_java_org_apache_solr_schema_IndexSchema.java","lucene-3.1",308,"False",1
"solr_src_java_org_apache_solr_schema_IndexSchema.java","lucene-3.1",309,"False",1
"solr_src_java_org_apache_solr_schema_IndexSchema.java","lucene-3.1",310,"False",1
"solr_src_java_org_apache_solr_schema_IndexSchema.java","lucene-3.1",311,"False",1
"solr_src_java_org_apache_solr_schema_IndexSchema.java","lucene-3.1",312,"False",1
"solr_src_java_org_apache_solr_schema_IndexSchema.java","lucene-3.1",313,"False",1
"solr_src_java_org_apache_solr_schema_IndexSchema.java","lucene-3.1",314,"False",1
"solr_src_java_org_apache_solr_schema_IndexSchema.java","lucene-3.1",315,"False",1
"solr_src_java_org_apache_solr_schema_IndexSchema.java","lucene-3.1",316,"False",1
"solr_src_java_org_apache_solr_schema_IndexSchema.java","lucene-3.1",317,"False",1
"solr_src_java_org_apache_solr_schema_IndexSchema.java","lucene-3.1",318,"False",1
"solr_src_java_org_apache_solr_schema_IndexSchema.java","lucene-3.1",319,"False",1
"solr_src_java_org_apache_solr_schema_IndexSchema.java","lucene-3.1",320,"False",1
"solr_src_java_org_apache_solr_schema_IndexSchema.java","lucene-3.1",321,"False",1
"solr_src_java_org_apache_solr_schema_IndexSchema.java","lucene-3.1",322,"False",1
"solr_src_java_org_apache_solr_schema_IndexSchema.java","lucene-3.1",323,"False",1
"solr_src_java_org_apache_solr_schema_IndexSchema.java","lucene-3.1",324,"False",1
"solr_src_java_org_apache_solr_schema_IndexSchema.java","lucene-3.1",325,"False",1
"solr_src_java_org_apache_solr_schema_IndexSchema.java","lucene-3.1",326,"False",1
"solr_src_java_org_apache_solr_schema_IndexSchema.java","lucene-3.1",327,"False",1
"solr_src_java_org_apache_solr_schema_IndexSchema.java","lucene-3.1",328,"False",1
"solr_src_java_org_apache_solr_schema_IndexSchema.java","lucene-3.1",329,"False",1
"solr_src_java_org_apache_solr_schema_IndexSchema.java","lucene-3.1",330,"False",1
"solr_src_java_org_apache_solr_schema_IndexSchema.java","lucene-3.1",331,"False",1
"solr_src_java_org_apache_solr_schema_IndexSchema.java","lucene-3.1",332,"False",1
"solr_src_java_org_apache_solr_schema_IndexSchema.java","lucene-3.1",333,"False",1
"solr_src_java_org_apache_solr_schema_IndexSchema.java","lucene-3.1",334,"False",1
"solr_src_java_org_apache_solr_schema_IndexSchema.java","lucene-3.1",335,"False",1
"solr_src_java_org_apache_solr_schema_IndexSchema.java","lucene-3.1",336,"False",1
"solr_src_java_org_apache_solr_schema_IndexSchema.java","lucene-3.1",337,"False",1
"solr_src_java_org_apache_solr_schema_IndexSchema.java","lucene-3.1",338,"False",1
"solr_src_java_org_apache_solr_schema_IndexSchema.java","lucene-3.1",339,"False",1
"solr_src_java_org_apache_solr_schema_IndexSchema.java","lucene-3.1",340,"False",1
"solr_src_java_org_apache_solr_schema_IndexSchema.java","lucene-3.1",341,"False",1
"solr_src_java_org_apache_solr_schema_IndexSchema.java","lucene-3.1",342,"False",1
"solr_src_java_org_apache_solr_schema_IndexSchema.java","lucene-3.1",343,"False",1
"solr_src_java_org_apache_solr_schema_IndexSchema.java","lucene-3.1",344,"False",1
"solr_src_java_org_apache_solr_schema_IndexSchema.java","lucene-3.1",345,"False",1
"solr_src_java_org_apache_solr_schema_IndexSchema.java","lucene-3.1",346,"False",1
"solr_src_java_org_apache_solr_schema_IndexSchema.java","lucene-3.1",347,"False",1
"solr_src_java_org_apache_solr_schema_IndexSchema.java","lucene-3.1",348,"False",1
"solr_src_java_org_apache_solr_schema_IndexSchema.java","lucene-3.1",349,"False",1
"solr_src_java_org_apache_solr_schema_IndexSchema.java","lucene-3.1",350,"False",1
"solr_src_java_org_apache_solr_schema_IndexSchema.java","lucene-3.1",351,"False",1
"solr_src_java_org_apache_solr_schema_IndexSchema.java","lucene-3.1",352,"False",1
"solr_src_java_org_apache_solr_schema_IndexSchema.java","lucene-3.1",353,"False",1
"solr_src_java_org_apache_solr_schema_IndexSchema.java","lucene-3.1",354,"False",1
"solr_src_java_org_apache_solr_schema_IndexSchema.java","lucene-3.1",355,"False",1
"solr_src_java_org_apache_solr_schema_IndexSchema.java","lucene-3.1",356,"False",1
"solr_src_java_org_apache_solr_schema_IndexSchema.java","lucene-3.1",357,"False",1
"solr_src_java_org_apache_solr_schema_IndexSchema.java","lucene-3.1",358,"False",1
"solr_src_java_org_apache_solr_schema_IndexSchema.java","lucene-3.1",359,"False",1
"solr_src_java_org_apache_solr_schema_IndexSchema.java","lucene-3.1",360,"False",1
"solr_src_java_org_apache_solr_schema_IndexSchema.java","lucene-3.1",361,"False",1
"solr_src_java_org_apache_solr_schema_IndexSchema.java","lucene-3.1",362,"False",1
"solr_src_java_org_apache_solr_schema_IndexSchema.java","lucene-3.1",363,"False",1
"solr_src_java_org_apache_solr_schema_IndexSchema.java","lucene-3.1",364,"False",1
"solr_src_java_org_apache_solr_schema_IndexSchema.java","lucene-3.1",365,"False",1
"solr_src_java_org_apache_solr_schema_IndexSchema.java","lucene-3.1",366,"False",1
"solr_src_java_org_apache_solr_schema_IndexSchema.java","lucene-3.1",367,"False",1
"solr_src_java_org_apache_solr_schema_IndexSchema.java","lucene-3.1",368,"False",1
"solr_src_java_org_apache_solr_schema_IndexSchema.java","lucene-3.1",369,"False",1
"solr_src_java_org_apache_solr_schema_IndexSchema.java","lucene-3.1",370,"False",1
"solr_src_java_org_apache_solr_schema_IndexSchema.java","lucene-3.1",371,"False",1
"solr_src_java_org_apache_solr_schema_IndexSchema.java","lucene-3.1",372,"False",1
"solr_src_java_org_apache_solr_schema_IndexSchema.java","lucene-3.1",373,"False",1
"solr_src_java_org_apache_solr_schema_IndexSchema.java","lucene-3.1",374,"False",1
"solr_src_java_org_apache_solr_schema_IndexSchema.java","lucene-3.1",375,"False",1
"solr_src_java_org_apache_solr_schema_IndexSchema.java","lucene-3.1",376,"False",1
"solr_src_java_org_apache_solr_schema_IndexSchema.java","lucene-3.1",377,"False",1
"solr_src_java_org_apache_solr_schema_IndexSchema.java","lucene-3.1",378,"False",1
"solr_src_java_org_apache_solr_schema_IndexSchema.java","lucene-3.1",379,"False",1
"solr_src_java_org_apache_solr_schema_IndexSchema.java","lucene-3.1",380,"False",1
"solr_src_java_org_apache_solr_schema_IndexSchema.java","lucene-3.1",381,"False",1
"solr_src_java_org_apache_solr_schema_IndexSchema.java","lucene-3.1",382,"False",1
"solr_src_java_org_apache_solr_schema_IndexSchema.java","lucene-3.1",383,"False",1
"solr_src_java_org_apache_solr_schema_IndexSchema.java","lucene-3.1",384,"False",1
"solr_src_java_org_apache_solr_schema_IndexSchema.java","lucene-3.1",385,"False",1
"solr_src_java_org_apache_solr_schema_IndexSchema.java","lucene-3.1",386,"False",1
"solr_src_java_org_apache_solr_schema_IndexSchema.java","lucene-3.1",387,"False",1
"solr_src_java_org_apache_solr_schema_IndexSchema.java","lucene-3.1",388,"False",1
"solr_src_java_org_apache_solr_schema_IndexSchema.java","lucene-3.1",389,"False",1
"solr_src_java_org_apache_solr_schema_IndexSchema.java","lucene-3.1",390,"False",1
"solr_src_java_org_apache_solr_schema_IndexSchema.java","lucene-3.1",391,"False",1
"solr_src_java_org_apache_solr_schema_IndexSchema.java","lucene-3.1",392,"False",1
"solr_src_java_org_apache_solr_schema_IndexSchema.java","lucene-3.1",393,"False",1
"solr_src_java_org_apache_solr_schema_IndexSchema.java","lucene-3.1",394,"False",1
"solr_src_java_org_apache_solr_schema_IndexSchema.java","lucene-3.1",395,"False",1
"solr_src_java_org_apache_solr_schema_IndexSchema.java","lucene-3.1",396,"False",1
"solr_src_java_org_apache_solr_schema_IndexSchema.java","lucene-3.1",397,"False",1
"solr_src_java_org_apache_solr_schema_IndexSchema.java","lucene-3.1",398,"False",1
"solr_src_java_org_apache_solr_schema_IndexSchema.java","lucene-3.1",399,"False",1
"solr_src_java_org_apache_solr_schema_IndexSchema.java","lucene-3.1",400,"False",1
"solr_src_java_org_apache_solr_schema_IndexSchema.java","lucene-3.1",401,"False",1
"solr_src_java_org_apache_solr_schema_IndexSchema.java","lucene-3.1",402,"False",1
"solr_src_java_org_apache_solr_schema_IndexSchema.java","lucene-3.1",403,"False",1
"solr_src_java_org_apache_solr_schema_IndexSchema.java","lucene-3.1",404,"False",1
"solr_src_java_org_apache_solr_schema_IndexSchema.java","lucene-3.1",405,"False",1
"solr_src_java_org_apache_solr_schema_IndexSchema.java","lucene-3.1",406,"False",1
"solr_src_java_org_apache_solr_schema_IndexSchema.java","lucene-3.1",407,"False",1
"solr_src_java_org_apache_solr_schema_IndexSchema.java","lucene-3.1",408,"False",1
"solr_src_java_org_apache_solr_schema_IndexSchema.java","lucene-3.1",409,"False",1
"solr_src_java_org_apache_solr_schema_IndexSchema.java","lucene-3.1",410,"False",1
"solr_src_java_org_apache_solr_schema_IndexSchema.java","lucene-3.1",411,"False",1
"solr_src_java_org_apache_solr_schema_IndexSchema.java","lucene-3.1",412,"False",1
"solr_src_java_org_apache_solr_schema_IndexSchema.java","lucene-3.1",413,"False",1
"solr_src_java_org_apache_solr_schema_IndexSchema.java","lucene-3.1",414,"False",1
"solr_src_java_org_apache_solr_schema_IndexSchema.java","lucene-3.1",415,"False",1
"solr_src_java_org_apache_solr_schema_IndexSchema.java","lucene-3.1",416,"False",1
"solr_src_java_org_apache_solr_schema_IndexSchema.java","lucene-3.1",417,"False",1
"solr_src_java_org_apache_solr_schema_IndexSchema.java","lucene-3.1",418,"False",1
"solr_src_java_org_apache_solr_schema_IndexSchema.java","lucene-3.1",419,"False",1
"solr_src_java_org_apache_solr_schema_IndexSchema.java","lucene-3.1",420,"False",1
"solr_src_java_org_apache_solr_schema_IndexSchema.java","lucene-3.1",421,"False",1
"solr_src_java_org_apache_solr_schema_IndexSchema.java","lucene-3.1",422,"False",1
"solr_src_java_org_apache_solr_schema_IndexSchema.java","lucene-3.1",423,"False",1
"solr_src_java_org_apache_solr_schema_IndexSchema.java","lucene-3.1",424,"False",1
"solr_src_java_org_apache_solr_schema_IndexSchema.java","lucene-3.1",425,"False",1
"solr_src_java_org_apache_solr_schema_IndexSchema.java","lucene-3.1",426,"False",1
"solr_src_java_org_apache_solr_schema_IndexSchema.java","lucene-3.1",427,"False",1
"solr_src_java_org_apache_solr_schema_IndexSchema.java","lucene-3.1",428,"False",1
"solr_src_java_org_apache_solr_schema_IndexSchema.java","lucene-3.1",429,"False",1
"solr_src_java_org_apache_solr_schema_IndexSchema.java","lucene-3.1",430,"False",1
"solr_src_java_org_apache_solr_schema_IndexSchema.java","lucene-3.1",431,"False",1
"solr_src_java_org_apache_solr_schema_IndexSchema.java","lucene-3.1",432,"False",1
"solr_src_java_org_apache_solr_schema_IndexSchema.java","lucene-3.1",433,"False",1
"solr_src_java_org_apache_solr_schema_IndexSchema.java","lucene-3.1",434,"False",1
"solr_src_java_org_apache_solr_schema_IndexSchema.java","lucene-3.1",435,"False",1
"solr_src_java_org_apache_solr_schema_IndexSchema.java","lucene-3.1",436,"False",1
"solr_src_java_org_apache_solr_schema_IndexSchema.java","lucene-3.1",437,"False",1
"solr_src_java_org_apache_solr_schema_IndexSchema.java","lucene-3.1",438,"False",1
"solr_src_java_org_apache_solr_schema_IndexSchema.java","lucene-3.1",439,"False",1
"solr_src_java_org_apache_solr_schema_IndexSchema.java","lucene-3.1",440,"False",1
"solr_src_java_org_apache_solr_schema_IndexSchema.java","lucene-3.1",441,"False",1
"solr_src_java_org_apache_solr_schema_IndexSchema.java","lucene-3.1",442,"False",1
"solr_src_java_org_apache_solr_schema_IndexSchema.java","lucene-3.1",443,"False",1
"solr_src_java_org_apache_solr_schema_IndexSchema.java","lucene-3.1",444,"False",1
"solr_src_java_org_apache_solr_schema_IndexSchema.java","lucene-3.1",445,"False",1
"solr_src_java_org_apache_solr_schema_IndexSchema.java","lucene-3.1",446,"False",1
"solr_src_java_org_apache_solr_schema_IndexSchema.java","lucene-3.1",447,"False",1
"solr_src_java_org_apache_solr_schema_IndexSchema.java","lucene-3.1",448,"False",1
"solr_src_java_org_apache_solr_schema_IndexSchema.java","lucene-3.1",449,"False",1
"solr_src_java_org_apache_solr_schema_IndexSchema.java","lucene-3.1",450,"False",1
"solr_src_java_org_apache_solr_schema_IndexSchema.java","lucene-3.1",451,"False",1
"solr_src_java_org_apache_solr_schema_IndexSchema.java","lucene-3.1",452,"False",1
"solr_src_java_org_apache_solr_schema_IndexSchema.java","lucene-3.1",453,"False",1
"solr_src_java_org_apache_solr_schema_IndexSchema.java","lucene-3.1",454,"False",1
"solr_src_java_org_apache_solr_schema_IndexSchema.java","lucene-3.1",455,"False",1
"solr_src_java_org_apache_solr_schema_IndexSchema.java","lucene-3.1",456,"False",1
"solr_src_java_org_apache_solr_schema_IndexSchema.java","lucene-3.1",457,"False",1
"solr_src_java_org_apache_solr_schema_IndexSchema.java","lucene-3.1",458,"False",1
"solr_src_java_org_apache_solr_schema_IndexSchema.java","lucene-3.1",459,"False",1
"solr_src_java_org_apache_solr_schema_IndexSchema.java","lucene-3.1",460,"False",1
"solr_src_java_org_apache_solr_schema_IndexSchema.java","lucene-3.1",461,"False",1
"solr_src_java_org_apache_solr_schema_IndexSchema.java","lucene-3.1",462,"False",1
"solr_src_java_org_apache_solr_schema_IndexSchema.java","lucene-3.1",463,"False",1
"solr_src_java_org_apache_solr_schema_IndexSchema.java","lucene-3.1",464,"False",1
"solr_src_java_org_apache_solr_schema_IndexSchema.java","lucene-3.1",465,"False",1
"solr_src_java_org_apache_solr_schema_IndexSchema.java","lucene-3.1",466,"False",1
"solr_src_java_org_apache_solr_schema_IndexSchema.java","lucene-3.1",467,"False",1
"solr_src_java_org_apache_solr_schema_IndexSchema.java","lucene-3.1",468,"False",1
"solr_src_java_org_apache_solr_schema_IndexSchema.java","lucene-3.1",469,"False",1
"solr_src_java_org_apache_solr_schema_IndexSchema.java","lucene-3.1",470,"False",1
"solr_src_java_org_apache_solr_schema_IndexSchema.java","lucene-3.1",471,"False",1
"solr_src_java_org_apache_solr_schema_IndexSchema.java","lucene-3.1",472,"False",1
"solr_src_java_org_apache_solr_schema_IndexSchema.java","lucene-3.1",473,"False",1
"solr_src_java_org_apache_solr_schema_IndexSchema.java","lucene-3.1",474,"False",1
"solr_src_java_org_apache_solr_schema_IndexSchema.java","lucene-3.1",475,"False",1
"solr_src_java_org_apache_solr_schema_IndexSchema.java","lucene-3.1",476,"False",1
"solr_src_java_org_apache_solr_schema_IndexSchema.java","lucene-3.1",477,"False",1
"solr_src_java_org_apache_solr_schema_IndexSchema.java","lucene-3.1",478,"False",1
"solr_src_java_org_apache_solr_schema_IndexSchema.java","lucene-3.1",479,"False",1
"solr_src_java_org_apache_solr_schema_IndexSchema.java","lucene-3.1",480,"False",1
"solr_src_java_org_apache_solr_schema_IndexSchema.java","lucene-3.1",481,"False",1
"solr_src_java_org_apache_solr_schema_IndexSchema.java","lucene-3.1",482,"False",1
"solr_src_java_org_apache_solr_schema_IndexSchema.java","lucene-3.1",483,"False",1
"solr_src_java_org_apache_solr_schema_IndexSchema.java","lucene-3.1",484,"False",1
"solr_src_java_org_apache_solr_schema_IndexSchema.java","lucene-3.1",485,"False",1
"solr_src_java_org_apache_solr_schema_IndexSchema.java","lucene-3.1",486,"False",1
"solr_src_java_org_apache_solr_schema_IndexSchema.java","lucene-3.1",487,"False",1
"solr_src_java_org_apache_solr_schema_IndexSchema.java","lucene-3.1",488,"False",1
"solr_src_java_org_apache_solr_schema_IndexSchema.java","lucene-3.1",489,"False",1
"solr_src_java_org_apache_solr_schema_IndexSchema.java","lucene-3.1",490,"False",1
"solr_src_java_org_apache_solr_schema_IndexSchema.java","lucene-3.1",491,"False",1
"solr_src_java_org_apache_solr_schema_IndexSchema.java","lucene-3.1",492,"False",1
"solr_src_java_org_apache_solr_schema_IndexSchema.java","lucene-3.1",493,"False",1
"solr_src_java_org_apache_solr_schema_IndexSchema.java","lucene-3.1",494,"False",1
"solr_src_java_org_apache_solr_schema_IndexSchema.java","lucene-3.1",495,"True",3
"solr_src_java_org_apache_solr_schema_IndexSchema.java","lucene-3.1",496,"False",1
"solr_src_java_org_apache_solr_schema_IndexSchema.java","lucene-3.1",497,"False",1
"solr_src_java_org_apache_solr_schema_IndexSchema.java","lucene-3.1",498,"False",1
"solr_src_java_org_apache_solr_schema_IndexSchema.java","lucene-3.1",499,"False",1
"solr_src_java_org_apache_solr_schema_IndexSchema.java","lucene-3.1",500,"False",1
"solr_src_java_org_apache_solr_schema_IndexSchema.java","lucene-3.1",501,"False",1
"solr_src_java_org_apache_solr_schema_IndexSchema.java","lucene-3.1",502,"False",1
"solr_src_java_org_apache_solr_schema_IndexSchema.java","lucene-3.1",503,"False",1
"solr_src_java_org_apache_solr_schema_IndexSchema.java","lucene-3.1",504,"False",1
"solr_src_java_org_apache_solr_schema_IndexSchema.java","lucene-3.1",505,"False",1
"solr_src_java_org_apache_solr_schema_IndexSchema.java","lucene-3.1",506,"False",1
"solr_src_java_org_apache_solr_schema_IndexSchema.java","lucene-3.1",507,"False",1
"solr_src_java_org_apache_solr_schema_IndexSchema.java","lucene-3.1",508,"False",1
"solr_src_java_org_apache_solr_schema_IndexSchema.java","lucene-3.1",509,"False",1
"solr_src_java_org_apache_solr_schema_IndexSchema.java","lucene-3.1",510,"False",1
"solr_src_java_org_apache_solr_schema_IndexSchema.java","lucene-3.1",511,"False",1
"solr_src_java_org_apache_solr_schema_IndexSchema.java","lucene-3.1",512,"False",1
"solr_src_java_org_apache_solr_schema_IndexSchema.java","lucene-3.1",513,"False",1
"solr_src_java_org_apache_solr_schema_IndexSchema.java","lucene-3.1",514,"False",1
"solr_src_java_org_apache_solr_schema_IndexSchema.java","lucene-3.1",515,"False",1
"solr_src_java_org_apache_solr_schema_IndexSchema.java","lucene-3.1",516,"False",1
"solr_src_java_org_apache_solr_schema_IndexSchema.java","lucene-3.1",517,"False",1
"solr_src_java_org_apache_solr_schema_IndexSchema.java","lucene-3.1",518,"False",1
"solr_src_java_org_apache_solr_schema_IndexSchema.java","lucene-3.1",519,"False",1
"solr_src_java_org_apache_solr_schema_IndexSchema.java","lucene-3.1",520,"False",1
"solr_src_java_org_apache_solr_schema_IndexSchema.java","lucene-3.1",521,"False",1
"solr_src_java_org_apache_solr_schema_IndexSchema.java","lucene-3.1",522,"False",1
"solr_src_java_org_apache_solr_schema_IndexSchema.java","lucene-3.1",523,"False",1
"solr_src_java_org_apache_solr_schema_IndexSchema.java","lucene-3.1",524,"False",1
"solr_src_java_org_apache_solr_schema_IndexSchema.java","lucene-3.1",525,"False",1
"solr_src_java_org_apache_solr_schema_IndexSchema.java","lucene-3.1",526,"False",1
"solr_src_java_org_apache_solr_schema_IndexSchema.java","lucene-3.1",527,"False",1
"solr_src_java_org_apache_solr_schema_IndexSchema.java","lucene-3.1",528,"False",1
"solr_src_java_org_apache_solr_schema_IndexSchema.java","lucene-3.1",529,"False",1
"solr_src_java_org_apache_solr_schema_IndexSchema.java","lucene-3.1",530,"False",1
"solr_src_java_org_apache_solr_schema_IndexSchema.java","lucene-3.1",531,"False",1
"solr_src_java_org_apache_solr_schema_IndexSchema.java","lucene-3.1",532,"False",1
"solr_src_java_org_apache_solr_schema_IndexSchema.java","lucene-3.1",533,"False",1
"solr_src_java_org_apache_solr_schema_IndexSchema.java","lucene-3.1",534,"False",1
"solr_src_java_org_apache_solr_schema_IndexSchema.java","lucene-3.1",535,"False",1
"solr_src_java_org_apache_solr_schema_IndexSchema.java","lucene-3.1",536,"False",1
"solr_src_java_org_apache_solr_schema_IndexSchema.java","lucene-3.1",537,"False",1
"solr_src_java_org_apache_solr_schema_IndexSchema.java","lucene-3.1",538,"False",1
"solr_src_java_org_apache_solr_schema_IndexSchema.java","lucene-3.1",539,"False",1
"solr_src_java_org_apache_solr_schema_IndexSchema.java","lucene-3.1",540,"False",1
"solr_src_java_org_apache_solr_schema_IndexSchema.java","lucene-3.1",541,"False",1
"solr_src_java_org_apache_solr_schema_IndexSchema.java","lucene-3.1",542,"False",1
"solr_src_java_org_apache_solr_schema_IndexSchema.java","lucene-3.1",543,"False",1
"solr_src_java_org_apache_solr_schema_IndexSchema.java","lucene-3.1",544,"False",1
"solr_src_java_org_apache_solr_schema_IndexSchema.java","lucene-3.1",545,"False",1
"solr_src_java_org_apache_solr_schema_IndexSchema.java","lucene-3.1",546,"False",1
"solr_src_java_org_apache_solr_schema_IndexSchema.java","lucene-3.1",547,"False",1
"solr_src_java_org_apache_solr_schema_IndexSchema.java","lucene-3.1",548,"False",1
"solr_src_java_org_apache_solr_schema_IndexSchema.java","lucene-3.1",549,"False",1
"solr_src_java_org_apache_solr_schema_IndexSchema.java","lucene-3.1",550,"False",1
"solr_src_java_org_apache_solr_schema_IndexSchema.java","lucene-3.1",551,"False",1
"solr_src_java_org_apache_solr_schema_IndexSchema.java","lucene-3.1",552,"False",1
"solr_src_java_org_apache_solr_schema_IndexSchema.java","lucene-3.1",553,"False",1
"solr_src_java_org_apache_solr_schema_IndexSchema.java","lucene-3.1",554,"False",1
"solr_src_java_org_apache_solr_schema_IndexSchema.java","lucene-3.1",555,"False",1
"solr_src_java_org_apache_solr_schema_IndexSchema.java","lucene-3.1",556,"False",1
"solr_src_java_org_apache_solr_schema_IndexSchema.java","lucene-3.1",557,"False",1
"solr_src_java_org_apache_solr_schema_IndexSchema.java","lucene-3.1",558,"False",1
"solr_src_java_org_apache_solr_schema_IndexSchema.java","lucene-3.1",559,"False",1
"solr_src_java_org_apache_solr_schema_IndexSchema.java","lucene-3.1",560,"False",1
"solr_src_java_org_apache_solr_schema_IndexSchema.java","lucene-3.1",561,"False",1
"solr_src_java_org_apache_solr_schema_IndexSchema.java","lucene-3.1",562,"False",1
"solr_src_java_org_apache_solr_schema_IndexSchema.java","lucene-3.1",563,"False",1
"solr_src_java_org_apache_solr_schema_IndexSchema.java","lucene-3.1",564,"False",1
"solr_src_java_org_apache_solr_schema_IndexSchema.java","lucene-3.1",565,"False",1
"solr_src_java_org_apache_solr_schema_IndexSchema.java","lucene-3.1",566,"False",1
"solr_src_java_org_apache_solr_schema_IndexSchema.java","lucene-3.1",567,"False",1
"solr_src_java_org_apache_solr_schema_IndexSchema.java","lucene-3.1",568,"False",1
"solr_src_java_org_apache_solr_schema_IndexSchema.java","lucene-3.1",569,"False",1
"solr_src_java_org_apache_solr_schema_IndexSchema.java","lucene-3.1",570,"False",1
"solr_src_java_org_apache_solr_schema_IndexSchema.java","lucene-3.1",571,"False",1
"solr_src_java_org_apache_solr_schema_IndexSchema.java","lucene-3.1",572,"False",1
"solr_src_java_org_apache_solr_schema_IndexSchema.java","lucene-3.1",573,"False",1
"solr_src_java_org_apache_solr_schema_IndexSchema.java","lucene-3.1",574,"False",1
"solr_src_java_org_apache_solr_schema_IndexSchema.java","lucene-3.1",575,"False",1
"solr_src_java_org_apache_solr_schema_IndexSchema.java","lucene-3.1",576,"False",1
"solr_src_java_org_apache_solr_schema_IndexSchema.java","lucene-3.1",577,"False",1
"solr_src_java_org_apache_solr_schema_IndexSchema.java","lucene-3.1",578,"False",1
"solr_src_java_org_apache_solr_schema_IndexSchema.java","lucene-3.1",579,"False",1
"solr_src_java_org_apache_solr_schema_IndexSchema.java","lucene-3.1",580,"False",1
"solr_src_java_org_apache_solr_schema_IndexSchema.java","lucene-3.1",581,"False",1
"solr_src_java_org_apache_solr_schema_IndexSchema.java","lucene-3.1",582,"False",1
"solr_src_java_org_apache_solr_schema_IndexSchema.java","lucene-3.1",583,"False",1
"solr_src_java_org_apache_solr_schema_IndexSchema.java","lucene-3.1",584,"False",1
"solr_src_java_org_apache_solr_schema_IndexSchema.java","lucene-3.1",585,"False",1
"solr_src_java_org_apache_solr_schema_IndexSchema.java","lucene-3.1",586,"False",1
"solr_src_java_org_apache_solr_schema_IndexSchema.java","lucene-3.1",587,"False",1
"solr_src_java_org_apache_solr_schema_IndexSchema.java","lucene-3.1",588,"False",1
"solr_src_java_org_apache_solr_schema_IndexSchema.java","lucene-3.1",589,"False",1
"solr_src_java_org_apache_solr_schema_IndexSchema.java","lucene-3.1",590,"False",1
"solr_src_java_org_apache_solr_schema_IndexSchema.java","lucene-3.1",591,"False",1
"solr_src_java_org_apache_solr_schema_IndexSchema.java","lucene-3.1",592,"False",1
"solr_src_java_org_apache_solr_schema_IndexSchema.java","lucene-3.1",593,"False",1
"solr_src_java_org_apache_solr_schema_IndexSchema.java","lucene-3.1",594,"False",1
"solr_src_java_org_apache_solr_schema_IndexSchema.java","lucene-3.1",595,"False",1
"solr_src_java_org_apache_solr_schema_IndexSchema.java","lucene-3.1",596,"False",1
"solr_src_java_org_apache_solr_schema_IndexSchema.java","lucene-3.1",597,"False",1
"solr_src_java_org_apache_solr_schema_IndexSchema.java","lucene-3.1",598,"False",1
"solr_src_java_org_apache_solr_schema_IndexSchema.java","lucene-3.1",599,"False",1
"solr_src_java_org_apache_solr_schema_IndexSchema.java","lucene-3.1",600,"False",1
"solr_src_java_org_apache_solr_schema_IndexSchema.java","lucene-3.1",601,"False",1
"solr_src_java_org_apache_solr_schema_IndexSchema.java","lucene-3.1",602,"False",1
"solr_src_java_org_apache_solr_schema_IndexSchema.java","lucene-3.1",603,"False",1
"solr_src_java_org_apache_solr_schema_IndexSchema.java","lucene-3.1",604,"False",1
"solr_src_java_org_apache_solr_schema_IndexSchema.java","lucene-3.1",605,"False",1
"solr_src_java_org_apache_solr_schema_IndexSchema.java","lucene-3.1",606,"False",1
"solr_src_java_org_apache_solr_schema_IndexSchema.java","lucene-3.1",607,"False",1
"solr_src_java_org_apache_solr_schema_IndexSchema.java","lucene-3.1",608,"False",1
"solr_src_java_org_apache_solr_schema_IndexSchema.java","lucene-3.1",609,"False",1
"solr_src_java_org_apache_solr_schema_IndexSchema.java","lucene-3.1",610,"False",1
"solr_src_java_org_apache_solr_schema_IndexSchema.java","lucene-3.1",611,"False",1
"solr_src_java_org_apache_solr_schema_IndexSchema.java","lucene-3.1",612,"False",1
"solr_src_java_org_apache_solr_schema_IndexSchema.java","lucene-3.1",613,"False",1
"solr_src_java_org_apache_solr_schema_IndexSchema.java","lucene-3.1",614,"False",1
"solr_src_java_org_apache_solr_schema_IndexSchema.java","lucene-3.1",615,"False",1
"solr_src_java_org_apache_solr_schema_IndexSchema.java","lucene-3.1",616,"False",1
"solr_src_java_org_apache_solr_schema_IndexSchema.java","lucene-3.1",617,"False",1
"solr_src_java_org_apache_solr_schema_IndexSchema.java","lucene-3.1",618,"False",1
"solr_src_java_org_apache_solr_schema_IndexSchema.java","lucene-3.1",619,"False",1
"solr_src_java_org_apache_solr_schema_IndexSchema.java","lucene-3.1",620,"False",1
"solr_src_java_org_apache_solr_schema_IndexSchema.java","lucene-3.1",621,"False",1
"solr_src_java_org_apache_solr_schema_IndexSchema.java","lucene-3.1",622,"False",1
"solr_src_java_org_apache_solr_schema_IndexSchema.java","lucene-3.1",623,"False",1
"solr_src_java_org_apache_solr_schema_IndexSchema.java","lucene-3.1",624,"False",1
"solr_src_java_org_apache_solr_schema_IndexSchema.java","lucene-3.1",625,"False",1
"solr_src_java_org_apache_solr_schema_IndexSchema.java","lucene-3.1",626,"False",1
"solr_src_java_org_apache_solr_schema_IndexSchema.java","lucene-3.1",627,"False",1
"solr_src_java_org_apache_solr_schema_IndexSchema.java","lucene-3.1",628,"True",2
"solr_src_java_org_apache_solr_schema_IndexSchema.java","lucene-3.1",629,"False",1
"solr_src_java_org_apache_solr_schema_IndexSchema.java","lucene-3.1",630,"False",1
"solr_src_java_org_apache_solr_schema_IndexSchema.java","lucene-3.1",631,"False",1
"solr_src_java_org_apache_solr_schema_IndexSchema.java","lucene-3.1",632,"False",1
"solr_src_java_org_apache_solr_schema_IndexSchema.java","lucene-3.1",633,"False",1
"solr_src_java_org_apache_solr_schema_IndexSchema.java","lucene-3.1",634,"False",1
"solr_src_java_org_apache_solr_schema_IndexSchema.java","lucene-3.1",635,"False",1
"solr_src_java_org_apache_solr_schema_IndexSchema.java","lucene-3.1",636,"False",1
"solr_src_java_org_apache_solr_schema_IndexSchema.java","lucene-3.1",637,"False",1
"solr_src_java_org_apache_solr_schema_IndexSchema.java","lucene-3.1",638,"False",1
"solr_src_java_org_apache_solr_schema_IndexSchema.java","lucene-3.1",639,"False",1
"solr_src_java_org_apache_solr_schema_IndexSchema.java","lucene-3.1",640,"False",1
"solr_src_java_org_apache_solr_schema_IndexSchema.java","lucene-3.1",641,"False",1
"solr_src_java_org_apache_solr_schema_IndexSchema.java","lucene-3.1",642,"False",1
"solr_src_java_org_apache_solr_schema_IndexSchema.java","lucene-3.1",643,"False",1
"solr_src_java_org_apache_solr_schema_IndexSchema.java","lucene-3.1",644,"False",1
"solr_src_java_org_apache_solr_schema_IndexSchema.java","lucene-3.1",645,"False",1
"solr_src_java_org_apache_solr_schema_IndexSchema.java","lucene-3.1",646,"False",1
"solr_src_java_org_apache_solr_schema_IndexSchema.java","lucene-3.1",647,"False",1
"solr_src_java_org_apache_solr_schema_IndexSchema.java","lucene-3.1",648,"False",1
"solr_src_java_org_apache_solr_schema_IndexSchema.java","lucene-3.1",649,"False",1
"solr_src_java_org_apache_solr_schema_IndexSchema.java","lucene-3.1",650,"False",1
"solr_src_java_org_apache_solr_schema_IndexSchema.java","lucene-3.1",651,"False",1
"solr_src_java_org_apache_solr_schema_IndexSchema.java","lucene-3.1",652,"False",1
"solr_src_java_org_apache_solr_schema_IndexSchema.java","lucene-3.1",653,"False",1
"solr_src_java_org_apache_solr_schema_IndexSchema.java","lucene-3.1",654,"False",1
"solr_src_java_org_apache_solr_schema_IndexSchema.java","lucene-3.1",655,"False",1
"solr_src_java_org_apache_solr_schema_IndexSchema.java","lucene-3.1",656,"False",1
"solr_src_java_org_apache_solr_schema_IndexSchema.java","lucene-3.1",657,"False",1
"solr_src_java_org_apache_solr_schema_IndexSchema.java","lucene-3.1",658,"False",1
"solr_src_java_org_apache_solr_schema_IndexSchema.java","lucene-3.1",659,"False",1
"solr_src_java_org_apache_solr_schema_IndexSchema.java","lucene-3.1",660,"False",1
"solr_src_java_org_apache_solr_schema_IndexSchema.java","lucene-3.1",661,"False",1
"solr_src_java_org_apache_solr_schema_IndexSchema.java","lucene-3.1",662,"False",1
"solr_src_java_org_apache_solr_schema_IndexSchema.java","lucene-3.1",663,"True",2
"solr_src_java_org_apache_solr_schema_IndexSchema.java","lucene-3.1",664,"False",1
"solr_src_java_org_apache_solr_schema_IndexSchema.java","lucene-3.1",665,"False",1
"solr_src_java_org_apache_solr_schema_IndexSchema.java","lucene-3.1",666,"False",1
"solr_src_java_org_apache_solr_schema_IndexSchema.java","lucene-3.1",667,"False",1
"solr_src_java_org_apache_solr_schema_IndexSchema.java","lucene-3.1",668,"False",1
"solr_src_java_org_apache_solr_schema_IndexSchema.java","lucene-3.1",669,"False",1
"solr_src_java_org_apache_solr_schema_IndexSchema.java","lucene-3.1",670,"False",1
"solr_src_java_org_apache_solr_schema_IndexSchema.java","lucene-3.1",671,"False",1
"solr_src_java_org_apache_solr_schema_IndexSchema.java","lucene-3.1",672,"False",1
"solr_src_java_org_apache_solr_schema_IndexSchema.java","lucene-3.1",673,"False",1
"solr_src_java_org_apache_solr_schema_IndexSchema.java","lucene-3.1",674,"False",1
"solr_src_java_org_apache_solr_schema_IndexSchema.java","lucene-3.1",675,"False",1
"solr_src_java_org_apache_solr_schema_IndexSchema.java","lucene-3.1",676,"False",1
"solr_src_java_org_apache_solr_schema_IndexSchema.java","lucene-3.1",677,"False",1
"solr_src_java_org_apache_solr_schema_IndexSchema.java","lucene-3.1",678,"False",1
"solr_src_java_org_apache_solr_schema_IndexSchema.java","lucene-3.1",679,"False",1
"solr_src_java_org_apache_solr_schema_IndexSchema.java","lucene-3.1",680,"False",1
"solr_src_java_org_apache_solr_schema_IndexSchema.java","lucene-3.1",681,"False",1
"solr_src_java_org_apache_solr_schema_IndexSchema.java","lucene-3.1",682,"False",1
"solr_src_java_org_apache_solr_schema_IndexSchema.java","lucene-3.1",683,"False",1
"solr_src_java_org_apache_solr_schema_IndexSchema.java","lucene-3.1",684,"False",1
"solr_src_java_org_apache_solr_schema_IndexSchema.java","lucene-3.1",685,"False",1
"solr_src_java_org_apache_solr_schema_IndexSchema.java","lucene-3.1",686,"False",1
"solr_src_java_org_apache_solr_schema_IndexSchema.java","lucene-3.1",687,"False",1
"solr_src_java_org_apache_solr_schema_IndexSchema.java","lucene-3.1",688,"False",1
"solr_src_java_org_apache_solr_schema_IndexSchema.java","lucene-3.1",689,"False",1
"solr_src_java_org_apache_solr_schema_IndexSchema.java","lucene-3.1",690,"False",1
"solr_src_java_org_apache_solr_schema_IndexSchema.java","lucene-3.1",691,"False",1
"solr_src_java_org_apache_solr_schema_IndexSchema.java","lucene-3.1",692,"False",1
"solr_src_java_org_apache_solr_schema_IndexSchema.java","lucene-3.1",693,"False",1
"solr_src_java_org_apache_solr_schema_IndexSchema.java","lucene-3.1",694,"False",1
"solr_src_java_org_apache_solr_schema_IndexSchema.java","lucene-3.1",695,"False",1
"solr_src_java_org_apache_solr_schema_IndexSchema.java","lucene-3.1",696,"False",1
"solr_src_java_org_apache_solr_schema_IndexSchema.java","lucene-3.1",697,"False",1
"solr_src_java_org_apache_solr_schema_IndexSchema.java","lucene-3.1",698,"False",1
"solr_src_java_org_apache_solr_schema_IndexSchema.java","lucene-3.1",699,"False",1
"solr_src_java_org_apache_solr_schema_IndexSchema.java","lucene-3.1",700,"False",1
"solr_src_java_org_apache_solr_schema_IndexSchema.java","lucene-3.1",701,"False",1
"solr_src_java_org_apache_solr_schema_IndexSchema.java","lucene-3.1",702,"False",1
"solr_src_java_org_apache_solr_schema_IndexSchema.java","lucene-3.1",703,"False",1
"solr_src_java_org_apache_solr_schema_IndexSchema.java","lucene-3.1",704,"False",1
"solr_src_java_org_apache_solr_schema_IndexSchema.java","lucene-3.1",705,"False",1
"solr_src_java_org_apache_solr_schema_IndexSchema.java","lucene-3.1",706,"False",1
"solr_src_java_org_apache_solr_schema_IndexSchema.java","lucene-3.1",707,"False",1
"solr_src_java_org_apache_solr_schema_IndexSchema.java","lucene-3.1",708,"False",1
"solr_src_java_org_apache_solr_schema_IndexSchema.java","lucene-3.1",709,"False",1
"solr_src_java_org_apache_solr_schema_IndexSchema.java","lucene-3.1",710,"False",1
"solr_src_java_org_apache_solr_schema_IndexSchema.java","lucene-3.1",711,"False",1
"solr_src_java_org_apache_solr_schema_IndexSchema.java","lucene-3.1",712,"False",1
"solr_src_java_org_apache_solr_schema_IndexSchema.java","lucene-3.1",713,"False",1
"solr_src_java_org_apache_solr_schema_IndexSchema.java","lucene-3.1",714,"False",1
"solr_src_java_org_apache_solr_schema_IndexSchema.java","lucene-3.1",715,"False",1
"solr_src_java_org_apache_solr_schema_IndexSchema.java","lucene-3.1",716,"False",1
"solr_src_java_org_apache_solr_schema_IndexSchema.java","lucene-3.1",717,"False",1
"solr_src_java_org_apache_solr_schema_IndexSchema.java","lucene-3.1",718,"False",1
"solr_src_java_org_apache_solr_schema_IndexSchema.java","lucene-3.1",719,"False",1
"solr_src_java_org_apache_solr_schema_IndexSchema.java","lucene-3.1",720,"False",1
"solr_src_java_org_apache_solr_schema_IndexSchema.java","lucene-3.1",721,"False",1
"solr_src_java_org_apache_solr_schema_IndexSchema.java","lucene-3.1",722,"False",1
"solr_src_java_org_apache_solr_schema_IndexSchema.java","lucene-3.1",723,"False",1
"solr_src_java_org_apache_solr_schema_IndexSchema.java","lucene-3.1",724,"False",1
"solr_src_java_org_apache_solr_schema_IndexSchema.java","lucene-3.1",725,"True",2
"solr_src_java_org_apache_solr_schema_IndexSchema.java","lucene-3.1",726,"False",1
"solr_src_java_org_apache_solr_schema_IndexSchema.java","lucene-3.1",727,"False",1
"solr_src_java_org_apache_solr_schema_IndexSchema.java","lucene-3.1",728,"False",1
"solr_src_java_org_apache_solr_schema_IndexSchema.java","lucene-3.1",729,"False",1
"solr_src_java_org_apache_solr_schema_IndexSchema.java","lucene-3.1",730,"False",1
"solr_src_java_org_apache_solr_schema_IndexSchema.java","lucene-3.1",731,"False",1
"solr_src_java_org_apache_solr_schema_IndexSchema.java","lucene-3.1",732,"False",1
"solr_src_java_org_apache_solr_schema_IndexSchema.java","lucene-3.1",733,"False",1
"solr_src_java_org_apache_solr_schema_IndexSchema.java","lucene-3.1",734,"False",1
"solr_src_java_org_apache_solr_schema_IndexSchema.java","lucene-3.1",735,"False",1
"solr_src_java_org_apache_solr_schema_IndexSchema.java","lucene-3.1",736,"False",1
"solr_src_java_org_apache_solr_schema_IndexSchema.java","lucene-3.1",737,"False",1
"solr_src_java_org_apache_solr_schema_IndexSchema.java","lucene-3.1",738,"False",1
"solr_src_java_org_apache_solr_schema_IndexSchema.java","lucene-3.1",739,"False",1
"solr_src_java_org_apache_solr_schema_IndexSchema.java","lucene-3.1",740,"False",1
"solr_src_java_org_apache_solr_schema_IndexSchema.java","lucene-3.1",741,"False",1
"solr_src_java_org_apache_solr_schema_IndexSchema.java","lucene-3.1",742,"False",1
"solr_src_java_org_apache_solr_schema_IndexSchema.java","lucene-3.1",743,"False",1
"solr_src_java_org_apache_solr_schema_IndexSchema.java","lucene-3.1",744,"False",1
"solr_src_java_org_apache_solr_schema_IndexSchema.java","lucene-3.1",745,"False",1
"solr_src_java_org_apache_solr_schema_IndexSchema.java","lucene-3.1",746,"False",1
"solr_src_java_org_apache_solr_schema_IndexSchema.java","lucene-3.1",747,"False",1
"solr_src_java_org_apache_solr_schema_IndexSchema.java","lucene-3.1",748,"False",1
"solr_src_java_org_apache_solr_schema_IndexSchema.java","lucene-3.1",749,"False",1
"solr_src_java_org_apache_solr_schema_IndexSchema.java","lucene-3.1",750,"False",1
"solr_src_java_org_apache_solr_schema_IndexSchema.java","lucene-3.1",751,"False",1
"solr_src_java_org_apache_solr_schema_IndexSchema.java","lucene-3.1",752,"False",1
"solr_src_java_org_apache_solr_schema_IndexSchema.java","lucene-3.1",753,"False",1
"solr_src_java_org_apache_solr_schema_IndexSchema.java","lucene-3.1",754,"False",1
"solr_src_java_org_apache_solr_schema_IndexSchema.java","lucene-3.1",755,"False",1
"solr_src_java_org_apache_solr_schema_IndexSchema.java","lucene-3.1",756,"False",1
"solr_src_java_org_apache_solr_schema_IndexSchema.java","lucene-3.1",757,"False",1
"solr_src_java_org_apache_solr_schema_IndexSchema.java","lucene-3.1",758,"False",1
"solr_src_java_org_apache_solr_schema_IndexSchema.java","lucene-3.1",759,"False",1
"solr_src_java_org_apache_solr_schema_IndexSchema.java","lucene-3.1",760,"False",1
"solr_src_java_org_apache_solr_schema_IndexSchema.java","lucene-3.1",761,"False",1
"solr_src_java_org_apache_solr_schema_IndexSchema.java","lucene-3.1",762,"False",1
"solr_src_java_org_apache_solr_schema_IndexSchema.java","lucene-3.1",763,"False",1
"solr_src_java_org_apache_solr_schema_IndexSchema.java","lucene-3.1",764,"False",1
"solr_src_java_org_apache_solr_schema_IndexSchema.java","lucene-3.1",765,"False",1
"solr_src_java_org_apache_solr_schema_IndexSchema.java","lucene-3.1",766,"False",1
"solr_src_java_org_apache_solr_schema_IndexSchema.java","lucene-3.1",767,"False",1
"solr_src_java_org_apache_solr_schema_IndexSchema.java","lucene-3.1",768,"False",1
"solr_src_java_org_apache_solr_schema_IndexSchema.java","lucene-3.1",769,"False",1
"solr_src_java_org_apache_solr_schema_IndexSchema.java","lucene-3.1",770,"False",1
"solr_src_java_org_apache_solr_schema_IndexSchema.java","lucene-3.1",771,"False",1
"solr_src_java_org_apache_solr_schema_IndexSchema.java","lucene-3.1",772,"False",1
"solr_src_java_org_apache_solr_schema_IndexSchema.java","lucene-3.1",773,"False",1
"solr_src_java_org_apache_solr_schema_IndexSchema.java","lucene-3.1",774,"False",1
"solr_src_java_org_apache_solr_schema_IndexSchema.java","lucene-3.1",775,"False",1
"solr_src_java_org_apache_solr_schema_IndexSchema.java","lucene-3.1",776,"False",1
"solr_src_java_org_apache_solr_schema_IndexSchema.java","lucene-3.1",777,"False",1
"solr_src_java_org_apache_solr_schema_IndexSchema.java","lucene-3.1",778,"False",1
"solr_src_java_org_apache_solr_schema_IndexSchema.java","lucene-3.1",779,"False",1
"solr_src_java_org_apache_solr_schema_IndexSchema.java","lucene-3.1",780,"False",1
"solr_src_java_org_apache_solr_schema_IndexSchema.java","lucene-3.1",781,"False",1
"solr_src_java_org_apache_solr_schema_IndexSchema.java","lucene-3.1",782,"False",1
"solr_src_java_org_apache_solr_schema_IndexSchema.java","lucene-3.1",783,"False",1
"solr_src_java_org_apache_solr_schema_IndexSchema.java","lucene-3.1",784,"False",1
"solr_src_java_org_apache_solr_schema_IndexSchema.java","lucene-3.1",785,"False",1
"solr_src_java_org_apache_solr_schema_IndexSchema.java","lucene-3.1",786,"False",1
"solr_src_java_org_apache_solr_schema_IndexSchema.java","lucene-3.1",787,"False",1
"solr_src_java_org_apache_solr_schema_IndexSchema.java","lucene-3.1",788,"False",1
"solr_src_java_org_apache_solr_schema_IndexSchema.java","lucene-3.1",789,"False",1
"solr_src_java_org_apache_solr_schema_IndexSchema.java","lucene-3.1",790,"False",1
"solr_src_java_org_apache_solr_schema_IndexSchema.java","lucene-3.1",791,"False",1
"solr_src_java_org_apache_solr_schema_IndexSchema.java","lucene-3.1",792,"False",1
"solr_src_java_org_apache_solr_schema_IndexSchema.java","lucene-3.1",793,"False",1
"solr_src_java_org_apache_solr_schema_IndexSchema.java","lucene-3.1",794,"False",1
"solr_src_java_org_apache_solr_schema_IndexSchema.java","lucene-3.1",795,"False",1
"solr_src_java_org_apache_solr_schema_IndexSchema.java","lucene-3.1",796,"False",1
"solr_src_java_org_apache_solr_schema_IndexSchema.java","lucene-3.1",797,"False",1
"solr_src_java_org_apache_solr_schema_IndexSchema.java","lucene-3.1",798,"False",1
"solr_src_java_org_apache_solr_schema_IndexSchema.java","lucene-3.1",799,"False",1
"solr_src_java_org_apache_solr_schema_IndexSchema.java","lucene-3.1",800,"False",1
"solr_src_java_org_apache_solr_schema_IndexSchema.java","lucene-3.1",801,"False",1
"solr_src_java_org_apache_solr_schema_IndexSchema.java","lucene-3.1",802,"False",1
"solr_src_java_org_apache_solr_schema_IndexSchema.java","lucene-3.1",803,"False",1
"solr_src_java_org_apache_solr_schema_IndexSchema.java","lucene-3.1",804,"False",1
"solr_src_java_org_apache_solr_schema_IndexSchema.java","lucene-3.1",805,"False",1
"solr_src_java_org_apache_solr_schema_IndexSchema.java","lucene-3.1",806,"False",1
"solr_src_java_org_apache_solr_schema_IndexSchema.java","lucene-3.1",807,"False",1
"solr_src_java_org_apache_solr_schema_IndexSchema.java","lucene-3.1",808,"False",1
"solr_src_java_org_apache_solr_schema_IndexSchema.java","lucene-3.1",809,"False",1
"solr_src_java_org_apache_solr_schema_IndexSchema.java","lucene-3.1",810,"False",1
"solr_src_java_org_apache_solr_schema_IndexSchema.java","lucene-3.1",811,"False",1
"solr_src_java_org_apache_solr_schema_IndexSchema.java","lucene-3.1",812,"False",1
"solr_src_java_org_apache_solr_schema_IndexSchema.java","lucene-3.1",813,"False",1
"solr_src_java_org_apache_solr_schema_IndexSchema.java","lucene-3.1",814,"False",1
"solr_src_java_org_apache_solr_schema_IndexSchema.java","lucene-3.1",815,"False",1
"solr_src_java_org_apache_solr_schema_IndexSchema.java","lucene-3.1",816,"False",1
"solr_src_java_org_apache_solr_schema_IndexSchema.java","lucene-3.1",817,"False",1
"solr_src_java_org_apache_solr_schema_IndexSchema.java","lucene-3.1",818,"False",1
"solr_src_java_org_apache_solr_schema_IndexSchema.java","lucene-3.1",819,"False",1
"solr_src_java_org_apache_solr_schema_IndexSchema.java","lucene-3.1",820,"False",1
"solr_src_java_org_apache_solr_schema_IndexSchema.java","lucene-3.1",821,"False",1
"solr_src_java_org_apache_solr_schema_IndexSchema.java","lucene-3.1",822,"False",1
"solr_src_java_org_apache_solr_schema_IndexSchema.java","lucene-3.1",823,"False",1
"solr_src_java_org_apache_solr_schema_IndexSchema.java","lucene-3.1",824,"False",1
"solr_src_java_org_apache_solr_schema_IndexSchema.java","lucene-3.1",825,"False",1
"solr_src_java_org_apache_solr_schema_IndexSchema.java","lucene-3.1",826,"False",1
"solr_src_java_org_apache_solr_schema_IndexSchema.java","lucene-3.1",827,"False",1
"solr_src_java_org_apache_solr_schema_IndexSchema.java","lucene-3.1",828,"False",1
"solr_src_java_org_apache_solr_schema_IndexSchema.java","lucene-3.1",829,"False",1
"solr_src_java_org_apache_solr_schema_IndexSchema.java","lucene-3.1",830,"False",1
"solr_src_java_org_apache_solr_schema_IndexSchema.java","lucene-3.1",831,"False",1
"solr_src_java_org_apache_solr_schema_IndexSchema.java","lucene-3.1",832,"False",1
"solr_src_java_org_apache_solr_schema_IndexSchema.java","lucene-3.1",833,"False",1
"solr_src_java_org_apache_solr_schema_IndexSchema.java","lucene-3.1",834,"True",2
"solr_src_java_org_apache_solr_schema_IndexSchema.java","lucene-3.1",835,"False",1
"solr_src_java_org_apache_solr_schema_IndexSchema.java","lucene-3.1",836,"False",1
"solr_src_java_org_apache_solr_schema_IndexSchema.java","lucene-3.1",837,"False",1
"solr_src_java_org_apache_solr_schema_IndexSchema.java","lucene-3.1",838,"False",1
"solr_src_java_org_apache_solr_schema_IndexSchema.java","lucene-3.1",839,"False",1
"solr_src_java_org_apache_solr_schema_IndexSchema.java","lucene-3.1",840,"False",1
"solr_src_java_org_apache_solr_schema_IndexSchema.java","lucene-3.1",841,"False",1
"solr_src_java_org_apache_solr_schema_IndexSchema.java","lucene-3.1",842,"False",1
"solr_src_java_org_apache_solr_schema_IndexSchema.java","lucene-3.1",843,"True",3
"solr_src_java_org_apache_solr_schema_IndexSchema.java","lucene-3.1",844,"False",1
"solr_src_java_org_apache_solr_schema_IndexSchema.java","lucene-3.1",845,"False",1
"solr_src_java_org_apache_solr_schema_IndexSchema.java","lucene-3.1",846,"False",1
"solr_src_java_org_apache_solr_schema_IndexSchema.java","lucene-3.1",847,"False",1
"solr_src_java_org_apache_solr_schema_IndexSchema.java","lucene-3.1",848,"False",1
"solr_src_java_org_apache_solr_schema_IndexSchema.java","lucene-3.1",849,"False",1
"solr_src_java_org_apache_solr_schema_IndexSchema.java","lucene-3.1",850,"False",1
"solr_src_java_org_apache_solr_schema_IndexSchema.java","lucene-3.1",851,"False",1
"solr_src_java_org_apache_solr_schema_IndexSchema.java","lucene-3.1",852,"False",1
"solr_src_java_org_apache_solr_schema_IndexSchema.java","lucene-3.1",853,"False",1
"solr_src_java_org_apache_solr_schema_IndexSchema.java","lucene-3.1",854,"False",1
"solr_src_java_org_apache_solr_schema_IndexSchema.java","lucene-3.1",855,"False",1
"solr_src_java_org_apache_solr_schema_IndexSchema.java","lucene-3.1",856,"False",1
"solr_src_java_org_apache_solr_schema_IndexSchema.java","lucene-3.1",857,"False",1
"solr_src_java_org_apache_solr_schema_IndexSchema.java","lucene-3.1",858,"False",1
"solr_src_java_org_apache_solr_schema_IndexSchema.java","lucene-3.1",859,"False",1
"solr_src_java_org_apache_solr_schema_IndexSchema.java","lucene-3.1",860,"False",1
"solr_src_java_org_apache_solr_schema_IndexSchema.java","lucene-3.1",861,"False",1
"solr_src_java_org_apache_solr_schema_IndexSchema.java","lucene-3.1",862,"False",1
"solr_src_java_org_apache_solr_schema_IndexSchema.java","lucene-3.1",863,"False",1
"solr_src_java_org_apache_solr_schema_IndexSchema.java","lucene-3.1",864,"False",1
"solr_src_java_org_apache_solr_schema_IndexSchema.java","lucene-3.1",865,"True",2
"solr_src_java_org_apache_solr_schema_IndexSchema.java","lucene-3.1",866,"False",1
"solr_src_java_org_apache_solr_schema_IndexSchema.java","lucene-3.1",867,"False",1
"solr_src_java_org_apache_solr_schema_IndexSchema.java","lucene-3.1",868,"False",1
"solr_src_java_org_apache_solr_schema_IndexSchema.java","lucene-3.1",869,"False",1
"solr_src_java_org_apache_solr_schema_IndexSchema.java","lucene-3.1",870,"False",1
"solr_src_java_org_apache_solr_schema_IndexSchema.java","lucene-3.1",871,"False",1
"solr_src_java_org_apache_solr_schema_IndexSchema.java","lucene-3.1",872,"False",1
"solr_src_java_org_apache_solr_schema_IndexSchema.java","lucene-3.1",873,"False",1
"solr_src_java_org_apache_solr_schema_IndexSchema.java","lucene-3.1",874,"False",1
"solr_src_java_org_apache_solr_schema_IndexSchema.java","lucene-3.1",875,"False",1
"solr_src_java_org_apache_solr_schema_IndexSchema.java","lucene-3.1",876,"False",1
"solr_src_java_org_apache_solr_schema_IndexSchema.java","lucene-3.1",877,"False",1
"solr_src_java_org_apache_solr_schema_IndexSchema.java","lucene-3.1",878,"False",1
"solr_src_java_org_apache_solr_schema_IndexSchema.java","lucene-3.1",879,"False",1
"solr_src_java_org_apache_solr_schema_IndexSchema.java","lucene-3.1",880,"False",1
"solr_src_java_org_apache_solr_schema_IndexSchema.java","lucene-3.1",881,"False",1
"solr_src_java_org_apache_solr_schema_IndexSchema.java","lucene-3.1",882,"False",1
"solr_src_java_org_apache_solr_schema_IndexSchema.java","lucene-3.1",883,"False",1
"solr_src_java_org_apache_solr_schema_IndexSchema.java","lucene-3.1",884,"False",1
"solr_src_java_org_apache_solr_schema_IndexSchema.java","lucene-3.1",885,"False",1
"solr_src_java_org_apache_solr_schema_IndexSchema.java","lucene-3.1",886,"False",1
"solr_src_java_org_apache_solr_schema_IndexSchema.java","lucene-3.1",887,"False",1
"solr_src_java_org_apache_solr_schema_IndexSchema.java","lucene-3.1",888,"False",1
"solr_src_java_org_apache_solr_schema_IndexSchema.java","lucene-3.1",889,"False",1
"solr_src_java_org_apache_solr_schema_IndexSchema.java","lucene-3.1",890,"False",1
"solr_src_java_org_apache_solr_schema_IndexSchema.java","lucene-3.1",891,"False",1
"solr_src_java_org_apache_solr_schema_IndexSchema.java","lucene-3.1",892,"False",1
"solr_src_java_org_apache_solr_schema_IndexSchema.java","lucene-3.1",893,"False",1
"solr_src_java_org_apache_solr_schema_IndexSchema.java","lucene-3.1",894,"False",1
"solr_src_java_org_apache_solr_schema_IndexSchema.java","lucene-3.1",895,"True",2
"solr_src_java_org_apache_solr_schema_IndexSchema.java","lucene-3.1",896,"False",1
"solr_src_java_org_apache_solr_schema_IndexSchema.java","lucene-3.1",897,"False",1
"solr_src_java_org_apache_solr_schema_IndexSchema.java","lucene-3.1",898,"False",1
"solr_src_java_org_apache_solr_schema_IndexSchema.java","lucene-3.1",899,"False",1
"solr_src_java_org_apache_solr_schema_IndexSchema.java","lucene-3.1",900,"False",1
"solr_src_java_org_apache_solr_schema_IndexSchema.java","lucene-3.1",901,"False",1
"solr_src_java_org_apache_solr_schema_IndexSchema.java","lucene-3.1",902,"False",1
"solr_src_java_org_apache_solr_schema_IndexSchema.java","lucene-3.1",903,"False",1
"solr_src_java_org_apache_solr_schema_IndexSchema.java","lucene-3.1",904,"False",1
"solr_src_java_org_apache_solr_schema_IndexSchema.java","lucene-3.1",905,"False",1
"solr_src_java_org_apache_solr_schema_IndexSchema.java","lucene-3.1",906,"False",1
"solr_src_java_org_apache_solr_schema_IndexSchema.java","lucene-3.1",907,"False",1
"solr_src_java_org_apache_solr_schema_IndexSchema.java","lucene-3.1",908,"False",1
"solr_src_java_org_apache_solr_schema_IndexSchema.java","lucene-3.1",909,"False",1
"solr_src_java_org_apache_solr_schema_IndexSchema.java","lucene-3.1",910,"False",1
"solr_src_java_org_apache_solr_schema_IndexSchema.java","lucene-3.1",911,"False",1
"solr_src_java_org_apache_solr_schema_IndexSchema.java","lucene-3.1",912,"False",1
"solr_src_java_org_apache_solr_schema_IndexSchema.java","lucene-3.1",913,"False",1
"solr_src_java_org_apache_solr_schema_IndexSchema.java","lucene-3.1",914,"False",1
"solr_src_java_org_apache_solr_schema_IndexSchema.java","lucene-3.1",915,"False",1
"solr_src_java_org_apache_solr_schema_IndexSchema.java","lucene-3.1",916,"False",1
"solr_src_java_org_apache_solr_schema_IndexSchema.java","lucene-3.1",917,"False",1
"solr_src_java_org_apache_solr_schema_IndexSchema.java","lucene-3.1",918,"False",1
"solr_src_java_org_apache_solr_schema_IndexSchema.java","lucene-3.1",919,"False",1
"solr_src_java_org_apache_solr_schema_IndexSchema.java","lucene-3.1",920,"False",1
"solr_src_java_org_apache_solr_schema_IndexSchema.java","lucene-3.1",921,"False",1
"solr_src_java_org_apache_solr_schema_IndexSchema.java","lucene-3.1",922,"False",1
"solr_src_java_org_apache_solr_schema_IndexSchema.java","lucene-3.1",923,"False",1
"solr_src_java_org_apache_solr_schema_IndexSchema.java","lucene-3.1",924,"False",1
"solr_src_java_org_apache_solr_schema_IndexSchema.java","lucene-3.1",925,"True",2
"solr_src_java_org_apache_solr_schema_IndexSchema.java","lucene-3.1",926,"False",1
"solr_src_java_org_apache_solr_schema_IndexSchema.java","lucene-3.1",927,"False",1
"solr_src_java_org_apache_solr_schema_IndexSchema.java","lucene-3.1",928,"False",1
"solr_src_java_org_apache_solr_schema_IndexSchema.java","lucene-3.1",929,"False",1
"solr_src_java_org_apache_solr_schema_IndexSchema.java","lucene-3.1",930,"False",1
"solr_src_java_org_apache_solr_schema_IndexSchema.java","lucene-3.1",931,"False",1
"solr_src_java_org_apache_solr_schema_IndexSchema.java","lucene-3.1",932,"False",1
"solr_src_java_org_apache_solr_schema_IndexSchema.java","lucene-3.1",933,"False",1
"solr_src_java_org_apache_solr_schema_IndexSchema.java","lucene-3.1",934,"False",1
"solr_src_java_org_apache_solr_schema_IndexSchema.java","lucene-3.1",935,"False",1
"solr_src_java_org_apache_solr_schema_IndexSchema.java","lucene-3.1",936,"False",1
"solr_src_java_org_apache_solr_schema_IndexSchema.java","lucene-3.1",937,"False",1
"solr_src_java_org_apache_solr_schema_IndexSchema.java","lucene-3.1",938,"False",1
"solr_src_java_org_apache_solr_schema_IndexSchema.java","lucene-3.1",939,"False",1
"solr_src_java_org_apache_solr_schema_IndexSchema.java","lucene-3.1",940,"False",1
"solr_src_java_org_apache_solr_schema_IndexSchema.java","lucene-3.1",941,"False",1
"solr_src_java_org_apache_solr_schema_IndexSchema.java","lucene-3.1",942,"False",1
"solr_src_java_org_apache_solr_schema_IndexSchema.java","lucene-3.1",943,"True",2
"solr_src_java_org_apache_solr_schema_IndexSchema.java","lucene-3.1",944,"False",1
"solr_src_java_org_apache_solr_schema_IndexSchema.java","lucene-3.1",945,"False",1
"solr_src_java_org_apache_solr_schema_IndexSchema.java","lucene-3.1",946,"False",1
"solr_src_java_org_apache_solr_schema_IndexSchema.java","lucene-3.1",947,"False",1
"solr_src_java_org_apache_solr_schema_IndexSchema.java","lucene-3.1",948,"False",1
"solr_src_java_org_apache_solr_schema_IndexSchema.java","lucene-3.1",949,"False",1
"solr_src_java_org_apache_solr_schema_IndexSchema.java","lucene-3.1",950,"False",1
"solr_src_java_org_apache_solr_schema_IndexSchema.java","lucene-3.1",951,"False",1
"solr_src_java_org_apache_solr_schema_IndexSchema.java","lucene-3.1",952,"False",1
"solr_src_java_org_apache_solr_schema_IndexSchema.java","lucene-3.1",953,"False",1
"solr_src_java_org_apache_solr_schema_IndexSchema.java","lucene-3.1",954,"False",1
"solr_src_java_org_apache_solr_schema_IndexSchema.java","lucene-3.1",955,"False",1
"solr_src_java_org_apache_solr_schema_IndexSchema.java","lucene-3.1",956,"False",1
"solr_src_java_org_apache_solr_schema_IndexSchema.java","lucene-3.1",957,"False",1
"solr_src_java_org_apache_solr_schema_IndexSchema.java","lucene-3.1",958,"False",1
"solr_src_java_org_apache_solr_schema_IndexSchema.java","lucene-3.1",959,"False",1
"solr_src_java_org_apache_solr_schema_IndexSchema.java","lucene-3.1",960,"False",1
"solr_src_java_org_apache_solr_schema_IndexSchema.java","lucene-3.1",961,"False",1
"solr_src_java_org_apache_solr_schema_IndexSchema.java","lucene-3.1",962,"False",1
"solr_src_java_org_apache_solr_schema_IndexSchema.java","lucene-3.1",963,"False",1
"solr_src_java_org_apache_solr_schema_IndexSchema.java","lucene-3.1",964,"False",1
"solr_src_java_org_apache_solr_schema_IndexSchema.java","lucene-3.1",965,"False",1
"solr_src_java_org_apache_solr_schema_IndexSchema.java","lucene-3.1",966,"False",1
"solr_src_java_org_apache_solr_schema_IndexSchema.java","lucene-3.1",967,"False",1
"solr_src_java_org_apache_solr_schema_IndexSchema.java","lucene-3.1",968,"False",1
"solr_src_java_org_apache_solr_schema_IndexSchema.java","lucene-3.1",969,"False",1
"solr_src_java_org_apache_solr_schema_IndexSchema.java","lucene-3.1",970,"False",1
"solr_src_java_org_apache_solr_schema_IndexSchema.java","lucene-3.1",971,"False",1
"solr_src_java_org_apache_solr_schema_IndexSchema.java","lucene-3.1",972,"False",1
"solr_src_java_org_apache_solr_schema_IndexSchema.java","lucene-3.1",973,"False",1
"solr_src_java_org_apache_solr_schema_IndexSchema.java","lucene-3.1",974,"False",1
"solr_src_java_org_apache_solr_schema_IndexSchema.java","lucene-3.1",975,"False",1
"solr_src_java_org_apache_solr_schema_IndexSchema.java","lucene-3.1",976,"False",1
"solr_src_java_org_apache_solr_schema_IndexSchema.java","lucene-3.1",977,"False",1
"solr_src_java_org_apache_solr_schema_IndexSchema.java","lucene-3.1",978,"False",1
"solr_src_java_org_apache_solr_schema_IndexSchema.java","lucene-3.1",979,"False",1
"solr_src_java_org_apache_solr_schema_IndexSchema.java","lucene-3.1",980,"True",3
"solr_src_java_org_apache_solr_schema_IndexSchema.java","lucene-3.1",981,"False",1
"solr_src_java_org_apache_solr_schema_IndexSchema.java","lucene-3.1",982,"False",1
"solr_src_java_org_apache_solr_schema_IndexSchema.java","lucene-3.1",983,"False",1
"solr_src_java_org_apache_solr_schema_IndexSchema.java","lucene-3.1",984,"False",1
"solr_src_java_org_apache_solr_schema_IndexSchema.java","lucene-3.1",985,"False",1
"solr_src_java_org_apache_solr_schema_IndexSchema.java","lucene-3.1",986,"False",1
"solr_src_java_org_apache_solr_schema_IndexSchema.java","lucene-3.1",987,"False",1
"solr_src_java_org_apache_solr_schema_IndexSchema.java","lucene-3.1",988,"False",1
"solr_src_java_org_apache_solr_schema_IndexSchema.java","lucene-3.1",989,"False",1
"solr_src_java_org_apache_solr_schema_IndexSchema.java","lucene-3.1",990,"False",1
"solr_src_java_org_apache_solr_schema_IndexSchema.java","lucene-3.1",991,"False",1
"solr_src_java_org_apache_solr_schema_IndexSchema.java","lucene-3.1",992,"False",1
"solr_src_java_org_apache_solr_schema_IndexSchema.java","lucene-3.1",993,"False",1
"solr_src_java_org_apache_solr_schema_IndexSchema.java","lucene-3.1",994,"False",1
"solr_src_java_org_apache_solr_schema_IndexSchema.java","lucene-3.1",995,"False",1
"solr_src_java_org_apache_solr_schema_IndexSchema.java","lucene-3.1",996,"True",2
"solr_src_java_org_apache_solr_schema_IndexSchema.java","lucene-3.1",997,"False",1
"solr_src_java_org_apache_solr_schema_IndexSchema.java","lucene-3.1",998,"False",1
"solr_src_java_org_apache_solr_schema_IndexSchema.java","lucene-3.1",999,"False",1
"solr_src_java_org_apache_solr_schema_IndexSchema.java","lucene-3.1",1000,"False",1
"solr_src_java_org_apache_solr_schema_IndexSchema.java","lucene-3.1",1001,"False",1
"solr_src_java_org_apache_solr_schema_IndexSchema.java","lucene-3.1",1002,"False",1
"solr_src_java_org_apache_solr_schema_IndexSchema.java","lucene-3.1",1003,"False",1
"solr_src_java_org_apache_solr_schema_IndexSchema.java","lucene-3.1",1004,"False",1
"solr_src_java_org_apache_solr_schema_IndexSchema.java","lucene-3.1",1005,"False",1
"solr_src_java_org_apache_solr_schema_IndexSchema.java","lucene-3.1",1006,"False",1
"solr_src_java_org_apache_solr_schema_IndexSchema.java","lucene-3.1",1007,"False",1
"solr_src_java_org_apache_solr_schema_IndexSchema.java","lucene-3.1",1008,"False",1
"solr_src_java_org_apache_solr_schema_IndexSchema.java","lucene-3.1",1009,"False",1
"solr_src_java_org_apache_solr_schema_IndexSchema.java","lucene-3.1",1010,"False",1
"solr_src_java_org_apache_solr_schema_IndexSchema.java","lucene-3.1",1011,"False",1
"solr_src_java_org_apache_solr_schema_IndexSchema.java","lucene-3.1",1012,"False",1
"solr_src_java_org_apache_solr_schema_IndexSchema.java","lucene-3.1",1013,"False",1
"solr_src_java_org_apache_solr_schema_IndexSchema.java","lucene-3.1",1014,"False",1
"solr_src_java_org_apache_solr_schema_IndexSchema.java","lucene-3.1",1015,"False",1
"solr_src_java_org_apache_solr_schema_IndexSchema.java","lucene-3.1",1016,"False",1
"solr_src_java_org_apache_solr_schema_IndexSchema.java","lucene-3.1",1017,"False",1
"solr_src_java_org_apache_solr_schema_IndexSchema.java","lucene-3.1",1018,"False",1
"solr_src_java_org_apache_solr_schema_IndexSchema.java","lucene-3.1",1019,"False",1
"solr_src_java_org_apache_solr_schema_IndexSchema.java","lucene-3.1",1020,"False",1
"solr_src_java_org_apache_solr_schema_IndexSchema.java","lucene-3.1",1021,"False",1
"solr_src_java_org_apache_solr_schema_IndexSchema.java","lucene-3.1",1022,"False",1
"solr_src_java_org_apache_solr_schema_IndexSchema.java","lucene-3.1",1023,"False",1
"solr_src_java_org_apache_solr_schema_IndexSchema.java","lucene-3.1",1024,"False",1
"solr_src_java_org_apache_solr_schema_IndexSchema.java","lucene-3.1",1025,"False",1
"solr_src_java_org_apache_solr_schema_IndexSchema.java","lucene-3.1",1026,"False",1
"solr_src_java_org_apache_solr_schema_IndexSchema.java","lucene-3.1",1027,"False",1
"solr_src_java_org_apache_solr_schema_IndexSchema.java","lucene-3.1",1028,"False",1
"solr_src_java_org_apache_solr_schema_IndexSchema.java","lucene-3.1",1029,"False",1
"solr_src_java_org_apache_solr_schema_IndexSchema.java","lucene-3.1",1030,"False",1
"solr_src_java_org_apache_solr_schema_IndexSchema.java","lucene-3.1",1031,"False",1
"solr_src_java_org_apache_solr_schema_IndexSchema.java","lucene-3.1",1032,"False",1
"solr_src_java_org_apache_solr_schema_IndexSchema.java","lucene-3.1",1033,"False",1
"solr_src_java_org_apache_solr_schema_IndexSchema.java","lucene-3.1",1034,"False",1
"solr_src_java_org_apache_solr_schema_IndexSchema.java","lucene-3.1",1035,"False",1
"solr_src_java_org_apache_solr_schema_IndexSchema.java","lucene-3.1",1036,"False",1
"solr_src_java_org_apache_solr_schema_IndexSchema.java","lucene-3.1",1037,"False",1
"solr_src_java_org_apache_solr_schema_IndexSchema.java","lucene-3.1",1038,"False",1
"solr_src_java_org_apache_solr_schema_IndexSchema.java","lucene-3.1",1039,"False",1
"solr_src_java_org_apache_solr_schema_IndexSchema.java","lucene-3.1",1040,"False",1
"solr_src_java_org_apache_solr_schema_IndexSchema.java","lucene-3.1",1041,"False",1
"solr_src_java_org_apache_solr_schema_IndexSchema.java","lucene-3.1",1042,"False",1
"solr_src_java_org_apache_solr_schema_IndexSchema.java","lucene-3.1",1043,"False",1
"solr_src_java_org_apache_solr_schema_IndexSchema.java","lucene-3.1",1044,"False",1
"solr_src_java_org_apache_solr_schema_IndexSchema.java","lucene-3.1",1045,"False",1
"solr_src_java_org_apache_solr_schema_IndexSchema.java","lucene-3.1",1046,"False",1
"solr_src_java_org_apache_solr_schema_IndexSchema.java","lucene-3.1",1047,"False",1
"solr_src_java_org_apache_solr_schema_IndexSchema.java","lucene-3.1",1048,"False",1
"solr_src_java_org_apache_solr_schema_IndexSchema.java","lucene-3.1",1049,"False",1
"solr_src_java_org_apache_solr_schema_IndexSchema.java","lucene-3.1",1050,"False",1
"solr_src_java_org_apache_solr_schema_IndexSchema.java","lucene-3.1",1051,"False",1
"solr_src_java_org_apache_solr_schema_IndexSchema.java","lucene-3.1",1052,"False",1
"solr_src_java_org_apache_solr_schema_IndexSchema.java","lucene-3.1",1053,"False",1
"solr_src_java_org_apache_solr_schema_IndexSchema.java","lucene-3.1",1054,"False",1
"solr_src_java_org_apache_solr_schema_IndexSchema.java","lucene-3.1",1055,"False",1
"solr_src_java_org_apache_solr_schema_IndexSchema.java","lucene-3.1",1056,"False",1
"solr_src_java_org_apache_solr_schema_IndexSchema.java","lucene-3.1",1057,"False",1
"solr_src_java_org_apache_solr_schema_IndexSchema.java","lucene-3.1",1058,"False",1
"solr_src_java_org_apache_solr_schema_IndexSchema.java","lucene-3.1",1059,"False",1
"solr_src_java_org_apache_solr_schema_IndexSchema.java","lucene-3.1",1060,"False",1
"solr_src_java_org_apache_solr_schema_IndexSchema.java","lucene-3.1",1061,"False",1
"solr_src_java_org_apache_solr_schema_IndexSchema.java","lucene-3.1",1062,"False",1
"solr_src_java_org_apache_solr_schema_IndexSchema.java","lucene-3.1",1063,"False",1
"solr_src_java_org_apache_solr_schema_IndexSchema.java","lucene-3.1",1064,"False",1
"solr_src_java_org_apache_solr_schema_IndexSchema.java","lucene-3.1",1065,"False",1
"solr_src_java_org_apache_solr_schema_IndexSchema.java","lucene-3.1",1066,"False",1
"solr_src_java_org_apache_solr_schema_IndexSchema.java","lucene-3.1",1067,"False",1
"solr_src_java_org_apache_solr_schema_IndexSchema.java","lucene-3.1",1068,"False",1
"solr_src_java_org_apache_solr_schema_IndexSchema.java","lucene-3.1",1069,"False",1
"solr_src_java_org_apache_solr_schema_IndexSchema.java","lucene-3.1",1070,"False",1
"solr_src_java_org_apache_solr_schema_IndexSchema.java","lucene-3.1",1071,"False",1
"solr_src_java_org_apache_solr_schema_IndexSchema.java","lucene-3.1",1072,"False",1
"solr_src_java_org_apache_solr_schema_IndexSchema.java","lucene-3.1",1073,"False",1
"solr_src_java_org_apache_solr_schema_IndexSchema.java","lucene-3.1",1074,"False",1
"solr_src_java_org_apache_solr_schema_IndexSchema.java","lucene-3.1",1075,"False",1
"solr_src_java_org_apache_solr_schema_IndexSchema.java","lucene-3.1",1076,"False",1
"solr_src_java_org_apache_solr_schema_IndexSchema.java","lucene-3.1",1077,"False",1
"solr_src_java_org_apache_solr_schema_IndexSchema.java","lucene-3.1",1078,"False",1
"solr_src_java_org_apache_solr_schema_IndexSchema.java","lucene-3.1",1079,"False",1
"solr_src_java_org_apache_solr_schema_IndexSchema.java","lucene-3.1",1080,"False",1
"solr_src_java_org_apache_solr_schema_IndexSchema.java","lucene-3.1",1081,"False",1
"solr_src_java_org_apache_solr_schema_IndexSchema.java","lucene-3.1",1082,"False",1
"solr_src_java_org_apache_solr_schema_IndexSchema.java","lucene-3.1",1083,"False",1
"solr_src_java_org_apache_solr_schema_IndexSchema.java","lucene-3.1",1084,"False",1
"solr_src_java_org_apache_solr_schema_IndexSchema.java","lucene-3.1",1085,"False",1
"solr_src_java_org_apache_solr_schema_IndexSchema.java","lucene-3.1",1086,"False",1
"solr_src_java_org_apache_solr_schema_IndexSchema.java","lucene-3.1",1087,"False",1
"solr_src_java_org_apache_solr_schema_IndexSchema.java","lucene-3.1",1088,"False",1
"solr_src_java_org_apache_solr_schema_IndexSchema.java","lucene-3.1",1089,"False",1
"solr_src_java_org_apache_solr_schema_IndexSchema.java","lucene-3.1",1090,"False",1
"solr_src_java_org_apache_solr_schema_IndexSchema.java","lucene-3.1",1091,"False",1
"solr_src_java_org_apache_solr_schema_IndexSchema.java","lucene-3.1",1092,"False",1
"solr_src_java_org_apache_solr_schema_IndexSchema.java","lucene-3.1",1093,"False",1
"solr_src_java_org_apache_solr_schema_IndexSchema.java","lucene-3.1",1094,"False",1
"solr_src_java_org_apache_solr_schema_IndexSchema.java","lucene-3.1",1095,"False",1
"solr_src_java_org_apache_solr_schema_IndexSchema.java","lucene-3.1",1096,"False",1
"solr_src_java_org_apache_solr_schema_IndexSchema.java","lucene-3.1",1097,"False",1
"solr_src_java_org_apache_solr_schema_IndexSchema.java","lucene-3.1",1098,"False",1
"solr_src_java_org_apache_solr_schema_IndexSchema.java","lucene-3.1",1099,"False",1
"solr_src_java_org_apache_solr_schema_IndexSchema.java","lucene-3.1",1100,"False",1
"solr_src_java_org_apache_solr_schema_IndexSchema.java","lucene-3.1",1101,"False",1
"solr_src_java_org_apache_solr_schema_IndexSchema.java","lucene-3.1",1102,"False",1
"solr_src_java_org_apache_solr_schema_IndexSchema.java","lucene-3.1",1103,"False",1
"solr_src_java_org_apache_solr_schema_IndexSchema.java","lucene-3.1",1104,"False",1
"solr_src_java_org_apache_solr_schema_IndexSchema.java","lucene-3.1",1105,"False",1
"solr_src_java_org_apache_solr_schema_IndexSchema.java","lucene-3.1",1106,"False",1
"solr_src_java_org_apache_solr_schema_IndexSchema.java","lucene-3.1",1107,"False",1
"solr_src_java_org_apache_solr_schema_IndexSchema.java","lucene-3.1",1108,"False",1
"solr_src_java_org_apache_solr_schema_IndexSchema.java","lucene-3.1",1109,"False",1
"solr_src_java_org_apache_solr_schema_IndexSchema.java","lucene-3.1",1110,"False",1
"solr_src_java_org_apache_solr_schema_IndexSchema.java","lucene-3.1",1111,"False",1
"solr_src_java_org_apache_solr_schema_IndexSchema.java","lucene-3.1",1112,"False",1
"solr_src_java_org_apache_solr_schema_IndexSchema.java","lucene-3.1",1113,"False",1
"solr_src_java_org_apache_solr_schema_IndexSchema.java","lucene-3.1",1114,"False",1
"solr_src_java_org_apache_solr_schema_IndexSchema.java","lucene-3.1",1115,"False",1
"solr_src_java_org_apache_solr_schema_IndexSchema.java","lucene-3.1",1116,"False",1
"solr_src_java_org_apache_solr_schema_IndexSchema.java","lucene-3.1",1117,"False",1
"solr_src_java_org_apache_solr_schema_IndexSchema.java","lucene-3.1",1118,"False",1
"solr_src_java_org_apache_solr_schema_IndexSchema.java","lucene-3.1",1119,"False",1
"solr_src_java_org_apache_solr_schema_IndexSchema.java","lucene-3.1",1120,"False",1
"solr_src_java_org_apache_solr_schema_IndexSchema.java","lucene-3.1",1121,"False",1
"solr_src_java_org_apache_solr_schema_IndexSchema.java","lucene-3.1",1122,"False",1
"solr_src_java_org_apache_solr_schema_IndexSchema.java","lucene-3.1",1123,"False",1
"solr_src_java_org_apache_solr_schema_IndexSchema.java","lucene-3.1",1124,"False",1
"solr_src_java_org_apache_solr_schema_IndexSchema.java","lucene-3.1",1125,"False",1
"solr_src_java_org_apache_solr_schema_IndexSchema.java","lucene-3.1",1126,"False",1
"solr_src_java_org_apache_solr_schema_IndexSchema.java","lucene-3.1",1127,"False",1
"solr_src_java_org_apache_solr_schema_IndexSchema.java","lucene-3.1",1128,"False",1
"solr_src_java_org_apache_solr_schema_IndexSchema.java","lucene-3.1",1129,"False",1
"solr_src_java_org_apache_solr_schema_IndexSchema.java","lucene-3.1",1130,"False",1
"solr_src_java_org_apache_solr_schema_IndexSchema.java","lucene-3.1",1131,"False",1
"solr_src_java_org_apache_solr_schema_IndexSchema.java","lucene-3.1",1132,"False",1
"solr_src_java_org_apache_solr_schema_IndexSchema.java","lucene-3.1",1133,"False",1
"solr_src_java_org_apache_solr_schema_IndexSchema.java","lucene-3.1",1134,"False",1
"solr_src_java_org_apache_solr_schema_IndexSchema.java","lucene-3.1",1135,"False",1
"solr_src_java_org_apache_solr_schema_IndexSchema.java","lucene-3.1",1136,"False",1
"solr_src_java_org_apache_solr_schema_IndexSchema.java","lucene-3.1",1137,"False",1
"solr_src_java_org_apache_solr_schema_IndexSchema.java","lucene-3.1",1138,"False",1
"solr_src_java_org_apache_solr_schema_IndexSchema.java","lucene-3.1",1139,"False",1
"solr_src_java_org_apache_solr_schema_IndexSchema.java","lucene-3.1",1140,"False",1
"solr_src_java_org_apache_solr_schema_IndexSchema.java","lucene-3.1",1141,"False",1
"solr_src_java_org_apache_solr_schema_IndexSchema.java","lucene-3.1",1142,"False",1
"solr_src_java_org_apache_solr_schema_IndexSchema.java","lucene-3.1",1143,"False",1
"solr_src_java_org_apache_solr_schema_IndexSchema.java","lucene-3.1",1144,"False",1
"solr_src_java_org_apache_solr_schema_IndexSchema.java","lucene-3.1",1145,"False",1
"solr_src_java_org_apache_solr_schema_IndexSchema.java","lucene-3.1",1146,"False",1
"solr_src_java_org_apache_solr_schema_IndexSchema.java","lucene-3.1",1147,"False",1
"solr_src_java_org_apache_solr_schema_IndexSchema.java","lucene-3.1",1148,"False",1
"solr_src_java_org_apache_solr_schema_IndexSchema.java","lucene-3.1",1149,"False",1
"solr_src_java_org_apache_solr_schema_IndexSchema.java","lucene-3.1",1150,"False",1
"solr_src_java_org_apache_solr_schema_IndexSchema.java","lucene-3.1",1151,"False",1
"solr_src_java_org_apache_solr_schema_IndexSchema.java","lucene-3.1",1152,"False",1
"solr_src_java_org_apache_solr_schema_IndexSchema.java","lucene-3.1",1153,"False",1
"solr_src_java_org_apache_solr_schema_IndexSchema.java","lucene-3.1",1154,"False",1
"solr_src_java_org_apache_solr_schema_IndexSchema.java","lucene-3.1",1155,"False",1
"solr_src_java_org_apache_solr_schema_IndexSchema.java","lucene-3.1",1156,"False",1
"solr_src_java_org_apache_solr_schema_IndexSchema.java","lucene-3.1",1157,"False",1
"solr_src_java_org_apache_solr_schema_IndexSchema.java","lucene-3.1",1158,"False",1
"solr_src_java_org_apache_solr_schema_IndexSchema.java","lucene-3.1",1159,"False",1
"solr_src_java_org_apache_solr_schema_IndexSchema.java","lucene-3.1",1160,"False",1
"solr_src_java_org_apache_solr_schema_IndexSchema.java","lucene-3.1",1161,"False",1
"solr_src_java_org_apache_solr_schema_IndexSchema.java","lucene-3.1",1162,"False",1
"solr_src_java_org_apache_solr_schema_IndexSchema.java","lucene-3.1",1163,"False",1
"solr_src_java_org_apache_solr_schema_IndexSchema.java","lucene-3.1",1164,"False",1
"solr_src_java_org_apache_solr_schema_IndexSchema.java","lucene-3.1",1165,"True",3
"solr_src_java_org_apache_solr_schema_IndexSchema.java","lucene-3.1",1166,"False",1
"solr_src_java_org_apache_solr_schema_IndexSchema.java","lucene-3.1",1167,"False",1
"solr_src_java_org_apache_solr_schema_IndexSchema.java","lucene-3.1",1168,"False",1
"solr_src_java_org_apache_solr_schema_IndexSchema.java","lucene-3.1",1169,"False",1
"solr_src_java_org_apache_solr_schema_IndexSchema.java","lucene-3.1",1170,"False",1
"solr_src_java_org_apache_solr_schema_IndexSchema.java","lucene-3.1",1171,"False",1
"solr_src_java_org_apache_solr_schema_IndexSchema.java","lucene-3.1",1172,"False",1
"solr_src_java_org_apache_solr_schema_IndexSchema.java","lucene-3.1",1173,"False",1
"solr_src_java_org_apache_solr_schema_IndexSchema.java","lucene-3.1",1174,"False",1
"solr_src_java_org_apache_solr_schema_IndexSchema.java","lucene-3.1",1175,"False",1
"solr_src_java_org_apache_solr_schema_IndexSchema.java","lucene-3.1",1176,"False",1
"solr_src_java_org_apache_solr_schema_IndexSchema.java","lucene-3.1",1177,"False",1
"solr_src_java_org_apache_solr_schema_IndexSchema.java","lucene-3.1",1178,"False",1
"solr_src_java_org_apache_solr_schema_IndexSchema.java","lucene-3.1",1179,"False",1
"solr_src_java_org_apache_solr_schema_IndexSchema.java","lucene-3.1",1180,"False",1
"solr_src_java_org_apache_solr_schema_IndexSchema.java","lucene-3.1",1181,"False",1
"solr_src_java_org_apache_solr_schema_IndexSchema.java","lucene-3.1",1182,"False",1
"solr_src_java_org_apache_solr_schema_IndexSchema.java","lucene-3.1",1183,"False",1
"solr_src_java_org_apache_solr_schema_IndexSchema.java","lucene-3.1",1184,"False",1
"solr_src_java_org_apache_solr_schema_IndexSchema.java","lucene-3.1",1185,"False",1
"solr_src_java_org_apache_solr_schema_IndexSchema.java","lucene-3.1",1186,"False",1
"solr_src_java_org_apache_solr_schema_IndexSchema.java","lucene-3.1",1187,"False",1
"solr_src_java_org_apache_solr_schema_IndexSchema.java","lucene-3.1",1188,"False",1
"solr_src_java_org_apache_solr_schema_IndexSchema.java","lucene-3.1",1189,"False",1
"solr_src_java_org_apache_solr_schema_IndexSchema.java","lucene-3.1",1190,"False",1
"solr_src_java_org_apache_solr_schema_IndexSchema.java","lucene-3.1",1191,"False",1
"solr_src_java_org_apache_solr_schema_IndexSchema.java","lucene-3.1",1192,"False",1
"solr_src_java_org_apache_solr_schema_IndexSchema.java","lucene-3.1",1193,"True",3
"solr_src_java_org_apache_solr_schema_IndexSchema.java","lucene-3.1",1194,"False",1
"solr_src_java_org_apache_solr_schema_IndexSchema.java","lucene-3.1",1195,"False",1
"solr_src_java_org_apache_solr_schema_IndexSchema.java","lucene-3.1",1196,"False",1
"solr_src_java_org_apache_solr_schema_IndexSchema.java","lucene-3.1",1197,"False",1
"solr_src_java_org_apache_solr_schema_IndexSchema.java","lucene-3.1",1198,"False",1
"solr_src_java_org_apache_solr_schema_IndexSchema.java","lucene-3.1",1199,"False",1
"solr_src_java_org_apache_solr_schema_IndexSchema.java","lucene-3.1",1200,"False",1
"solr_src_java_org_apache_solr_schema_IndexSchema.java","lucene-3.1",1201,"False",1
"solr_src_java_org_apache_solr_schema_IndexSchema.java","lucene-3.1",1202,"False",1
"solr_src_java_org_apache_solr_schema_IndexSchema.java","lucene-3.1",1203,"False",1
"solr_src_java_org_apache_solr_schema_IndexSchema.java","lucene-3.1",1204,"False",1
"solr_src_java_org_apache_solr_schema_IndexSchema.java","lucene-3.1",1205,"False",1
"solr_src_java_org_apache_solr_schema_IndexSchema.java","lucene-3.1",1206,"False",1
"solr_src_java_org_apache_solr_schema_IndexSchema.java","lucene-3.1",1207,"False",1
"solr_src_java_org_apache_solr_schema_IndexSchema.java","lucene-3.1",1208,"False",1
"solr_src_java_org_apache_solr_schema_IndexSchema.java","lucene-3.1",1209,"False",1
"solr_src_java_org_apache_solr_schema_IndexSchema.java","lucene-3.1",1210,"False",1
"solr_src_java_org_apache_solr_schema_IndexSchema.java","lucene-3.1",1211,"False",1
"solr_src_java_org_apache_solr_schema_IndexSchema.java","lucene-3.1",1212,"False",1
"solr_src_java_org_apache_solr_schema_IndexSchema.java","lucene-3.1",1213,"False",1
"solr_src_java_org_apache_solr_schema_IndexSchema.java","lucene-3.1",1214,"False",1
"solr_src_java_org_apache_solr_schema_IndexSchema.java","lucene-3.1",1215,"False",1
"solr_src_java_org_apache_solr_schema_IndexSchema.java","lucene-3.1",1216,"False",1
"solr_src_java_org_apache_solr_schema_IndexSchema.java","lucene-3.1",1217,"False",1
"solr_src_java_org_apache_solr_schema_IndexSchema.java","lucene-3.1",1218,"False",1
"solr_src_java_org_apache_solr_schema_IndexSchema.java","lucene-3.1",1219,"False",1
"solr_src_java_org_apache_solr_schema_IndexSchema.java","lucene-3.1",1220,"False",1
"solr_src_java_org_apache_solr_schema_IndexSchema.java","lucene-3.1",1221,"False",1
"solr_src_java_org_apache_solr_schema_IndexSchema.java","lucene-3.1",1222,"False",1
"solr_src_java_org_apache_solr_schema_IndexSchema.java","lucene-3.1",1223,"False",1
"solr_src_java_org_apache_solr_schema_IndexSchema.java","lucene-3.1",1224,"False",1
"solr_src_java_org_apache_solr_schema_IndexSchema.java","lucene-3.1",1225,"False",1
"solr_src_java_org_apache_solr_schema_IndexSchema.java","lucene-3.1",1226,"False",1
"solr_src_java_org_apache_solr_schema_IndexSchema.java","lucene-3.1",1227,"False",1
"solr_src_java_org_apache_solr_schema_IndexSchema.java","lucene-3.1",1228,"False",1
"solr_src_java_org_apache_solr_schema_IndexSchema.java","lucene-3.1",1229,"False",1
"solr_src_java_org_apache_solr_schema_IndexSchema.java","lucene-3.1",1230,"False",1
"solr_src_java_org_apache_solr_schema_IndexSchema.java","lucene-3.1",1231,"False",1
"solr_src_java_org_apache_solr_schema_IndexSchema.java","lucene-3.1",1232,"False",1
"solr_src_java_org_apache_solr_schema_IndexSchema.java","lucene-3.1",1233,"False",1
"solr_src_java_org_apache_solr_schema_IndexSchema.java","lucene-3.1",1234,"False",1
"solr_src_java_org_apache_solr_schema_IndexSchema.java","lucene-3.1",1235,"False",1
"solr_src_java_org_apache_solr_schema_IndexSchema.java","lucene-3.1",1236,"False",1
"solr_src_java_org_apache_solr_schema_IndexSchema.java","lucene-3.1",1237,"False",1
"solr_src_java_org_apache_solr_schema_IndexSchema.java","lucene-3.1",1238,"False",1
"solr_src_java_org_apache_solr_schema_IndexSchema.java","lucene-3.1",1239,"False",1
"solr_src_java_org_apache_solr_schema_IndexSchema.java","lucene-3.1",1240,"False",1
"solr_src_java_org_apache_solr_schema_IndexSchema.java","lucene-3.1",1241,"True",3
"solr_src_java_org_apache_solr_schema_IndexSchema.java","lucene-3.1",1242,"False",1
"solr_src_java_org_apache_solr_schema_IndexSchema.java","lucene-3.1",1243,"False",1
"solr_src_java_org_apache_solr_schema_IndexSchema.java","lucene-3.1",1244,"False",1
"solr_src_java_org_apache_solr_schema_IndexSchema.java","lucene-3.1",1245,"False",1
"solr_src_java_org_apache_solr_schema_IndexSchema.java","lucene-3.1",1246,"False",1
"solr_src_java_org_apache_solr_schema_IndexSchema.java","lucene-3.1",1247,"False",1
"solr_src_java_org_apache_solr_schema_IndexSchema.java","lucene-3.1",1248,"False",1
"solr_src_java_org_apache_solr_schema_IndexSchema.java","lucene-3.1",1249,"False",1
"solr_src_java_org_apache_solr_schema_IndexSchema.java","lucene-3.1",1250,"False",1
"solr_src_java_org_apache_solr_schema_IndexSchema.java","lucene-3.1",1251,"False",1
"solr_src_java_org_apache_solr_schema_IndexSchema.java","lucene-3.1",1252,"False",1
"solr_src_java_org_apache_solr_schema_IndexSchema.java","lucene-3.1",1253,"False",1
"solr_src_java_org_apache_solr_schema_IndexSchema.java","lucene-3.1",1254,"False",1
"solr_src_java_org_apache_solr_schema_IndexSchema.java","lucene-3.1",1255,"False",1
"solr_src_java_org_apache_solr_schema_IndexSchema.java","lucene-3.1",1256,"False",1
"solr_src_java_org_apache_solr_schema_IndexSchema.java","lucene-3.1",1257,"False",1
"solr_src_java_org_apache_solr_schema_IndexSchema.java","lucene-3.1",1258,"False",1
"solr_src_java_org_apache_solr_schema_IndexSchema.java","lucene-3.1",1259,"False",1
"solr_src_java_org_apache_solr_schema_IndexSchema.java","lucene-3.1",1260,"False",1
"solr_src_java_org_apache_solr_schema_IndexSchema.java","lucene-3.1",1261,"False",1
"solr_src_java_org_apache_solr_schema_IndexSchema.java","lucene-3.1",1262,"False",1
"solr_src_java_org_apache_solr_schema_IndexSchema.java","lucene-3.1",1263,"False",1
"solr_src_java_org_apache_solr_schema_IndexSchema.java","lucene-3.1",1264,"False",1
"solr_src_java_org_apache_solr_schema_IndexSchema.java","lucene-3.1",1265,"False",1
"solr_src_java_org_apache_solr_schema_IndexSchema.java","lucene-3.1",1266,"False",1
"solr_src_java_org_apache_solr_schema_IndexSchema.java","lucene-3.1",1267,"False",1
"solr_src_java_org_apache_solr_schema_IndexSchema.java","lucene-3.1",1268,"False",1
"solr_src_java_org_apache_solr_schema_IndexSchema.java","lucene-3.1",1269,"False",1
"solr_src_java_org_apache_solr_schema_IndexSchema.java","lucene-3.1",1270,"False",1
"solr_src_java_org_apache_solr_schema_IndexSchema.java","lucene-3.1",1271,"False",1
"solr_src_java_org_apache_solr_schema_IndexSchema.java","lucene-3.1",1272,"False",1
"solr_src_java_org_apache_solr_schema_IndexSchema.java","lucene-3.1",1273,"False",1
"solr_src_java_org_apache_solr_schema_IndexSchema.java","lucene-3.1",1274,"False",1
"solr_src_java_org_apache_solr_schema_IndexSchema.java","lucene-3.1",1275,"False",1
"solr_src_java_org_apache_solr_schema_IndexSchema.java","lucene-3.1",1276,"False",1
"solr_src_java_org_apache_solr_schema_IndexSchema.java","lucene-3.1",1277,"False",1
"solr_src_java_org_apache_solr_schema_IndexSchema.java","lucene-3.1",1278,"False",1
"solr_src_java_org_apache_solr_schema_IndexSchema.java","lucene-3.1",1279,"False",1
"solr_src_java_org_apache_solr_schema_IndexSchema.java","lucene-3.1",1280,"False",1
"solr_src_java_org_apache_solr_schema_IndexSchema.java","lucene-3.1",1281,"False",1
"solr_src_java_org_apache_solr_schema_IndexSchema.java","lucene-3.1",1282,"False",1
"solr_src_java_org_apache_solr_schema_IndexSchema.java","lucene-3.1",1283,"False",1
"solr_src_java_org_apache_solr_schema_IndexSchema.java","lucene-3.1",1284,"False",1
"solr_src_java_org_apache_solr_schema_IndexSchema.java","lucene-3.1",1285,"False",1
"solr_src_java_org_apache_solr_schema_IndexSchema.java","lucene-3.1",1286,"False",1
"solr_src_java_org_apache_solr_schema_IndexSchema.java","lucene-3.1",1287,"False",1
"solr_src_java_org_apache_solr_schema_IndexSchema.java","lucene-3.1",1288,"False",1
"solr_src_java_org_apache_solr_schema_IndexSchema.java","lucene-3.1",1289,"False",1
"solr_src_java_org_apache_solr_schema_IndexSchema.java","lucene-3.1",1290,"False",1
"solr_src_java_org_apache_solr_schema_IndexSchema.java","lucene-3.1",1291,"False",1
"solr_src_java_org_apache_solr_schema_IndexSchema.java","lucene-3.1",1292,"False",1
"solr_src_java_org_apache_solr_schema_IndexSchema.java","lucene-3.1",1293,"False",1
"solr_src_java_org_apache_solr_schema_IndexSchema.java","lucene-3.1",1294,"False",1
"solr_src_java_org_apache_solr_schema_IndexSchema.java","lucene-3.1",1295,"False",1
"solr_src_java_org_apache_solr_schema_IndexSchema.java","lucene-3.1",1296,"False",1
"solr_src_java_org_apache_solr_schema_IndexSchema.java","lucene-3.1",1297,"False",1
"solr_src_java_org_apache_solr_schema_IndexSchema.java","lucene-3.1",1298,"False",1
"solr_src_java_org_apache_solr_schema_IndexSchema.java","lucene-3.1",1299,"False",1
"solr_src_java_org_apache_solr_schema_IndexSchema.java","lucene-3.1",1300,"False",1
"solr_src_java_org_apache_solr_schema_IndexSchema.java","lucene-3.1",1301,"False",1
"solr_src_java_org_apache_solr_schema_IndexSchema.java","lucene-3.1",1302,"False",1
"solr_src_java_org_apache_solr_schema_IndexSchema.java","lucene-3.1",1303,"False",1
"solr_src_java_org_apache_solr_schema_IndexSchema.java","lucene-3.1",1304,"False",1
"solr_src_java_org_apache_solr_schema_IndexSchema.java","lucene-3.1",1305,"False",1
"solr_src_java_org_apache_solr_schema_IndexSchema.java","lucene-3.1",1306,"False",1
"solr_src_java_org_apache_solr_schema_IndexSchema.java","lucene-3.1",1307,"False",1
"solr_src_java_org_apache_solr_schema_IndexSchema.java","lucene-3.1",1308,"False",1
"solr_src_java_org_apache_solr_schema_IndexSchema.java","lucene-3.1",1309,"False",1
"solr_src_java_org_apache_solr_schema_IndexSchema.java","lucene-3.1",1310,"False",1
"solr_src_java_org_apache_solr_schema_IndexSchema.java","lucene-3.1",1311,"False",1
"solr_src_java_org_apache_solr_schema_IndexSchema.java","lucene-3.1",1312,"False",1
"solr_src_java_org_apache_solr_schema_IndexSchema.java","lucene-3.1",1313,"False",1
"solr_src_java_org_apache_solr_schema_IndexSchema.java","lucene-3.1",1314,"False",1
"solr_src_java_org_apache_solr_schema_IndexSchema.java","lucene-3.1",1315,"False",1
"solr_src_java_org_apache_solr_schema_IndexSchema.java","lucene-3.1",1316,"False",1
"solr_src_java_org_apache_solr_schema_IndexSchema.java","lucene-3.1",1317,"False",1
"solr_src_java_org_apache_solr_schema_IndexSchema.java","lucene-3.1",1318,"False",1
"solr_src_java_org_apache_solr_schema_IndexSchema.java","lucene-3.1",1319,"False",1
"solr_src_java_org_apache_solr_schema_IndexSchema.java","lucene-3.1",1320,"False",1
"solr_src_java_org_apache_solr_schema_IndexSchema.java","lucene-3.1",1321,"False",1
"solr_src_java_org_apache_solr_schema_IndexSchema.java","lucene-3.1",1322,"False",1
"solr_src_java_org_apache_solr_schema_IndexSchema.java","lucene-3.1",1323,"False",1
"solr_src_java_org_apache_solr_schema_IndexSchema.java","lucene-3.1",1324,"False",1
"solr_src_java_org_apache_solr_schema_IndexSchema.java","lucene-3.1",1325,"False",1
"solr_src_java_org_apache_solr_schema_IndexSchema.java","lucene-3.1",1326,"False",1
"solr_src_java_org_apache_solr_schema_IndexSchema.java","lucene-3.1",1327,"False",1
"solr_src_java_org_apache_solr_schema_IndexSchema.java","lucene-3.1",1328,"False",1
"solr_src_java_org_apache_solr_schema_IndexSchema.java","lucene-3.1",1329,"False",1
"solr_src_java_org_apache_solr_schema_IndexSchema.java","lucene-3.1",1330,"False",1
"solr_src_java_org_apache_solr_schema_IndexSchema.java","lucene-3.1",1331,"False",1
"solr_src_java_org_apache_solr_schema_IndexSchema.java","lucene-3.1",1332,"False",1
"solr_src_java_org_apache_solr_schema_IndexSchema.java","lucene-3.1",1333,"False",1
"solr_src_java_org_apache_solr_schema_IndexSchema.java","lucene-3.1",1334,"False",1
"solr_src_java_org_apache_solr_schema_IndexSchema.java","lucene-3.1",1335,"False",1
"solr_src_java_org_apache_solr_schema_IndexSchema.java","lucene-3.1",1336,"False",1
"solr_src_java_org_apache_solr_schema_IndexSchema.java","lucene-3.1",1337,"False",1
"solr_src_java_org_apache_solr_schema_IndexSchema.java","lucene-3.1",1338,"False",1
"solr_src_java_org_apache_solr_schema_IndexSchema.java","lucene-3.1",1339,"False",1
"solr_src_java_org_apache_solr_schema_IndexSchema.java","lucene-3.1",1340,"False",1
"solr_src_java_org_apache_solr_schema_IndexSchema.java","lucene-3.1",1341,"False",1
"solr_src_java_org_apache_solr_schema_IndexSchema.java","lucene-3.1",1342,"False",1
"solr_src_java_org_apache_solr_schema_IndexSchema.java","lucene-3.1",1343,"False",1
"solr_src_java_org_apache_solr_schema_IndexSchema.java","lucene-3.1",1344,"False",1
"solr_src_java_org_apache_solr_schema_IndexSchema.java","lucene-3.1",1345,"False",1
"solr_src_java_org_apache_solr_schema_IndexSchema.java","lucene-3.1",1346,"False",1
"solr_src_java_org_apache_solr_schema_IndexSchema.java","lucene-3.1",1347,"False",1
"solr_src_java_org_apache_solr_schema_IndexSchema.java","lucene-3.1",1348,"False",1
"solr_src_java_org_apache_solr_schema_IndexSchema.java","lucene-3.1",1349,"False",1
"solr_src_java_org_apache_solr_schema_IndexSchema.java","lucene-3.1",1350,"False",1
"solr_src_java_org_apache_solr_schema_IndexSchema.java","lucene-3.1",1351,"False",1
"solr_src_java_org_apache_solr_schema_IndexSchema.java","lucene-3.1",1352,"False",1
"solr_src_java_org_apache_solr_schema_IndexSchema.java","lucene-3.1",1353,"False",1
"solr_src_java_org_apache_solr_schema_IndexSchema.java","lucene-3.1",1354,"False",1
"solr_src_java_org_apache_solr_schema_IndexSchema.java","lucene-3.1",1355,"False",1
"solr_src_java_org_apache_solr_schema_IndexSchema.java","lucene-3.1",1356,"False",1
"solr_src_java_org_apache_solr_schema_RandomSortField.java","lucene-3.1",1,"False",1
"solr_src_java_org_apache_solr_schema_RandomSortField.java","lucene-3.1",2,"False",1
"solr_src_java_org_apache_solr_schema_RandomSortField.java","lucene-3.1",3,"False",1
"solr_src_java_org_apache_solr_schema_RandomSortField.java","lucene-3.1",4,"False",1
"solr_src_java_org_apache_solr_schema_RandomSortField.java","lucene-3.1",5,"False",1
"solr_src_java_org_apache_solr_schema_RandomSortField.java","lucene-3.1",6,"False",1
"solr_src_java_org_apache_solr_schema_RandomSortField.java","lucene-3.1",7,"False",1
"solr_src_java_org_apache_solr_schema_RandomSortField.java","lucene-3.1",8,"False",1
"solr_src_java_org_apache_solr_schema_RandomSortField.java","lucene-3.1",9,"False",1
"solr_src_java_org_apache_solr_schema_RandomSortField.java","lucene-3.1",10,"False",1
"solr_src_java_org_apache_solr_schema_RandomSortField.java","lucene-3.1",11,"False",1
"solr_src_java_org_apache_solr_schema_RandomSortField.java","lucene-3.1",12,"False",1
"solr_src_java_org_apache_solr_schema_RandomSortField.java","lucene-3.1",13,"False",1
"solr_src_java_org_apache_solr_schema_RandomSortField.java","lucene-3.1",14,"False",1
"solr_src_java_org_apache_solr_schema_RandomSortField.java","lucene-3.1",15,"False",1
"solr_src_java_org_apache_solr_schema_RandomSortField.java","lucene-3.1",16,"False",1
"solr_src_java_org_apache_solr_schema_RandomSortField.java","lucene-3.1",17,"False",1
"solr_src_java_org_apache_solr_schema_RandomSortField.java","lucene-3.1",18,"False",1
"solr_src_java_org_apache_solr_schema_RandomSortField.java","lucene-3.1",19,"False",1
"solr_src_java_org_apache_solr_schema_RandomSortField.java","lucene-3.1",20,"False",1
"solr_src_java_org_apache_solr_schema_RandomSortField.java","lucene-3.1",21,"False",1
"solr_src_java_org_apache_solr_schema_RandomSortField.java","lucene-3.1",22,"False",1
"solr_src_java_org_apache_solr_schema_RandomSortField.java","lucene-3.1",23,"False",1
"solr_src_java_org_apache_solr_schema_RandomSortField.java","lucene-3.1",24,"False",1
"solr_src_java_org_apache_solr_schema_RandomSortField.java","lucene-3.1",25,"False",1
"solr_src_java_org_apache_solr_schema_RandomSortField.java","lucene-3.1",26,"False",1
"solr_src_java_org_apache_solr_schema_RandomSortField.java","lucene-3.1",27,"False",1
"solr_src_java_org_apache_solr_schema_RandomSortField.java","lucene-3.1",28,"False",1
"solr_src_java_org_apache_solr_schema_RandomSortField.java","lucene-3.1",29,"False",1
"solr_src_java_org_apache_solr_schema_RandomSortField.java","lucene-3.1",30,"False",1
"solr_src_java_org_apache_solr_schema_RandomSortField.java","lucene-3.1",31,"False",1
"solr_src_java_org_apache_solr_schema_RandomSortField.java","lucene-3.1",32,"False",1
"solr_src_java_org_apache_solr_schema_RandomSortField.java","lucene-3.1",33,"False",1
"solr_src_java_org_apache_solr_schema_RandomSortField.java","lucene-3.1",34,"False",1
"solr_src_java_org_apache_solr_schema_RandomSortField.java","lucene-3.1",35,"False",1
"solr_src_java_org_apache_solr_schema_RandomSortField.java","lucene-3.1",36,"False",1
"solr_src_java_org_apache_solr_schema_RandomSortField.java","lucene-3.1",37,"False",1
"solr_src_java_org_apache_solr_schema_RandomSortField.java","lucene-3.1",38,"False",1
"solr_src_java_org_apache_solr_schema_RandomSortField.java","lucene-3.1",39,"False",1
"solr_src_java_org_apache_solr_schema_RandomSortField.java","lucene-3.1",40,"False",1
"solr_src_java_org_apache_solr_schema_RandomSortField.java","lucene-3.1",41,"False",1
"solr_src_java_org_apache_solr_schema_RandomSortField.java","lucene-3.1",42,"False",1
"solr_src_java_org_apache_solr_schema_RandomSortField.java","lucene-3.1",43,"False",1
"solr_src_java_org_apache_solr_schema_RandomSortField.java","lucene-3.1",44,"False",1
"solr_src_java_org_apache_solr_schema_RandomSortField.java","lucene-3.1",45,"False",1
"solr_src_java_org_apache_solr_schema_RandomSortField.java","lucene-3.1",46,"False",1
"solr_src_java_org_apache_solr_schema_RandomSortField.java","lucene-3.1",47,"False",1
"solr_src_java_org_apache_solr_schema_RandomSortField.java","lucene-3.1",48,"False",1
"solr_src_java_org_apache_solr_schema_RandomSortField.java","lucene-3.1",49,"False",1
"solr_src_java_org_apache_solr_schema_RandomSortField.java","lucene-3.1",50,"False",1
"solr_src_java_org_apache_solr_schema_RandomSortField.java","lucene-3.1",51,"False",1
"solr_src_java_org_apache_solr_schema_RandomSortField.java","lucene-3.1",52,"False",1
"solr_src_java_org_apache_solr_schema_RandomSortField.java","lucene-3.1",53,"False",1
"solr_src_java_org_apache_solr_schema_RandomSortField.java","lucene-3.1",54,"False",1
"solr_src_java_org_apache_solr_schema_RandomSortField.java","lucene-3.1",55,"False",1
"solr_src_java_org_apache_solr_schema_RandomSortField.java","lucene-3.1",56,"False",1
"solr_src_java_org_apache_solr_schema_RandomSortField.java","lucene-3.1",57,"False",1
"solr_src_java_org_apache_solr_schema_RandomSortField.java","lucene-3.1",58,"False",1
"solr_src_java_org_apache_solr_schema_RandomSortField.java","lucene-3.1",59,"False",1
"solr_src_java_org_apache_solr_schema_RandomSortField.java","lucene-3.1",60,"False",1
"solr_src_java_org_apache_solr_schema_RandomSortField.java","lucene-3.1",61,"False",1
"solr_src_java_org_apache_solr_schema_RandomSortField.java","lucene-3.1",62,"False",1
"solr_src_java_org_apache_solr_schema_RandomSortField.java","lucene-3.1",63,"False",1
"solr_src_java_org_apache_solr_schema_RandomSortField.java","lucene-3.1",64,"False",1
"solr_src_java_org_apache_solr_schema_RandomSortField.java","lucene-3.1",65,"False",1
"solr_src_java_org_apache_solr_schema_RandomSortField.java","lucene-3.1",66,"False",1
"solr_src_java_org_apache_solr_schema_RandomSortField.java","lucene-3.1",67,"False",1
"solr_src_java_org_apache_solr_schema_RandomSortField.java","lucene-3.1",68,"False",1
"solr_src_java_org_apache_solr_schema_RandomSortField.java","lucene-3.1",69,"False",1
"solr_src_java_org_apache_solr_schema_RandomSortField.java","lucene-3.1",70,"False",1
"solr_src_java_org_apache_solr_schema_RandomSortField.java","lucene-3.1",71,"False",1
"solr_src_java_org_apache_solr_schema_RandomSortField.java","lucene-3.1",72,"False",1
"solr_src_java_org_apache_solr_schema_RandomSortField.java","lucene-3.1",73,"False",1
"solr_src_java_org_apache_solr_schema_RandomSortField.java","lucene-3.1",74,"False",1
"solr_src_java_org_apache_solr_schema_RandomSortField.java","lucene-3.1",75,"False",1
"solr_src_java_org_apache_solr_schema_RandomSortField.java","lucene-3.1",76,"False",1
"solr_src_java_org_apache_solr_schema_RandomSortField.java","lucene-3.1",77,"False",1
"solr_src_java_org_apache_solr_schema_RandomSortField.java","lucene-3.1",78,"False",1
"solr_src_java_org_apache_solr_schema_RandomSortField.java","lucene-3.1",79,"False",1
"solr_src_java_org_apache_solr_schema_RandomSortField.java","lucene-3.1",80,"False",1
"solr_src_java_org_apache_solr_schema_RandomSortField.java","lucene-3.1",81,"False",1
"solr_src_java_org_apache_solr_schema_RandomSortField.java","lucene-3.1",82,"False",1
"solr_src_java_org_apache_solr_schema_RandomSortField.java","lucene-3.1",83,"False",1
"solr_src_java_org_apache_solr_schema_RandomSortField.java","lucene-3.1",84,"False",1
"solr_src_java_org_apache_solr_schema_RandomSortField.java","lucene-3.1",85,"False",1
"solr_src_java_org_apache_solr_schema_RandomSortField.java","lucene-3.1",86,"False",1
"solr_src_java_org_apache_solr_schema_RandomSortField.java","lucene-3.1",87,"False",1
"solr_src_java_org_apache_solr_schema_RandomSortField.java","lucene-3.1",88,"False",1
"solr_src_java_org_apache_solr_schema_RandomSortField.java","lucene-3.1",89,"False",1
"solr_src_java_org_apache_solr_schema_RandomSortField.java","lucene-3.1",90,"False",1
"solr_src_java_org_apache_solr_schema_RandomSortField.java","lucene-3.1",91,"False",1
"solr_src_java_org_apache_solr_schema_RandomSortField.java","lucene-3.1",92,"False",1
"solr_src_java_org_apache_solr_schema_RandomSortField.java","lucene-3.1",93,"False",1
"solr_src_java_org_apache_solr_schema_RandomSortField.java","lucene-3.1",94,"False",1
"solr_src_java_org_apache_solr_schema_RandomSortField.java","lucene-3.1",95,"False",1
"solr_src_java_org_apache_solr_schema_RandomSortField.java","lucene-3.1",96,"False",1
"solr_src_java_org_apache_solr_schema_RandomSortField.java","lucene-3.1",97,"False",1
"solr_src_java_org_apache_solr_schema_RandomSortField.java","lucene-3.1",98,"False",1
"solr_src_java_org_apache_solr_schema_RandomSortField.java","lucene-3.1",99,"False",1
"solr_src_java_org_apache_solr_schema_RandomSortField.java","lucene-3.1",100,"False",1
"solr_src_java_org_apache_solr_schema_RandomSortField.java","lucene-3.1",101,"False",1
"solr_src_java_org_apache_solr_schema_RandomSortField.java","lucene-3.1",102,"False",1
"solr_src_java_org_apache_solr_schema_RandomSortField.java","lucene-3.1",103,"False",1
"solr_src_java_org_apache_solr_schema_RandomSortField.java","lucene-3.1",104,"False",1
"solr_src_java_org_apache_solr_schema_RandomSortField.java","lucene-3.1",105,"False",1
"solr_src_java_org_apache_solr_schema_RandomSortField.java","lucene-3.1",106,"False",1
"solr_src_java_org_apache_solr_schema_RandomSortField.java","lucene-3.1",107,"False",1
"solr_src_java_org_apache_solr_schema_RandomSortField.java","lucene-3.1",108,"False",1
"solr_src_java_org_apache_solr_schema_RandomSortField.java","lucene-3.1",109,"False",1
"solr_src_java_org_apache_solr_schema_RandomSortField.java","lucene-3.1",110,"False",1
"solr_src_java_org_apache_solr_schema_RandomSortField.java","lucene-3.1",111,"False",1
"solr_src_java_org_apache_solr_schema_RandomSortField.java","lucene-3.1",112,"False",1
"solr_src_java_org_apache_solr_schema_RandomSortField.java","lucene-3.1",113,"False",1
"solr_src_java_org_apache_solr_schema_RandomSortField.java","lucene-3.1",114,"False",1
"solr_src_java_org_apache_solr_schema_RandomSortField.java","lucene-3.1",115,"False",1
"solr_src_java_org_apache_solr_schema_RandomSortField.java","lucene-3.1",116,"False",1
"solr_src_java_org_apache_solr_schema_RandomSortField.java","lucene-3.1",117,"False",1
"solr_src_java_org_apache_solr_schema_RandomSortField.java","lucene-3.1",118,"False",1
"solr_src_java_org_apache_solr_schema_RandomSortField.java","lucene-3.1",119,"False",1
"solr_src_java_org_apache_solr_schema_RandomSortField.java","lucene-3.1",120,"False",1
"solr_src_java_org_apache_solr_schema_RandomSortField.java","lucene-3.1",121,"False",1
"solr_src_java_org_apache_solr_schema_RandomSortField.java","lucene-3.1",122,"False",1
"solr_src_java_org_apache_solr_schema_RandomSortField.java","lucene-3.1",123,"False",1
"solr_src_java_org_apache_solr_schema_RandomSortField.java","lucene-3.1",124,"False",1
"solr_src_java_org_apache_solr_schema_RandomSortField.java","lucene-3.1",125,"False",1
"solr_src_java_org_apache_solr_schema_RandomSortField.java","lucene-3.1",126,"False",1
"solr_src_java_org_apache_solr_schema_RandomSortField.java","lucene-3.1",127,"False",1
"solr_src_java_org_apache_solr_schema_RandomSortField.java","lucene-3.1",128,"False",1
"solr_src_java_org_apache_solr_schema_RandomSortField.java","lucene-3.1",129,"False",1
"solr_src_java_org_apache_solr_schema_RandomSortField.java","lucene-3.1",130,"False",1
"solr_src_java_org_apache_solr_schema_RandomSortField.java","lucene-3.1",131,"False",1
"solr_src_java_org_apache_solr_schema_RandomSortField.java","lucene-3.1",132,"False",1
"solr_src_java_org_apache_solr_schema_RandomSortField.java","lucene-3.1",133,"False",1
"solr_src_java_org_apache_solr_schema_RandomSortField.java","lucene-3.1",134,"False",1
"solr_src_java_org_apache_solr_schema_RandomSortField.java","lucene-3.1",135,"False",1
"solr_src_java_org_apache_solr_schema_RandomSortField.java","lucene-3.1",136,"False",1
"solr_src_java_org_apache_solr_schema_RandomSortField.java","lucene-3.1",137,"False",1
"solr_src_java_org_apache_solr_schema_RandomSortField.java","lucene-3.1",138,"False",1
"solr_src_java_org_apache_solr_schema_RandomSortField.java","lucene-3.1",139,"False",1
"solr_src_java_org_apache_solr_schema_RandomSortField.java","lucene-3.1",140,"False",1
"solr_src_java_org_apache_solr_schema_RandomSortField.java","lucene-3.1",141,"False",1
"solr_src_java_org_apache_solr_schema_RandomSortField.java","lucene-3.1",142,"False",1
"solr_src_java_org_apache_solr_schema_RandomSortField.java","lucene-3.1",143,"False",1
"solr_src_java_org_apache_solr_schema_RandomSortField.java","lucene-3.1",144,"False",1
"solr_src_java_org_apache_solr_schema_RandomSortField.java","lucene-3.1",145,"False",1
"solr_src_java_org_apache_solr_schema_RandomSortField.java","lucene-3.1",146,"False",1
"solr_src_java_org_apache_solr_schema_RandomSortField.java","lucene-3.1",147,"False",1
"solr_src_java_org_apache_solr_schema_RandomSortField.java","lucene-3.1",148,"False",1
"solr_src_java_org_apache_solr_schema_RandomSortField.java","lucene-3.1",149,"False",1
"solr_src_java_org_apache_solr_schema_RandomSortField.java","lucene-3.1",150,"False",1
"solr_src_java_org_apache_solr_schema_RandomSortField.java","lucene-3.1",151,"False",1
"solr_src_java_org_apache_solr_schema_RandomSortField.java","lucene-3.1",152,"False",1
"solr_src_java_org_apache_solr_schema_RandomSortField.java","lucene-3.1",153,"True",3
"solr_src_java_org_apache_solr_schema_RandomSortField.java","lucene-3.1",154,"False",1
"solr_src_java_org_apache_solr_schema_RandomSortField.java","lucene-3.1",155,"False",1
"solr_src_java_org_apache_solr_schema_RandomSortField.java","lucene-3.1",156,"False",1
"solr_src_java_org_apache_solr_schema_RandomSortField.java","lucene-3.1",157,"False",1
"solr_src_java_org_apache_solr_schema_RandomSortField.java","lucene-3.1",158,"False",1
"solr_src_java_org_apache_solr_schema_RandomSortField.java","lucene-3.1",159,"False",1
"solr_src_java_org_apache_solr_schema_RandomSortField.java","lucene-3.1",160,"False",1
"solr_src_java_org_apache_solr_schema_RandomSortField.java","lucene-3.1",161,"False",1
"solr_src_java_org_apache_solr_schema_RandomSortField.java","lucene-3.1",162,"False",1
"solr_src_java_org_apache_solr_schema_RandomSortField.java","lucene-3.1",163,"False",1
"solr_src_java_org_apache_solr_schema_RandomSortField.java","lucene-3.1",164,"False",1
"solr_src_java_org_apache_solr_schema_RandomSortField.java","lucene-3.1",165,"False",1
"solr_src_java_org_apache_solr_schema_RandomSortField.java","lucene-3.1",166,"False",1
"solr_src_java_org_apache_solr_schema_RandomSortField.java","lucene-3.1",167,"False",1
"solr_src_java_org_apache_solr_schema_RandomSortField.java","lucene-3.1",168,"False",1
"solr_src_java_org_apache_solr_schema_RandomSortField.java","lucene-3.1",169,"False",1
"solr_src_java_org_apache_solr_schema_RandomSortField.java","lucene-3.1",170,"False",1
"solr_src_java_org_apache_solr_schema_RandomSortField.java","lucene-3.1",171,"False",1
"solr_src_java_org_apache_solr_schema_RandomSortField.java","lucene-3.1",172,"False",1
"solr_src_java_org_apache_solr_schema_RandomSortField.java","lucene-3.1",173,"False",1
"solr_src_java_org_apache_solr_schema_RandomSortField.java","lucene-3.1",174,"False",1
"solr_src_java_org_apache_solr_schema_RandomSortField.java","lucene-3.1",175,"False",1
"solr_src_java_org_apache_solr_schema_RandomSortField.java","lucene-3.1",176,"False",1
"solr_src_java_org_apache_solr_schema_RandomSortField.java","lucene-3.1",177,"False",1
"solr_src_java_org_apache_solr_schema_RandomSortField.java","lucene-3.1",178,"False",1
"solr_src_java_org_apache_solr_schema_RandomSortField.java","lucene-3.1",179,"False",1
"solr_src_java_org_apache_solr_schema_RandomSortField.java","lucene-3.1",180,"False",1
"solr_src_java_org_apache_solr_schema_RandomSortField.java","lucene-3.1",181,"False",1
"solr_src_java_org_apache_solr_schema_RandomSortField.java","lucene-3.1",182,"False",1
"solr_src_java_org_apache_solr_schema_RandomSortField.java","lucene-3.1",183,"False",1
"solr_src_java_org_apache_solr_schema_RandomSortField.java","lucene-3.1",184,"False",1
"solr_src_java_org_apache_solr_schema_RandomSortField.java","lucene-3.1",185,"False",1
"solr_src_java_org_apache_solr_schema_RandomSortField.java","lucene-3.1",186,"False",1
"solr_src_java_org_apache_solr_schema_RandomSortField.java","lucene-3.1",187,"False",1
"solr_src_java_org_apache_solr_schema_RandomSortField.java","lucene-3.1",188,"False",1
"solr_src_java_org_apache_solr_schema_RandomSortField.java","lucene-3.1",189,"False",1
"solr_src_java_org_apache_solr_schema_RandomSortField.java","lucene-3.1",190,"False",1
"solr_src_java_org_apache_solr_schema_RandomSortField.java","lucene-3.1",191,"False",1
"solr_src_java_org_apache_solr_schema_RandomSortField.java","lucene-3.1",192,"False",1
"solr_src_java_org_apache_solr_schema_RandomSortField.java","lucene-3.1",193,"False",1
"solr_src_java_org_apache_solr_schema_RandomSortField.java","lucene-3.1",194,"False",1
"solr_src_java_org_apache_solr_schema_RandomSortField.java","lucene-3.1",195,"False",1
"solr_src_java_org_apache_solr_schema_RandomSortField.java","lucene-3.1",196,"False",1
"solr_src_java_org_apache_solr_schema_RandomSortField.java","lucene-3.1",197,"False",1
"solr_src_java_org_apache_solr_schema_RandomSortField.java","lucene-3.1",198,"False",1
"solr_src_java_org_apache_solr_schema_RandomSortField.java","lucene-3.1",199,"False",1
"solr_src_java_org_apache_solr_schema_RandomSortField.java","lucene-3.1",200,"False",1
"solr_src_java_org_apache_solr_schema_RandomSortField.java","lucene-3.1",201,"False",1
"solr_src_java_org_apache_solr_schema_RandomSortField.java","lucene-3.1",202,"False",1
"solr_src_java_org_apache_solr_schema_RandomSortField.java","lucene-3.1",203,"False",1
"solr_src_java_org_apache_solr_schema_RandomSortField.java","lucene-3.1",204,"False",1
"solr_src_java_org_apache_solr_schema_RandomSortField.java","lucene-3.1",205,"False",1
"solr_src_java_org_apache_solr_schema_RandomSortField.java","lucene-3.1",206,"False",1
"solr_src_java_org_apache_solr_schema_RandomSortField.java","lucene-3.1",207,"False",1
"solr_src_java_org_apache_solr_schema_RandomSortField.java","lucene-3.1",208,"False",1
"solr_src_java_org_apache_solr_schema_RandomSortField.java","lucene-3.1",209,"False",1
"solr_src_java_org_apache_solr_schema_RandomSortField.java","lucene-3.1",210,"False",1
"solr_src_java_org_apache_solr_schema_RandomSortField.java","lucene-3.1",211,"False",1
"solr_src_java_org_apache_solr_schema_RandomSortField.java","lucene-3.1",212,"False",1
"solr_src_java_org_apache_solr_schema_RandomSortField.java","lucene-3.1",213,"False",1
"solr_src_java_org_apache_solr_search_QueryParsing.java","lucene-3.1",1,"False",1
"solr_src_java_org_apache_solr_search_QueryParsing.java","lucene-3.1",2,"False",1
"solr_src_java_org_apache_solr_search_QueryParsing.java","lucene-3.1",3,"False",1
"solr_src_java_org_apache_solr_search_QueryParsing.java","lucene-3.1",4,"False",1
"solr_src_java_org_apache_solr_search_QueryParsing.java","lucene-3.1",5,"False",1
"solr_src_java_org_apache_solr_search_QueryParsing.java","lucene-3.1",6,"False",1
"solr_src_java_org_apache_solr_search_QueryParsing.java","lucene-3.1",7,"False",1
"solr_src_java_org_apache_solr_search_QueryParsing.java","lucene-3.1",8,"False",1
"solr_src_java_org_apache_solr_search_QueryParsing.java","lucene-3.1",9,"False",1
"solr_src_java_org_apache_solr_search_QueryParsing.java","lucene-3.1",10,"False",1
"solr_src_java_org_apache_solr_search_QueryParsing.java","lucene-3.1",11,"False",1
"solr_src_java_org_apache_solr_search_QueryParsing.java","lucene-3.1",12,"False",1
"solr_src_java_org_apache_solr_search_QueryParsing.java","lucene-3.1",13,"False",1
"solr_src_java_org_apache_solr_search_QueryParsing.java","lucene-3.1",14,"False",1
"solr_src_java_org_apache_solr_search_QueryParsing.java","lucene-3.1",15,"False",1
"solr_src_java_org_apache_solr_search_QueryParsing.java","lucene-3.1",16,"False",1
"solr_src_java_org_apache_solr_search_QueryParsing.java","lucene-3.1",17,"False",1
"solr_src_java_org_apache_solr_search_QueryParsing.java","lucene-3.1",18,"False",1
"solr_src_java_org_apache_solr_search_QueryParsing.java","lucene-3.1",19,"False",1
"solr_src_java_org_apache_solr_search_QueryParsing.java","lucene-3.1",20,"False",1
"solr_src_java_org_apache_solr_search_QueryParsing.java","lucene-3.1",21,"False",1
"solr_src_java_org_apache_solr_search_QueryParsing.java","lucene-3.1",22,"False",1
"solr_src_java_org_apache_solr_search_QueryParsing.java","lucene-3.1",23,"False",1
"solr_src_java_org_apache_solr_search_QueryParsing.java","lucene-3.1",24,"False",1
"solr_src_java_org_apache_solr_search_QueryParsing.java","lucene-3.1",25,"False",1
"solr_src_java_org_apache_solr_search_QueryParsing.java","lucene-3.1",26,"False",1
"solr_src_java_org_apache_solr_search_QueryParsing.java","lucene-3.1",27,"False",1
"solr_src_java_org_apache_solr_search_QueryParsing.java","lucene-3.1",28,"False",1
"solr_src_java_org_apache_solr_search_QueryParsing.java","lucene-3.1",29,"False",1
"solr_src_java_org_apache_solr_search_QueryParsing.java","lucene-3.1",30,"False",1
"solr_src_java_org_apache_solr_search_QueryParsing.java","lucene-3.1",31,"False",1
"solr_src_java_org_apache_solr_search_QueryParsing.java","lucene-3.1",32,"False",1
"solr_src_java_org_apache_solr_search_QueryParsing.java","lucene-3.1",33,"False",1
"solr_src_java_org_apache_solr_search_QueryParsing.java","lucene-3.1",34,"False",1
"solr_src_java_org_apache_solr_search_QueryParsing.java","lucene-3.1",35,"False",1
"solr_src_java_org_apache_solr_search_QueryParsing.java","lucene-3.1",36,"False",1
"solr_src_java_org_apache_solr_search_QueryParsing.java","lucene-3.1",37,"False",1
"solr_src_java_org_apache_solr_search_QueryParsing.java","lucene-3.1",38,"False",1
"solr_src_java_org_apache_solr_search_QueryParsing.java","lucene-3.1",39,"False",1
"solr_src_java_org_apache_solr_search_QueryParsing.java","lucene-3.1",40,"False",1
"solr_src_java_org_apache_solr_search_QueryParsing.java","lucene-3.1",41,"False",1
"solr_src_java_org_apache_solr_search_QueryParsing.java","lucene-3.1",42,"False",1
"solr_src_java_org_apache_solr_search_QueryParsing.java","lucene-3.1",43,"False",1
"solr_src_java_org_apache_solr_search_QueryParsing.java","lucene-3.1",44,"False",1
"solr_src_java_org_apache_solr_search_QueryParsing.java","lucene-3.1",45,"False",1
"solr_src_java_org_apache_solr_search_QueryParsing.java","lucene-3.1",46,"False",1
"solr_src_java_org_apache_solr_search_QueryParsing.java","lucene-3.1",47,"False",1
"solr_src_java_org_apache_solr_search_QueryParsing.java","lucene-3.1",48,"False",1
"solr_src_java_org_apache_solr_search_QueryParsing.java","lucene-3.1",49,"False",1
"solr_src_java_org_apache_solr_search_QueryParsing.java","lucene-3.1",50,"False",1
"solr_src_java_org_apache_solr_search_QueryParsing.java","lucene-3.1",51,"False",1
"solr_src_java_org_apache_solr_search_QueryParsing.java","lucene-3.1",52,"False",1
"solr_src_java_org_apache_solr_search_QueryParsing.java","lucene-3.1",53,"False",1
"solr_src_java_org_apache_solr_search_QueryParsing.java","lucene-3.1",54,"False",1
"solr_src_java_org_apache_solr_search_QueryParsing.java","lucene-3.1",55,"False",1
"solr_src_java_org_apache_solr_search_QueryParsing.java","lucene-3.1",56,"False",1
"solr_src_java_org_apache_solr_search_QueryParsing.java","lucene-3.1",57,"False",1
"solr_src_java_org_apache_solr_search_QueryParsing.java","lucene-3.1",58,"False",1
"solr_src_java_org_apache_solr_search_QueryParsing.java","lucene-3.1",59,"False",1
"solr_src_java_org_apache_solr_search_QueryParsing.java","lucene-3.1",60,"False",1
"solr_src_java_org_apache_solr_search_QueryParsing.java","lucene-3.1",61,"False",1
"solr_src_java_org_apache_solr_search_QueryParsing.java","lucene-3.1",62,"False",1
"solr_src_java_org_apache_solr_search_QueryParsing.java","lucene-3.1",63,"False",1
"solr_src_java_org_apache_solr_search_QueryParsing.java","lucene-3.1",64,"False",1
"solr_src_java_org_apache_solr_search_QueryParsing.java","lucene-3.1",65,"False",1
"solr_src_java_org_apache_solr_search_QueryParsing.java","lucene-3.1",66,"False",1
"solr_src_java_org_apache_solr_search_QueryParsing.java","lucene-3.1",67,"False",1
"solr_src_java_org_apache_solr_search_QueryParsing.java","lucene-3.1",68,"False",1
"solr_src_java_org_apache_solr_search_QueryParsing.java","lucene-3.1",69,"False",1
"solr_src_java_org_apache_solr_search_QueryParsing.java","lucene-3.1",70,"False",1
"solr_src_java_org_apache_solr_search_QueryParsing.java","lucene-3.1",71,"False",1
"solr_src_java_org_apache_solr_search_QueryParsing.java","lucene-3.1",72,"False",1
"solr_src_java_org_apache_solr_search_QueryParsing.java","lucene-3.1",73,"False",1
"solr_src_java_org_apache_solr_search_QueryParsing.java","lucene-3.1",74,"False",1
"solr_src_java_org_apache_solr_search_QueryParsing.java","lucene-3.1",75,"False",1
"solr_src_java_org_apache_solr_search_QueryParsing.java","lucene-3.1",76,"False",1
"solr_src_java_org_apache_solr_search_QueryParsing.java","lucene-3.1",77,"False",1
"solr_src_java_org_apache_solr_search_QueryParsing.java","lucene-3.1",78,"False",1
"solr_src_java_org_apache_solr_search_QueryParsing.java","lucene-3.1",79,"False",1
"solr_src_java_org_apache_solr_search_QueryParsing.java","lucene-3.1",80,"False",1
"solr_src_java_org_apache_solr_search_QueryParsing.java","lucene-3.1",81,"False",1
"solr_src_java_org_apache_solr_search_QueryParsing.java","lucene-3.1",82,"False",1
"solr_src_java_org_apache_solr_search_QueryParsing.java","lucene-3.1",83,"False",1
"solr_src_java_org_apache_solr_search_QueryParsing.java","lucene-3.1",84,"False",1
"solr_src_java_org_apache_solr_search_QueryParsing.java","lucene-3.1",85,"False",1
"solr_src_java_org_apache_solr_search_QueryParsing.java","lucene-3.1",86,"False",1
"solr_src_java_org_apache_solr_search_QueryParsing.java","lucene-3.1",87,"False",1
"solr_src_java_org_apache_solr_search_QueryParsing.java","lucene-3.1",88,"False",1
"solr_src_java_org_apache_solr_search_QueryParsing.java","lucene-3.1",89,"False",1
"solr_src_java_org_apache_solr_search_QueryParsing.java","lucene-3.1",90,"False",1
"solr_src_java_org_apache_solr_search_QueryParsing.java","lucene-3.1",91,"True",3
"solr_src_java_org_apache_solr_search_QueryParsing.java","lucene-3.1",92,"False",1
"solr_src_java_org_apache_solr_search_QueryParsing.java","lucene-3.1",93,"False",1
"solr_src_java_org_apache_solr_search_QueryParsing.java","lucene-3.1",94,"False",1
"solr_src_java_org_apache_solr_search_QueryParsing.java","lucene-3.1",95,"False",1
"solr_src_java_org_apache_solr_search_QueryParsing.java","lucene-3.1",96,"False",1
"solr_src_java_org_apache_solr_search_QueryParsing.java","lucene-3.1",97,"False",1
"solr_src_java_org_apache_solr_search_QueryParsing.java","lucene-3.1",98,"False",1
"solr_src_java_org_apache_solr_search_QueryParsing.java","lucene-3.1",99,"False",1
"solr_src_java_org_apache_solr_search_QueryParsing.java","lucene-3.1",100,"False",1
"solr_src_java_org_apache_solr_search_QueryParsing.java","lucene-3.1",101,"False",1
"solr_src_java_org_apache_solr_search_QueryParsing.java","lucene-3.1",102,"False",1
"solr_src_java_org_apache_solr_search_QueryParsing.java","lucene-3.1",103,"False",1
"solr_src_java_org_apache_solr_search_QueryParsing.java","lucene-3.1",104,"False",1
"solr_src_java_org_apache_solr_search_QueryParsing.java","lucene-3.1",105,"False",1
"solr_src_java_org_apache_solr_search_QueryParsing.java","lucene-3.1",106,"False",1
"solr_src_java_org_apache_solr_search_QueryParsing.java","lucene-3.1",107,"False",1
"solr_src_java_org_apache_solr_search_QueryParsing.java","lucene-3.1",108,"False",1
"solr_src_java_org_apache_solr_search_QueryParsing.java","lucene-3.1",109,"False",1
"solr_src_java_org_apache_solr_search_QueryParsing.java","lucene-3.1",110,"False",1
"solr_src_java_org_apache_solr_search_QueryParsing.java","lucene-3.1",111,"False",1
"solr_src_java_org_apache_solr_search_QueryParsing.java","lucene-3.1",112,"False",1
"solr_src_java_org_apache_solr_search_QueryParsing.java","lucene-3.1",113,"False",1
"solr_src_java_org_apache_solr_search_QueryParsing.java","lucene-3.1",114,"False",1
"solr_src_java_org_apache_solr_search_QueryParsing.java","lucene-3.1",115,"True",3
"solr_src_java_org_apache_solr_search_QueryParsing.java","lucene-3.1",116,"False",1
"solr_src_java_org_apache_solr_search_QueryParsing.java","lucene-3.1",117,"False",1
"solr_src_java_org_apache_solr_search_QueryParsing.java","lucene-3.1",118,"False",1
"solr_src_java_org_apache_solr_search_QueryParsing.java","lucene-3.1",119,"False",1
"solr_src_java_org_apache_solr_search_QueryParsing.java","lucene-3.1",120,"False",1
"solr_src_java_org_apache_solr_search_QueryParsing.java","lucene-3.1",121,"False",1
"solr_src_java_org_apache_solr_search_QueryParsing.java","lucene-3.1",122,"False",1
"solr_src_java_org_apache_solr_search_QueryParsing.java","lucene-3.1",123,"False",1
"solr_src_java_org_apache_solr_search_QueryParsing.java","lucene-3.1",124,"False",1
"solr_src_java_org_apache_solr_search_QueryParsing.java","lucene-3.1",125,"False",1
"solr_src_java_org_apache_solr_search_QueryParsing.java","lucene-3.1",126,"False",1
"solr_src_java_org_apache_solr_search_QueryParsing.java","lucene-3.1",127,"False",1
"solr_src_java_org_apache_solr_search_QueryParsing.java","lucene-3.1",128,"False",1
"solr_src_java_org_apache_solr_search_QueryParsing.java","lucene-3.1",129,"False",1
"solr_src_java_org_apache_solr_search_QueryParsing.java","lucene-3.1",130,"False",1
"solr_src_java_org_apache_solr_search_QueryParsing.java","lucene-3.1",131,"False",1
"solr_src_java_org_apache_solr_search_QueryParsing.java","lucene-3.1",132,"False",1
"solr_src_java_org_apache_solr_search_QueryParsing.java","lucene-3.1",133,"False",1
"solr_src_java_org_apache_solr_search_QueryParsing.java","lucene-3.1",134,"False",1
"solr_src_java_org_apache_solr_search_QueryParsing.java","lucene-3.1",135,"False",1
"solr_src_java_org_apache_solr_search_QueryParsing.java","lucene-3.1",136,"False",1
"solr_src_java_org_apache_solr_search_QueryParsing.java","lucene-3.1",137,"False",1
"solr_src_java_org_apache_solr_search_QueryParsing.java","lucene-3.1",138,"False",1
"solr_src_java_org_apache_solr_search_QueryParsing.java","lucene-3.1",139,"False",1
"solr_src_java_org_apache_solr_search_QueryParsing.java","lucene-3.1",140,"False",1
"solr_src_java_org_apache_solr_search_QueryParsing.java","lucene-3.1",141,"False",1
"solr_src_java_org_apache_solr_search_QueryParsing.java","lucene-3.1",142,"False",1
"solr_src_java_org_apache_solr_search_QueryParsing.java","lucene-3.1",143,"False",1
"solr_src_java_org_apache_solr_search_QueryParsing.java","lucene-3.1",144,"False",1
"solr_src_java_org_apache_solr_search_QueryParsing.java","lucene-3.1",145,"False",1
"solr_src_java_org_apache_solr_search_QueryParsing.java","lucene-3.1",146,"False",1
"solr_src_java_org_apache_solr_search_QueryParsing.java","lucene-3.1",147,"False",1
"solr_src_java_org_apache_solr_search_QueryParsing.java","lucene-3.1",148,"False",1
"solr_src_java_org_apache_solr_search_QueryParsing.java","lucene-3.1",149,"False",1
"solr_src_java_org_apache_solr_search_QueryParsing.java","lucene-3.1",150,"False",1
"solr_src_java_org_apache_solr_search_QueryParsing.java","lucene-3.1",151,"False",1
"solr_src_java_org_apache_solr_search_QueryParsing.java","lucene-3.1",152,"False",1
"solr_src_java_org_apache_solr_search_QueryParsing.java","lucene-3.1",153,"False",1
"solr_src_java_org_apache_solr_search_QueryParsing.java","lucene-3.1",154,"False",1
"solr_src_java_org_apache_solr_search_QueryParsing.java","lucene-3.1",155,"False",1
"solr_src_java_org_apache_solr_search_QueryParsing.java","lucene-3.1",156,"False",1
"solr_src_java_org_apache_solr_search_QueryParsing.java","lucene-3.1",157,"False",1
"solr_src_java_org_apache_solr_search_QueryParsing.java","lucene-3.1",158,"False",1
"solr_src_java_org_apache_solr_search_QueryParsing.java","lucene-3.1",159,"False",1
"solr_src_java_org_apache_solr_search_QueryParsing.java","lucene-3.1",160,"False",1
"solr_src_java_org_apache_solr_search_QueryParsing.java","lucene-3.1",161,"False",1
"solr_src_java_org_apache_solr_search_QueryParsing.java","lucene-3.1",162,"False",1
"solr_src_java_org_apache_solr_search_QueryParsing.java","lucene-3.1",163,"False",1
"solr_src_java_org_apache_solr_search_QueryParsing.java","lucene-3.1",164,"False",1
"solr_src_java_org_apache_solr_search_QueryParsing.java","lucene-3.1",165,"False",1
"solr_src_java_org_apache_solr_search_QueryParsing.java","lucene-3.1",166,"False",1
"solr_src_java_org_apache_solr_search_QueryParsing.java","lucene-3.1",167,"False",1
"solr_src_java_org_apache_solr_search_QueryParsing.java","lucene-3.1",168,"False",1
"solr_src_java_org_apache_solr_search_QueryParsing.java","lucene-3.1",169,"False",1
"solr_src_java_org_apache_solr_search_QueryParsing.java","lucene-3.1",170,"False",1
"solr_src_java_org_apache_solr_search_QueryParsing.java","lucene-3.1",171,"False",1
"solr_src_java_org_apache_solr_search_QueryParsing.java","lucene-3.1",172,"False",1
"solr_src_java_org_apache_solr_search_QueryParsing.java","lucene-3.1",173,"False",1
"solr_src_java_org_apache_solr_search_QueryParsing.java","lucene-3.1",174,"False",1
"solr_src_java_org_apache_solr_search_QueryParsing.java","lucene-3.1",175,"False",1
"solr_src_java_org_apache_solr_search_QueryParsing.java","lucene-3.1",176,"False",1
"solr_src_java_org_apache_solr_search_QueryParsing.java","lucene-3.1",177,"False",1
"solr_src_java_org_apache_solr_search_QueryParsing.java","lucene-3.1",178,"False",1
"solr_src_java_org_apache_solr_search_QueryParsing.java","lucene-3.1",179,"False",1
"solr_src_java_org_apache_solr_search_QueryParsing.java","lucene-3.1",180,"False",1
"solr_src_java_org_apache_solr_search_QueryParsing.java","lucene-3.1",181,"False",1
"solr_src_java_org_apache_solr_search_QueryParsing.java","lucene-3.1",182,"False",1
"solr_src_java_org_apache_solr_search_QueryParsing.java","lucene-3.1",183,"False",1
"solr_src_java_org_apache_solr_search_QueryParsing.java","lucene-3.1",184,"False",1
"solr_src_java_org_apache_solr_search_QueryParsing.java","lucene-3.1",185,"False",1
"solr_src_java_org_apache_solr_search_QueryParsing.java","lucene-3.1",186,"False",1
"solr_src_java_org_apache_solr_search_QueryParsing.java","lucene-3.1",187,"False",1
"solr_src_java_org_apache_solr_search_QueryParsing.java","lucene-3.1",188,"False",1
"solr_src_java_org_apache_solr_search_QueryParsing.java","lucene-3.1",189,"False",1
"solr_src_java_org_apache_solr_search_QueryParsing.java","lucene-3.1",190,"False",1
"solr_src_java_org_apache_solr_search_QueryParsing.java","lucene-3.1",191,"False",1
"solr_src_java_org_apache_solr_search_QueryParsing.java","lucene-3.1",192,"False",1
"solr_src_java_org_apache_solr_search_QueryParsing.java","lucene-3.1",193,"False",1
"solr_src_java_org_apache_solr_search_QueryParsing.java","lucene-3.1",194,"False",1
"solr_src_java_org_apache_solr_search_QueryParsing.java","lucene-3.1",195,"False",1
"solr_src_java_org_apache_solr_search_QueryParsing.java","lucene-3.1",196,"False",1
"solr_src_java_org_apache_solr_search_QueryParsing.java","lucene-3.1",197,"False",1
"solr_src_java_org_apache_solr_search_QueryParsing.java","lucene-3.1",198,"False",1
"solr_src_java_org_apache_solr_search_QueryParsing.java","lucene-3.1",199,"False",1
"solr_src_java_org_apache_solr_search_QueryParsing.java","lucene-3.1",200,"False",1
"solr_src_java_org_apache_solr_search_QueryParsing.java","lucene-3.1",201,"False",1
"solr_src_java_org_apache_solr_search_QueryParsing.java","lucene-3.1",202,"False",1
"solr_src_java_org_apache_solr_search_QueryParsing.java","lucene-3.1",203,"False",1
"solr_src_java_org_apache_solr_search_QueryParsing.java","lucene-3.1",204,"False",1
"solr_src_java_org_apache_solr_search_QueryParsing.java","lucene-3.1",205,"False",1
"solr_src_java_org_apache_solr_search_QueryParsing.java","lucene-3.1",206,"False",1
"solr_src_java_org_apache_solr_search_QueryParsing.java","lucene-3.1",207,"False",1
"solr_src_java_org_apache_solr_search_QueryParsing.java","lucene-3.1",208,"False",1
"solr_src_java_org_apache_solr_search_QueryParsing.java","lucene-3.1",209,"False",1
"solr_src_java_org_apache_solr_search_QueryParsing.java","lucene-3.1",210,"False",1
"solr_src_java_org_apache_solr_search_QueryParsing.java","lucene-3.1",211,"False",1
"solr_src_java_org_apache_solr_search_QueryParsing.java","lucene-3.1",212,"False",1
"solr_src_java_org_apache_solr_search_QueryParsing.java","lucene-3.1",213,"False",1
"solr_src_java_org_apache_solr_search_QueryParsing.java","lucene-3.1",214,"False",1
"solr_src_java_org_apache_solr_search_QueryParsing.java","lucene-3.1",215,"False",1
"solr_src_java_org_apache_solr_search_QueryParsing.java","lucene-3.1",216,"False",1
"solr_src_java_org_apache_solr_search_QueryParsing.java","lucene-3.1",217,"False",1
"solr_src_java_org_apache_solr_search_QueryParsing.java","lucene-3.1",218,"False",1
"solr_src_java_org_apache_solr_search_QueryParsing.java","lucene-3.1",219,"False",1
"solr_src_java_org_apache_solr_search_QueryParsing.java","lucene-3.1",220,"False",1
"solr_src_java_org_apache_solr_search_QueryParsing.java","lucene-3.1",221,"False",1
"solr_src_java_org_apache_solr_search_QueryParsing.java","lucene-3.1",222,"False",1
"solr_src_java_org_apache_solr_search_QueryParsing.java","lucene-3.1",223,"False",1
"solr_src_java_org_apache_solr_search_QueryParsing.java","lucene-3.1",224,"False",1
"solr_src_java_org_apache_solr_search_QueryParsing.java","lucene-3.1",225,"False",1
"solr_src_java_org_apache_solr_search_QueryParsing.java","lucene-3.1",226,"False",1
"solr_src_java_org_apache_solr_search_QueryParsing.java","lucene-3.1",227,"False",1
"solr_src_java_org_apache_solr_search_QueryParsing.java","lucene-3.1",228,"False",1
"solr_src_java_org_apache_solr_search_QueryParsing.java","lucene-3.1",229,"False",1
"solr_src_java_org_apache_solr_search_QueryParsing.java","lucene-3.1",230,"False",1
"solr_src_java_org_apache_solr_search_QueryParsing.java","lucene-3.1",231,"False",1
"solr_src_java_org_apache_solr_search_QueryParsing.java","lucene-3.1",232,"False",1
"solr_src_java_org_apache_solr_search_QueryParsing.java","lucene-3.1",233,"False",1
"solr_src_java_org_apache_solr_search_QueryParsing.java","lucene-3.1",234,"False",1
"solr_src_java_org_apache_solr_search_QueryParsing.java","lucene-3.1",235,"False",1
"solr_src_java_org_apache_solr_search_QueryParsing.java","lucene-3.1",236,"False",1
"solr_src_java_org_apache_solr_search_QueryParsing.java","lucene-3.1",237,"False",1
"solr_src_java_org_apache_solr_search_QueryParsing.java","lucene-3.1",238,"False",1
"solr_src_java_org_apache_solr_search_QueryParsing.java","lucene-3.1",239,"False",1
"solr_src_java_org_apache_solr_search_QueryParsing.java","lucene-3.1",240,"False",1
"solr_src_java_org_apache_solr_search_QueryParsing.java","lucene-3.1",241,"False",1
"solr_src_java_org_apache_solr_search_QueryParsing.java","lucene-3.1",242,"False",1
"solr_src_java_org_apache_solr_search_QueryParsing.java","lucene-3.1",243,"False",1
"solr_src_java_org_apache_solr_search_QueryParsing.java","lucene-3.1",244,"False",1
"solr_src_java_org_apache_solr_search_QueryParsing.java","lucene-3.1",245,"False",1
"solr_src_java_org_apache_solr_search_QueryParsing.java","lucene-3.1",246,"False",1
"solr_src_java_org_apache_solr_search_QueryParsing.java","lucene-3.1",247,"False",1
"solr_src_java_org_apache_solr_search_QueryParsing.java","lucene-3.1",248,"False",1
"solr_src_java_org_apache_solr_search_QueryParsing.java","lucene-3.1",249,"False",1
"solr_src_java_org_apache_solr_search_QueryParsing.java","lucene-3.1",250,"False",1
"solr_src_java_org_apache_solr_search_QueryParsing.java","lucene-3.1",251,"False",1
"solr_src_java_org_apache_solr_search_QueryParsing.java","lucene-3.1",252,"False",1
"solr_src_java_org_apache_solr_search_QueryParsing.java","lucene-3.1",253,"False",1
"solr_src_java_org_apache_solr_search_QueryParsing.java","lucene-3.1",254,"False",1
"solr_src_java_org_apache_solr_search_QueryParsing.java","lucene-3.1",255,"False",1
"solr_src_java_org_apache_solr_search_QueryParsing.java","lucene-3.1",256,"False",1
"solr_src_java_org_apache_solr_search_QueryParsing.java","lucene-3.1",257,"False",1
"solr_src_java_org_apache_solr_search_QueryParsing.java","lucene-3.1",258,"False",1
"solr_src_java_org_apache_solr_search_QueryParsing.java","lucene-3.1",259,"False",1
"solr_src_java_org_apache_solr_search_QueryParsing.java","lucene-3.1",260,"False",1
"solr_src_java_org_apache_solr_search_QueryParsing.java","lucene-3.1",261,"False",1
"solr_src_java_org_apache_solr_search_QueryParsing.java","lucene-3.1",262,"False",1
"solr_src_java_org_apache_solr_search_QueryParsing.java","lucene-3.1",263,"False",1
"solr_src_java_org_apache_solr_search_QueryParsing.java","lucene-3.1",264,"False",1
"solr_src_java_org_apache_solr_search_QueryParsing.java","lucene-3.1",265,"False",1
"solr_src_java_org_apache_solr_search_QueryParsing.java","lucene-3.1",266,"False",1
"solr_src_java_org_apache_solr_search_QueryParsing.java","lucene-3.1",267,"False",1
"solr_src_java_org_apache_solr_search_QueryParsing.java","lucene-3.1",268,"False",1
"solr_src_java_org_apache_solr_search_QueryParsing.java","lucene-3.1",269,"False",1
"solr_src_java_org_apache_solr_search_QueryParsing.java","lucene-3.1",270,"False",1
"solr_src_java_org_apache_solr_search_QueryParsing.java","lucene-3.1",271,"False",1
"solr_src_java_org_apache_solr_search_QueryParsing.java","lucene-3.1",272,"False",1
"solr_src_java_org_apache_solr_search_QueryParsing.java","lucene-3.1",273,"False",1
"solr_src_java_org_apache_solr_search_QueryParsing.java","lucene-3.1",274,"False",1
"solr_src_java_org_apache_solr_search_QueryParsing.java","lucene-3.1",275,"False",1
"solr_src_java_org_apache_solr_search_QueryParsing.java","lucene-3.1",276,"False",1
"solr_src_java_org_apache_solr_search_QueryParsing.java","lucene-3.1",277,"False",1
"solr_src_java_org_apache_solr_search_QueryParsing.java","lucene-3.1",278,"False",1
"solr_src_java_org_apache_solr_search_QueryParsing.java","lucene-3.1",279,"False",1
"solr_src_java_org_apache_solr_search_QueryParsing.java","lucene-3.1",280,"False",1
"solr_src_java_org_apache_solr_search_QueryParsing.java","lucene-3.1",281,"False",1
"solr_src_java_org_apache_solr_search_QueryParsing.java","lucene-3.1",282,"False",1
"solr_src_java_org_apache_solr_search_QueryParsing.java","lucene-3.1",283,"False",1
"solr_src_java_org_apache_solr_search_QueryParsing.java","lucene-3.1",284,"False",1
"solr_src_java_org_apache_solr_search_QueryParsing.java","lucene-3.1",285,"False",1
"solr_src_java_org_apache_solr_search_QueryParsing.java","lucene-3.1",286,"False",1
"solr_src_java_org_apache_solr_search_QueryParsing.java","lucene-3.1",287,"False",1
"solr_src_java_org_apache_solr_search_QueryParsing.java","lucene-3.1",288,"False",1
"solr_src_java_org_apache_solr_search_QueryParsing.java","lucene-3.1",289,"False",1
"solr_src_java_org_apache_solr_search_QueryParsing.java","lucene-3.1",290,"False",1
"solr_src_java_org_apache_solr_search_QueryParsing.java","lucene-3.1",291,"False",1
"solr_src_java_org_apache_solr_search_QueryParsing.java","lucene-3.1",292,"False",1
"solr_src_java_org_apache_solr_search_QueryParsing.java","lucene-3.1",293,"False",1
"solr_src_java_org_apache_solr_search_QueryParsing.java","lucene-3.1",294,"False",1
"solr_src_java_org_apache_solr_search_QueryParsing.java","lucene-3.1",295,"False",1
"solr_src_java_org_apache_solr_search_QueryParsing.java","lucene-3.1",296,"False",1
"solr_src_java_org_apache_solr_search_QueryParsing.java","lucene-3.1",297,"False",1
"solr_src_java_org_apache_solr_search_QueryParsing.java","lucene-3.1",298,"False",1
"solr_src_java_org_apache_solr_search_QueryParsing.java","lucene-3.1",299,"False",1
"solr_src_java_org_apache_solr_search_QueryParsing.java","lucene-3.1",300,"False",1
"solr_src_java_org_apache_solr_search_QueryParsing.java","lucene-3.1",301,"False",1
"solr_src_java_org_apache_solr_search_QueryParsing.java","lucene-3.1",302,"False",1
"solr_src_java_org_apache_solr_search_QueryParsing.java","lucene-3.1",303,"False",1
"solr_src_java_org_apache_solr_search_QueryParsing.java","lucene-3.1",304,"False",1
"solr_src_java_org_apache_solr_search_QueryParsing.java","lucene-3.1",305,"True",2
"solr_src_java_org_apache_solr_search_QueryParsing.java","lucene-3.1",306,"True",2
"solr_src_java_org_apache_solr_search_QueryParsing.java","lucene-3.1",307,"False",1
"solr_src_java_org_apache_solr_search_QueryParsing.java","lucene-3.1",308,"True",2
"solr_src_java_org_apache_solr_search_QueryParsing.java","lucene-3.1",309,"False",1
"solr_src_java_org_apache_solr_search_QueryParsing.java","lucene-3.1",310,"False",1
"solr_src_java_org_apache_solr_search_QueryParsing.java","lucene-3.1",311,"False",1
"solr_src_java_org_apache_solr_search_QueryParsing.java","lucene-3.1",312,"False",1
"solr_src_java_org_apache_solr_search_QueryParsing.java","lucene-3.1",313,"True",2
"solr_src_java_org_apache_solr_search_QueryParsing.java","lucene-3.1",314,"False",1
"solr_src_java_org_apache_solr_search_QueryParsing.java","lucene-3.1",315,"False",1
"solr_src_java_org_apache_solr_search_QueryParsing.java","lucene-3.1",316,"False",1
"solr_src_java_org_apache_solr_search_QueryParsing.java","lucene-3.1",317,"True",2
"solr_src_java_org_apache_solr_search_QueryParsing.java","lucene-3.1",318,"False",1
"solr_src_java_org_apache_solr_search_QueryParsing.java","lucene-3.1",319,"False",1
"solr_src_java_org_apache_solr_search_QueryParsing.java","lucene-3.1",320,"False",1
"solr_src_java_org_apache_solr_search_QueryParsing.java","lucene-3.1",321,"False",1
"solr_src_java_org_apache_solr_search_QueryParsing.java","lucene-3.1",322,"False",1
"solr_src_java_org_apache_solr_search_QueryParsing.java","lucene-3.1",323,"False",1
"solr_src_java_org_apache_solr_search_QueryParsing.java","lucene-3.1",324,"False",1
"solr_src_java_org_apache_solr_search_QueryParsing.java","lucene-3.1",325,"False",1
"solr_src_java_org_apache_solr_search_QueryParsing.java","lucene-3.1",326,"True",2
"solr_src_java_org_apache_solr_search_QueryParsing.java","lucene-3.1",327,"False",1
"solr_src_java_org_apache_solr_search_QueryParsing.java","lucene-3.1",328,"False",1
"solr_src_java_org_apache_solr_search_QueryParsing.java","lucene-3.1",329,"False",1
"solr_src_java_org_apache_solr_search_QueryParsing.java","lucene-3.1",330,"False",1
"solr_src_java_org_apache_solr_search_QueryParsing.java","lucene-3.1",331,"False",1
"solr_src_java_org_apache_solr_search_QueryParsing.java","lucene-3.1",332,"False",1
"solr_src_java_org_apache_solr_search_QueryParsing.java","lucene-3.1",333,"False",1
"solr_src_java_org_apache_solr_search_QueryParsing.java","lucene-3.1",334,"False",1
"solr_src_java_org_apache_solr_search_QueryParsing.java","lucene-3.1",335,"False",1
"solr_src_java_org_apache_solr_search_QueryParsing.java","lucene-3.1",336,"False",1
"solr_src_java_org_apache_solr_search_QueryParsing.java","lucene-3.1",337,"False",1
"solr_src_java_org_apache_solr_search_QueryParsing.java","lucene-3.1",338,"False",1
"solr_src_java_org_apache_solr_search_QueryParsing.java","lucene-3.1",339,"False",1
"solr_src_java_org_apache_solr_search_QueryParsing.java","lucene-3.1",340,"False",1
"solr_src_java_org_apache_solr_search_QueryParsing.java","lucene-3.1",341,"False",1
"solr_src_java_org_apache_solr_search_QueryParsing.java","lucene-3.1",342,"False",1
"solr_src_java_org_apache_solr_search_QueryParsing.java","lucene-3.1",343,"False",1
"solr_src_java_org_apache_solr_search_QueryParsing.java","lucene-3.1",344,"False",1
"solr_src_java_org_apache_solr_search_QueryParsing.java","lucene-3.1",345,"False",1
"solr_src_java_org_apache_solr_search_QueryParsing.java","lucene-3.1",346,"False",1
"solr_src_java_org_apache_solr_search_QueryParsing.java","lucene-3.1",347,"False",1
"solr_src_java_org_apache_solr_search_QueryParsing.java","lucene-3.1",348,"True",2
"solr_src_java_org_apache_solr_search_QueryParsing.java","lucene-3.1",349,"False",1
"solr_src_java_org_apache_solr_search_QueryParsing.java","lucene-3.1",350,"False",1
"solr_src_java_org_apache_solr_search_QueryParsing.java","lucene-3.1",351,"False",1
"solr_src_java_org_apache_solr_search_QueryParsing.java","lucene-3.1",352,"False",1
"solr_src_java_org_apache_solr_search_QueryParsing.java","lucene-3.1",353,"False",1
"solr_src_java_org_apache_solr_search_QueryParsing.java","lucene-3.1",354,"False",1
"solr_src_java_org_apache_solr_search_QueryParsing.java","lucene-3.1",355,"False",1
"solr_src_java_org_apache_solr_search_QueryParsing.java","lucene-3.1",356,"False",1
"solr_src_java_org_apache_solr_search_QueryParsing.java","lucene-3.1",357,"False",1
"solr_src_java_org_apache_solr_search_QueryParsing.java","lucene-3.1",358,"False",1
"solr_src_java_org_apache_solr_search_QueryParsing.java","lucene-3.1",359,"False",1
"solr_src_java_org_apache_solr_search_QueryParsing.java","lucene-3.1",360,"False",1
"solr_src_java_org_apache_solr_search_QueryParsing.java","lucene-3.1",361,"False",1
"solr_src_java_org_apache_solr_search_QueryParsing.java","lucene-3.1",362,"False",1
"solr_src_java_org_apache_solr_search_QueryParsing.java","lucene-3.1",363,"False",1
"solr_src_java_org_apache_solr_search_QueryParsing.java","lucene-3.1",364,"False",1
"solr_src_java_org_apache_solr_search_QueryParsing.java","lucene-3.1",365,"False",1
"solr_src_java_org_apache_solr_search_QueryParsing.java","lucene-3.1",366,"False",1
"solr_src_java_org_apache_solr_search_QueryParsing.java","lucene-3.1",367,"False",1
"solr_src_java_org_apache_solr_search_QueryParsing.java","lucene-3.1",368,"False",1
"solr_src_java_org_apache_solr_search_QueryParsing.java","lucene-3.1",369,"False",1
"solr_src_java_org_apache_solr_search_QueryParsing.java","lucene-3.1",370,"False",1
"solr_src_java_org_apache_solr_search_QueryParsing.java","lucene-3.1",371,"False",1
"solr_src_java_org_apache_solr_search_QueryParsing.java","lucene-3.1",372,"False",1
"solr_src_java_org_apache_solr_search_QueryParsing.java","lucene-3.1",373,"False",1
"solr_src_java_org_apache_solr_search_QueryParsing.java","lucene-3.1",374,"False",1
"solr_src_java_org_apache_solr_search_QueryParsing.java","lucene-3.1",375,"False",1
"solr_src_java_org_apache_solr_search_QueryParsing.java","lucene-3.1",376,"False",1
"solr_src_java_org_apache_solr_search_QueryParsing.java","lucene-3.1",377,"False",1
"solr_src_java_org_apache_solr_search_QueryParsing.java","lucene-3.1",378,"False",1
"solr_src_java_org_apache_solr_search_QueryParsing.java","lucene-3.1",379,"False",1
"solr_src_java_org_apache_solr_search_QueryParsing.java","lucene-3.1",380,"False",1
"solr_src_java_org_apache_solr_search_QueryParsing.java","lucene-3.1",381,"False",1
"solr_src_java_org_apache_solr_search_QueryParsing.java","lucene-3.1",382,"False",1
"solr_src_java_org_apache_solr_search_QueryParsing.java","lucene-3.1",383,"False",1
"solr_src_java_org_apache_solr_search_QueryParsing.java","lucene-3.1",384,"False",1
"solr_src_java_org_apache_solr_search_QueryParsing.java","lucene-3.1",385,"False",1
"solr_src_java_org_apache_solr_search_QueryParsing.java","lucene-3.1",386,"False",1
"solr_src_java_org_apache_solr_search_QueryParsing.java","lucene-3.1",387,"False",1
"solr_src_java_org_apache_solr_search_QueryParsing.java","lucene-3.1",388,"False",1
"solr_src_java_org_apache_solr_search_QueryParsing.java","lucene-3.1",389,"False",1
"solr_src_java_org_apache_solr_search_QueryParsing.java","lucene-3.1",390,"False",1
"solr_src_java_org_apache_solr_search_QueryParsing.java","lucene-3.1",391,"False",1
"solr_src_java_org_apache_solr_search_QueryParsing.java","lucene-3.1",392,"False",1
"solr_src_java_org_apache_solr_search_QueryParsing.java","lucene-3.1",393,"False",1
"solr_src_java_org_apache_solr_search_QueryParsing.java","lucene-3.1",394,"False",1
"solr_src_java_org_apache_solr_search_QueryParsing.java","lucene-3.1",395,"False",1
"solr_src_java_org_apache_solr_search_QueryParsing.java","lucene-3.1",396,"False",1
"solr_src_java_org_apache_solr_search_QueryParsing.java","lucene-3.1",397,"False",1
"solr_src_java_org_apache_solr_search_QueryParsing.java","lucene-3.1",398,"False",1
"solr_src_java_org_apache_solr_search_QueryParsing.java","lucene-3.1",399,"False",1
"solr_src_java_org_apache_solr_search_QueryParsing.java","lucene-3.1",400,"False",1
"solr_src_java_org_apache_solr_search_QueryParsing.java","lucene-3.1",401,"False",1
"solr_src_java_org_apache_solr_search_QueryParsing.java","lucene-3.1",402,"False",1
"solr_src_java_org_apache_solr_search_QueryParsing.java","lucene-3.1",403,"False",1
"solr_src_java_org_apache_solr_search_QueryParsing.java","lucene-3.1",404,"False",1
"solr_src_java_org_apache_solr_search_QueryParsing.java","lucene-3.1",405,"False",1
"solr_src_java_org_apache_solr_search_QueryParsing.java","lucene-3.1",406,"False",1
"solr_src_java_org_apache_solr_search_QueryParsing.java","lucene-3.1",407,"True",3
"solr_src_java_org_apache_solr_search_QueryParsing.java","lucene-3.1",408,"False",1
"solr_src_java_org_apache_solr_search_QueryParsing.java","lucene-3.1",409,"False",1
"solr_src_java_org_apache_solr_search_QueryParsing.java","lucene-3.1",410,"False",1
"solr_src_java_org_apache_solr_search_QueryParsing.java","lucene-3.1",411,"False",1
"solr_src_java_org_apache_solr_search_QueryParsing.java","lucene-3.1",412,"False",1
"solr_src_java_org_apache_solr_search_QueryParsing.java","lucene-3.1",413,"False",1
"solr_src_java_org_apache_solr_search_QueryParsing.java","lucene-3.1",414,"False",1
"solr_src_java_org_apache_solr_search_QueryParsing.java","lucene-3.1",415,"False",1
"solr_src_java_org_apache_solr_search_QueryParsing.java","lucene-3.1",416,"False",1
"solr_src_java_org_apache_solr_search_QueryParsing.java","lucene-3.1",417,"False",1
"solr_src_java_org_apache_solr_search_QueryParsing.java","lucene-3.1",418,"True",3
"solr_src_java_org_apache_solr_search_QueryParsing.java","lucene-3.1",419,"False",1
"solr_src_java_org_apache_solr_search_QueryParsing.java","lucene-3.1",420,"False",1
"solr_src_java_org_apache_solr_search_QueryParsing.java","lucene-3.1",421,"False",1
"solr_src_java_org_apache_solr_search_QueryParsing.java","lucene-3.1",422,"False",1
"solr_src_java_org_apache_solr_search_QueryParsing.java","lucene-3.1",423,"False",1
"solr_src_java_org_apache_solr_search_QueryParsing.java","lucene-3.1",424,"False",1
"solr_src_java_org_apache_solr_search_QueryParsing.java","lucene-3.1",425,"False",1
"solr_src_java_org_apache_solr_search_QueryParsing.java","lucene-3.1",426,"False",1
"solr_src_java_org_apache_solr_search_QueryParsing.java","lucene-3.1",427,"False",1
"solr_src_java_org_apache_solr_search_QueryParsing.java","lucene-3.1",428,"False",1
"solr_src_java_org_apache_solr_search_QueryParsing.java","lucene-3.1",429,"False",1
"solr_src_java_org_apache_solr_search_QueryParsing.java","lucene-3.1",430,"False",1
"solr_src_java_org_apache_solr_search_QueryParsing.java","lucene-3.1",431,"False",1
"solr_src_java_org_apache_solr_search_QueryParsing.java","lucene-3.1",432,"False",1
"solr_src_java_org_apache_solr_search_QueryParsing.java","lucene-3.1",433,"False",1
"solr_src_java_org_apache_solr_search_QueryParsing.java","lucene-3.1",434,"False",1
"solr_src_java_org_apache_solr_search_QueryParsing.java","lucene-3.1",435,"False",1
"solr_src_java_org_apache_solr_search_QueryParsing.java","lucene-3.1",436,"False",1
"solr_src_java_org_apache_solr_search_QueryParsing.java","lucene-3.1",437,"False",1
"solr_src_java_org_apache_solr_search_QueryParsing.java","lucene-3.1",438,"True",3
"solr_src_java_org_apache_solr_search_QueryParsing.java","lucene-3.1",439,"False",1
"solr_src_java_org_apache_solr_search_QueryParsing.java","lucene-3.1",440,"False",1
"solr_src_java_org_apache_solr_search_QueryParsing.java","lucene-3.1",441,"False",1
"solr_src_java_org_apache_solr_search_QueryParsing.java","lucene-3.1",442,"False",1
"solr_src_java_org_apache_solr_search_QueryParsing.java","lucene-3.1",443,"False",1
"solr_src_java_org_apache_solr_search_QueryParsing.java","lucene-3.1",444,"False",1
"solr_src_java_org_apache_solr_search_QueryParsing.java","lucene-3.1",445,"False",1
"solr_src_java_org_apache_solr_search_QueryParsing.java","lucene-3.1",446,"False",1
"solr_src_java_org_apache_solr_search_QueryParsing.java","lucene-3.1",447,"False",1
"solr_src_java_org_apache_solr_search_QueryParsing.java","lucene-3.1",448,"False",1
"solr_src_java_org_apache_solr_search_QueryParsing.java","lucene-3.1",449,"False",1
"solr_src_java_org_apache_solr_search_QueryParsing.java","lucene-3.1",450,"False",1
"solr_src_java_org_apache_solr_search_QueryParsing.java","lucene-3.1",451,"False",1
"solr_src_java_org_apache_solr_search_QueryParsing.java","lucene-3.1",452,"False",1
"solr_src_java_org_apache_solr_search_QueryParsing.java","lucene-3.1",453,"False",1
"solr_src_java_org_apache_solr_search_QueryParsing.java","lucene-3.1",454,"False",1
"solr_src_java_org_apache_solr_search_QueryParsing.java","lucene-3.1",455,"False",1
"solr_src_java_org_apache_solr_search_QueryParsing.java","lucene-3.1",456,"False",1
"solr_src_java_org_apache_solr_search_QueryParsing.java","lucene-3.1",457,"False",1
"solr_src_java_org_apache_solr_search_QueryParsing.java","lucene-3.1",458,"False",1
"solr_src_java_org_apache_solr_search_QueryParsing.java","lucene-3.1",459,"False",1
"solr_src_java_org_apache_solr_search_QueryParsing.java","lucene-3.1",460,"False",1
"solr_src_java_org_apache_solr_search_QueryParsing.java","lucene-3.1",461,"False",1
"solr_src_java_org_apache_solr_search_QueryParsing.java","lucene-3.1",462,"False",1
"solr_src_java_org_apache_solr_search_QueryParsing.java","lucene-3.1",463,"False",1
"solr_src_java_org_apache_solr_search_QueryParsing.java","lucene-3.1",464,"False",1
"solr_src_java_org_apache_solr_search_QueryParsing.java","lucene-3.1",465,"False",1
"solr_src_java_org_apache_solr_search_QueryParsing.java","lucene-3.1",466,"False",1
"solr_src_java_org_apache_solr_search_QueryParsing.java","lucene-3.1",467,"False",1
"solr_src_java_org_apache_solr_search_QueryParsing.java","lucene-3.1",468,"True",3
"solr_src_java_org_apache_solr_search_QueryParsing.java","lucene-3.1",469,"False",1
"solr_src_java_org_apache_solr_search_QueryParsing.java","lucene-3.1",470,"False",1
"solr_src_java_org_apache_solr_search_QueryParsing.java","lucene-3.1",471,"False",1
"solr_src_java_org_apache_solr_search_QueryParsing.java","lucene-3.1",472,"False",1
"solr_src_java_org_apache_solr_search_QueryParsing.java","lucene-3.1",473,"False",1
"solr_src_java_org_apache_solr_search_QueryParsing.java","lucene-3.1",474,"False",1
"solr_src_java_org_apache_solr_search_QueryParsing.java","lucene-3.1",475,"False",1
"solr_src_java_org_apache_solr_search_QueryParsing.java","lucene-3.1",476,"False",1
"solr_src_java_org_apache_solr_search_QueryParsing.java","lucene-3.1",477,"False",1
"solr_src_java_org_apache_solr_search_QueryParsing.java","lucene-3.1",478,"False",1
"solr_src_java_org_apache_solr_search_QueryParsing.java","lucene-3.1",479,"False",1
"solr_src_java_org_apache_solr_search_QueryParsing.java","lucene-3.1",480,"False",1
"solr_src_java_org_apache_solr_search_QueryParsing.java","lucene-3.1",481,"False",1
"solr_src_java_org_apache_solr_search_QueryParsing.java","lucene-3.1",482,"False",1
"solr_src_java_org_apache_solr_search_QueryParsing.java","lucene-3.1",483,"False",1
"solr_src_java_org_apache_solr_search_QueryParsing.java","lucene-3.1",484,"False",1
"solr_src_java_org_apache_solr_search_QueryParsing.java","lucene-3.1",485,"False",1
"solr_src_java_org_apache_solr_search_QueryParsing.java","lucene-3.1",486,"False",1
"solr_src_java_org_apache_solr_search_QueryParsing.java","lucene-3.1",487,"False",1
"solr_src_java_org_apache_solr_search_QueryParsing.java","lucene-3.1",488,"False",1
"solr_src_java_org_apache_solr_search_QueryParsing.java","lucene-3.1",489,"False",1
"solr_src_java_org_apache_solr_search_QueryParsing.java","lucene-3.1",490,"False",1
"solr_src_java_org_apache_solr_search_QueryParsing.java","lucene-3.1",491,"False",1
"solr_src_java_org_apache_solr_search_QueryParsing.java","lucene-3.1",492,"False",1
"solr_src_java_org_apache_solr_search_QueryParsing.java","lucene-3.1",493,"False",1
"solr_src_java_org_apache_solr_search_QueryParsing.java","lucene-3.1",494,"False",1
"solr_src_java_org_apache_solr_search_QueryParsing.java","lucene-3.1",495,"False",1
"solr_src_java_org_apache_solr_search_QueryParsing.java","lucene-3.1",496,"False",1
"solr_src_java_org_apache_solr_search_QueryParsing.java","lucene-3.1",497,"False",1
"solr_src_java_org_apache_solr_search_QueryParsing.java","lucene-3.1",498,"False",1
"solr_src_java_org_apache_solr_search_QueryParsing.java","lucene-3.1",499,"False",1
"solr_src_java_org_apache_solr_search_QueryParsing.java","lucene-3.1",500,"False",1
"solr_src_java_org_apache_solr_search_QueryParsing.java","lucene-3.1",501,"False",1
"solr_src_java_org_apache_solr_search_QueryParsing.java","lucene-3.1",502,"False",1
"solr_src_java_org_apache_solr_search_QueryParsing.java","lucene-3.1",503,"False",1
"solr_src_java_org_apache_solr_search_QueryParsing.java","lucene-3.1",504,"False",1
"solr_src_java_org_apache_solr_search_QueryParsing.java","lucene-3.1",505,"False",1
"solr_src_java_org_apache_solr_search_QueryParsing.java","lucene-3.1",506,"False",1
"solr_src_java_org_apache_solr_search_QueryParsing.java","lucene-3.1",507,"False",1
"solr_src_java_org_apache_solr_search_QueryParsing.java","lucene-3.1",508,"False",1
"solr_src_java_org_apache_solr_search_QueryParsing.java","lucene-3.1",509,"False",1
"solr_src_java_org_apache_solr_search_QueryParsing.java","lucene-3.1",510,"False",1
"solr_src_java_org_apache_solr_search_QueryParsing.java","lucene-3.1",511,"False",1
"solr_src_java_org_apache_solr_search_QueryParsing.java","lucene-3.1",512,"False",1
"solr_src_java_org_apache_solr_search_QueryParsing.java","lucene-3.1",513,"False",1
"solr_src_java_org_apache_solr_search_QueryParsing.java","lucene-3.1",514,"False",1
"solr_src_java_org_apache_solr_search_QueryParsing.java","lucene-3.1",515,"False",1
"solr_src_java_org_apache_solr_search_QueryParsing.java","lucene-3.1",516,"False",1
"solr_src_java_org_apache_solr_search_QueryParsing.java","lucene-3.1",517,"False",1
"solr_src_java_org_apache_solr_search_QueryParsing.java","lucene-3.1",518,"False",1
"solr_src_java_org_apache_solr_search_QueryParsing.java","lucene-3.1",519,"False",1
"solr_src_java_org_apache_solr_search_QueryParsing.java","lucene-3.1",520,"False",1
"solr_src_java_org_apache_solr_search_QueryParsing.java","lucene-3.1",521,"False",1
"solr_src_java_org_apache_solr_search_QueryParsing.java","lucene-3.1",522,"False",1
"solr_src_java_org_apache_solr_search_QueryParsing.java","lucene-3.1",523,"False",1
"solr_src_java_org_apache_solr_search_QueryParsing.java","lucene-3.1",524,"False",1
"solr_src_java_org_apache_solr_search_QueryParsing.java","lucene-3.1",525,"False",1
"solr_src_java_org_apache_solr_search_QueryParsing.java","lucene-3.1",526,"False",1
"solr_src_java_org_apache_solr_search_QueryParsing.java","lucene-3.1",527,"False",1
"solr_src_java_org_apache_solr_search_QueryParsing.java","lucene-3.1",528,"False",1
"solr_src_java_org_apache_solr_search_QueryParsing.java","lucene-3.1",529,"False",1
"solr_src_java_org_apache_solr_search_QueryParsing.java","lucene-3.1",530,"False",1
"solr_src_java_org_apache_solr_search_QueryParsing.java","lucene-3.1",531,"False",1
"solr_src_java_org_apache_solr_search_QueryParsing.java","lucene-3.1",532,"False",1
"solr_src_java_org_apache_solr_search_QueryParsing.java","lucene-3.1",533,"False",1
"solr_src_java_org_apache_solr_search_QueryParsing.java","lucene-3.1",534,"False",1
"solr_src_java_org_apache_solr_search_QueryParsing.java","lucene-3.1",535,"False",1
"solr_src_java_org_apache_solr_search_QueryParsing.java","lucene-3.1",536,"False",1
"solr_src_java_org_apache_solr_search_QueryParsing.java","lucene-3.1",537,"False",1
"solr_src_java_org_apache_solr_search_QueryParsing.java","lucene-3.1",538,"False",1
"solr_src_java_org_apache_solr_search_QueryParsing.java","lucene-3.1",539,"False",1
"solr_src_java_org_apache_solr_search_QueryParsing.java","lucene-3.1",540,"False",1
"solr_src_java_org_apache_solr_search_QueryParsing.java","lucene-3.1",541,"True",3
"solr_src_java_org_apache_solr_search_QueryParsing.java","lucene-3.1",542,"False",1
"solr_src_java_org_apache_solr_search_QueryParsing.java","lucene-3.1",543,"False",1
"solr_src_java_org_apache_solr_search_QueryParsing.java","lucene-3.1",544,"False",1
"solr_src_java_org_apache_solr_search_QueryParsing.java","lucene-3.1",545,"False",1
"solr_src_java_org_apache_solr_search_QueryParsing.java","lucene-3.1",546,"False",1
"solr_src_java_org_apache_solr_search_QueryParsing.java","lucene-3.1",547,"True",3
"solr_src_java_org_apache_solr_search_QueryParsing.java","lucene-3.1",548,"False",1
"solr_src_java_org_apache_solr_search_QueryParsing.java","lucene-3.1",549,"False",1
"solr_src_java_org_apache_solr_search_QueryParsing.java","lucene-3.1",550,"False",1
"solr_src_java_org_apache_solr_search_QueryParsing.java","lucene-3.1",551,"False",1
"solr_src_java_org_apache_solr_search_QueryParsing.java","lucene-3.1",552,"False",1
"solr_src_java_org_apache_solr_search_QueryParsing.java","lucene-3.1",553,"False",1
"solr_src_java_org_apache_solr_search_QueryParsing.java","lucene-3.1",554,"False",1
"solr_src_java_org_apache_solr_search_QueryParsing.java","lucene-3.1",555,"False",1
"solr_src_java_org_apache_solr_search_QueryParsing.java","lucene-3.1",556,"False",1
"solr_src_java_org_apache_solr_search_QueryParsing.java","lucene-3.1",557,"False",1
"solr_src_java_org_apache_solr_search_QueryParsing.java","lucene-3.1",558,"False",1
"solr_src_java_org_apache_solr_search_QueryParsing.java","lucene-3.1",559,"False",1
"solr_src_java_org_apache_solr_search_QueryParsing.java","lucene-3.1",560,"False",1
"solr_src_java_org_apache_solr_search_QueryParsing.java","lucene-3.1",561,"False",1
"solr_src_java_org_apache_solr_search_QueryParsing.java","lucene-3.1",562,"False",1
"solr_src_java_org_apache_solr_search_QueryParsing.java","lucene-3.1",563,"False",1
"solr_src_java_org_apache_solr_search_QueryParsing.java","lucene-3.1",564,"False",1
"solr_src_java_org_apache_solr_search_QueryParsing.java","lucene-3.1",565,"False",1
"solr_src_java_org_apache_solr_search_QueryParsing.java","lucene-3.1",566,"False",1
"solr_src_java_org_apache_solr_search_QueryParsing.java","lucene-3.1",567,"False",1
"solr_src_java_org_apache_solr_search_QueryParsing.java","lucene-3.1",568,"False",1
"solr_src_java_org_apache_solr_search_QueryParsing.java","lucene-3.1",569,"False",1
"solr_src_java_org_apache_solr_search_QueryParsing.java","lucene-3.1",570,"False",1
"solr_src_java_org_apache_solr_search_QueryParsing.java","lucene-3.1",571,"False",1
"solr_src_java_org_apache_solr_search_QueryParsing.java","lucene-3.1",572,"False",1
"solr_src_java_org_apache_solr_search_QueryParsing.java","lucene-3.1",573,"False",1
"solr_src_java_org_apache_solr_search_QueryParsing.java","lucene-3.1",574,"False",1
"solr_src_java_org_apache_solr_search_QueryParsing.java","lucene-3.1",575,"False",1
"solr_src_java_org_apache_solr_search_QueryParsing.java","lucene-3.1",576,"False",1
"solr_src_java_org_apache_solr_search_QueryParsing.java","lucene-3.1",577,"False",1
"solr_src_java_org_apache_solr_search_QueryParsing.java","lucene-3.1",578,"False",1
"solr_src_java_org_apache_solr_search_QueryParsing.java","lucene-3.1",579,"False",1
"solr_src_java_org_apache_solr_search_QueryParsing.java","lucene-3.1",580,"False",1
"solr_src_java_org_apache_solr_search_QueryParsing.java","lucene-3.1",581,"False",1
"solr_src_java_org_apache_solr_search_QueryParsing.java","lucene-3.1",582,"False",1
"solr_src_java_org_apache_solr_search_QueryParsing.java","lucene-3.1",583,"False",1
"solr_src_java_org_apache_solr_search_QueryParsing.java","lucene-3.1",584,"False",1
"solr_src_java_org_apache_solr_search_QueryParsing.java","lucene-3.1",585,"False",1
"solr_src_java_org_apache_solr_search_QueryParsing.java","lucene-3.1",586,"False",1
"solr_src_java_org_apache_solr_search_QueryParsing.java","lucene-3.1",587,"False",1
"solr_src_java_org_apache_solr_search_QueryParsing.java","lucene-3.1",588,"False",1
"solr_src_java_org_apache_solr_search_QueryParsing.java","lucene-3.1",589,"False",1
"solr_src_java_org_apache_solr_search_QueryParsing.java","lucene-3.1",590,"False",1
"solr_src_java_org_apache_solr_search_QueryParsing.java","lucene-3.1",591,"False",1
"solr_src_java_org_apache_solr_search_QueryParsing.java","lucene-3.1",592,"False",1
"solr_src_java_org_apache_solr_search_QueryParsing.java","lucene-3.1",593,"False",1
"solr_src_java_org_apache_solr_search_QueryParsing.java","lucene-3.1",594,"False",1
"solr_src_java_org_apache_solr_search_QueryParsing.java","lucene-3.1",595,"False",1
"solr_src_java_org_apache_solr_search_QueryParsing.java","lucene-3.1",596,"False",1
"solr_src_java_org_apache_solr_search_QueryParsing.java","lucene-3.1",597,"False",1
"solr_src_java_org_apache_solr_search_QueryParsing.java","lucene-3.1",598,"False",1
"solr_src_java_org_apache_solr_search_QueryParsing.java","lucene-3.1",599,"False",1
"solr_src_java_org_apache_solr_search_QueryParsing.java","lucene-3.1",600,"False",1
"solr_src_java_org_apache_solr_search_QueryParsing.java","lucene-3.1",601,"False",1
"solr_src_java_org_apache_solr_search_QueryParsing.java","lucene-3.1",602,"False",1
"solr_src_java_org_apache_solr_search_QueryParsing.java","lucene-3.1",603,"False",1
"solr_src_java_org_apache_solr_search_QueryParsing.java","lucene-3.1",604,"False",1
"solr_src_java_org_apache_solr_search_QueryParsing.java","lucene-3.1",605,"False",1
"solr_src_java_org_apache_solr_search_QueryParsing.java","lucene-3.1",606,"False",1
"solr_src_java_org_apache_solr_search_QueryParsing.java","lucene-3.1",607,"False",1
"solr_src_java_org_apache_solr_search_QueryParsing.java","lucene-3.1",608,"False",1
"solr_src_java_org_apache_solr_search_QueryParsing.java","lucene-3.1",609,"False",1
"solr_src_java_org_apache_solr_search_QueryParsing.java","lucene-3.1",610,"False",1
"solr_src_java_org_apache_solr_search_QueryParsing.java","lucene-3.1",611,"False",1
"solr_src_java_org_apache_solr_search_QueryParsing.java","lucene-3.1",612,"False",1
"solr_src_java_org_apache_solr_search_QueryParsing.java","lucene-3.1",613,"False",1
"solr_src_java_org_apache_solr_search_QueryParsing.java","lucene-3.1",614,"False",1
"solr_src_java_org_apache_solr_search_QueryParsing.java","lucene-3.1",615,"False",1
"solr_src_java_org_apache_solr_search_QueryParsing.java","lucene-3.1",616,"False",1
"solr_src_java_org_apache_solr_search_QueryParsing.java","lucene-3.1",617,"False",1
"solr_src_java_org_apache_solr_search_QueryParsing.java","lucene-3.1",618,"False",1
"solr_src_java_org_apache_solr_search_QueryParsing.java","lucene-3.1",619,"False",1
"solr_src_java_org_apache_solr_search_QueryParsing.java","lucene-3.1",620,"False",1
"solr_src_java_org_apache_solr_search_QueryParsing.java","lucene-3.1",621,"False",1
"solr_src_java_org_apache_solr_search_QueryParsing.java","lucene-3.1",622,"False",1
"solr_src_java_org_apache_solr_search_QueryParsing.java","lucene-3.1",623,"False",1
"solr_src_java_org_apache_solr_search_QueryParsing.java","lucene-3.1",624,"False",1
"solr_src_java_org_apache_solr_search_QueryParsing.java","lucene-3.1",625,"False",1
"solr_src_java_org_apache_solr_search_QueryParsing.java","lucene-3.1",626,"False",1
"solr_src_java_org_apache_solr_search_QueryParsing.java","lucene-3.1",627,"False",1
"solr_src_java_org_apache_solr_search_QueryParsing.java","lucene-3.1",628,"False",1
"solr_src_java_org_apache_solr_search_QueryParsing.java","lucene-3.1",629,"False",1
"solr_src_java_org_apache_solr_search_QueryParsing.java","lucene-3.1",630,"False",1
"solr_src_java_org_apache_solr_search_QueryParsing.java","lucene-3.1",631,"False",1
"solr_src_java_org_apache_solr_search_QueryParsing.java","lucene-3.1",632,"False",1
"solr_src_java_org_apache_solr_search_QueryParsing.java","lucene-3.1",633,"False",1
"solr_src_java_org_apache_solr_search_QueryParsing.java","lucene-3.1",634,"False",1
"solr_src_java_org_apache_solr_search_QueryParsing.java","lucene-3.1",635,"False",1
"solr_src_java_org_apache_solr_search_QueryParsing.java","lucene-3.1",636,"False",1
"solr_src_java_org_apache_solr_search_QueryParsing.java","lucene-3.1",637,"False",1
"solr_src_java_org_apache_solr_search_QueryParsing.java","lucene-3.1",638,"False",1
"solr_src_java_org_apache_solr_search_QueryParsing.java","lucene-3.1",639,"False",1
"solr_src_java_org_apache_solr_search_QueryParsing.java","lucene-3.1",640,"False",1
"solr_src_java_org_apache_solr_search_QueryParsing.java","lucene-3.1",641,"False",1
"solr_src_java_org_apache_solr_search_QueryParsing.java","lucene-3.1",642,"False",1
"solr_src_java_org_apache_solr_search_QueryParsing.java","lucene-3.1",643,"False",1
"solr_src_java_org_apache_solr_search_QueryParsing.java","lucene-3.1",644,"False",1
"solr_src_java_org_apache_solr_search_QueryParsing.java","lucene-3.1",645,"False",1
"solr_src_java_org_apache_solr_search_QueryParsing.java","lucene-3.1",646,"False",1
"solr_src_java_org_apache_solr_search_QueryParsing.java","lucene-3.1",647,"False",1
"solr_src_java_org_apache_solr_search_QueryParsing.java","lucene-3.1",648,"False",1
"solr_src_java_org_apache_solr_search_QueryParsing.java","lucene-3.1",649,"False",1
"solr_src_java_org_apache_solr_search_QueryParsing.java","lucene-3.1",650,"False",1
"solr_src_java_org_apache_solr_search_QueryParsing.java","lucene-3.1",651,"False",1
"solr_src_java_org_apache_solr_search_QueryParsing.java","lucene-3.1",652,"False",1
"solr_src_java_org_apache_solr_search_QueryParsing.java","lucene-3.1",653,"False",1
"solr_src_java_org_apache_solr_search_QueryParsing.java","lucene-3.1",654,"False",1
"solr_src_java_org_apache_solr_search_QueryParsing.java","lucene-3.1",655,"False",1
"solr_src_java_org_apache_solr_search_QueryParsing.java","lucene-3.1",656,"False",1
"solr_src_java_org_apache_solr_search_QueryParsing.java","lucene-3.1",657,"False",1
"solr_src_java_org_apache_solr_search_QueryParsing.java","lucene-3.1",658,"False",1
"solr_src_java_org_apache_solr_search_QueryParsing.java","lucene-3.1",659,"False",1
"solr_src_java_org_apache_solr_search_QueryParsing.java","lucene-3.1",660,"False",1
"solr_src_java_org_apache_solr_search_QueryParsing.java","lucene-3.1",661,"False",1
"solr_src_java_org_apache_solr_search_QueryParsing.java","lucene-3.1",662,"False",1
"solr_src_java_org_apache_solr_search_QueryParsing.java","lucene-3.1",663,"False",1
"solr_src_java_org_apache_solr_search_QueryParsing.java","lucene-3.1",664,"False",1
"solr_src_java_org_apache_solr_search_QueryParsing.java","lucene-3.1",665,"False",1
"solr_src_java_org_apache_solr_search_QueryParsing.java","lucene-3.1",666,"False",1
"solr_src_java_org_apache_solr_search_QueryParsing.java","lucene-3.1",667,"False",1
"solr_src_java_org_apache_solr_search_QueryParsing.java","lucene-3.1",668,"False",1
"solr_src_java_org_apache_solr_search_QueryParsing.java","lucene-3.1",669,"False",1
"solr_src_java_org_apache_solr_search_QueryParsing.java","lucene-3.1",670,"False",1
"solr_src_java_org_apache_solr_search_QueryParsing.java","lucene-3.1",671,"False",1
"solr_src_java_org_apache_solr_search_QueryParsing.java","lucene-3.1",672,"False",1
"solr_src_java_org_apache_solr_search_QueryParsing.java","lucene-3.1",673,"True",3
"solr_src_java_org_apache_solr_search_QueryParsing.java","lucene-3.1",674,"False",1
"solr_src_java_org_apache_solr_search_QueryParsing.java","lucene-3.1",675,"False",1
"solr_src_java_org_apache_solr_search_QueryParsing.java","lucene-3.1",676,"False",1
"solr_src_java_org_apache_solr_search_QueryParsing.java","lucene-3.1",677,"False",1
"solr_src_java_org_apache_solr_search_QueryParsing.java","lucene-3.1",678,"False",1
"solr_src_java_org_apache_solr_search_QueryParsing.java","lucene-3.1",679,"False",1
"solr_src_java_org_apache_solr_search_QueryParsing.java","lucene-3.1",680,"False",1
"solr_src_java_org_apache_solr_search_QueryParsing.java","lucene-3.1",681,"False",1
"solr_src_java_org_apache_solr_search_QueryParsing.java","lucene-3.1",682,"False",1
"solr_src_java_org_apache_solr_search_QueryParsing.java","lucene-3.1",683,"False",1
"solr_src_java_org_apache_solr_search_QueryParsing.java","lucene-3.1",684,"False",1
"solr_src_java_org_apache_solr_search_QueryParsing.java","lucene-3.1",685,"False",1
"solr_src_java_org_apache_solr_search_QueryParsing.java","lucene-3.1",686,"False",1
"solr_src_java_org_apache_solr_search_QueryParsing.java","lucene-3.1",687,"False",1
"solr_src_java_org_apache_solr_search_QueryParsing.java","lucene-3.1",688,"False",1
"solr_src_java_org_apache_solr_search_QueryParsing.java","lucene-3.1",689,"False",1
"solr_src_java_org_apache_solr_search_QueryParsing.java","lucene-3.1",690,"False",1
"solr_src_java_org_apache_solr_search_QueryParsing.java","lucene-3.1",691,"False",1
"solr_src_java_org_apache_solr_search_QueryParsing.java","lucene-3.1",692,"False",1
"solr_src_java_org_apache_solr_search_QueryParsing.java","lucene-3.1",693,"False",1
"solr_src_java_org_apache_solr_search_QueryParsing.java","lucene-3.1",694,"True",3
"solr_src_java_org_apache_solr_search_QueryParsing.java","lucene-3.1",695,"False",1
"solr_src_java_org_apache_solr_search_QueryParsing.java","lucene-3.1",696,"False",1
"solr_src_java_org_apache_solr_search_QueryParsing.java","lucene-3.1",697,"False",1
"solr_src_java_org_apache_solr_search_QueryParsing.java","lucene-3.1",698,"False",1
"solr_src_java_org_apache_solr_search_QueryParsing.java","lucene-3.1",699,"False",1
"solr_src_java_org_apache_solr_search_QueryParsing.java","lucene-3.1",700,"False",1
"solr_src_java_org_apache_solr_search_QueryParsing.java","lucene-3.1",701,"False",1
"solr_src_java_org_apache_solr_search_QueryParsing.java","lucene-3.1",702,"False",1
"solr_src_java_org_apache_solr_search_QueryParsing.java","lucene-3.1",703,"False",1
"solr_src_java_org_apache_solr_search_QueryParsing.java","lucene-3.1",704,"False",1
"solr_src_java_org_apache_solr_search_QueryParsing.java","lucene-3.1",705,"False",1
"solr_src_java_org_apache_solr_search_QueryParsing.java","lucene-3.1",706,"False",1
"solr_src_java_org_apache_solr_search_QueryParsing.java","lucene-3.1",707,"False",1
"solr_src_java_org_apache_solr_search_QueryParsing.java","lucene-3.1",708,"False",1
"solr_src_java_org_apache_solr_search_QueryParsing.java","lucene-3.1",709,"False",1
"solr_src_java_org_apache_solr_search_QueryParsing.java","lucene-3.1",710,"False",1
"solr_src_java_org_apache_solr_search_QueryParsing.java","lucene-3.1",711,"False",1
"solr_src_java_org_apache_solr_search_QueryParsing.java","lucene-3.1",712,"False",1
"solr_src_java_org_apache_solr_search_QueryParsing.java","lucene-3.1",713,"False",1
"solr_src_java_org_apache_solr_search_QueryParsing.java","lucene-3.1",714,"True",3
"solr_src_java_org_apache_solr_search_QueryParsing.java","lucene-3.1",715,"False",1
"solr_src_java_org_apache_solr_search_QueryParsing.java","lucene-3.1",716,"False",1
"solr_src_java_org_apache_solr_search_QueryParsing.java","lucene-3.1",717,"False",1
"solr_src_java_org_apache_solr_search_QueryParsing.java","lucene-3.1",718,"False",1
"solr_src_java_org_apache_solr_search_QueryParsing.java","lucene-3.1",719,"False",1
"solr_src_java_org_apache_solr_search_QueryParsing.java","lucene-3.1",720,"False",1
"solr_src_java_org_apache_solr_search_QueryParsing.java","lucene-3.1",721,"False",1
"solr_src_java_org_apache_solr_search_QueryParsing.java","lucene-3.1",722,"False",1
"solr_src_java_org_apache_solr_search_QueryParsing.java","lucene-3.1",723,"False",1
"solr_src_java_org_apache_solr_search_QueryParsing.java","lucene-3.1",724,"False",1
"solr_src_java_org_apache_solr_search_QueryParsing.java","lucene-3.1",725,"False",1
"solr_src_java_org_apache_solr_search_QueryParsing.java","lucene-3.1",726,"False",1
"solr_src_java_org_apache_solr_search_QueryParsing.java","lucene-3.1",727,"False",1
"solr_src_java_org_apache_solr_search_QueryParsing.java","lucene-3.1",728,"False",1
"solr_src_java_org_apache_solr_search_QueryParsing.java","lucene-3.1",729,"False",1
"solr_src_java_org_apache_solr_search_QueryParsing.java","lucene-3.1",730,"False",1
"solr_src_java_org_apache_solr_search_QueryParsing.java","lucene-3.1",731,"False",1
"solr_src_java_org_apache_solr_search_QueryParsing.java","lucene-3.1",732,"False",1
"solr_src_java_org_apache_solr_search_QueryParsing.java","lucene-3.1",733,"True",3
"solr_src_java_org_apache_solr_search_QueryParsing.java","lucene-3.1",734,"False",1
"solr_src_java_org_apache_solr_search_QueryParsing.java","lucene-3.1",735,"False",1
"solr_src_java_org_apache_solr_search_QueryParsing.java","lucene-3.1",736,"False",1
"solr_src_java_org_apache_solr_search_QueryParsing.java","lucene-3.1",737,"False",1
"solr_src_java_org_apache_solr_search_QueryParsing.java","lucene-3.1",738,"False",1
"solr_src_java_org_apache_solr_search_QueryParsing.java","lucene-3.1",739,"False",1
"solr_src_java_org_apache_solr_search_QueryParsing.java","lucene-3.1",740,"False",1
"solr_src_java_org_apache_solr_search_QueryParsing.java","lucene-3.1",741,"False",1
"solr_src_java_org_apache_solr_search_QueryParsing.java","lucene-3.1",742,"False",1
"solr_src_java_org_apache_solr_search_QueryParsing.java","lucene-3.1",743,"False",1
"solr_src_java_org_apache_solr_search_QueryParsing.java","lucene-3.1",744,"False",1
"solr_src_java_org_apache_solr_search_QueryParsing.java","lucene-3.1",745,"False",1
"solr_src_java_org_apache_solr_search_QueryParsing.java","lucene-3.1",746,"False",1
"solr_src_java_org_apache_solr_search_QueryParsing.java","lucene-3.1",747,"False",1
"solr_src_java_org_apache_solr_search_QueryParsing.java","lucene-3.1",748,"False",1
"solr_src_java_org_apache_solr_search_QueryParsing.java","lucene-3.1",749,"False",1
"solr_src_java_org_apache_solr_search_QueryParsing.java","lucene-3.1",750,"False",1
"solr_src_java_org_apache_solr_search_QueryParsing.java","lucene-3.1",751,"False",1
"solr_src_java_org_apache_solr_search_QueryParsing.java","lucene-3.1",752,"False",1
"solr_src_java_org_apache_solr_search_QueryParsing.java","lucene-3.1",753,"False",1
"solr_src_java_org_apache_solr_search_QueryParsing.java","lucene-3.1",754,"False",1
"solr_src_java_org_apache_solr_search_QueryParsing.java","lucene-3.1",755,"False",1
"solr_src_java_org_apache_solr_search_QueryParsing.java","lucene-3.1",756,"False",1
"solr_src_java_org_apache_solr_search_QueryParsing.java","lucene-3.1",757,"False",1
"solr_src_java_org_apache_solr_search_QueryParsing.java","lucene-3.1",758,"False",1
"solr_src_java_org_apache_solr_search_QueryParsing.java","lucene-3.1",759,"False",1
"solr_src_java_org_apache_solr_search_QueryParsing.java","lucene-3.1",760,"False",1
"solr_src_java_org_apache_solr_search_QueryParsing.java","lucene-3.1",761,"False",1
"solr_src_java_org_apache_solr_search_QueryParsing.java","lucene-3.1",762,"False",1
"solr_src_java_org_apache_solr_search_QueryParsing.java","lucene-3.1",763,"False",1
"solr_src_java_org_apache_solr_search_QueryParsing.java","lucene-3.1",764,"False",1
"solr_src_java_org_apache_solr_search_QueryParsing.java","lucene-3.1",765,"False",1
"solr_src_java_org_apache_solr_search_QueryParsing.java","lucene-3.1",766,"False",1
"solr_src_java_org_apache_solr_search_QueryParsing.java","lucene-3.1",767,"False",1
"solr_src_java_org_apache_solr_search_QueryParsing.java","lucene-3.1",768,"False",1
"solr_src_java_org_apache_solr_search_QueryParsing.java","lucene-3.1",769,"False",1
"solr_src_java_org_apache_solr_search_QueryParsing.java","lucene-3.1",770,"False",1
"solr_src_java_org_apache_solr_search_QueryParsing.java","lucene-3.1",771,"False",1
"solr_src_java_org_apache_solr_search_QueryParsing.java","lucene-3.1",772,"False",1
"solr_src_java_org_apache_solr_search_QueryParsing.java","lucene-3.1",773,"False",1
"solr_src_java_org_apache_solr_search_QueryParsing.java","lucene-3.1",774,"False",1
"solr_src_java_org_apache_solr_search_QueryParsing.java","lucene-3.1",775,"False",1
"solr_src_java_org_apache_solr_search_QueryParsing.java","lucene-3.1",776,"False",1
"solr_src_java_org_apache_solr_search_QueryParsing.java","lucene-3.1",777,"False",1
"solr_src_java_org_apache_solr_search_QueryParsing.java","lucene-3.1",778,"False",1
"solr_src_java_org_apache_solr_search_QueryParsing.java","lucene-3.1",779,"False",1
"solr_src_java_org_apache_solr_search_QueryParsing.java","lucene-3.1",780,"False",1
"solr_src_java_org_apache_solr_search_QueryParsing.java","lucene-3.1",781,"False",1
"solr_src_java_org_apache_solr_search_QueryParsing.java","lucene-3.1",782,"False",1
"solr_src_java_org_apache_solr_search_QueryParsing.java","lucene-3.1",783,"False",1
"solr_src_java_org_apache_solr_search_QueryParsing.java","lucene-3.1",784,"False",1
"solr_src_java_org_apache_solr_search_QueryParsing.java","lucene-3.1",785,"False",1
"solr_src_java_org_apache_solr_search_QueryParsing.java","lucene-3.1",786,"False",1
"solr_src_java_org_apache_solr_search_QueryParsing.java","lucene-3.1",787,"False",1
"solr_src_java_org_apache_solr_search_QueryParsing.java","lucene-3.1",788,"False",1
"solr_src_java_org_apache_solr_search_QueryParsing.java","lucene-3.1",789,"False",1
"solr_src_java_org_apache_solr_search_QueryParsing.java","lucene-3.1",790,"False",1
"solr_src_java_org_apache_solr_search_QueryParsing.java","lucene-3.1",791,"False",1
"solr_src_java_org_apache_solr_search_QueryParsing.java","lucene-3.1",792,"False",1
"solr_src_java_org_apache_solr_search_QueryParsing.java","lucene-3.1",793,"False",1
"solr_src_java_org_apache_solr_search_QueryParsing.java","lucene-3.1",794,"False",1
"solr_src_java_org_apache_solr_search_QueryParsing.java","lucene-3.1",795,"False",1
"solr_src_java_org_apache_solr_search_QueryParsing.java","lucene-3.1",796,"False",1
"solr_src_java_org_apache_solr_search_QueryParsing.java","lucene-3.1",797,"False",1
"solr_src_java_org_apache_solr_search_QueryParsing.java","lucene-3.1",798,"False",1
"solr_src_java_org_apache_solr_search_QueryParsing.java","lucene-3.1",799,"False",1
"solr_src_java_org_apache_solr_search_QueryParsing.java","lucene-3.1",800,"False",1
"solr_src_java_org_apache_solr_search_QueryParsing.java","lucene-3.1",801,"False",1
"solr_src_java_org_apache_solr_search_QueryParsing.java","lucene-3.1",802,"False",1
"solr_src_java_org_apache_solr_search_QueryParsing.java","lucene-3.1",803,"False",1
"solr_src_java_org_apache_solr_search_QueryParsing.java","lucene-3.1",804,"False",1
"solr_src_java_org_apache_solr_search_QueryParsing.java","lucene-3.1",805,"False",1
"solr_src_java_org_apache_solr_search_QueryParsing.java","lucene-3.1",806,"False",1
"solr_src_java_org_apache_solr_search_QueryParsing.java","lucene-3.1",807,"False",1
"solr_src_java_org_apache_solr_search_QueryParsing.java","lucene-3.1",808,"False",1
"solr_src_java_org_apache_solr_search_QueryParsing.java","lucene-3.1",809,"False",1
"solr_src_java_org_apache_solr_search_QueryParsing.java","lucene-3.1",810,"False",1
"solr_src_java_org_apache_solr_search_QueryParsing.java","lucene-3.1",811,"False",1
"solr_src_java_org_apache_solr_search_QueryParsing.java","lucene-3.1",812,"False",1
"solr_src_java_org_apache_solr_search_QueryParsing.java","lucene-3.1",813,"False",1
"solr_src_java_org_apache_solr_search_QueryParsing.java","lucene-3.1",814,"False",1
"solr_src_java_org_apache_solr_search_QueryParsing.java","lucene-3.1",815,"False",1
"solr_src_java_org_apache_solr_search_QueryParsing.java","lucene-3.1",816,"False",1
"solr_src_java_org_apache_solr_search_QueryParsing.java","lucene-3.1",817,"False",1
"solr_src_java_org_apache_solr_search_QueryParsing.java","lucene-3.1",818,"False",1
"solr_src_java_org_apache_solr_search_QueryParsing.java","lucene-3.1",819,"False",1
"solr_src_java_org_apache_solr_search_QueryParsing.java","lucene-3.1",820,"False",1
"solr_src_java_org_apache_solr_search_QueryParsing.java","lucene-3.1",821,"False",1
"solr_src_java_org_apache_solr_search_QueryParsing.java","lucene-3.1",822,"False",1
"solr_src_java_org_apache_solr_search_QueryParsing.java","lucene-3.1",823,"False",1
"solr_src_java_org_apache_solr_search_QueryParsing.java","lucene-3.1",824,"False",1
"solr_src_java_org_apache_solr_search_QueryParsing.java","lucene-3.1",825,"False",1
"solr_src_java_org_apache_solr_search_QueryParsing.java","lucene-3.1",826,"False",1
"solr_src_java_org_apache_solr_search_QueryParsing.java","lucene-3.1",827,"False",1
"solr_src_java_org_apache_solr_search_QueryParsing.java","lucene-3.1",828,"False",1
"solr_src_java_org_apache_solr_search_QueryParsing.java","lucene-3.1",829,"False",1
"solr_src_java_org_apache_solr_search_QueryParsing.java","lucene-3.1",830,"False",1
"solr_src_java_org_apache_solr_search_QueryParsing.java","lucene-3.1",831,"False",1
"solr_src_java_org_apache_solr_search_QueryParsing.java","lucene-3.1",832,"False",1
"solr_src_java_org_apache_solr_search_QueryParsing.java","lucene-3.1",833,"False",1
"solr_src_java_org_apache_solr_search_QueryParsing.java","lucene-3.1",834,"False",1
"solr_src_java_org_apache_solr_search_QueryParsing.java","lucene-3.1",835,"False",1
"solr_src_java_org_apache_solr_search_QueryParsing.java","lucene-3.1",836,"False",1
"solr_src_java_org_apache_solr_search_QueryParsing.java","lucene-3.1",837,"False",1
"solr_src_java_org_apache_solr_search_QueryParsing.java","lucene-3.1",838,"False",1
"solr_src_java_org_apache_solr_search_QueryParsing.java","lucene-3.1",839,"False",1
"solr_src_java_org_apache_solr_search_QueryParsing.java","lucene-3.1",840,"False",1
"solr_src_java_org_apache_solr_search_QueryParsing.java","lucene-3.1",841,"False",1
"solr_src_java_org_apache_solr_search_QueryParsing.java","lucene-3.1",842,"False",1
"solr_src_java_org_apache_solr_search_QueryParsing.java","lucene-3.1",843,"False",1
"solr_src_java_org_apache_solr_search_QueryParsing.java","lucene-3.1",844,"False",1
"solr_src_java_org_apache_solr_search_QueryParsing.java","lucene-3.1",845,"False",1
"solr_src_java_org_apache_solr_search_QueryParsing.java","lucene-3.1",846,"False",1
"solr_src_java_org_apache_solr_search_QueryParsing.java","lucene-3.1",847,"False",1
"solr_src_java_org_apache_solr_search_QueryParsing.java","lucene-3.1",848,"False",1
"solr_src_java_org_apache_solr_search_QueryParsing.java","lucene-3.1",849,"False",1
"solr_src_java_org_apache_solr_search_QueryParsing.java","lucene-3.1",850,"False",1
"solr_src_java_org_apache_solr_search_QueryParsing.java","lucene-3.1",851,"True",3
"solr_src_java_org_apache_solr_search_QueryParsing.java","lucene-3.1",852,"False",1
"solr_src_java_org_apache_solr_search_QueryParsing.java","lucene-3.1",853,"False",1
"solr_src_java_org_apache_solr_search_QueryParsing.java","lucene-3.1",854,"False",1
"solr_src_java_org_apache_solr_search_QueryParsing.java","lucene-3.1",855,"False",1
"solr_src_java_org_apache_solr_search_QueryParsing.java","lucene-3.1",856,"False",1
"solr_src_java_org_apache_solr_search_QueryParsing.java","lucene-3.1",857,"False",1
"solr_src_java_org_apache_solr_search_QueryParsing.java","lucene-3.1",858,"False",1
"solr_src_java_org_apache_solr_search_QueryParsing.java","lucene-3.1",859,"False",1
"solr_src_java_org_apache_solr_search_QueryParsing.java","lucene-3.1",860,"False",1
"solr_src_java_org_apache_solr_search_QueryParsing.java","lucene-3.1",861,"False",1
"solr_src_java_org_apache_solr_search_QueryParsing.java","lucene-3.1",862,"False",1
"solr_src_java_org_apache_solr_search_QueryParsing.java","lucene-3.1",863,"False",1
"solr_src_java_org_apache_solr_search_QueryParsing.java","lucene-3.1",864,"False",1
"solr_src_java_org_apache_solr_search_QueryParsing.java","lucene-3.1",865,"False",1
"solr_src_java_org_apache_solr_search_QueryParsing.java","lucene-3.1",866,"False",1
"solr_src_java_org_apache_solr_search_QueryParsing.java","lucene-3.1",867,"False",1
"solr_src_java_org_apache_solr_search_QueryParsing.java","lucene-3.1",868,"False",1
"solr_src_java_org_apache_solr_search_QueryParsing.java","lucene-3.1",869,"False",1
"solr_src_java_org_apache_solr_search_QueryParsing.java","lucene-3.1",870,"False",1
"solr_src_java_org_apache_solr_search_QueryParsing.java","lucene-3.1",871,"False",1
"solr_src_java_org_apache_solr_search_QueryParsing.java","lucene-3.1",872,"False",1
"solr_src_java_org_apache_solr_search_QueryParsing.java","lucene-3.1",873,"False",1
"solr_src_java_org_apache_solr_search_QueryParsing.java","lucene-3.1",874,"False",1
"solr_src_java_org_apache_solr_search_QueryParsing.java","lucene-3.1",875,"False",1
"solr_src_java_org_apache_solr_search_QueryParsing.java","lucene-3.1",876,"False",1
"solr_src_java_org_apache_solr_search_QueryParsing.java","lucene-3.1",877,"False",1
"solr_src_java_org_apache_solr_search_QueryParsing.java","lucene-3.1",878,"False",1
"solr_src_java_org_apache_solr_search_QueryParsing.java","lucene-3.1",879,"False",1
"solr_src_java_org_apache_solr_search_QueryParsing.java","lucene-3.1",880,"False",1
"solr_src_java_org_apache_solr_search_QueryParsing.java","lucene-3.1",881,"False",1
"solr_src_java_org_apache_solr_search_QueryParsing.java","lucene-3.1",882,"False",1
"solr_src_java_org_apache_solr_search_QueryParsing.java","lucene-3.1",883,"False",1
"solr_src_java_org_apache_solr_search_QueryParsing.java","lucene-3.1",884,"False",1
"solr_src_java_org_apache_solr_search_QueryParsing.java","lucene-3.1",885,"False",1
"solr_src_java_org_apache_solr_search_QueryParsing.java","lucene-3.1",886,"False",1
"solr_src_java_org_apache_solr_search_QueryParsing.java","lucene-3.1",887,"False",1
"solr_src_java_org_apache_solr_search_QueryParsing.java","lucene-3.1",888,"False",1
"solr_src_java_org_apache_solr_search_QueryParsing.java","lucene-3.1",889,"False",1
"solr_src_java_org_apache_solr_search_QueryParsing.java","lucene-3.1",890,"False",1
"solr_src_java_org_apache_solr_search_QueryParsing.java","lucene-3.1",891,"False",1
"solr_src_java_org_apache_solr_search_QueryParsing.java","lucene-3.1",892,"False",1
"solr_src_java_org_apache_solr_search_QueryParsing.java","lucene-3.1",893,"False",1
"solr_src_java_org_apache_solr_search_QueryParsing.java","lucene-3.1",894,"False",1
"solr_src_java_org_apache_solr_search_QueryParsing.java","lucene-3.1",895,"False",1
"solr_src_java_org_apache_solr_search_QueryParsing.java","lucene-3.1",896,"False",1
"solr_src_java_org_apache_solr_search_QueryParsing.java","lucene-3.1",897,"False",1
"solr_src_java_org_apache_solr_search_QueryParsing.java","lucene-3.1",898,"False",1
"solr_src_java_org_apache_solr_search_QueryParsing.java","lucene-3.1",899,"False",1
"solr_src_java_org_apache_solr_search_QueryParsing.java","lucene-3.1",900,"False",1
"solr_src_java_org_apache_solr_search_QueryParsing.java","lucene-3.1",901,"False",1
"solr_src_java_org_apache_solr_search_QueryParsing.java","lucene-3.1",902,"False",1
"solr_src_java_org_apache_solr_search_QueryParsing.java","lucene-3.1",903,"False",1
"solr_src_java_org_apache_solr_search_QueryParsing.java","lucene-3.1",904,"False",1
"solr_src_java_org_apache_solr_search_QueryParsing.java","lucene-3.1",905,"False",1
"solr_src_java_org_apache_solr_search_QueryParsing.java","lucene-3.1",906,"False",1
"solr_src_java_org_apache_solr_search_QueryParsing.java","lucene-3.1",907,"False",1
"solr_src_java_org_apache_solr_search_QueryParsing.java","lucene-3.1",908,"False",1
"solr_src_java_org_apache_solr_search_QueryParsing.java","lucene-3.1",909,"False",1
"solr_src_java_org_apache_solr_search_QueryParsing.java","lucene-3.1",910,"False",1
"solr_src_java_org_apache_solr_search_QueryParsing.java","lucene-3.1",911,"False",1
"solr_src_java_org_apache_solr_search_QueryParsing.java","lucene-3.1",912,"False",1
"solr_src_java_org_apache_solr_search_QueryParsing.java","lucene-3.1",913,"False",1
"solr_src_java_org_apache_solr_search_QueryParsing.java","lucene-3.1",914,"False",1
"solr_src_java_org_apache_solr_search_QueryParsing.java","lucene-3.1",915,"False",1
"solr_src_java_org_apache_solr_search_QueryParsing.java","lucene-3.1",916,"False",1
"solr_src_java_org_apache_solr_search_QueryParsing.java","lucene-3.1",917,"False",1
"solr_src_java_org_apache_solr_search_QueryParsing.java","lucene-3.1",918,"False",1
"solr_src_java_org_apache_solr_search_QueryParsing.java","lucene-3.1",919,"False",1
"solr_src_java_org_apache_solr_search_QueryParsing.java","lucene-3.1",920,"False",1
"solr_src_java_org_apache_solr_search_QueryParsing.java","lucene-3.1",921,"False",1
"solr_src_java_org_apache_solr_search_QueryParsing.java","lucene-3.1",922,"False",1
"solr_src_java_org_apache_solr_search_QueryParsing.java","lucene-3.1",923,"False",1
"solr_src_java_org_apache_solr_search_QueryParsing.java","lucene-3.1",924,"False",1
"solr_src_java_org_apache_solr_search_QueryParsing.java","lucene-3.1",925,"False",1
"solr_src_java_org_apache_solr_search_QueryParsing.java","lucene-3.1",926,"False",1
"solr_src_java_org_apache_solr_search_QueryParsing.java","lucene-3.1",927,"False",1
"solr_src_java_org_apache_solr_search_QueryParsing.java","lucene-3.1",928,"False",1
"solr_src_java_org_apache_solr_search_QueryParsing.java","lucene-3.1",929,"False",1
"solr_src_java_org_apache_solr_search_QueryParsing.java","lucene-3.1",930,"True",3
"solr_src_java_org_apache_solr_search_QueryParsing.java","lucene-3.1",931,"False",1
"solr_src_java_org_apache_solr_search_QueryParsing.java","lucene-3.1",932,"False",1
"solr_src_java_org_apache_solr_search_QueryParsing.java","lucene-3.1",933,"False",1
"solr_src_java_org_apache_solr_search_QueryParsing.java","lucene-3.1",934,"False",1
"solr_src_java_org_apache_solr_search_QueryParsing.java","lucene-3.1",935,"False",1
"solr_src_java_org_apache_solr_search_QueryParsing.java","lucene-3.1",936,"False",1
"solr_src_java_org_apache_solr_search_ValueSourceParser.java","lucene-3.1",1,"False",1
"solr_src_java_org_apache_solr_search_ValueSourceParser.java","lucene-3.1",2,"False",1
"solr_src_java_org_apache_solr_search_ValueSourceParser.java","lucene-3.1",3,"False",1
"solr_src_java_org_apache_solr_search_ValueSourceParser.java","lucene-3.1",4,"False",1
"solr_src_java_org_apache_solr_search_ValueSourceParser.java","lucene-3.1",5,"False",1
"solr_src_java_org_apache_solr_search_ValueSourceParser.java","lucene-3.1",6,"False",1
"solr_src_java_org_apache_solr_search_ValueSourceParser.java","lucene-3.1",7,"False",1
"solr_src_java_org_apache_solr_search_ValueSourceParser.java","lucene-3.1",8,"False",1
"solr_src_java_org_apache_solr_search_ValueSourceParser.java","lucene-3.1",9,"False",1
"solr_src_java_org_apache_solr_search_ValueSourceParser.java","lucene-3.1",10,"False",1
"solr_src_java_org_apache_solr_search_ValueSourceParser.java","lucene-3.1",11,"False",1
"solr_src_java_org_apache_solr_search_ValueSourceParser.java","lucene-3.1",12,"False",1
"solr_src_java_org_apache_solr_search_ValueSourceParser.java","lucene-3.1",13,"False",1
"solr_src_java_org_apache_solr_search_ValueSourceParser.java","lucene-3.1",14,"False",1
"solr_src_java_org_apache_solr_search_ValueSourceParser.java","lucene-3.1",15,"False",1
"solr_src_java_org_apache_solr_search_ValueSourceParser.java","lucene-3.1",16,"False",1
"solr_src_java_org_apache_solr_search_ValueSourceParser.java","lucene-3.1",17,"False",1
"solr_src_java_org_apache_solr_search_ValueSourceParser.java","lucene-3.1",18,"False",1
"solr_src_java_org_apache_solr_search_ValueSourceParser.java","lucene-3.1",19,"False",1
"solr_src_java_org_apache_solr_search_ValueSourceParser.java","lucene-3.1",20,"False",1
"solr_src_java_org_apache_solr_search_ValueSourceParser.java","lucene-3.1",21,"False",1
"solr_src_java_org_apache_solr_search_ValueSourceParser.java","lucene-3.1",22,"False",1
"solr_src_java_org_apache_solr_search_ValueSourceParser.java","lucene-3.1",23,"False",1
"solr_src_java_org_apache_solr_search_ValueSourceParser.java","lucene-3.1",24,"False",1
"solr_src_java_org_apache_solr_search_ValueSourceParser.java","lucene-3.1",25,"False",1
"solr_src_java_org_apache_solr_search_ValueSourceParser.java","lucene-3.1",26,"False",1
"solr_src_java_org_apache_solr_search_ValueSourceParser.java","lucene-3.1",27,"False",1
"solr_src_java_org_apache_solr_search_ValueSourceParser.java","lucene-3.1",28,"False",1
"solr_src_java_org_apache_solr_search_ValueSourceParser.java","lucene-3.1",29,"False",1
"solr_src_java_org_apache_solr_search_ValueSourceParser.java","lucene-3.1",30,"False",1
"solr_src_java_org_apache_solr_search_ValueSourceParser.java","lucene-3.1",31,"False",1
"solr_src_java_org_apache_solr_search_ValueSourceParser.java","lucene-3.1",32,"False",1
"solr_src_java_org_apache_solr_search_ValueSourceParser.java","lucene-3.1",33,"False",1
"solr_src_java_org_apache_solr_search_ValueSourceParser.java","lucene-3.1",34,"False",1
"solr_src_java_org_apache_solr_search_ValueSourceParser.java","lucene-3.1",35,"False",1
"solr_src_java_org_apache_solr_search_ValueSourceParser.java","lucene-3.1",36,"False",1
"solr_src_java_org_apache_solr_search_ValueSourceParser.java","lucene-3.1",37,"False",1
"solr_src_java_org_apache_solr_search_ValueSourceParser.java","lucene-3.1",38,"False",1
"solr_src_java_org_apache_solr_search_ValueSourceParser.java","lucene-3.1",39,"False",1
"solr_src_java_org_apache_solr_search_ValueSourceParser.java","lucene-3.1",40,"False",1
"solr_src_java_org_apache_solr_search_ValueSourceParser.java","lucene-3.1",41,"False",1
"solr_src_java_org_apache_solr_search_ValueSourceParser.java","lucene-3.1",42,"False",1
"solr_src_java_org_apache_solr_search_ValueSourceParser.java","lucene-3.1",43,"False",1
"solr_src_java_org_apache_solr_search_ValueSourceParser.java","lucene-3.1",44,"False",1
"solr_src_java_org_apache_solr_search_ValueSourceParser.java","lucene-3.1",45,"False",1
"solr_src_java_org_apache_solr_search_ValueSourceParser.java","lucene-3.1",46,"False",1
"solr_src_java_org_apache_solr_search_ValueSourceParser.java","lucene-3.1",47,"False",1
"solr_src_java_org_apache_solr_search_ValueSourceParser.java","lucene-3.1",48,"False",1
"solr_src_java_org_apache_solr_search_ValueSourceParser.java","lucene-3.1",49,"False",1
"solr_src_java_org_apache_solr_search_ValueSourceParser.java","lucene-3.1",50,"False",1
"solr_src_java_org_apache_solr_search_ValueSourceParser.java","lucene-3.1",51,"False",1
"solr_src_java_org_apache_solr_search_ValueSourceParser.java","lucene-3.1",52,"False",1
"solr_src_java_org_apache_solr_search_ValueSourceParser.java","lucene-3.1",53,"False",1
"solr_src_java_org_apache_solr_search_ValueSourceParser.java","lucene-3.1",54,"False",1
"solr_src_java_org_apache_solr_search_ValueSourceParser.java","lucene-3.1",55,"False",1
"solr_src_java_org_apache_solr_search_ValueSourceParser.java","lucene-3.1",56,"False",1
"solr_src_java_org_apache_solr_search_ValueSourceParser.java","lucene-3.1",57,"False",1
"solr_src_java_org_apache_solr_search_ValueSourceParser.java","lucene-3.1",58,"False",1
"solr_src_java_org_apache_solr_search_ValueSourceParser.java","lucene-3.1",59,"False",1
"solr_src_java_org_apache_solr_search_ValueSourceParser.java","lucene-3.1",60,"False",1
"solr_src_java_org_apache_solr_search_ValueSourceParser.java","lucene-3.1",61,"False",1
"solr_src_java_org_apache_solr_search_ValueSourceParser.java","lucene-3.1",62,"False",1
"solr_src_java_org_apache_solr_search_ValueSourceParser.java","lucene-3.1",63,"False",1
"solr_src_java_org_apache_solr_search_ValueSourceParser.java","lucene-3.1",64,"False",1
"solr_src_java_org_apache_solr_search_ValueSourceParser.java","lucene-3.1",65,"False",1
"solr_src_java_org_apache_solr_search_ValueSourceParser.java","lucene-3.1",66,"False",1
"solr_src_java_org_apache_solr_search_ValueSourceParser.java","lucene-3.1",67,"False",1
"solr_src_java_org_apache_solr_search_ValueSourceParser.java","lucene-3.1",68,"False",1
"solr_src_java_org_apache_solr_search_ValueSourceParser.java","lucene-3.1",69,"False",1
"solr_src_java_org_apache_solr_search_ValueSourceParser.java","lucene-3.1",70,"False",1
"solr_src_java_org_apache_solr_search_ValueSourceParser.java","lucene-3.1",71,"False",1
"solr_src_java_org_apache_solr_search_ValueSourceParser.java","lucene-3.1",72,"False",1
"solr_src_java_org_apache_solr_search_ValueSourceParser.java","lucene-3.1",73,"False",1
"solr_src_java_org_apache_solr_search_ValueSourceParser.java","lucene-3.1",74,"False",1
"solr_src_java_org_apache_solr_search_ValueSourceParser.java","lucene-3.1",75,"False",1
"solr_src_java_org_apache_solr_search_ValueSourceParser.java","lucene-3.1",76,"False",1
"solr_src_java_org_apache_solr_search_ValueSourceParser.java","lucene-3.1",77,"False",1
"solr_src_java_org_apache_solr_search_ValueSourceParser.java","lucene-3.1",78,"False",1
"solr_src_java_org_apache_solr_search_ValueSourceParser.java","lucene-3.1",79,"False",1
"solr_src_java_org_apache_solr_search_ValueSourceParser.java","lucene-3.1",80,"False",1
"solr_src_java_org_apache_solr_search_ValueSourceParser.java","lucene-3.1",81,"False",1
"solr_src_java_org_apache_solr_search_ValueSourceParser.java","lucene-3.1",82,"True",3
"solr_src_java_org_apache_solr_search_ValueSourceParser.java","lucene-3.1",83,"False",1
"solr_src_java_org_apache_solr_search_ValueSourceParser.java","lucene-3.1",84,"False",1
"solr_src_java_org_apache_solr_search_ValueSourceParser.java","lucene-3.1",85,"False",1
"solr_src_java_org_apache_solr_search_ValueSourceParser.java","lucene-3.1",86,"False",1
"solr_src_java_org_apache_solr_search_ValueSourceParser.java","lucene-3.1",87,"False",1
"solr_src_java_org_apache_solr_search_ValueSourceParser.java","lucene-3.1",88,"False",1
"solr_src_java_org_apache_solr_search_ValueSourceParser.java","lucene-3.1",89,"False",1
"solr_src_java_org_apache_solr_search_ValueSourceParser.java","lucene-3.1",90,"False",1
"solr_src_java_org_apache_solr_search_ValueSourceParser.java","lucene-3.1",91,"False",1
"solr_src_java_org_apache_solr_search_ValueSourceParser.java","lucene-3.1",92,"False",1
"solr_src_java_org_apache_solr_search_ValueSourceParser.java","lucene-3.1",93,"False",1
"solr_src_java_org_apache_solr_search_ValueSourceParser.java","lucene-3.1",94,"False",1
"solr_src_java_org_apache_solr_search_ValueSourceParser.java","lucene-3.1",95,"False",1
"solr_src_java_org_apache_solr_search_ValueSourceParser.java","lucene-3.1",96,"False",1
"solr_src_java_org_apache_solr_search_ValueSourceParser.java","lucene-3.1",97,"False",1
"solr_src_java_org_apache_solr_search_ValueSourceParser.java","lucene-3.1",98,"False",1
"solr_src_java_org_apache_solr_search_ValueSourceParser.java","lucene-3.1",99,"False",1
"solr_src_java_org_apache_solr_search_ValueSourceParser.java","lucene-3.1",100,"False",1
"solr_src_java_org_apache_solr_search_ValueSourceParser.java","lucene-3.1",101,"False",1
"solr_src_java_org_apache_solr_search_ValueSourceParser.java","lucene-3.1",102,"False",1
"solr_src_java_org_apache_solr_search_ValueSourceParser.java","lucene-3.1",103,"False",1
"solr_src_java_org_apache_solr_search_ValueSourceParser.java","lucene-3.1",104,"False",1
"solr_src_java_org_apache_solr_search_ValueSourceParser.java","lucene-3.1",105,"False",1
"solr_src_java_org_apache_solr_search_ValueSourceParser.java","lucene-3.1",106,"False",1
"solr_src_java_org_apache_solr_search_ValueSourceParser.java","lucene-3.1",107,"False",1
"solr_src_java_org_apache_solr_search_ValueSourceParser.java","lucene-3.1",108,"False",1
"solr_src_java_org_apache_solr_search_ValueSourceParser.java","lucene-3.1",109,"False",1
"solr_src_java_org_apache_solr_search_ValueSourceParser.java","lucene-3.1",110,"False",1
"solr_src_java_org_apache_solr_search_ValueSourceParser.java","lucene-3.1",111,"False",1
"solr_src_java_org_apache_solr_search_ValueSourceParser.java","lucene-3.1",112,"False",1
"solr_src_java_org_apache_solr_search_ValueSourceParser.java","lucene-3.1",113,"False",1
"solr_src_java_org_apache_solr_search_ValueSourceParser.java","lucene-3.1",114,"False",1
"solr_src_java_org_apache_solr_search_ValueSourceParser.java","lucene-3.1",115,"False",1
"solr_src_java_org_apache_solr_search_ValueSourceParser.java","lucene-3.1",116,"False",1
"solr_src_java_org_apache_solr_search_ValueSourceParser.java","lucene-3.1",117,"False",1
"solr_src_java_org_apache_solr_search_ValueSourceParser.java","lucene-3.1",118,"False",1
"solr_src_java_org_apache_solr_search_ValueSourceParser.java","lucene-3.1",119,"False",1
"solr_src_java_org_apache_solr_search_ValueSourceParser.java","lucene-3.1",120,"False",1
"solr_src_java_org_apache_solr_search_ValueSourceParser.java","lucene-3.1",121,"False",1
"solr_src_java_org_apache_solr_search_ValueSourceParser.java","lucene-3.1",122,"False",1
"solr_src_java_org_apache_solr_search_ValueSourceParser.java","lucene-3.1",123,"False",1
"solr_src_java_org_apache_solr_search_ValueSourceParser.java","lucene-3.1",124,"False",1
"solr_src_java_org_apache_solr_search_ValueSourceParser.java","lucene-3.1",125,"False",1
"solr_src_java_org_apache_solr_search_ValueSourceParser.java","lucene-3.1",126,"False",1
"solr_src_java_org_apache_solr_search_ValueSourceParser.java","lucene-3.1",127,"False",1
"solr_src_java_org_apache_solr_search_ValueSourceParser.java","lucene-3.1",128,"False",1
"solr_src_java_org_apache_solr_search_ValueSourceParser.java","lucene-3.1",129,"False",1
"solr_src_java_org_apache_solr_search_ValueSourceParser.java","lucene-3.1",130,"False",1
"solr_src_java_org_apache_solr_search_ValueSourceParser.java","lucene-3.1",131,"False",1
"solr_src_java_org_apache_solr_search_ValueSourceParser.java","lucene-3.1",132,"False",1
"solr_src_java_org_apache_solr_search_ValueSourceParser.java","lucene-3.1",133,"False",1
"solr_src_java_org_apache_solr_search_ValueSourceParser.java","lucene-3.1",134,"False",1
"solr_src_java_org_apache_solr_search_ValueSourceParser.java","lucene-3.1",135,"False",1
"solr_src_java_org_apache_solr_search_ValueSourceParser.java","lucene-3.1",136,"False",1
"solr_src_java_org_apache_solr_search_ValueSourceParser.java","lucene-3.1",137,"False",1
"solr_src_java_org_apache_solr_search_ValueSourceParser.java","lucene-3.1",138,"False",1
"solr_src_java_org_apache_solr_search_ValueSourceParser.java","lucene-3.1",139,"False",1
"solr_src_java_org_apache_solr_search_ValueSourceParser.java","lucene-3.1",140,"False",1
"solr_src_java_org_apache_solr_search_ValueSourceParser.java","lucene-3.1",141,"False",1
"solr_src_java_org_apache_solr_search_ValueSourceParser.java","lucene-3.1",142,"False",1
"solr_src_java_org_apache_solr_search_ValueSourceParser.java","lucene-3.1",143,"False",1
"solr_src_java_org_apache_solr_search_ValueSourceParser.java","lucene-3.1",144,"False",1
"solr_src_java_org_apache_solr_search_ValueSourceParser.java","lucene-3.1",145,"False",1
"solr_src_java_org_apache_solr_search_ValueSourceParser.java","lucene-3.1",146,"False",1
"solr_src_java_org_apache_solr_search_ValueSourceParser.java","lucene-3.1",147,"False",1
"solr_src_java_org_apache_solr_search_ValueSourceParser.java","lucene-3.1",148,"False",1
"solr_src_java_org_apache_solr_search_ValueSourceParser.java","lucene-3.1",149,"False",1
"solr_src_java_org_apache_solr_search_ValueSourceParser.java","lucene-3.1",150,"False",1
"solr_src_java_org_apache_solr_search_ValueSourceParser.java","lucene-3.1",151,"False",1
"solr_src_java_org_apache_solr_search_ValueSourceParser.java","lucene-3.1",152,"False",1
"solr_src_java_org_apache_solr_search_ValueSourceParser.java","lucene-3.1",153,"False",1
"solr_src_java_org_apache_solr_search_ValueSourceParser.java","lucene-3.1",154,"False",1
"solr_src_java_org_apache_solr_search_ValueSourceParser.java","lucene-3.1",155,"False",1
"solr_src_java_org_apache_solr_search_ValueSourceParser.java","lucene-3.1",156,"False",1
"solr_src_java_org_apache_solr_search_ValueSourceParser.java","lucene-3.1",157,"False",1
"solr_src_java_org_apache_solr_search_ValueSourceParser.java","lucene-3.1",158,"False",1
"solr_src_java_org_apache_solr_search_ValueSourceParser.java","lucene-3.1",159,"False",1
"solr_src_java_org_apache_solr_search_ValueSourceParser.java","lucene-3.1",160,"False",1
"solr_src_java_org_apache_solr_search_ValueSourceParser.java","lucene-3.1",161,"False",1
"solr_src_java_org_apache_solr_search_ValueSourceParser.java","lucene-3.1",162,"False",1
"solr_src_java_org_apache_solr_search_ValueSourceParser.java","lucene-3.1",163,"False",1
"solr_src_java_org_apache_solr_search_ValueSourceParser.java","lucene-3.1",164,"False",1
"solr_src_java_org_apache_solr_search_ValueSourceParser.java","lucene-3.1",165,"False",1
"solr_src_java_org_apache_solr_search_ValueSourceParser.java","lucene-3.1",166,"False",1
"solr_src_java_org_apache_solr_search_ValueSourceParser.java","lucene-3.1",167,"False",1
"solr_src_java_org_apache_solr_search_ValueSourceParser.java","lucene-3.1",168,"False",1
"solr_src_java_org_apache_solr_search_ValueSourceParser.java","lucene-3.1",169,"False",1
"solr_src_java_org_apache_solr_search_ValueSourceParser.java","lucene-3.1",170,"False",1
"solr_src_java_org_apache_solr_search_ValueSourceParser.java","lucene-3.1",171,"False",1
"solr_src_java_org_apache_solr_search_ValueSourceParser.java","lucene-3.1",172,"False",1
"solr_src_java_org_apache_solr_search_ValueSourceParser.java","lucene-3.1",173,"False",1
"solr_src_java_org_apache_solr_search_ValueSourceParser.java","lucene-3.1",174,"False",1
"solr_src_java_org_apache_solr_search_ValueSourceParser.java","lucene-3.1",175,"False",1
"solr_src_java_org_apache_solr_search_ValueSourceParser.java","lucene-3.1",176,"False",1
"solr_src_java_org_apache_solr_search_ValueSourceParser.java","lucene-3.1",177,"False",1
"solr_src_java_org_apache_solr_search_ValueSourceParser.java","lucene-3.1",178,"False",1
"solr_src_java_org_apache_solr_search_ValueSourceParser.java","lucene-3.1",179,"False",1
"solr_src_java_org_apache_solr_search_ValueSourceParser.java","lucene-3.1",180,"False",1
"solr_src_java_org_apache_solr_search_ValueSourceParser.java","lucene-3.1",181,"False",1
"solr_src_java_org_apache_solr_search_ValueSourceParser.java","lucene-3.1",182,"False",1
"solr_src_java_org_apache_solr_search_ValueSourceParser.java","lucene-3.1",183,"False",1
"solr_src_java_org_apache_solr_search_ValueSourceParser.java","lucene-3.1",184,"False",1
"solr_src_java_org_apache_solr_search_ValueSourceParser.java","lucene-3.1",185,"False",1
"solr_src_java_org_apache_solr_search_ValueSourceParser.java","lucene-3.1",186,"False",1
"solr_src_java_org_apache_solr_search_ValueSourceParser.java","lucene-3.1",187,"False",1
"solr_src_java_org_apache_solr_search_ValueSourceParser.java","lucene-3.1",188,"False",1
"solr_src_java_org_apache_solr_search_ValueSourceParser.java","lucene-3.1",189,"False",1
"solr_src_java_org_apache_solr_search_ValueSourceParser.java","lucene-3.1",190,"False",1
"solr_src_java_org_apache_solr_search_ValueSourceParser.java","lucene-3.1",191,"False",1
"solr_src_java_org_apache_solr_search_ValueSourceParser.java","lucene-3.1",192,"False",1
"solr_src_java_org_apache_solr_search_ValueSourceParser.java","lucene-3.1",193,"False",1
"solr_src_java_org_apache_solr_search_ValueSourceParser.java","lucene-3.1",194,"False",1
"solr_src_java_org_apache_solr_search_ValueSourceParser.java","lucene-3.1",195,"False",1
"solr_src_java_org_apache_solr_search_ValueSourceParser.java","lucene-3.1",196,"False",1
"solr_src_java_org_apache_solr_search_ValueSourceParser.java","lucene-3.1",197,"False",1
"solr_src_java_org_apache_solr_search_ValueSourceParser.java","lucene-3.1",198,"False",1
"solr_src_java_org_apache_solr_search_ValueSourceParser.java","lucene-3.1",199,"False",1
"solr_src_java_org_apache_solr_search_ValueSourceParser.java","lucene-3.1",200,"False",1
"solr_src_java_org_apache_solr_search_ValueSourceParser.java","lucene-3.1",201,"False",1
"solr_src_java_org_apache_solr_search_ValueSourceParser.java","lucene-3.1",202,"False",1
"solr_src_java_org_apache_solr_search_ValueSourceParser.java","lucene-3.1",203,"False",1
"solr_src_java_org_apache_solr_search_ValueSourceParser.java","lucene-3.1",204,"False",1
"solr_src_java_org_apache_solr_search_ValueSourceParser.java","lucene-3.1",205,"False",1
"solr_src_java_org_apache_solr_search_ValueSourceParser.java","lucene-3.1",206,"False",1
"solr_src_java_org_apache_solr_search_ValueSourceParser.java","lucene-3.1",207,"False",1
"solr_src_java_org_apache_solr_search_ValueSourceParser.java","lucene-3.1",208,"False",1
"solr_src_java_org_apache_solr_search_ValueSourceParser.java","lucene-3.1",209,"False",1
"solr_src_java_org_apache_solr_search_ValueSourceParser.java","lucene-3.1",210,"False",1
"solr_src_java_org_apache_solr_search_ValueSourceParser.java","lucene-3.1",211,"False",1
"solr_src_java_org_apache_solr_search_ValueSourceParser.java","lucene-3.1",212,"False",1
"solr_src_java_org_apache_solr_search_ValueSourceParser.java","lucene-3.1",213,"False",1
"solr_src_java_org_apache_solr_search_ValueSourceParser.java","lucene-3.1",214,"False",1
"solr_src_java_org_apache_solr_search_ValueSourceParser.java","lucene-3.1",215,"False",1
"solr_src_java_org_apache_solr_search_ValueSourceParser.java","lucene-3.1",216,"False",1
"solr_src_java_org_apache_solr_search_ValueSourceParser.java","lucene-3.1",217,"False",1
"solr_src_java_org_apache_solr_search_ValueSourceParser.java","lucene-3.1",218,"False",1
"solr_src_java_org_apache_solr_search_ValueSourceParser.java","lucene-3.1",219,"False",1
"solr_src_java_org_apache_solr_search_ValueSourceParser.java","lucene-3.1",220,"False",1
"solr_src_java_org_apache_solr_search_ValueSourceParser.java","lucene-3.1",221,"False",1
"solr_src_java_org_apache_solr_search_ValueSourceParser.java","lucene-3.1",222,"False",1
"solr_src_java_org_apache_solr_search_ValueSourceParser.java","lucene-3.1",223,"False",1
"solr_src_java_org_apache_solr_search_ValueSourceParser.java","lucene-3.1",224,"False",1
"solr_src_java_org_apache_solr_search_ValueSourceParser.java","lucene-3.1",225,"False",1
"solr_src_java_org_apache_solr_search_ValueSourceParser.java","lucene-3.1",226,"False",1
"solr_src_java_org_apache_solr_search_ValueSourceParser.java","lucene-3.1",227,"False",1
"solr_src_java_org_apache_solr_search_ValueSourceParser.java","lucene-3.1",228,"False",1
"solr_src_java_org_apache_solr_search_ValueSourceParser.java","lucene-3.1",229,"False",1
"solr_src_java_org_apache_solr_search_ValueSourceParser.java","lucene-3.1",230,"False",1
"solr_src_java_org_apache_solr_search_ValueSourceParser.java","lucene-3.1",231,"False",1
"solr_src_java_org_apache_solr_search_ValueSourceParser.java","lucene-3.1",232,"False",1
"solr_src_java_org_apache_solr_search_ValueSourceParser.java","lucene-3.1",233,"False",1
"solr_src_java_org_apache_solr_search_ValueSourceParser.java","lucene-3.1",234,"False",1
"solr_src_java_org_apache_solr_search_ValueSourceParser.java","lucene-3.1",235,"False",1
"solr_src_java_org_apache_solr_search_ValueSourceParser.java","lucene-3.1",236,"False",1
"solr_src_java_org_apache_solr_search_ValueSourceParser.java","lucene-3.1",237,"False",1
"solr_src_java_org_apache_solr_search_ValueSourceParser.java","lucene-3.1",238,"False",1
"solr_src_java_org_apache_solr_search_ValueSourceParser.java","lucene-3.1",239,"False",1
"solr_src_java_org_apache_solr_search_ValueSourceParser.java","lucene-3.1",240,"False",1
"solr_src_java_org_apache_solr_search_ValueSourceParser.java","lucene-3.1",241,"False",1
"solr_src_java_org_apache_solr_search_ValueSourceParser.java","lucene-3.1",242,"False",1
"solr_src_java_org_apache_solr_search_ValueSourceParser.java","lucene-3.1",243,"False",1
"solr_src_java_org_apache_solr_search_ValueSourceParser.java","lucene-3.1",244,"False",1
"solr_src_java_org_apache_solr_search_ValueSourceParser.java","lucene-3.1",245,"False",1
"solr_src_java_org_apache_solr_search_ValueSourceParser.java","lucene-3.1",246,"False",1
"solr_src_java_org_apache_solr_search_ValueSourceParser.java","lucene-3.1",247,"False",1
"solr_src_java_org_apache_solr_search_ValueSourceParser.java","lucene-3.1",248,"False",1
"solr_src_java_org_apache_solr_search_ValueSourceParser.java","lucene-3.1",249,"False",1
"solr_src_java_org_apache_solr_search_ValueSourceParser.java","lucene-3.1",250,"False",1
"solr_src_java_org_apache_solr_search_ValueSourceParser.java","lucene-3.1",251,"False",1
"solr_src_java_org_apache_solr_search_ValueSourceParser.java","lucene-3.1",252,"False",1
"solr_src_java_org_apache_solr_search_ValueSourceParser.java","lucene-3.1",253,"False",1
"solr_src_java_org_apache_solr_search_ValueSourceParser.java","lucene-3.1",254,"False",1
"solr_src_java_org_apache_solr_search_ValueSourceParser.java","lucene-3.1",255,"False",1
"solr_src_java_org_apache_solr_search_ValueSourceParser.java","lucene-3.1",256,"False",1
"solr_src_java_org_apache_solr_search_ValueSourceParser.java","lucene-3.1",257,"False",1
"solr_src_java_org_apache_solr_search_ValueSourceParser.java","lucene-3.1",258,"False",1
"solr_src_java_org_apache_solr_search_ValueSourceParser.java","lucene-3.1",259,"False",1
"solr_src_java_org_apache_solr_search_ValueSourceParser.java","lucene-3.1",260,"False",1
"solr_src_java_org_apache_solr_search_ValueSourceParser.java","lucene-3.1",261,"False",1
"solr_src_java_org_apache_solr_search_ValueSourceParser.java","lucene-3.1",262,"False",1
"solr_src_java_org_apache_solr_search_ValueSourceParser.java","lucene-3.1",263,"False",1
"solr_src_java_org_apache_solr_search_ValueSourceParser.java","lucene-3.1",264,"False",1
"solr_src_java_org_apache_solr_search_ValueSourceParser.java","lucene-3.1",265,"False",1
"solr_src_java_org_apache_solr_search_ValueSourceParser.java","lucene-3.1",266,"False",1
"solr_src_java_org_apache_solr_search_ValueSourceParser.java","lucene-3.1",267,"False",1
"solr_src_java_org_apache_solr_search_ValueSourceParser.java","lucene-3.1",268,"False",1
"solr_src_java_org_apache_solr_search_ValueSourceParser.java","lucene-3.1",269,"False",1
"solr_src_java_org_apache_solr_search_ValueSourceParser.java","lucene-3.1",270,"False",1
"solr_src_java_org_apache_solr_search_ValueSourceParser.java","lucene-3.1",271,"False",1
"solr_src_java_org_apache_solr_search_ValueSourceParser.java","lucene-3.1",272,"False",1
"solr_src_java_org_apache_solr_search_ValueSourceParser.java","lucene-3.1",273,"False",1
"solr_src_java_org_apache_solr_search_ValueSourceParser.java","lucene-3.1",274,"False",1
"solr_src_java_org_apache_solr_search_ValueSourceParser.java","lucene-3.1",275,"False",1
"solr_src_java_org_apache_solr_search_ValueSourceParser.java","lucene-3.1",276,"False",1
"solr_src_java_org_apache_solr_search_ValueSourceParser.java","lucene-3.1",277,"False",1
"solr_src_java_org_apache_solr_search_ValueSourceParser.java","lucene-3.1",278,"False",1
"solr_src_java_org_apache_solr_search_ValueSourceParser.java","lucene-3.1",279,"False",1
"solr_src_java_org_apache_solr_search_ValueSourceParser.java","lucene-3.1",280,"False",1
"solr_src_java_org_apache_solr_search_ValueSourceParser.java","lucene-3.1",281,"False",1
"solr_src_java_org_apache_solr_search_ValueSourceParser.java","lucene-3.1",282,"False",1
"solr_src_java_org_apache_solr_search_ValueSourceParser.java","lucene-3.1",283,"False",1
"solr_src_java_org_apache_solr_search_ValueSourceParser.java","lucene-3.1",284,"False",1
"solr_src_java_org_apache_solr_search_ValueSourceParser.java","lucene-3.1",285,"False",1
"solr_src_java_org_apache_solr_search_ValueSourceParser.java","lucene-3.1",286,"False",1
"solr_src_java_org_apache_solr_search_ValueSourceParser.java","lucene-3.1",287,"False",1
"solr_src_java_org_apache_solr_search_ValueSourceParser.java","lucene-3.1",288,"False",1
"solr_src_java_org_apache_solr_search_ValueSourceParser.java","lucene-3.1",289,"False",1
"solr_src_java_org_apache_solr_search_ValueSourceParser.java","lucene-3.1",290,"False",1
"solr_src_java_org_apache_solr_search_ValueSourceParser.java","lucene-3.1",291,"False",1
"solr_src_java_org_apache_solr_search_ValueSourceParser.java","lucene-3.1",292,"False",1
"solr_src_java_org_apache_solr_search_ValueSourceParser.java","lucene-3.1",293,"False",1
"solr_src_java_org_apache_solr_search_ValueSourceParser.java","lucene-3.1",294,"False",1
"solr_src_java_org_apache_solr_search_ValueSourceParser.java","lucene-3.1",295,"False",1
"solr_src_java_org_apache_solr_search_ValueSourceParser.java","lucene-3.1",296,"False",1
"solr_src_java_org_apache_solr_search_ValueSourceParser.java","lucene-3.1",297,"False",1
"solr_src_java_org_apache_solr_search_ValueSourceParser.java","lucene-3.1",298,"False",1
"solr_src_java_org_apache_solr_search_ValueSourceParser.java","lucene-3.1",299,"False",1
"solr_src_java_org_apache_solr_search_ValueSourceParser.java","lucene-3.1",300,"False",1
"solr_src_java_org_apache_solr_search_ValueSourceParser.java","lucene-3.1",301,"False",1
"solr_src_java_org_apache_solr_search_ValueSourceParser.java","lucene-3.1",302,"False",1
"solr_src_java_org_apache_solr_search_ValueSourceParser.java","lucene-3.1",303,"False",1
"solr_src_java_org_apache_solr_search_ValueSourceParser.java","lucene-3.1",304,"False",1
"solr_src_java_org_apache_solr_search_ValueSourceParser.java","lucene-3.1",305,"False",1
"solr_src_java_org_apache_solr_search_ValueSourceParser.java","lucene-3.1",306,"False",1
"solr_src_java_org_apache_solr_search_ValueSourceParser.java","lucene-3.1",307,"False",1
"solr_src_java_org_apache_solr_search_ValueSourceParser.java","lucene-3.1",308,"False",1
"solr_src_java_org_apache_solr_search_ValueSourceParser.java","lucene-3.1",309,"False",1
"solr_src_java_org_apache_solr_search_ValueSourceParser.java","lucene-3.1",310,"False",1
"solr_src_java_org_apache_solr_search_ValueSourceParser.java","lucene-3.1",311,"False",1
"solr_src_java_org_apache_solr_search_ValueSourceParser.java","lucene-3.1",312,"False",1
"solr_src_java_org_apache_solr_search_ValueSourceParser.java","lucene-3.1",313,"False",1
"solr_src_java_org_apache_solr_search_ValueSourceParser.java","lucene-3.1",314,"False",1
"solr_src_java_org_apache_solr_search_ValueSourceParser.java","lucene-3.1",315,"False",1
"solr_src_java_org_apache_solr_search_ValueSourceParser.java","lucene-3.1",316,"False",1
"solr_src_java_org_apache_solr_search_ValueSourceParser.java","lucene-3.1",317,"False",1
"solr_src_java_org_apache_solr_search_ValueSourceParser.java","lucene-3.1",318,"False",1
"solr_src_java_org_apache_solr_search_ValueSourceParser.java","lucene-3.1",319,"False",1
"solr_src_java_org_apache_solr_search_ValueSourceParser.java","lucene-3.1",320,"False",1
"solr_src_java_org_apache_solr_search_ValueSourceParser.java","lucene-3.1",321,"False",1
"solr_src_java_org_apache_solr_search_ValueSourceParser.java","lucene-3.1",322,"False",1
"solr_src_java_org_apache_solr_search_ValueSourceParser.java","lucene-3.1",323,"False",1
"solr_src_java_org_apache_solr_search_ValueSourceParser.java","lucene-3.1",324,"False",1
"solr_src_java_org_apache_solr_search_ValueSourceParser.java","lucene-3.1",325,"False",1
"solr_src_java_org_apache_solr_search_ValueSourceParser.java","lucene-3.1",326,"False",1
"solr_src_java_org_apache_solr_search_ValueSourceParser.java","lucene-3.1",327,"False",1
"solr_src_java_org_apache_solr_search_ValueSourceParser.java","lucene-3.1",328,"False",1
"solr_src_java_org_apache_solr_search_ValueSourceParser.java","lucene-3.1",329,"False",1
"solr_src_java_org_apache_solr_search_ValueSourceParser.java","lucene-3.1",330,"False",1
"solr_src_java_org_apache_solr_search_ValueSourceParser.java","lucene-3.1",331,"False",1
"solr_src_java_org_apache_solr_search_ValueSourceParser.java","lucene-3.1",332,"False",1
"solr_src_java_org_apache_solr_search_ValueSourceParser.java","lucene-3.1",333,"False",1
"solr_src_java_org_apache_solr_search_ValueSourceParser.java","lucene-3.1",334,"False",1
"solr_src_java_org_apache_solr_search_ValueSourceParser.java","lucene-3.1",335,"False",1
"solr_src_java_org_apache_solr_search_ValueSourceParser.java","lucene-3.1",336,"False",1
"solr_src_java_org_apache_solr_search_ValueSourceParser.java","lucene-3.1",337,"False",1
"solr_src_java_org_apache_solr_search_ValueSourceParser.java","lucene-3.1",338,"False",1
"solr_src_java_org_apache_solr_search_ValueSourceParser.java","lucene-3.1",339,"False",1
"solr_src_java_org_apache_solr_search_ValueSourceParser.java","lucene-3.1",340,"False",1
"solr_src_java_org_apache_solr_search_ValueSourceParser.java","lucene-3.1",341,"False",1
"solr_src_java_org_apache_solr_search_ValueSourceParser.java","lucene-3.1",342,"False",1
"solr_src_java_org_apache_solr_search_ValueSourceParser.java","lucene-3.1",343,"False",1
"solr_src_java_org_apache_solr_search_ValueSourceParser.java","lucene-3.1",344,"False",1
"solr_src_java_org_apache_solr_search_ValueSourceParser.java","lucene-3.1",345,"False",1
"solr_src_java_org_apache_solr_search_ValueSourceParser.java","lucene-3.1",346,"False",1
"solr_src_java_org_apache_solr_search_ValueSourceParser.java","lucene-3.1",347,"False",1
"solr_src_java_org_apache_solr_search_ValueSourceParser.java","lucene-3.1",348,"False",1
"solr_src_java_org_apache_solr_search_ValueSourceParser.java","lucene-3.1",349,"False",1
"solr_src_java_org_apache_solr_search_ValueSourceParser.java","lucene-3.1",350,"False",1
"solr_src_java_org_apache_solr_search_ValueSourceParser.java","lucene-3.1",351,"False",1
"solr_src_java_org_apache_solr_search_ValueSourceParser.java","lucene-3.1",352,"False",1
"solr_src_java_org_apache_solr_search_ValueSourceParser.java","lucene-3.1",353,"False",1
"solr_src_java_org_apache_solr_search_ValueSourceParser.java","lucene-3.1",354,"False",1
"solr_src_java_org_apache_solr_search_ValueSourceParser.java","lucene-3.1",355,"False",1
"solr_src_java_org_apache_solr_search_ValueSourceParser.java","lucene-3.1",356,"False",1
"solr_src_java_org_apache_solr_search_ValueSourceParser.java","lucene-3.1",357,"False",1
"solr_src_java_org_apache_solr_search_ValueSourceParser.java","lucene-3.1",358,"False",1
"solr_src_java_org_apache_solr_search_ValueSourceParser.java","lucene-3.1",359,"False",1
"solr_src_java_org_apache_solr_search_ValueSourceParser.java","lucene-3.1",360,"False",1
"solr_src_java_org_apache_solr_search_ValueSourceParser.java","lucene-3.1",361,"False",1
"solr_src_java_org_apache_solr_search_ValueSourceParser.java","lucene-3.1",362,"False",1
"solr_src_java_org_apache_solr_search_ValueSourceParser.java","lucene-3.1",363,"False",1
"solr_src_java_org_apache_solr_search_ValueSourceParser.java","lucene-3.1",364,"False",1
"solr_src_java_org_apache_solr_search_ValueSourceParser.java","lucene-3.1",365,"False",1
"solr_src_java_org_apache_solr_search_ValueSourceParser.java","lucene-3.1",366,"False",1
"solr_src_java_org_apache_solr_search_ValueSourceParser.java","lucene-3.1",367,"False",1
"solr_src_java_org_apache_solr_search_ValueSourceParser.java","lucene-3.1",368,"True",2
"solr_src_java_org_apache_solr_search_ValueSourceParser.java","lucene-3.1",369,"False",1
"solr_src_java_org_apache_solr_search_ValueSourceParser.java","lucene-3.1",370,"False",1
"solr_src_java_org_apache_solr_search_ValueSourceParser.java","lucene-3.1",371,"False",1
"solr_src_java_org_apache_solr_search_ValueSourceParser.java","lucene-3.1",372,"False",1
"solr_src_java_org_apache_solr_search_ValueSourceParser.java","lucene-3.1",373,"False",1
"solr_src_java_org_apache_solr_search_ValueSourceParser.java","lucene-3.1",374,"False",1
"solr_src_java_org_apache_solr_search_ValueSourceParser.java","lucene-3.1",375,"False",1
"solr_src_java_org_apache_solr_search_ValueSourceParser.java","lucene-3.1",376,"False",1
"solr_src_java_org_apache_solr_search_ValueSourceParser.java","lucene-3.1",377,"False",1
"solr_src_java_org_apache_solr_search_ValueSourceParser.java","lucene-3.1",378,"False",1
"solr_src_java_org_apache_solr_search_ValueSourceParser.java","lucene-3.1",379,"False",1
"solr_src_java_org_apache_solr_search_ValueSourceParser.java","lucene-3.1",380,"False",1
"solr_src_java_org_apache_solr_search_ValueSourceParser.java","lucene-3.1",381,"False",1
"solr_src_java_org_apache_solr_search_ValueSourceParser.java","lucene-3.1",382,"False",1
"solr_src_java_org_apache_solr_search_ValueSourceParser.java","lucene-3.1",383,"False",1
"solr_src_java_org_apache_solr_search_ValueSourceParser.java","lucene-3.1",384,"False",1
"solr_src_java_org_apache_solr_search_ValueSourceParser.java","lucene-3.1",385,"False",1
"solr_src_java_org_apache_solr_search_ValueSourceParser.java","lucene-3.1",386,"False",1
"solr_src_java_org_apache_solr_search_ValueSourceParser.java","lucene-3.1",387,"False",1
"solr_src_java_org_apache_solr_search_ValueSourceParser.java","lucene-3.1",388,"False",1
"solr_src_java_org_apache_solr_search_ValueSourceParser.java","lucene-3.1",389,"False",1
"solr_src_java_org_apache_solr_search_ValueSourceParser.java","lucene-3.1",390,"False",1
"solr_src_java_org_apache_solr_search_ValueSourceParser.java","lucene-3.1",391,"False",1
"solr_src_java_org_apache_solr_search_ValueSourceParser.java","lucene-3.1",392,"False",1
"solr_src_java_org_apache_solr_search_ValueSourceParser.java","lucene-3.1",393,"False",1
"solr_src_java_org_apache_solr_search_ValueSourceParser.java","lucene-3.1",394,"False",1
"solr_src_java_org_apache_solr_search_ValueSourceParser.java","lucene-3.1",395,"False",1
"solr_src_java_org_apache_solr_search_ValueSourceParser.java","lucene-3.1",396,"False",1
"solr_src_java_org_apache_solr_search_ValueSourceParser.java","lucene-3.1",397,"False",1
"solr_src_java_org_apache_solr_search_ValueSourceParser.java","lucene-3.1",398,"False",1
"solr_src_java_org_apache_solr_search_ValueSourceParser.java","lucene-3.1",399,"False",1
"solr_src_java_org_apache_solr_search_ValueSourceParser.java","lucene-3.1",400,"False",1
"solr_src_java_org_apache_solr_search_ValueSourceParser.java","lucene-3.1",401,"False",1
"solr_src_java_org_apache_solr_search_ValueSourceParser.java","lucene-3.1",402,"False",1
"solr_src_java_org_apache_solr_search_ValueSourceParser.java","lucene-3.1",403,"False",1
"solr_src_java_org_apache_solr_search_ValueSourceParser.java","lucene-3.1",404,"False",1
"solr_src_java_org_apache_solr_search_ValueSourceParser.java","lucene-3.1",405,"False",1
"solr_src_java_org_apache_solr_search_ValueSourceParser.java","lucene-3.1",406,"False",1
"solr_src_java_org_apache_solr_search_ValueSourceParser.java","lucene-3.1",407,"False",1
"solr_src_java_org_apache_solr_search_ValueSourceParser.java","lucene-3.1",408,"False",1
"solr_src_java_org_apache_solr_search_ValueSourceParser.java","lucene-3.1",409,"False",1
"solr_src_java_org_apache_solr_search_ValueSourceParser.java","lucene-3.1",410,"False",1
"solr_src_java_org_apache_solr_search_ValueSourceParser.java","lucene-3.1",411,"False",1
"solr_src_java_org_apache_solr_search_ValueSourceParser.java","lucene-3.1",412,"False",1
"solr_src_java_org_apache_solr_search_ValueSourceParser.java","lucene-3.1",413,"False",1
"solr_src_java_org_apache_solr_search_ValueSourceParser.java","lucene-3.1",414,"False",1
"solr_src_java_org_apache_solr_search_ValueSourceParser.java","lucene-3.1",415,"False",1
"solr_src_java_org_apache_solr_search_ValueSourceParser.java","lucene-3.1",416,"False",1
"solr_src_java_org_apache_solr_search_ValueSourceParser.java","lucene-3.1",417,"False",1
"solr_src_java_org_apache_solr_search_ValueSourceParser.java","lucene-3.1",418,"False",1
"solr_src_java_org_apache_solr_search_ValueSourceParser.java","lucene-3.1",419,"False",1
"solr_src_java_org_apache_solr_search_ValueSourceParser.java","lucene-3.1",420,"False",1
"solr_src_java_org_apache_solr_search_ValueSourceParser.java","lucene-3.1",421,"False",1
"solr_src_java_org_apache_solr_search_ValueSourceParser.java","lucene-3.1",422,"False",1
"solr_src_java_org_apache_solr_search_ValueSourceParser.java","lucene-3.1",423,"False",1
"solr_src_java_org_apache_solr_search_ValueSourceParser.java","lucene-3.1",424,"False",1
"solr_src_java_org_apache_solr_search_ValueSourceParser.java","lucene-3.1",425,"False",1
"solr_src_java_org_apache_solr_search_ValueSourceParser.java","lucene-3.1",426,"False",1
"solr_src_java_org_apache_solr_search_ValueSourceParser.java","lucene-3.1",427,"False",1
"solr_src_java_org_apache_solr_search_ValueSourceParser.java","lucene-3.1",428,"False",1
"solr_src_java_org_apache_solr_search_ValueSourceParser.java","lucene-3.1",429,"False",1
"solr_src_java_org_apache_solr_search_ValueSourceParser.java","lucene-3.1",430,"False",1
"solr_src_java_org_apache_solr_search_ValueSourceParser.java","lucene-3.1",431,"False",1
"solr_src_java_org_apache_solr_search_ValueSourceParser.java","lucene-3.1",432,"False",1
"solr_src_java_org_apache_solr_search_ValueSourceParser.java","lucene-3.1",433,"False",1
"solr_src_java_org_apache_solr_search_ValueSourceParser.java","lucene-3.1",434,"False",1
"solr_src_java_org_apache_solr_search_ValueSourceParser.java","lucene-3.1",435,"False",1
"solr_src_java_org_apache_solr_search_ValueSourceParser.java","lucene-3.1",436,"False",1
"solr_src_java_org_apache_solr_search_ValueSourceParser.java","lucene-3.1",437,"False",1
"solr_src_java_org_apache_solr_search_ValueSourceParser.java","lucene-3.1",438,"False",1
"solr_src_java_org_apache_solr_search_ValueSourceParser.java","lucene-3.1",439,"False",1
"solr_src_java_org_apache_solr_search_ValueSourceParser.java","lucene-3.1",440,"False",1
"solr_src_java_org_apache_solr_search_ValueSourceParser.java","lucene-3.1",441,"False",1
"solr_src_java_org_apache_solr_search_ValueSourceParser.java","lucene-3.1",442,"False",1
"solr_src_java_org_apache_solr_search_ValueSourceParser.java","lucene-3.1",443,"False",1
"solr_src_java_org_apache_solr_search_ValueSourceParser.java","lucene-3.1",444,"False",1
"solr_src_java_org_apache_solr_search_ValueSourceParser.java","lucene-3.1",445,"False",1
"solr_src_java_org_apache_solr_search_ValueSourceParser.java","lucene-3.1",446,"False",1
"solr_src_java_org_apache_solr_search_ValueSourceParser.java","lucene-3.1",447,"False",1
"solr_src_java_org_apache_solr_search_ValueSourceParser.java","lucene-3.1",448,"False",1
"solr_src_java_org_apache_solr_search_ValueSourceParser.java","lucene-3.1",449,"False",1
"solr_src_java_org_apache_solr_search_ValueSourceParser.java","lucene-3.1",450,"False",1
"solr_src_java_org_apache_solr_search_ValueSourceParser.java","lucene-3.1",451,"False",1
"solr_src_java_org_apache_solr_search_ValueSourceParser.java","lucene-3.1",452,"False",1
"solr_src_java_org_apache_solr_search_ValueSourceParser.java","lucene-3.1",453,"False",1
"solr_src_java_org_apache_solr_search_ValueSourceParser.java","lucene-3.1",454,"False",1
"solr_src_java_org_apache_solr_search_ValueSourceParser.java","lucene-3.1",455,"False",1
"solr_src_java_org_apache_solr_search_ValueSourceParser.java","lucene-3.1",456,"False",1
"solr_src_java_org_apache_solr_search_ValueSourceParser.java","lucene-3.1",457,"False",1
"solr_src_java_org_apache_solr_search_ValueSourceParser.java","lucene-3.1",458,"False",1
"solr_src_java_org_apache_solr_search_ValueSourceParser.java","lucene-3.1",459,"False",1
"solr_src_java_org_apache_solr_search_ValueSourceParser.java","lucene-3.1",460,"False",1
"solr_src_java_org_apache_solr_search_ValueSourceParser.java","lucene-3.1",461,"False",1
"solr_src_java_org_apache_solr_search_ValueSourceParser.java","lucene-3.1",462,"False",1
"solr_src_java_org_apache_solr_search_ValueSourceParser.java","lucene-3.1",463,"False",1
"solr_src_java_org_apache_solr_search_ValueSourceParser.java","lucene-3.1",464,"False",1
"solr_src_java_org_apache_solr_search_ValueSourceParser.java","lucene-3.1",465,"False",1
"solr_src_java_org_apache_solr_search_ValueSourceParser.java","lucene-3.1",466,"False",1
"solr_src_java_org_apache_solr_search_ValueSourceParser.java","lucene-3.1",467,"False",1
"solr_src_java_org_apache_solr_search_ValueSourceParser.java","lucene-3.1",468,"False",1
"solr_src_java_org_apache_solr_search_ValueSourceParser.java","lucene-3.1",469,"False",1
"solr_src_java_org_apache_solr_search_ValueSourceParser.java","lucene-3.1",470,"False",1
"solr_src_java_org_apache_solr_search_ValueSourceParser.java","lucene-3.1",471,"False",1
"solr_src_java_org_apache_solr_search_ValueSourceParser.java","lucene-3.1",472,"False",1
"solr_src_java_org_apache_solr_search_ValueSourceParser.java","lucene-3.1",473,"False",1
"solr_src_java_org_apache_solr_search_ValueSourceParser.java","lucene-3.1",474,"False",1
"solr_src_java_org_apache_solr_search_ValueSourceParser.java","lucene-3.1",475,"False",1
"solr_src_java_org_apache_solr_search_ValueSourceParser.java","lucene-3.1",476,"False",1
"solr_src_java_org_apache_solr_search_ValueSourceParser.java","lucene-3.1",477,"False",1
"solr_src_java_org_apache_solr_search_ValueSourceParser.java","lucene-3.1",478,"False",1
"solr_src_java_org_apache_solr_search_ValueSourceParser.java","lucene-3.1",479,"False",1
"solr_src_java_org_apache_solr_search_ValueSourceParser.java","lucene-3.1",480,"False",1
"solr_src_java_org_apache_solr_search_ValueSourceParser.java","lucene-3.1",481,"False",1
"solr_src_java_org_apache_solr_search_ValueSourceParser.java","lucene-3.1",482,"False",1
"solr_src_java_org_apache_solr_search_ValueSourceParser.java","lucene-3.1",483,"False",1
"solr_src_java_org_apache_solr_search_ValueSourceParser.java","lucene-3.1",484,"False",1
"solr_src_java_org_apache_solr_search_ValueSourceParser.java","lucene-3.1",485,"False",1
"solr_src_java_org_apache_solr_search_ValueSourceParser.java","lucene-3.1",486,"False",1
"solr_src_java_org_apache_solr_search_ValueSourceParser.java","lucene-3.1",487,"False",1
"solr_src_java_org_apache_solr_search_ValueSourceParser.java","lucene-3.1",488,"False",1
"solr_src_java_org_apache_solr_search_ValueSourceParser.java","lucene-3.1",489,"False",1
"solr_src_java_org_apache_solr_search_ValueSourceParser.java","lucene-3.1",490,"False",1
"solr_src_java_org_apache_solr_search_ValueSourceParser.java","lucene-3.1",491,"False",1
"solr_src_java_org_apache_solr_search_ValueSourceParser.java","lucene-3.1",492,"False",1
"solr_src_java_org_apache_solr_search_ValueSourceParser.java","lucene-3.1",493,"False",1
"solr_src_java_org_apache_solr_search_ValueSourceParser.java","lucene-3.1",494,"False",1
"solr_src_java_org_apache_solr_search_ValueSourceParser.java","lucene-3.1",495,"False",1
"solr_src_java_org_apache_solr_search_ValueSourceParser.java","lucene-3.1",496,"False",1
"solr_src_java_org_apache_solr_search_ValueSourceParser.java","lucene-3.1",497,"False",1
"solr_src_java_org_apache_solr_search_ValueSourceParser.java","lucene-3.1",498,"False",1
"solr_src_java_org_apache_solr_search_ValueSourceParser.java","lucene-3.1",499,"False",1
"solr_src_java_org_apache_solr_search_ValueSourceParser.java","lucene-3.1",500,"False",1
"solr_src_java_org_apache_solr_search_ValueSourceParser.java","lucene-3.1",501,"False",1
"solr_src_java_org_apache_solr_search_ValueSourceParser.java","lucene-3.1",502,"False",1
"solr_src_java_org_apache_solr_search_ValueSourceParser.java","lucene-3.1",503,"False",1
"solr_src_java_org_apache_solr_search_ValueSourceParser.java","lucene-3.1",504,"False",1
"solr_src_java_org_apache_solr_search_ValueSourceParser.java","lucene-3.1",505,"False",1
"solr_src_java_org_apache_solr_search_ValueSourceParser.java","lucene-3.1",506,"False",1
"solr_src_java_org_apache_solr_search_ValueSourceParser.java","lucene-3.1",507,"False",1
"solr_src_java_org_apache_solr_search_ValueSourceParser.java","lucene-3.1",508,"False",1
"solr_src_java_org_apache_solr_search_ValueSourceParser.java","lucene-3.1",509,"False",1
"solr_src_java_org_apache_solr_search_ValueSourceParser.java","lucene-3.1",510,"False",1
"solr_src_java_org_apache_solr_search_ValueSourceParser.java","lucene-3.1",511,"False",1
"solr_src_java_org_apache_solr_search_ValueSourceParser.java","lucene-3.1",512,"False",1
"solr_src_java_org_apache_solr_search_ValueSourceParser.java","lucene-3.1",513,"False",1
"solr_src_java_org_apache_solr_search_ValueSourceParser.java","lucene-3.1",514,"False",1
"solr_src_java_org_apache_solr_search_ValueSourceParser.java","lucene-3.1",515,"False",1
"solr_src_java_org_apache_solr_search_ValueSourceParser.java","lucene-3.1",516,"False",1
"solr_src_java_org_apache_solr_search_ValueSourceParser.java","lucene-3.1",517,"False",1
"solr_src_java_org_apache_solr_search_ValueSourceParser.java","lucene-3.1",518,"False",1
"solr_src_java_org_apache_solr_search_ValueSourceParser.java","lucene-3.1",519,"False",1
"solr_src_java_org_apache_solr_search_ValueSourceParser.java","lucene-3.1",520,"False",1
"solr_src_java_org_apache_solr_search_ValueSourceParser.java","lucene-3.1",521,"False",1
"solr_src_java_org_apache_solr_search_ValueSourceParser.java","lucene-3.1",522,"False",1
"solr_src_java_org_apache_solr_search_ValueSourceParser.java","lucene-3.1",523,"False",1
"solr_src_java_org_apache_solr_search_ValueSourceParser.java","lucene-3.1",524,"False",1
"solr_src_java_org_apache_solr_search_ValueSourceParser.java","lucene-3.1",525,"False",1
"solr_src_java_org_apache_solr_search_ValueSourceParser.java","lucene-3.1",526,"False",1
"solr_src_java_org_apache_solr_search_ValueSourceParser.java","lucene-3.1",527,"False",1
"solr_src_java_org_apache_solr_search_ValueSourceParser.java","lucene-3.1",528,"False",1
"solr_src_java_org_apache_solr_search_ValueSourceParser.java","lucene-3.1",529,"False",1
"solr_src_java_org_apache_solr_search_ValueSourceParser.java","lucene-3.1",530,"False",1
"solr_src_java_org_apache_solr_search_ValueSourceParser.java","lucene-3.1",531,"False",1
"solr_src_java_org_apache_solr_search_ValueSourceParser.java","lucene-3.1",532,"False",1
"solr_src_java_org_apache_solr_search_ValueSourceParser.java","lucene-3.1",533,"False",1
"solr_src_java_org_apache_solr_search_ValueSourceParser.java","lucene-3.1",534,"False",1
"solr_src_java_org_apache_solr_search_ValueSourceParser.java","lucene-3.1",535,"False",1
"solr_src_java_org_apache_solr_search_ValueSourceParser.java","lucene-3.1",536,"False",1
"solr_src_java_org_apache_solr_search_ValueSourceParser.java","lucene-3.1",537,"False",1
"solr_src_java_org_apache_solr_search_ValueSourceParser.java","lucene-3.1",538,"False",1
"solr_src_java_org_apache_solr_search_ValueSourceParser.java","lucene-3.1",539,"False",1
"solr_src_java_org_apache_solr_search_ValueSourceParser.java","lucene-3.1",540,"False",1
"solr_src_java_org_apache_solr_search_ValueSourceParser.java","lucene-3.1",541,"False",1
"solr_src_java_org_apache_solr_search_ValueSourceParser.java","lucene-3.1",542,"False",1
"solr_src_java_org_apache_solr_search_ValueSourceParser.java","lucene-3.1",543,"False",1
"solr_src_java_org_apache_solr_search_ValueSourceParser.java","lucene-3.1",544,"False",1
"solr_src_java_org_apache_solr_search_ValueSourceParser.java","lucene-3.1",545,"False",1
"solr_src_java_org_apache_solr_search_ValueSourceParser.java","lucene-3.1",546,"False",1
"solr_src_java_org_apache_solr_search_ValueSourceParser.java","lucene-3.1",547,"False",1
"solr_src_java_org_apache_solr_search_ValueSourceParser.java","lucene-3.1",548,"False",1
"solr_src_java_org_apache_solr_search_ValueSourceParser.java","lucene-3.1",549,"False",1
"solr_src_java_org_apache_solr_search_ValueSourceParser.java","lucene-3.1",550,"False",1
"solr_src_java_org_apache_solr_search_ValueSourceParser.java","lucene-3.1",551,"False",1
"solr_src_java_org_apache_solr_search_ValueSourceParser.java","lucene-3.1",552,"False",1
"solr_src_java_org_apache_solr_search_ValueSourceParser.java","lucene-3.1",553,"False",1
"solr_src_java_org_apache_solr_search_ValueSourceParser.java","lucene-3.1",554,"False",1
"solr_src_java_org_apache_solr_search_ValueSourceParser.java","lucene-3.1",555,"False",1
"solr_src_java_org_apache_solr_search_ValueSourceParser.java","lucene-3.1",556,"False",1
"solr_src_java_org_apache_solr_search_ValueSourceParser.java","lucene-3.1",557,"False",1
"solr_src_java_org_apache_solr_search_ValueSourceParser.java","lucene-3.1",558,"False",1
"solr_src_java_org_apache_solr_search_ValueSourceParser.java","lucene-3.1",559,"False",1
"solr_src_java_org_apache_solr_search_ValueSourceParser.java","lucene-3.1",560,"False",1
"solr_src_java_org_apache_solr_search_ValueSourceParser.java","lucene-3.1",561,"False",1
"solr_src_java_org_apache_solr_search_ValueSourceParser.java","lucene-3.1",562,"False",1
"solr_src_java_org_apache_solr_search_ValueSourceParser.java","lucene-3.1",563,"False",1
"solr_src_java_org_apache_solr_search_ValueSourceParser.java","lucene-3.1",564,"False",1
"solr_src_java_org_apache_solr_search_ValueSourceParser.java","lucene-3.1",565,"False",1
"solr_src_java_org_apache_solr_search_ValueSourceParser.java","lucene-3.1",566,"False",1
"solr_src_java_org_apache_solr_search_ValueSourceParser.java","lucene-3.1",567,"False",1
"solr_src_java_org_apache_solr_search_ValueSourceParser.java","lucene-3.1",568,"False",1
"solr_src_java_org_apache_solr_search_ValueSourceParser.java","lucene-3.1",569,"False",1
"solr_src_java_org_apache_solr_search_ValueSourceParser.java","lucene-3.1",570,"False",1
"solr_src_java_org_apache_solr_search_ValueSourceParser.java","lucene-3.1",571,"False",1
"solr_src_java_org_apache_solr_search_ValueSourceParser.java","lucene-3.1",572,"False",1
"solr_src_java_org_apache_solr_search_ValueSourceParser.java","lucene-3.1",573,"False",1
"solr_src_java_org_apache_solr_search_ValueSourceParser.java","lucene-3.1",574,"False",1
"solr_src_java_org_apache_solr_search_ValueSourceParser.java","lucene-3.1",575,"False",1
"solr_src_java_org_apache_solr_search_ValueSourceParser.java","lucene-3.1",576,"False",1
"solr_src_java_org_apache_solr_search_ValueSourceParser.java","lucene-3.1",577,"False",1
"solr_src_java_org_apache_solr_search_ValueSourceParser.java","lucene-3.1",578,"False",1
"solr_src_java_org_apache_solr_search_ValueSourceParser.java","lucene-3.1",579,"False",1
"solr_src_java_org_apache_solr_search_ValueSourceParser.java","lucene-3.1",580,"False",1
"solr_src_java_org_apache_solr_search_ValueSourceParser.java","lucene-3.1",581,"False",1
"solr_src_java_org_apache_solr_search_ValueSourceParser.java","lucene-3.1",582,"False",1
"solr_src_java_org_apache_solr_search_ValueSourceParser.java","lucene-3.1",583,"False",1
"solr_src_java_org_apache_solr_search_ValueSourceParser.java","lucene-3.1",584,"False",1
"solr_src_java_org_apache_solr_search_ValueSourceParser.java","lucene-3.1",585,"False",1
"solr_src_java_org_apache_solr_search_ValueSourceParser.java","lucene-3.1",586,"False",1
"solr_src_java_org_apache_solr_search_ValueSourceParser.java","lucene-3.1",587,"False",1
"solr_src_java_org_apache_solr_search_ValueSourceParser.java","lucene-3.1",588,"False",1
"solr_src_java_org_apache_solr_search_ValueSourceParser.java","lucene-3.1",589,"False",1
"solr_src_java_org_apache_solr_search_ValueSourceParser.java","lucene-3.1",590,"False",1
"solr_src_java_org_apache_solr_search_ValueSourceParser.java","lucene-3.1",591,"False",1
"solr_src_java_org_apache_solr_search_ValueSourceParser.java","lucene-3.1",592,"False",1
"solr_src_java_org_apache_solr_search_ValueSourceParser.java","lucene-3.1",593,"False",1
"solr_src_java_org_apache_solr_search_ValueSourceParser.java","lucene-3.1",594,"False",1
"solr_src_java_org_apache_solr_search_ValueSourceParser.java","lucene-3.1",595,"False",1
"solr_src_java_org_apache_solr_search_ValueSourceParser.java","lucene-3.1",596,"False",1
"solr_src_java_org_apache_solr_search_ValueSourceParser.java","lucene-3.1",597,"False",1
"solr_src_java_org_apache_solr_search_ValueSourceParser.java","lucene-3.1",598,"False",1
"solr_src_java_org_apache_solr_search_ValueSourceParser.java","lucene-3.1",599,"False",1
"solr_src_java_org_apache_solr_search_ValueSourceParser.java","lucene-3.1",600,"False",1
"solr_src_java_org_apache_solr_search_ValueSourceParser.java","lucene-3.1",601,"False",1
"solr_src_java_org_apache_solr_search_ValueSourceParser.java","lucene-3.1",602,"False",1
"solr_src_java_org_apache_solr_search_ValueSourceParser.java","lucene-3.1",603,"False",1
"solr_src_java_org_apache_solr_search_ValueSourceParser.java","lucene-3.1",604,"False",1
"solr_src_java_org_apache_solr_search_ValueSourceParser.java","lucene-3.1",605,"True",2
"solr_src_java_org_apache_solr_search_ValueSourceParser.java","lucene-3.1",606,"False",1
"solr_src_java_org_apache_solr_search_ValueSourceParser.java","lucene-3.1",607,"False",1
"solr_src_java_org_apache_solr_search_ValueSourceParser.java","lucene-3.1",608,"False",1
"solr_src_java_org_apache_solr_search_ValueSourceParser.java","lucene-3.1",609,"False",1
"solr_src_java_org_apache_solr_search_ValueSourceParser.java","lucene-3.1",610,"False",1
"solr_src_java_org_apache_solr_search_ValueSourceParser.java","lucene-3.1",611,"False",1
"solr_src_java_org_apache_solr_search_ValueSourceParser.java","lucene-3.1",612,"True",2
"solr_src_java_org_apache_solr_search_ValueSourceParser.java","lucene-3.1",613,"False",1
"solr_src_java_org_apache_solr_search_ValueSourceParser.java","lucene-3.1",614,"False",1
"solr_src_java_org_apache_solr_search_ValueSourceParser.java","lucene-3.1",615,"False",1
"solr_src_java_org_apache_solr_search_ValueSourceParser.java","lucene-3.1",616,"False",1
"solr_src_java_org_apache_solr_search_ValueSourceParser.java","lucene-3.1",617,"False",1
"solr_src_java_org_apache_solr_search_ValueSourceParser.java","lucene-3.1",618,"False",1
"solr_src_java_org_apache_solr_search_ValueSourceParser.java","lucene-3.1",619,"False",1
"solr_src_java_org_apache_solr_search_ValueSourceParser.java","lucene-3.1",620,"False",1
"solr_src_java_org_apache_solr_search_ValueSourceParser.java","lucene-3.1",621,"False",1
"solr_src_java_org_apache_solr_search_ValueSourceParser.java","lucene-3.1",622,"False",1
"solr_src_java_org_apache_solr_search_ValueSourceParser.java","lucene-3.1",623,"False",1
"solr_src_java_org_apache_solr_search_ValueSourceParser.java","lucene-3.1",624,"False",1
"solr_src_java_org_apache_solr_search_ValueSourceParser.java","lucene-3.1",625,"False",1
"solr_src_java_org_apache_solr_search_ValueSourceParser.java","lucene-3.1",626,"False",1
"solr_src_java_org_apache_solr_search_ValueSourceParser.java","lucene-3.1",627,"False",1
"solr_src_java_org_apache_solr_search_ValueSourceParser.java","lucene-3.1",628,"False",1
"solr_src_java_org_apache_solr_search_ValueSourceParser.java","lucene-3.1",629,"False",1
"solr_src_java_org_apache_solr_search_ValueSourceParser.java","lucene-3.1",630,"False",1
"solr_src_java_org_apache_solr_search_ValueSourceParser.java","lucene-3.1",631,"False",1
"solr_src_java_org_apache_solr_search_ValueSourceParser.java","lucene-3.1",632,"False",1
"solr_src_java_org_apache_solr_search_ValueSourceParser.java","lucene-3.1",633,"False",1
"solr_src_java_org_apache_solr_search_ValueSourceParser.java","lucene-3.1",634,"False",1
"solr_src_java_org_apache_solr_search_ValueSourceParser.java","lucene-3.1",635,"False",1
"solr_src_java_org_apache_solr_search_ValueSourceParser.java","lucene-3.1",636,"False",1
"solr_src_java_org_apache_solr_search_ValueSourceParser.java","lucene-3.1",637,"False",1
"solr_src_java_org_apache_solr_search_ValueSourceParser.java","lucene-3.1",638,"False",1
"solr_src_java_org_apache_solr_search_ValueSourceParser.java","lucene-3.1",639,"False",1
"solr_src_java_org_apache_solr_search_ValueSourceParser.java","lucene-3.1",640,"False",1
"solr_src_java_org_apache_solr_search_ValueSourceParser.java","lucene-3.1",641,"False",1
"solr_src_java_org_apache_solr_search_ValueSourceParser.java","lucene-3.1",642,"False",1
"solr_src_java_org_apache_solr_search_ValueSourceParser.java","lucene-3.1",643,"False",1
"solr_src_java_org_apache_solr_search_ValueSourceParser.java","lucene-3.1",644,"False",1
"solr_src_java_org_apache_solr_search_ValueSourceParser.java","lucene-3.1",645,"False",1
"solr_src_java_org_apache_solr_search_ValueSourceParser.java","lucene-3.1",646,"False",1
"solr_src_java_org_apache_solr_search_ValueSourceParser.java","lucene-3.1",647,"False",1
"solr_src_java_org_apache_solr_search_ValueSourceParser.java","lucene-3.1",648,"False",1
"solr_src_java_org_apache_solr_search_ValueSourceParser.java","lucene-3.1",649,"False",1
"solr_src_java_org_apache_solr_search_ValueSourceParser.java","lucene-3.1",650,"False",1
"solr_src_java_org_apache_solr_search_ValueSourceParser.java","lucene-3.1",651,"False",1
"solr_src_java_org_apache_solr_search_ValueSourceParser.java","lucene-3.1",652,"False",1
"solr_src_java_org_apache_solr_search_ValueSourceParser.java","lucene-3.1",653,"False",1
"solr_src_java_org_apache_solr_search_ValueSourceParser.java","lucene-3.1",654,"False",1
"solr_src_java_org_apache_solr_search_ValueSourceParser.java","lucene-3.1",655,"False",1
"solr_src_java_org_apache_solr_search_ValueSourceParser.java","lucene-3.1",656,"False",1
"solr_src_java_org_apache_solr_search_ValueSourceParser.java","lucene-3.1",657,"False",1
"solr_src_java_org_apache_solr_search_ValueSourceParser.java","lucene-3.1",658,"False",1
"solr_src_java_org_apache_solr_search_ValueSourceParser.java","lucene-3.1",659,"False",1
"solr_src_java_org_apache_solr_search_ValueSourceParser.java","lucene-3.1",660,"False",1
"solr_src_java_org_apache_solr_search_ValueSourceParser.java","lucene-3.1",661,"False",1
"solr_src_java_org_apache_solr_search_ValueSourceParser.java","lucene-3.1",662,"False",1
"solr_src_java_org_apache_solr_search_ValueSourceParser.java","lucene-3.1",663,"False",1
"solr_src_java_org_apache_solr_search_ValueSourceParser.java","lucene-3.1",664,"False",1
"solr_src_java_org_apache_solr_search_ValueSourceParser.java","lucene-3.1",665,"False",1
"solr_src_java_org_apache_solr_search_ValueSourceParser.java","lucene-3.1",666,"False",1
"solr_src_java_org_apache_solr_search_ValueSourceParser.java","lucene-3.1",667,"False",1
"solr_src_java_org_apache_solr_search_ValueSourceParser.java","lucene-3.1",668,"False",1
"solr_src_java_org_apache_solr_search_ValueSourceParser.java","lucene-3.1",669,"False",1
"solr_src_java_org_apache_solr_search_ValueSourceParser.java","lucene-3.1",670,"False",1
"solr_src_java_org_apache_solr_search_ValueSourceParser.java","lucene-3.1",671,"False",1
"solr_src_java_org_apache_solr_search_ValueSourceParser.java","lucene-3.1",672,"False",1
"solr_src_java_org_apache_solr_search_ValueSourceParser.java","lucene-3.1",673,"False",1
"solr_src_java_org_apache_solr_search_ValueSourceParser.java","lucene-3.1",674,"False",1
"solr_src_java_org_apache_solr_search_ValueSourceParser.java","lucene-3.1",675,"False",1
"solr_src_java_org_apache_solr_search_ValueSourceParser.java","lucene-3.1",676,"False",1
"solr_src_java_org_apache_solr_search_ValueSourceParser.java","lucene-3.1",677,"False",1
"solr_src_java_org_apache_solr_search_ValueSourceParser.java","lucene-3.1",678,"False",1
"solr_src_java_org_apache_solr_search_ValueSourceParser.java","lucene-3.1",679,"False",1
"solr_src_java_org_apache_solr_search_ValueSourceParser.java","lucene-3.1",680,"False",1
"solr_src_java_org_apache_solr_search_ValueSourceParser.java","lucene-3.1",681,"False",1
"solr_src_java_org_apache_solr_search_ValueSourceParser.java","lucene-3.1",682,"False",1
"solr_src_java_org_apache_solr_search_ValueSourceParser.java","lucene-3.1",683,"False",1
"solr_src_java_org_apache_solr_search_ValueSourceParser.java","lucene-3.1",684,"False",1
"solr_src_java_org_apache_solr_search_ValueSourceParser.java","lucene-3.1",685,"False",1
"solr_src_java_org_apache_solr_search_ValueSourceParser.java","lucene-3.1",686,"False",1
"solr_src_java_org_apache_solr_search_ValueSourceParser.java","lucene-3.1",687,"False",1
"solr_src_java_org_apache_solr_search_ValueSourceParser.java","lucene-3.1",688,"False",1
"solr_src_java_org_apache_solr_search_ValueSourceParser.java","lucene-3.1",689,"False",1
"solr_src_java_org_apache_solr_search_ValueSourceParser.java","lucene-3.1",690,"False",1
"solr_src_java_org_apache_solr_search_ValueSourceParser.java","lucene-3.1",691,"False",1
"solr_src_java_org_apache_solr_search_ValueSourceParser.java","lucene-3.1",692,"False",1
"solr_src_java_org_apache_solr_search_ValueSourceParser.java","lucene-3.1",693,"False",1
"solr_src_java_org_apache_solr_search_ValueSourceParser.java","lucene-3.1",694,"False",1
"solr_src_java_org_apache_solr_search_ValueSourceParser.java","lucene-3.1",695,"False",1
"solr_src_java_org_apache_solr_search_ValueSourceParser.java","lucene-3.1",696,"False",1
"solr_src_java_org_apache_solr_search_ValueSourceParser.java","lucene-3.1",697,"False",1
"solr_src_java_org_apache_solr_search_ValueSourceParser.java","lucene-3.1",698,"False",1
"solr_src_java_org_apache_solr_search_ValueSourceParser.java","lucene-3.1",699,"False",1
"solr_src_java_org_apache_solr_search_ValueSourceParser.java","lucene-3.1",700,"False",1
"solr_src_java_org_apache_solr_search_ValueSourceParser.java","lucene-3.1",701,"False",1
"solr_src_java_org_apache_solr_search_ValueSourceParser.java","lucene-3.1",702,"False",1
"solr_src_java_org_apache_solr_search_ValueSourceParser.java","lucene-3.1",703,"False",1
"solr_src_java_org_apache_solr_search_ValueSourceParser.java","lucene-3.1",704,"False",1
"solr_src_java_org_apache_solr_search_ValueSourceParser.java","lucene-3.1",705,"False",1
"solr_src_java_org_apache_solr_search_ValueSourceParser.java","lucene-3.1",706,"False",1
"solr_src_java_org_apache_solr_search_ValueSourceParser.java","lucene-3.1",707,"False",1
"solr_src_java_org_apache_solr_search_ValueSourceParser.java","lucene-3.1",708,"False",1
"solr_src_java_org_apache_solr_search_ValueSourceParser.java","lucene-3.1",709,"False",1
"solr_src_java_org_apache_solr_search_ValueSourceParser.java","lucene-3.1",710,"False",1
"solr_src_java_org_apache_solr_search_ValueSourceParser.java","lucene-3.1",711,"False",1
"solr_src_java_org_apache_solr_search_ValueSourceParser.java","lucene-3.1",712,"False",1
"solr_src_java_org_apache_solr_search_ValueSourceParser.java","lucene-3.1",713,"False",1
"solr_src_java_org_apache_solr_search_ValueSourceParser.java","lucene-3.1",714,"False",1
"solr_src_java_org_apache_solr_search_ValueSourceParser.java","lucene-3.1",715,"False",1
"solr_src_java_org_apache_solr_search_ValueSourceParser.java","lucene-3.1",716,"False",1
"solr_src_java_org_apache_solr_search_ValueSourceParser.java","lucene-3.1",717,"False",1
"solr_src_java_org_apache_solr_search_ValueSourceParser.java","lucene-3.1",718,"False",1
"solr_src_java_org_apache_solr_search_ValueSourceParser.java","lucene-3.1",719,"False",1
"solr_src_java_org_apache_solr_search_ValueSourceParser.java","lucene-3.1",720,"False",1
"solr_src_java_org_apache_solr_search_ValueSourceParser.java","lucene-3.1",721,"False",1
"solr_src_java_org_apache_solr_search_ValueSourceParser.java","lucene-3.1",722,"False",1
"solr_src_java_org_apache_solr_search_ValueSourceParser.java","lucene-3.1",723,"False",1
"solr_src_java_org_apache_solr_search_ValueSourceParser.java","lucene-3.1",724,"False",1
"solr_src_java_org_apache_solr_search_ValueSourceParser.java","lucene-3.1",725,"False",1
"solr_src_java_org_apache_solr_search_ValueSourceParser.java","lucene-3.1",726,"False",1
"solr_src_java_org_apache_solr_search_ValueSourceParser.java","lucene-3.1",727,"False",1
"solr_src_java_org_apache_solr_search_ValueSourceParser.java","lucene-3.1",728,"False",1
"solr_src_java_org_apache_solr_search_ValueSourceParser.java","lucene-3.1",729,"False",1
"solr_src_java_org_apache_solr_search_ValueSourceParser.java","lucene-3.1",730,"False",1
"solr_src_java_org_apache_solr_search_ValueSourceParser.java","lucene-3.1",731,"False",1
"solr_src_java_org_apache_solr_search_ValueSourceParser.java","lucene-3.1",732,"False",1
"solr_src_java_org_apache_solr_search_ValueSourceParser.java","lucene-3.1",733,"False",1
"solr_src_java_org_apache_solr_search_ValueSourceParser.java","lucene-3.1",734,"False",1
"solr_src_java_org_apache_solr_search_ValueSourceParser.java","lucene-3.1",735,"False",1
"solr_src_java_org_apache_solr_search_ValueSourceParser.java","lucene-3.1",736,"False",1
"solr_src_java_org_apache_solr_search_ValueSourceParser.java","lucene-3.1",737,"False",1
"solr_src_java_org_apache_solr_search_ValueSourceParser.java","lucene-3.1",738,"False",1
"solr_src_java_org_apache_solr_search_ValueSourceParser.java","lucene-3.1",739,"False",1
"solr_src_java_org_apache_solr_search_ValueSourceParser.java","lucene-3.1",740,"False",1
"solr_src_java_org_apache_solr_search_ValueSourceParser.java","lucene-3.1",741,"False",1
"solr_src_java_org_apache_solr_search_ValueSourceParser.java","lucene-3.1",742,"False",1
"solr_src_java_org_apache_solr_search_ValueSourceParser.java","lucene-3.1",743,"False",1
"solr_src_java_org_apache_solr_search_ValueSourceParser.java","lucene-3.1",744,"False",1
"solr_src_java_org_apache_solr_search_ValueSourceParser.java","lucene-3.1",745,"False",1
"solr_src_java_org_apache_solr_search_ValueSourceParser.java","lucene-3.1",746,"False",1
"solr_src_java_org_apache_solr_search_ValueSourceParser.java","lucene-3.1",747,"False",1
"solr_src_java_org_apache_solr_search_ValueSourceParser.java","lucene-3.1",748,"False",1
"solr_src_java_org_apache_solr_search_ValueSourceParser.java","lucene-3.1",749,"False",1
"solr_src_java_org_apache_solr_search_ValueSourceParser.java","lucene-3.1",750,"False",1
"solr_src_java_org_apache_solr_search_ValueSourceParser.java","lucene-3.1",751,"False",1
"solr_src_java_org_apache_solr_search_ValueSourceParser.java","lucene-3.1",752,"False",1
"solr_src_java_org_apache_solr_search_ValueSourceParser.java","lucene-3.1",753,"False",1
"solr_src_java_org_apache_solr_search_ValueSourceParser.java","lucene-3.1",754,"False",1
"solr_src_java_org_apache_solr_search_ValueSourceParser.java","lucene-3.1",755,"False",1
"solr_src_java_org_apache_solr_search_ValueSourceParser.java","lucene-3.1",756,"False",1
"solr_src_java_org_apache_solr_search_ValueSourceParser.java","lucene-3.1",757,"False",1
"solr_src_java_org_apache_solr_search_ValueSourceParser.java","lucene-3.1",758,"False",1
"solr_src_java_org_apache_solr_search_ValueSourceParser.java","lucene-3.1",759,"False",1
"solr_src_java_org_apache_solr_search_ValueSourceParser.java","lucene-3.1",760,"False",1
"solr_src_java_org_apache_solr_search_ValueSourceParser.java","lucene-3.1",761,"False",1
"solr_src_java_org_apache_solr_search_ValueSourceParser.java","lucene-3.1",762,"False",1
"solr_src_java_org_apache_solr_search_ValueSourceParser.java","lucene-3.1",763,"False",1
"solr_src_java_org_apache_solr_search_ValueSourceParser.java","lucene-3.1",764,"False",1
"solr_src_java_org_apache_solr_search_ValueSourceParser.java","lucene-3.1",765,"False",1
"solr_src_java_org_apache_solr_search_ValueSourceParser.java","lucene-3.1",766,"False",1
"solr_src_java_org_apache_solr_search_ValueSourceParser.java","lucene-3.1",767,"False",1
"solr_src_java_org_apache_solr_search_ValueSourceParser.java","lucene-3.1",768,"False",1
"solr_src_java_org_apache_solr_search_ValueSourceParser.java","lucene-3.1",769,"False",1
"solr_src_java_org_apache_solr_search_ValueSourceParser.java","lucene-3.1",770,"False",1
"solr_src_java_org_apache_solr_search_ValueSourceParser.java","lucene-3.1",771,"False",1
"solr_src_java_org_apache_solr_search_ValueSourceParser.java","lucene-3.1",772,"False",1
"solr_src_java_org_apache_solr_search_ValueSourceParser.java","lucene-3.1",773,"False",1
"solr_src_java_org_apache_solr_search_ValueSourceParser.java","lucene-3.1",774,"False",1
"solr_src_java_org_apache_solr_search_ValueSourceParser.java","lucene-3.1",775,"False",1
"solr_src_java_org_apache_solr_search_ValueSourceParser.java","lucene-3.1",776,"False",1
"solr_src_java_org_apache_solr_search_ValueSourceParser.java","lucene-3.1",777,"False",1
"solr_src_java_org_apache_solr_search_ValueSourceParser.java","lucene-3.1",778,"False",1
"solr_src_java_org_apache_solr_search_ValueSourceParser.java","lucene-3.1",779,"False",1
"solr_src_java_org_apache_solr_search_ValueSourceParser.java","lucene-3.1",780,"False",1
"solr_src_java_org_apache_solr_search_ValueSourceParser.java","lucene-3.1",781,"False",1
"solr_src_java_org_apache_solr_search_ValueSourceParser.java","lucene-3.1",782,"False",1
"solr_src_java_org_apache_solr_search_ValueSourceParser.java","lucene-3.1",783,"False",1
"solr_src_java_org_apache_solr_search_ValueSourceParser.java","lucene-3.1",784,"False",1
"solr_src_java_org_apache_solr_search_ValueSourceParser.java","lucene-3.1",785,"False",1
"solr_src_java_org_apache_solr_search_ValueSourceParser.java","lucene-3.1",786,"False",1
"solr_src_java_org_apache_solr_search_ValueSourceParser.java","lucene-3.1",787,"False",1
"solr_src_java_org_apache_solr_search_ValueSourceParser.java","lucene-3.1",788,"False",1
"solr_src_java_org_apache_solr_search_ValueSourceParser.java","lucene-3.1",789,"False",1
"solr_src_java_org_apache_solr_search_ValueSourceParser.java","lucene-3.1",790,"False",1
"solr_src_java_org_apache_solr_search_ValueSourceParser.java","lucene-3.1",791,"False",1
"solr_src_java_org_apache_solr_search_ValueSourceParser.java","lucene-3.1",792,"False",1
"solr_src_java_org_apache_solr_search_ValueSourceParser.java","lucene-3.1",793,"False",1
"solr_src_java_org_apache_solr_search_ValueSourceParser.java","lucene-3.1",794,"False",1
"solr_src_java_org_apache_solr_search_ValueSourceParser.java","lucene-3.1",795,"False",1
"solr_src_java_org_apache_solr_search_ValueSourceParser.java","lucene-3.1",796,"False",1
"solr_src_java_org_apache_solr_search_ValueSourceParser.java","lucene-3.1",797,"False",1
"solr_src_java_org_apache_solr_search_ValueSourceParser.java","lucene-3.1",798,"False",1
"solr_src_java_org_apache_solr_search_ValueSourceParser.java","lucene-3.1",799,"False",1
"solr_src_java_org_apache_solr_search_ValueSourceParser.java","lucene-3.1",800,"False",1
"solr_src_java_org_apache_solr_search_ValueSourceParser.java","lucene-3.1",801,"False",1
"solr_src_java_org_apache_solr_search_ValueSourceParser.java","lucene-3.1",802,"False",1
"solr_src_java_org_apache_solr_search_ValueSourceParser.java","lucene-3.1",803,"False",1
"solr_src_java_org_apache_solr_search_ValueSourceParser.java","lucene-3.1",804,"False",1
"solr_src_java_org_apache_solr_search_ValueSourceParser.java","lucene-3.1",805,"False",1
"solr_src_java_org_apache_solr_search_ValueSourceParser.java","lucene-3.1",806,"False",1
"solr_src_java_org_apache_solr_search_ValueSourceParser.java","lucene-3.1",807,"False",1
"solr_src_java_org_apache_solr_search_ValueSourceParser.java","lucene-3.1",808,"False",1
"solr_src_java_org_apache_solr_search_ValueSourceParser.java","lucene-3.1",809,"False",1
"solr_src_java_org_apache_solr_search_ValueSourceParser.java","lucene-3.1",810,"False",1
"solr_src_java_org_apache_solr_search_ValueSourceParser.java","lucene-3.1",811,"False",1
"solr_src_java_org_apache_solr_search_ValueSourceParser.java","lucene-3.1",812,"False",1
"solr_src_java_org_apache_solr_search_ValueSourceParser.java","lucene-3.1",813,"False",1
"solr_src_java_org_apache_solr_search_ValueSourceParser.java","lucene-3.1",814,"False",1
"solr_src_java_org_apache_solr_search_ValueSourceParser.java","lucene-3.1",815,"False",1
"solr_src_java_org_apache_solr_search_ValueSourceParser.java","lucene-3.1",816,"False",1
"solr_src_java_org_apache_solr_search_ValueSourceParser.java","lucene-3.1",817,"False",1
"solr_src_java_org_apache_solr_search_ValueSourceParser.java","lucene-3.1",818,"False",1
"solr_src_java_org_apache_solr_search_ValueSourceParser.java","lucene-3.1",819,"False",1
"solr_src_java_org_apache_solr_search_ValueSourceParser.java","lucene-3.1",820,"False",1
"solr_src_java_org_apache_solr_search_ValueSourceParser.java","lucene-3.1",821,"False",1
"solr_src_java_org_apache_solr_search_ValueSourceParser.java","lucene-3.1",822,"False",1
"solr_src_java_org_apache_solr_search_ValueSourceParser.java","lucene-3.1",823,"False",1
"solr_src_java_org_apache_solr_search_ValueSourceParser.java","lucene-3.1",824,"False",1
"solr_src_java_org_apache_solr_search_ValueSourceParser.java","lucene-3.1",825,"False",1
"solr_src_java_org_apache_solr_search_ValueSourceParser.java","lucene-3.1",826,"False",1
"solr_src_java_org_apache_solr_search_ValueSourceParser.java","lucene-3.1",827,"False",1
"solr_src_java_org_apache_solr_search_ValueSourceParser.java","lucene-3.1",828,"False",1
"solr_src_java_org_apache_solr_search_ValueSourceParser.java","lucene-3.1",829,"False",1
"solr_src_java_org_apache_solr_search_ValueSourceParser.java","lucene-3.1",830,"False",1
"solr_src_java_org_apache_solr_search_ValueSourceParser.java","lucene-3.1",831,"False",1
"solr_src_java_org_apache_solr_search_ValueSourceParser.java","lucene-3.1",832,"False",1
"solr_src_java_org_apache_solr_search_ValueSourceParser.java","lucene-3.1",833,"False",1
"solr_src_java_org_apache_solr_search_ValueSourceParser.java","lucene-3.1",834,"False",1
"solr_src_java_org_apache_solr_search_ValueSourceParser.java","lucene-3.1",835,"False",1
"solr_src_java_org_apache_solr_search_ValueSourceParser.java","lucene-3.1",836,"False",1
"solr_src_java_org_apache_solr_search_ValueSourceParser.java","lucene-3.1",837,"False",1
"solr_src_java_org_apache_solr_search_ValueSourceParser.java","lucene-3.1",838,"False",1
"solr_src_java_org_apache_solr_search_ValueSourceParser.java","lucene-3.1",839,"False",1
"solr_src_java_org_apache_solr_search_ValueSourceParser.java","lucene-3.1",840,"False",1
"solr_src_java_org_apache_solr_search_ValueSourceParser.java","lucene-3.1",841,"False",1
"solr_src_java_org_apache_solr_search_ValueSourceParser.java","lucene-3.1",842,"False",1
"solr_src_java_org_apache_solr_search_ValueSourceParser.java","lucene-3.1",843,"False",1
"solr_src_java_org_apache_solr_search_ValueSourceParser.java","lucene-3.1",844,"False",1
"solr_src_java_org_apache_solr_search_ValueSourceParser.java","lucene-3.1",845,"False",1
"solr_src_java_org_apache_solr_search_ValueSourceParser.java","lucene-3.1",846,"False",1
"solr_src_java_org_apache_solr_search_ValueSourceParser.java","lucene-3.1",847,"False",1
"solr_src_java_org_apache_solr_search_ValueSourceParser.java","lucene-3.1",848,"False",1
"solr_src_java_org_apache_solr_search_ValueSourceParser.java","lucene-3.1",849,"False",1
"solr_src_java_org_apache_solr_search_ValueSourceParser.java","lucene-3.1",850,"False",1
"solr_src_java_org_apache_solr_search_ValueSourceParser.java","lucene-3.1",851,"False",1
"solr_src_java_org_apache_solr_search_ValueSourceParser.java","lucene-3.1",852,"False",1
"solr_src_java_org_apache_solr_search_ValueSourceParser.java","lucene-3.1",853,"False",1
"solr_src_java_org_apache_solr_search_ValueSourceParser.java","lucene-3.1",854,"False",1
"solr_src_java_org_apache_solr_search_ValueSourceParser.java","lucene-3.1",855,"False",1
"solr_src_java_org_apache_solr_search_ValueSourceParser.java","lucene-3.1",856,"False",1
"solr_src_java_org_apache_solr_search_ValueSourceParser.java","lucene-3.1",857,"False",1
"solr_src_java_org_apache_solr_search_ValueSourceParser.java","lucene-3.1",858,"False",1
"solr_src_java_org_apache_solr_search_ValueSourceParser.java","lucene-3.1",859,"False",1
"solr_src_java_org_apache_solr_search_ValueSourceParser.java","lucene-3.1",860,"False",1
"solr_src_java_org_apache_solr_search_ValueSourceParser.java","lucene-3.1",861,"False",1
"solr_src_java_org_apache_solr_search_ValueSourceParser.java","lucene-3.1",862,"False",1
"solr_src_java_org_apache_solr_search_ValueSourceParser.java","lucene-3.1",863,"False",1
"solr_src_java_org_apache_solr_search_ValueSourceParser.java","lucene-3.1",864,"False",1
"solr_src_java_org_apache_solr_search_ValueSourceParser.java","lucene-3.1",865,"False",1
"solr_src_java_org_apache_solr_search_ValueSourceParser.java","lucene-3.1",866,"False",1
"solr_src_java_org_apache_solr_search_ValueSourceParser.java","lucene-3.1",867,"False",1
"solr_src_java_org_apache_solr_search_ValueSourceParser.java","lucene-3.1",868,"False",1
"solr_src_java_org_apache_solr_search_ValueSourceParser.java","lucene-3.1",869,"False",1
"solr_src_java_org_apache_solr_search_ValueSourceParser.java","lucene-3.1",870,"False",1
"solr_src_java_org_apache_solr_search_ValueSourceParser.java","lucene-3.1",871,"False",1
"solr_src_java_org_apache_solr_search_ValueSourceParser.java","lucene-3.1",872,"False",1
"solr_src_java_org_apache_solr_search_ValueSourceParser.java","lucene-3.1",873,"False",1
"solr_src_java_org_apache_solr_search_ValueSourceParser.java","lucene-3.1",874,"False",1
"solr_src_java_org_apache_solr_search_ValueSourceParser.java","lucene-3.1",875,"False",1
"solr_src_java_org_apache_solr_search_ValueSourceParser.java","lucene-3.1",876,"False",1
"solr_src_java_org_apache_solr_search_ValueSourceParser.java","lucene-3.1",877,"False",1
"solr_src_java_org_apache_solr_search_ValueSourceParser.java","lucene-3.1",878,"False",1
"solr_src_java_org_apache_solr_search_ValueSourceParser.java","lucene-3.1",879,"False",1
"solr_src_java_org_apache_solr_search_ValueSourceParser.java","lucene-3.1",880,"False",1
"solr_src_java_org_apache_solr_search_ValueSourceParser.java","lucene-3.1",881,"False",1
"solr_src_java_org_apache_solr_search_ValueSourceParser.java","lucene-3.1",882,"False",1
"solr_src_java_org_apache_solr_search_ValueSourceParser.java","lucene-3.1",883,"False",1
"solr_src_java_org_apache_solr_search_ValueSourceParser.java","lucene-3.1",884,"False",1
"solr_src_java_org_apache_solr_search_ValueSourceParser.java","lucene-3.1",885,"False",1
"solr_src_java_org_apache_solr_search_ValueSourceParser.java","lucene-3.1",886,"False",1
"solr_src_java_org_apache_solr_search_ValueSourceParser.java","lucene-3.1",887,"False",1
"solr_src_java_org_apache_solr_search_ValueSourceParser.java","lucene-3.1",888,"False",1
"solr_src_java_org_apache_solr_search_ValueSourceParser.java","lucene-3.1",889,"False",1
"solr_src_java_org_apache_solr_search_ValueSourceParser.java","lucene-3.1",890,"False",1
"solr_src_java_org_apache_solr_search_ValueSourceParser.java","lucene-3.1",891,"False",1
"solr_src_java_org_apache_solr_search_ValueSourceParser.java","lucene-3.1",892,"False",1
"solr_src_java_org_apache_solr_search_ValueSourceParser.java","lucene-3.1",893,"False",1
"solr_src_java_org_apache_solr_search_ValueSourceParser.java","lucene-3.1",894,"False",1
"solr_src_java_org_apache_solr_search_ValueSourceParser.java","lucene-3.1",895,"False",1
"solr_src_java_org_apache_solr_search_ValueSourceParser.java","lucene-3.1",896,"False",1
"solr_src_java_org_apache_solr_search_ValueSourceParser.java","lucene-3.1",897,"False",1
"solr_src_java_org_apache_solr_search_ValueSourceParser.java","lucene-3.1",898,"False",1
"solr_src_java_org_apache_solr_search_ValueSourceParser.java","lucene-3.1",899,"False",1
"solr_src_java_org_apache_solr_search_ValueSourceParser.java","lucene-3.1",900,"False",1
"solr_src_java_org_apache_solr_search_ValueSourceParser.java","lucene-3.1",901,"False",1
"solr_src_java_org_apache_solr_search_ValueSourceParser.java","lucene-3.1",902,"False",1
"solr_src_java_org_apache_solr_search_ValueSourceParser.java","lucene-3.1",903,"False",1
"solr_src_java_org_apache_solr_search_ValueSourceParser.java","lucene-3.1",904,"False",1
"solr_src_java_org_apache_solr_search_ValueSourceParser.java","lucene-3.1",905,"False",1
"solr_src_java_org_apache_solr_search_ValueSourceParser.java","lucene-3.1",906,"False",1
"solr_src_java_org_apache_solr_search_ValueSourceParser.java","lucene-3.1",907,"False",1
"solr_src_java_org_apache_solr_search_ValueSourceParser.java","lucene-3.1",908,"False",1
"solr_src_java_org_apache_solr_search_ValueSourceParser.java","lucene-3.1",909,"False",1
"solr_src_java_org_apache_solr_search_ValueSourceParser.java","lucene-3.1",910,"False",1
"solr_src_java_org_apache_solr_search_ValueSourceParser.java","lucene-3.1",911,"False",1
"solr_src_java_org_apache_solr_search_ValueSourceParser.java","lucene-3.1",912,"False",1
"solr_src_java_org_apache_solr_search_ValueSourceParser.java","lucene-3.1",913,"False",1
"solr_src_java_org_apache_solr_search_ValueSourceParser.java","lucene-3.1",914,"False",1
"solr_src_java_org_apache_solr_search_ValueSourceParser.java","lucene-3.1",915,"False",1
"solr_src_java_org_apache_solr_search_ValueSourceParser.java","lucene-3.1",916,"False",1
"solr_src_java_org_apache_solr_search_ValueSourceParser.java","lucene-3.1",917,"False",1
"solr_src_java_org_apache_solr_search_ValueSourceParser.java","lucene-3.1",918,"False",1
"solr_src_java_org_apache_solr_search_ValueSourceParser.java","lucene-3.1",919,"False",1
"solr_src_java_org_apache_solr_search_ValueSourceParser.java","lucene-3.1",920,"False",1
"solr_src_java_org_apache_solr_search_ValueSourceParser.java","lucene-3.1",921,"False",1
"solr_src_java_org_apache_solr_search_ValueSourceParser.java","lucene-3.1",922,"False",1
"solr_src_java_org_apache_solr_search_ValueSourceParser.java","lucene-3.1",923,"False",1
"solr_src_java_org_apache_solr_search_ValueSourceParser.java","lucene-3.1",924,"False",1
"solr_src_java_org_apache_solr_search_ValueSourceParser.java","lucene-3.1",925,"False",1
"solr_src_java_org_apache_solr_search_ValueSourceParser.java","lucene-3.1",926,"False",1
"solr_src_java_org_apache_solr_search_ValueSourceParser.java","lucene-3.1",927,"False",1
"solr_src_java_org_apache_solr_search_ValueSourceParser.java","lucene-3.1",928,"False",1
"solr_src_java_org_apache_solr_search_ValueSourceParser.java","lucene-3.1",929,"False",1
"solr_src_java_org_apache_solr_search_ValueSourceParser.java","lucene-3.1",930,"False",1
"solr_src_java_org_apache_solr_search_ValueSourceParser.java","lucene-3.1",931,"False",1
"solr_src_java_org_apache_solr_search_ValueSourceParser.java","lucene-3.1",932,"False",1
"solr_src_java_org_apache_solr_search_ValueSourceParser.java","lucene-3.1",933,"False",1
"solr_src_java_org_apache_solr_search_ValueSourceParser.java","lucene-3.1",934,"False",1
"solr_src_java_org_apache_solr_search_ValueSourceParser.java","lucene-3.1",935,"False",1
"solr_src_java_org_apache_solr_search_ValueSourceParser.java","lucene-3.1",936,"False",1
"solr_src_java_org_apache_solr_search_ValueSourceParser.java","lucene-3.1",937,"False",1
"solr_src_java_org_apache_solr_search_ValueSourceParser.java","lucene-3.1",938,"False",1
"solr_src_java_org_apache_solr_search_ValueSourceParser.java","lucene-3.1",939,"False",1
"solr_src_java_org_apache_solr_search_ValueSourceParser.java","lucene-3.1",940,"False",1
"solr_src_java_org_apache_solr_search_ValueSourceParser.java","lucene-3.1",941,"False",1
"solr_src_java_org_apache_solr_search_ValueSourceParser.java","lucene-3.1",942,"False",1
"solr_src_java_org_apache_solr_search_ValueSourceParser.java","lucene-3.1",943,"False",1
"solr_src_java_org_apache_solr_search_ValueSourceParser.java","lucene-3.1",944,"False",1
"solr_src_java_org_apache_solr_search_ValueSourceParser.java","lucene-3.1",945,"False",1
"solr_src_java_org_apache_solr_search_ValueSourceParser.java","lucene-3.1",946,"False",1
"solr_src_java_org_apache_solr_search_ValueSourceParser.java","lucene-3.1",947,"False",1
"solr_src_java_org_apache_solr_search_ValueSourceParser.java","lucene-3.1",948,"False",1
"solr_src_java_org_apache_solr_search_ValueSourceParser.java","lucene-3.1",949,"False",1
"solr_src_java_org_apache_solr_search_ValueSourceParser.java","lucene-3.1",950,"False",1
"solr_src_java_org_apache_solr_search_ValueSourceParser.java","lucene-3.1",951,"False",1
"solr_src_java_org_apache_solr_search_ValueSourceParser.java","lucene-3.1",952,"False",1
"solr_src_java_org_apache_solr_search_ValueSourceParser.java","lucene-3.1",953,"False",1
"solr_src_java_org_apache_solr_search_ValueSourceParser.java","lucene-3.1",954,"False",1
"solr_src_java_org_apache_solr_search_ValueSourceParser.java","lucene-3.1",955,"False",1
"solr_src_java_org_apache_solr_search_ValueSourceParser.java","lucene-3.1",956,"False",1
"solr_src_java_org_apache_solr_search_ValueSourceParser.java","lucene-3.1",957,"False",1
"solr_src_java_org_apache_solr_search_ValueSourceParser.java","lucene-3.1",958,"False",1
"solr_src_java_org_apache_solr_search_ValueSourceParser.java","lucene-3.1",959,"False",1
"solr_src_java_org_apache_solr_search_function_FileFloatSource.java","lucene-3.1",1,"False",1
"solr_src_java_org_apache_solr_search_function_FileFloatSource.java","lucene-3.1",2,"False",1
"solr_src_java_org_apache_solr_search_function_FileFloatSource.java","lucene-3.1",3,"False",1
"solr_src_java_org_apache_solr_search_function_FileFloatSource.java","lucene-3.1",4,"False",1
"solr_src_java_org_apache_solr_search_function_FileFloatSource.java","lucene-3.1",5,"False",1
"solr_src_java_org_apache_solr_search_function_FileFloatSource.java","lucene-3.1",6,"False",1
"solr_src_java_org_apache_solr_search_function_FileFloatSource.java","lucene-3.1",7,"False",1
"solr_src_java_org_apache_solr_search_function_FileFloatSource.java","lucene-3.1",8,"False",1
"solr_src_java_org_apache_solr_search_function_FileFloatSource.java","lucene-3.1",9,"False",1
"solr_src_java_org_apache_solr_search_function_FileFloatSource.java","lucene-3.1",10,"False",1
"solr_src_java_org_apache_solr_search_function_FileFloatSource.java","lucene-3.1",11,"False",1
"solr_src_java_org_apache_solr_search_function_FileFloatSource.java","lucene-3.1",12,"False",1
"solr_src_java_org_apache_solr_search_function_FileFloatSource.java","lucene-3.1",13,"False",1
"solr_src_java_org_apache_solr_search_function_FileFloatSource.java","lucene-3.1",14,"False",1
"solr_src_java_org_apache_solr_search_function_FileFloatSource.java","lucene-3.1",15,"False",1
"solr_src_java_org_apache_solr_search_function_FileFloatSource.java","lucene-3.1",16,"False",1
"solr_src_java_org_apache_solr_search_function_FileFloatSource.java","lucene-3.1",17,"False",1
"solr_src_java_org_apache_solr_search_function_FileFloatSource.java","lucene-3.1",18,"False",1
"solr_src_java_org_apache_solr_search_function_FileFloatSource.java","lucene-3.1",19,"False",1
"solr_src_java_org_apache_solr_search_function_FileFloatSource.java","lucene-3.1",20,"False",1
"solr_src_java_org_apache_solr_search_function_FileFloatSource.java","lucene-3.1",21,"False",1
"solr_src_java_org_apache_solr_search_function_FileFloatSource.java","lucene-3.1",22,"False",1
"solr_src_java_org_apache_solr_search_function_FileFloatSource.java","lucene-3.1",23,"False",1
"solr_src_java_org_apache_solr_search_function_FileFloatSource.java","lucene-3.1",24,"False",1
"solr_src_java_org_apache_solr_search_function_FileFloatSource.java","lucene-3.1",25,"False",1
"solr_src_java_org_apache_solr_search_function_FileFloatSource.java","lucene-3.1",26,"False",1
"solr_src_java_org_apache_solr_search_function_FileFloatSource.java","lucene-3.1",27,"False",1
"solr_src_java_org_apache_solr_search_function_FileFloatSource.java","lucene-3.1",28,"False",1
"solr_src_java_org_apache_solr_search_function_FileFloatSource.java","lucene-3.1",29,"False",1
"solr_src_java_org_apache_solr_search_function_FileFloatSource.java","lucene-3.1",30,"False",1
"solr_src_java_org_apache_solr_search_function_FileFloatSource.java","lucene-3.1",31,"False",1
"solr_src_java_org_apache_solr_search_function_FileFloatSource.java","lucene-3.1",32,"False",1
"solr_src_java_org_apache_solr_search_function_FileFloatSource.java","lucene-3.1",33,"False",1
"solr_src_java_org_apache_solr_search_function_FileFloatSource.java","lucene-3.1",34,"False",1
"solr_src_java_org_apache_solr_search_function_FileFloatSource.java","lucene-3.1",35,"False",1
"solr_src_java_org_apache_solr_search_function_FileFloatSource.java","lucene-3.1",36,"False",1
"solr_src_java_org_apache_solr_search_function_FileFloatSource.java","lucene-3.1",37,"False",1
"solr_src_java_org_apache_solr_search_function_FileFloatSource.java","lucene-3.1",38,"False",1
"solr_src_java_org_apache_solr_search_function_FileFloatSource.java","lucene-3.1",39,"False",1
"solr_src_java_org_apache_solr_search_function_FileFloatSource.java","lucene-3.1",40,"False",1
"solr_src_java_org_apache_solr_search_function_FileFloatSource.java","lucene-3.1",41,"False",1
"solr_src_java_org_apache_solr_search_function_FileFloatSource.java","lucene-3.1",42,"False",1
"solr_src_java_org_apache_solr_search_function_FileFloatSource.java","lucene-3.1",43,"False",1
"solr_src_java_org_apache_solr_search_function_FileFloatSource.java","lucene-3.1",44,"False",1
"solr_src_java_org_apache_solr_search_function_FileFloatSource.java","lucene-3.1",45,"False",1
"solr_src_java_org_apache_solr_search_function_FileFloatSource.java","lucene-3.1",46,"False",1
"solr_src_java_org_apache_solr_search_function_FileFloatSource.java","lucene-3.1",47,"False",1
"solr_src_java_org_apache_solr_search_function_FileFloatSource.java","lucene-3.1",48,"False",1
"solr_src_java_org_apache_solr_search_function_FileFloatSource.java","lucene-3.1",49,"False",1
"solr_src_java_org_apache_solr_search_function_FileFloatSource.java","lucene-3.1",50,"False",1
"solr_src_java_org_apache_solr_search_function_FileFloatSource.java","lucene-3.1",51,"False",1
"solr_src_java_org_apache_solr_search_function_FileFloatSource.java","lucene-3.1",52,"False",1
"solr_src_java_org_apache_solr_search_function_FileFloatSource.java","lucene-3.1",53,"False",1
"solr_src_java_org_apache_solr_search_function_FileFloatSource.java","lucene-3.1",54,"False",1
"solr_src_java_org_apache_solr_search_function_FileFloatSource.java","lucene-3.1",55,"False",1
"solr_src_java_org_apache_solr_search_function_FileFloatSource.java","lucene-3.1",56,"False",1
"solr_src_java_org_apache_solr_search_function_FileFloatSource.java","lucene-3.1",57,"False",1
"solr_src_java_org_apache_solr_search_function_FileFloatSource.java","lucene-3.1",58,"False",1
"solr_src_java_org_apache_solr_search_function_FileFloatSource.java","lucene-3.1",59,"False",1
"solr_src_java_org_apache_solr_search_function_FileFloatSource.java","lucene-3.1",60,"False",1
"solr_src_java_org_apache_solr_search_function_FileFloatSource.java","lucene-3.1",61,"False",1
"solr_src_java_org_apache_solr_search_function_FileFloatSource.java","lucene-3.1",62,"False",1
"solr_src_java_org_apache_solr_search_function_FileFloatSource.java","lucene-3.1",63,"False",1
"solr_src_java_org_apache_solr_search_function_FileFloatSource.java","lucene-3.1",64,"False",1
"solr_src_java_org_apache_solr_search_function_FileFloatSource.java","lucene-3.1",65,"False",1
"solr_src_java_org_apache_solr_search_function_FileFloatSource.java","lucene-3.1",66,"False",1
"solr_src_java_org_apache_solr_search_function_FileFloatSource.java","lucene-3.1",67,"False",1
"solr_src_java_org_apache_solr_search_function_FileFloatSource.java","lucene-3.1",68,"False",1
"solr_src_java_org_apache_solr_search_function_FileFloatSource.java","lucene-3.1",69,"False",1
"solr_src_java_org_apache_solr_search_function_FileFloatSource.java","lucene-3.1",70,"False",1
"solr_src_java_org_apache_solr_search_function_FileFloatSource.java","lucene-3.1",71,"False",1
"solr_src_java_org_apache_solr_search_function_FileFloatSource.java","lucene-3.1",72,"False",1
"solr_src_java_org_apache_solr_search_function_FileFloatSource.java","lucene-3.1",73,"False",1
"solr_src_java_org_apache_solr_search_function_FileFloatSource.java","lucene-3.1",74,"False",1
"solr_src_java_org_apache_solr_search_function_FileFloatSource.java","lucene-3.1",75,"False",1
"solr_src_java_org_apache_solr_search_function_FileFloatSource.java","lucene-3.1",76,"False",1
"solr_src_java_org_apache_solr_search_function_FileFloatSource.java","lucene-3.1",77,"False",1
"solr_src_java_org_apache_solr_search_function_FileFloatSource.java","lucene-3.1",78,"False",1
"solr_src_java_org_apache_solr_search_function_FileFloatSource.java","lucene-3.1",79,"False",1
"solr_src_java_org_apache_solr_search_function_FileFloatSource.java","lucene-3.1",80,"False",1
"solr_src_java_org_apache_solr_search_function_FileFloatSource.java","lucene-3.1",81,"False",1
"solr_src_java_org_apache_solr_search_function_FileFloatSource.java","lucene-3.1",82,"False",1
"solr_src_java_org_apache_solr_search_function_FileFloatSource.java","lucene-3.1",83,"False",1
"solr_src_java_org_apache_solr_search_function_FileFloatSource.java","lucene-3.1",84,"False",1
"solr_src_java_org_apache_solr_search_function_FileFloatSource.java","lucene-3.1",85,"False",1
"solr_src_java_org_apache_solr_search_function_FileFloatSource.java","lucene-3.1",86,"False",1
"solr_src_java_org_apache_solr_search_function_FileFloatSource.java","lucene-3.1",87,"False",1
"solr_src_java_org_apache_solr_search_function_FileFloatSource.java","lucene-3.1",88,"False",1
"solr_src_java_org_apache_solr_search_function_FileFloatSource.java","lucene-3.1",89,"False",1
"solr_src_java_org_apache_solr_search_function_FileFloatSource.java","lucene-3.1",90,"False",1
"solr_src_java_org_apache_solr_search_function_FileFloatSource.java","lucene-3.1",91,"False",1
"solr_src_java_org_apache_solr_search_function_FileFloatSource.java","lucene-3.1",92,"False",1
"solr_src_java_org_apache_solr_search_function_FileFloatSource.java","lucene-3.1",93,"False",1
"solr_src_java_org_apache_solr_search_function_FileFloatSource.java","lucene-3.1",94,"False",1
"solr_src_java_org_apache_solr_search_function_FileFloatSource.java","lucene-3.1",95,"False",1
"solr_src_java_org_apache_solr_search_function_FileFloatSource.java","lucene-3.1",96,"False",1
"solr_src_java_org_apache_solr_search_function_FileFloatSource.java","lucene-3.1",97,"False",1
"solr_src_java_org_apache_solr_search_function_FileFloatSource.java","lucene-3.1",98,"False",1
"solr_src_java_org_apache_solr_search_function_FileFloatSource.java","lucene-3.1",99,"False",1
"solr_src_java_org_apache_solr_search_function_FileFloatSource.java","lucene-3.1",100,"False",1
"solr_src_java_org_apache_solr_search_function_FileFloatSource.java","lucene-3.1",101,"False",1
"solr_src_java_org_apache_solr_search_function_FileFloatSource.java","lucene-3.1",102,"False",1
"solr_src_java_org_apache_solr_search_function_FileFloatSource.java","lucene-3.1",103,"False",1
"solr_src_java_org_apache_solr_search_function_FileFloatSource.java","lucene-3.1",104,"False",1
"solr_src_java_org_apache_solr_search_function_FileFloatSource.java","lucene-3.1",105,"False",1
"solr_src_java_org_apache_solr_search_function_FileFloatSource.java","lucene-3.1",106,"False",1
"solr_src_java_org_apache_solr_search_function_FileFloatSource.java","lucene-3.1",107,"False",1
"solr_src_java_org_apache_solr_search_function_FileFloatSource.java","lucene-3.1",108,"False",1
"solr_src_java_org_apache_solr_search_function_FileFloatSource.java","lucene-3.1",109,"False",1
"solr_src_java_org_apache_solr_search_function_FileFloatSource.java","lucene-3.1",110,"False",1
"solr_src_java_org_apache_solr_search_function_FileFloatSource.java","lucene-3.1",111,"False",1
"solr_src_java_org_apache_solr_search_function_FileFloatSource.java","lucene-3.1",112,"False",1
"solr_src_java_org_apache_solr_search_function_FileFloatSource.java","lucene-3.1",113,"False",1
"solr_src_java_org_apache_solr_search_function_FileFloatSource.java","lucene-3.1",114,"False",1
"solr_src_java_org_apache_solr_search_function_FileFloatSource.java","lucene-3.1",115,"False",1
"solr_src_java_org_apache_solr_search_function_FileFloatSource.java","lucene-3.1",116,"False",1
"solr_src_java_org_apache_solr_search_function_FileFloatSource.java","lucene-3.1",117,"False",1
"solr_src_java_org_apache_solr_search_function_FileFloatSource.java","lucene-3.1",118,"False",1
"solr_src_java_org_apache_solr_search_function_FileFloatSource.java","lucene-3.1",119,"False",1
"solr_src_java_org_apache_solr_search_function_FileFloatSource.java","lucene-3.1",120,"False",1
"solr_src_java_org_apache_solr_search_function_FileFloatSource.java","lucene-3.1",121,"False",1
"solr_src_java_org_apache_solr_search_function_FileFloatSource.java","lucene-3.1",122,"False",1
"solr_src_java_org_apache_solr_search_function_FileFloatSource.java","lucene-3.1",123,"False",1
"solr_src_java_org_apache_solr_search_function_FileFloatSource.java","lucene-3.1",124,"False",1
"solr_src_java_org_apache_solr_search_function_FileFloatSource.java","lucene-3.1",125,"False",1
"solr_src_java_org_apache_solr_search_function_FileFloatSource.java","lucene-3.1",126,"False",1
"solr_src_java_org_apache_solr_search_function_FileFloatSource.java","lucene-3.1",127,"False",1
"solr_src_java_org_apache_solr_search_function_FileFloatSource.java","lucene-3.1",128,"False",1
"solr_src_java_org_apache_solr_search_function_FileFloatSource.java","lucene-3.1",129,"False",1
"solr_src_java_org_apache_solr_search_function_FileFloatSource.java","lucene-3.1",130,"False",1
"solr_src_java_org_apache_solr_search_function_FileFloatSource.java","lucene-3.1",131,"False",1
"solr_src_java_org_apache_solr_search_function_FileFloatSource.java","lucene-3.1",132,"False",1
"solr_src_java_org_apache_solr_search_function_FileFloatSource.java","lucene-3.1",133,"False",1
"solr_src_java_org_apache_solr_search_function_FileFloatSource.java","lucene-3.1",134,"False",1
"solr_src_java_org_apache_solr_search_function_FileFloatSource.java","lucene-3.1",135,"False",1
"solr_src_java_org_apache_solr_search_function_FileFloatSource.java","lucene-3.1",136,"False",1
"solr_src_java_org_apache_solr_search_function_FileFloatSource.java","lucene-3.1",137,"False",1
"solr_src_java_org_apache_solr_search_function_FileFloatSource.java","lucene-3.1",138,"False",1
"solr_src_java_org_apache_solr_search_function_FileFloatSource.java","lucene-3.1",139,"False",1
"solr_src_java_org_apache_solr_search_function_FileFloatSource.java","lucene-3.1",140,"False",1
"solr_src_java_org_apache_solr_search_function_FileFloatSource.java","lucene-3.1",141,"False",1
"solr_src_java_org_apache_solr_search_function_FileFloatSource.java","lucene-3.1",142,"False",1
"solr_src_java_org_apache_solr_search_function_FileFloatSource.java","lucene-3.1",143,"False",1
"solr_src_java_org_apache_solr_search_function_FileFloatSource.java","lucene-3.1",144,"False",1
"solr_src_java_org_apache_solr_search_function_FileFloatSource.java","lucene-3.1",145,"False",1
"solr_src_java_org_apache_solr_search_function_FileFloatSource.java","lucene-3.1",146,"False",1
"solr_src_java_org_apache_solr_search_function_FileFloatSource.java","lucene-3.1",147,"False",1
"solr_src_java_org_apache_solr_search_function_FileFloatSource.java","lucene-3.1",148,"False",1
"solr_src_java_org_apache_solr_search_function_FileFloatSource.java","lucene-3.1",149,"False",1
"solr_src_java_org_apache_solr_search_function_FileFloatSource.java","lucene-3.1",150,"False",1
"solr_src_java_org_apache_solr_search_function_FileFloatSource.java","lucene-3.1",151,"False",1
"solr_src_java_org_apache_solr_search_function_FileFloatSource.java","lucene-3.1",152,"False",1
"solr_src_java_org_apache_solr_search_function_FileFloatSource.java","lucene-3.1",153,"False",1
"solr_src_java_org_apache_solr_search_function_FileFloatSource.java","lucene-3.1",154,"False",1
"solr_src_java_org_apache_solr_search_function_FileFloatSource.java","lucene-3.1",155,"False",1
"solr_src_java_org_apache_solr_search_function_FileFloatSource.java","lucene-3.1",156,"False",1
"solr_src_java_org_apache_solr_search_function_FileFloatSource.java","lucene-3.1",157,"False",1
"solr_src_java_org_apache_solr_search_function_FileFloatSource.java","lucene-3.1",158,"False",1
"solr_src_java_org_apache_solr_search_function_FileFloatSource.java","lucene-3.1",159,"False",1
"solr_src_java_org_apache_solr_search_function_FileFloatSource.java","lucene-3.1",160,"False",1
"solr_src_java_org_apache_solr_search_function_FileFloatSource.java","lucene-3.1",161,"False",1
"solr_src_java_org_apache_solr_search_function_FileFloatSource.java","lucene-3.1",162,"False",1
"solr_src_java_org_apache_solr_search_function_FileFloatSource.java","lucene-3.1",163,"False",1
"solr_src_java_org_apache_solr_search_function_FileFloatSource.java","lucene-3.1",164,"False",1
"solr_src_java_org_apache_solr_search_function_FileFloatSource.java","lucene-3.1",165,"False",1
"solr_src_java_org_apache_solr_search_function_FileFloatSource.java","lucene-3.1",166,"False",1
"solr_src_java_org_apache_solr_search_function_FileFloatSource.java","lucene-3.1",167,"False",1
"solr_src_java_org_apache_solr_search_function_FileFloatSource.java","lucene-3.1",168,"False",1
"solr_src_java_org_apache_solr_search_function_FileFloatSource.java","lucene-3.1",169,"False",1
"solr_src_java_org_apache_solr_search_function_FileFloatSource.java","lucene-3.1",170,"False",1
"solr_src_java_org_apache_solr_search_function_FileFloatSource.java","lucene-3.1",171,"False",1
"solr_src_java_org_apache_solr_search_function_FileFloatSource.java","lucene-3.1",172,"False",1
"solr_src_java_org_apache_solr_search_function_FileFloatSource.java","lucene-3.1",173,"False",1
"solr_src_java_org_apache_solr_search_function_FileFloatSource.java","lucene-3.1",174,"False",1
"solr_src_java_org_apache_solr_search_function_FileFloatSource.java","lucene-3.1",175,"False",1
"solr_src_java_org_apache_solr_search_function_FileFloatSource.java","lucene-3.1",176,"False",1
"solr_src_java_org_apache_solr_search_function_FileFloatSource.java","lucene-3.1",177,"False",1
"solr_src_java_org_apache_solr_search_function_FileFloatSource.java","lucene-3.1",178,"False",1
"solr_src_java_org_apache_solr_search_function_FileFloatSource.java","lucene-3.1",179,"False",1
"solr_src_java_org_apache_solr_search_function_FileFloatSource.java","lucene-3.1",180,"False",1
"solr_src_java_org_apache_solr_search_function_FileFloatSource.java","lucene-3.1",181,"False",1
"solr_src_java_org_apache_solr_search_function_FileFloatSource.java","lucene-3.1",182,"False",1
"solr_src_java_org_apache_solr_search_function_FileFloatSource.java","lucene-3.1",183,"False",1
"solr_src_java_org_apache_solr_search_function_FileFloatSource.java","lucene-3.1",184,"False",1
"solr_src_java_org_apache_solr_search_function_FileFloatSource.java","lucene-3.1",185,"False",1
"solr_src_java_org_apache_solr_search_function_FileFloatSource.java","lucene-3.1",186,"False",1
"solr_src_java_org_apache_solr_search_function_FileFloatSource.java","lucene-3.1",187,"False",1
"solr_src_java_org_apache_solr_search_function_FileFloatSource.java","lucene-3.1",188,"False",1
"solr_src_java_org_apache_solr_search_function_FileFloatSource.java","lucene-3.1",189,"False",1
"solr_src_java_org_apache_solr_search_function_FileFloatSource.java","lucene-3.1",190,"False",1
"solr_src_java_org_apache_solr_search_function_FileFloatSource.java","lucene-3.1",191,"False",1
"solr_src_java_org_apache_solr_search_function_FileFloatSource.java","lucene-3.1",192,"False",1
"solr_src_java_org_apache_solr_search_function_FileFloatSource.java","lucene-3.1",193,"False",1
"solr_src_java_org_apache_solr_search_function_FileFloatSource.java","lucene-3.1",194,"False",1
"solr_src_java_org_apache_solr_search_function_FileFloatSource.java","lucene-3.1",195,"False",1
"solr_src_java_org_apache_solr_search_function_FileFloatSource.java","lucene-3.1",196,"False",1
"solr_src_java_org_apache_solr_search_function_FileFloatSource.java","lucene-3.1",197,"False",1
"solr_src_java_org_apache_solr_search_function_FileFloatSource.java","lucene-3.1",198,"False",1
"solr_src_java_org_apache_solr_search_function_FileFloatSource.java","lucene-3.1",199,"False",1
"solr_src_java_org_apache_solr_search_function_FileFloatSource.java","lucene-3.1",200,"False",1
"solr_src_java_org_apache_solr_search_function_FileFloatSource.java","lucene-3.1",201,"False",1
"solr_src_java_org_apache_solr_search_function_FileFloatSource.java","lucene-3.1",202,"False",1
"solr_src_java_org_apache_solr_search_function_FileFloatSource.java","lucene-3.1",203,"False",1
"solr_src_java_org_apache_solr_search_function_FileFloatSource.java","lucene-3.1",204,"False",1
"solr_src_java_org_apache_solr_search_function_FileFloatSource.java","lucene-3.1",205,"False",1
"solr_src_java_org_apache_solr_search_function_FileFloatSource.java","lucene-3.1",206,"False",1
"solr_src_java_org_apache_solr_search_function_FileFloatSource.java","lucene-3.1",207,"False",1
"solr_src_java_org_apache_solr_search_function_FileFloatSource.java","lucene-3.1",208,"False",1
"solr_src_java_org_apache_solr_search_function_FileFloatSource.java","lucene-3.1",209,"False",1
"solr_src_java_org_apache_solr_search_function_FileFloatSource.java","lucene-3.1",210,"False",1
"solr_src_java_org_apache_solr_search_function_FileFloatSource.java","lucene-3.1",211,"False",1
"solr_src_java_org_apache_solr_search_function_FileFloatSource.java","lucene-3.1",212,"False",1
"solr_src_java_org_apache_solr_search_function_FileFloatSource.java","lucene-3.1",213,"False",1
"solr_src_java_org_apache_solr_search_function_FileFloatSource.java","lucene-3.1",214,"False",1
"solr_src_java_org_apache_solr_search_function_FileFloatSource.java","lucene-3.1",215,"False",1
"solr_src_java_org_apache_solr_search_function_FileFloatSource.java","lucene-3.1",216,"False",1
"solr_src_java_org_apache_solr_search_function_FileFloatSource.java","lucene-3.1",217,"False",1
"solr_src_java_org_apache_solr_search_function_FileFloatSource.java","lucene-3.1",218,"False",1
"solr_src_java_org_apache_solr_search_function_FileFloatSource.java","lucene-3.1",219,"False",1
"solr_src_java_org_apache_solr_search_function_FileFloatSource.java","lucene-3.1",220,"False",1
"solr_src_java_org_apache_solr_search_function_FileFloatSource.java","lucene-3.1",221,"False",1
"solr_src_java_org_apache_solr_search_function_FileFloatSource.java","lucene-3.1",222,"False",1
"solr_src_java_org_apache_solr_search_function_FileFloatSource.java","lucene-3.1",223,"False",1
"solr_src_java_org_apache_solr_search_function_FileFloatSource.java","lucene-3.1",224,"False",1
"solr_src_java_org_apache_solr_search_function_FileFloatSource.java","lucene-3.1",225,"False",1
"solr_src_java_org_apache_solr_search_function_FileFloatSource.java","lucene-3.1",226,"False",1
"solr_src_java_org_apache_solr_search_function_FileFloatSource.java","lucene-3.1",227,"False",1
"solr_src_java_org_apache_solr_search_function_FileFloatSource.java","lucene-3.1",228,"False",1
"solr_src_java_org_apache_solr_search_function_FileFloatSource.java","lucene-3.1",229,"False",1
"solr_src_java_org_apache_solr_search_function_FileFloatSource.java","lucene-3.1",230,"False",1
"solr_src_java_org_apache_solr_search_function_FileFloatSource.java","lucene-3.1",231,"False",1
"solr_src_java_org_apache_solr_search_function_FileFloatSource.java","lucene-3.1",232,"False",1
"solr_src_java_org_apache_solr_search_function_FileFloatSource.java","lucene-3.1",233,"False",1
"solr_src_java_org_apache_solr_search_function_FileFloatSource.java","lucene-3.1",234,"False",1
"solr_src_java_org_apache_solr_search_function_FileFloatSource.java","lucene-3.1",235,"False",1
"solr_src_java_org_apache_solr_search_function_FileFloatSource.java","lucene-3.1",236,"False",1
"solr_src_java_org_apache_solr_search_function_FileFloatSource.java","lucene-3.1",237,"False",1
"solr_src_java_org_apache_solr_search_function_FileFloatSource.java","lucene-3.1",238,"False",1
"solr_src_java_org_apache_solr_search_function_FileFloatSource.java","lucene-3.1",239,"False",1
"solr_src_java_org_apache_solr_search_function_FileFloatSource.java","lucene-3.1",240,"False",1
"solr_src_java_org_apache_solr_search_function_FileFloatSource.java","lucene-3.1",241,"False",1
"solr_src_java_org_apache_solr_search_function_FileFloatSource.java","lucene-3.1",242,"False",1
"solr_src_java_org_apache_solr_search_function_FileFloatSource.java","lucene-3.1",243,"False",1
"solr_src_java_org_apache_solr_search_function_FileFloatSource.java","lucene-3.1",244,"False",1
"solr_src_java_org_apache_solr_search_function_FileFloatSource.java","lucene-3.1",245,"False",1
"solr_src_java_org_apache_solr_search_function_FileFloatSource.java","lucene-3.1",246,"False",1
"solr_src_java_org_apache_solr_search_function_FileFloatSource.java","lucene-3.1",247,"False",1
"solr_src_java_org_apache_solr_search_function_FileFloatSource.java","lucene-3.1",248,"False",1
"solr_src_java_org_apache_solr_search_function_FileFloatSource.java","lucene-3.1",249,"False",1
"solr_src_java_org_apache_solr_search_function_FileFloatSource.java","lucene-3.1",250,"False",1
"solr_src_java_org_apache_solr_search_function_FileFloatSource.java","lucene-3.1",251,"False",1
"solr_src_java_org_apache_solr_search_function_FileFloatSource.java","lucene-3.1",252,"False",1
"solr_src_java_org_apache_solr_search_function_FileFloatSource.java","lucene-3.1",253,"False",1
"solr_src_java_org_apache_solr_search_function_FileFloatSource.java","lucene-3.1",254,"True",2
"solr_src_java_org_apache_solr_search_function_FileFloatSource.java","lucene-3.1",255,"False",1
"solr_src_java_org_apache_solr_search_function_FileFloatSource.java","lucene-3.1",256,"False",1
"solr_src_java_org_apache_solr_search_function_FileFloatSource.java","lucene-3.1",257,"False",1
"solr_src_java_org_apache_solr_search_function_FileFloatSource.java","lucene-3.1",258,"False",1
"solr_src_java_org_apache_solr_search_function_FileFloatSource.java","lucene-3.1",259,"False",1
"solr_src_java_org_apache_solr_search_function_FileFloatSource.java","lucene-3.1",260,"False",1
"solr_src_java_org_apache_solr_search_function_FileFloatSource.java","lucene-3.1",261,"False",1
"solr_src_java_org_apache_solr_search_function_FileFloatSource.java","lucene-3.1",262,"False",1
"solr_src_java_org_apache_solr_search_function_FileFloatSource.java","lucene-3.1",263,"False",1
"solr_src_java_org_apache_solr_search_function_FileFloatSource.java","lucene-3.1",264,"False",1
"solr_src_java_org_apache_solr_search_function_FileFloatSource.java","lucene-3.1",265,"False",1
"solr_src_java_org_apache_solr_search_function_FileFloatSource.java","lucene-3.1",266,"False",1
"solr_src_java_org_apache_solr_search_function_FileFloatSource.java","lucene-3.1",267,"False",1
"solr_src_java_org_apache_solr_search_function_FileFloatSource.java","lucene-3.1",268,"False",1
"solr_src_java_org_apache_solr_search_function_FileFloatSource.java","lucene-3.1",269,"False",1
"solr_src_java_org_apache_solr_search_function_FileFloatSource.java","lucene-3.1",270,"False",1
"solr_src_java_org_apache_solr_search_function_FileFloatSource.java","lucene-3.1",271,"False",1
"solr_src_java_org_apache_solr_search_function_FileFloatSource.java","lucene-3.1",272,"False",1
"solr_src_java_org_apache_solr_search_function_FileFloatSource.java","lucene-3.1",273,"False",1
"solr_src_java_org_apache_solr_search_function_FileFloatSource.java","lucene-3.1",274,"False",1
"solr_src_java_org_apache_solr_search_function_FileFloatSource.java","lucene-3.1",275,"False",1
"solr_src_java_org_apache_solr_search_function_FileFloatSource.java","lucene-3.1",276,"False",1
"solr_src_java_org_apache_solr_search_function_FileFloatSource.java","lucene-3.1",277,"False",1
"solr_src_java_org_apache_solr_search_function_FileFloatSource.java","lucene-3.1",278,"False",1
"solr_src_java_org_apache_solr_search_function_FileFloatSource.java","lucene-3.1",279,"False",1
"solr_src_java_org_apache_solr_search_function_FileFloatSource.java","lucene-3.1",280,"False",1
"solr_src_java_org_apache_solr_search_function_FileFloatSource.java","lucene-3.1",281,"False",1
"solr_src_java_org_apache_solr_search_function_FileFloatSource.java","lucene-3.1",282,"False",1
"solr_src_java_org_apache_solr_search_function_FileFloatSource.java","lucene-3.1",283,"False",1
"solr_src_java_org_apache_solr_search_function_FileFloatSource.java","lucene-3.1",284,"False",1
"solr_src_java_org_apache_solr_search_function_FileFloatSource.java","lucene-3.1",285,"False",1
"solr_src_java_org_apache_solr_search_function_FileFloatSource.java","lucene-3.1",286,"False",1
"solr_src_java_org_apache_solr_search_function_FileFloatSource.java","lucene-3.1",287,"False",1
"solr_src_java_org_apache_solr_search_function_FileFloatSource.java","lucene-3.1",288,"False",1
"solr_src_java_org_apache_solr_search_function_FileFloatSource.java","lucene-3.1",289,"False",1
"solr_src_java_org_apache_solr_search_function_FileFloatSource.java","lucene-3.1",290,"False",1
"solr_src_java_org_apache_solr_search_function_FileFloatSource.java","lucene-3.1",291,"False",1
"solr_src_java_org_apache_solr_search_function_FileFloatSource.java","lucene-3.1",292,"False",1
"solr_src_java_org_apache_solr_search_function_FileFloatSource.java","lucene-3.1",293,"False",1
"solr_src_java_org_apache_solr_search_function_FileFloatSource.java","lucene-3.1",294,"False",1
"solr_src_java_org_apache_solr_search_function_FileFloatSource.java","lucene-3.1",295,"False",1
"solr_src_java_org_apache_solr_search_function_FileFloatSource.java","lucene-3.1",296,"False",1
"solr_src_java_org_apache_solr_search_function_FileFloatSource.java","lucene-3.1",297,"False",1
"solr_src_java_org_apache_solr_search_function_FileFloatSource.java","lucene-3.1",298,"False",1
"solr_src_java_org_apache_solr_search_function_FileFloatSource.java","lucene-3.1",299,"False",1
"solr_src_java_org_apache_solr_search_function_FileFloatSource.java","lucene-3.1",300,"False",1
"solr_src_java_org_apache_solr_search_function_FileFloatSource.java","lucene-3.1",301,"False",1
"solr_src_java_org_apache_solr_search_function_FileFloatSource.java","lucene-3.1",302,"False",1
"solr_src_java_org_apache_solr_search_function_FileFloatSource.java","lucene-3.1",303,"False",1
"solr_src_java_org_apache_solr_search_function_FileFloatSource.java","lucene-3.1",304,"False",1
"solr_src_java_org_apache_solr_search_function_FileFloatSource.java","lucene-3.1",305,"False",1
"solr_src_java_org_apache_solr_search_function_FileFloatSource.java","lucene-3.1",306,"False",1
"solr_src_java_org_apache_solr_search_function_FileFloatSource.java","lucene-3.1",307,"False",1
"solr_src_java_org_apache_solr_search_function_FileFloatSource.java","lucene-3.1",308,"False",1
"solr_src_java_org_apache_solr_search_function_FileFloatSource.java","lucene-3.1",309,"False",1
"solr_src_java_org_apache_solr_search_function_FileFloatSource.java","lucene-3.1",310,"False",1
"solr_src_java_org_apache_solr_search_function_FileFloatSource.java","lucene-3.1",311,"False",1
"solr_src_java_org_apache_solr_search_function_FileFloatSource.java","lucene-3.1",312,"False",1
"solr_src_java_org_apache_solr_search_function_FileFloatSource.java","lucene-3.1",313,"False",1
"solr_src_java_org_apache_solr_search_function_FileFloatSource.java","lucene-3.1",314,"False",1
"solr_src_java_org_apache_solr_search_function_FileFloatSource.java","lucene-3.1",315,"False",1
"solr_src_java_org_apache_solr_search_function_FileFloatSource.java","lucene-3.1",316,"False",1
"solr_src_java_org_apache_solr_search_function_FileFloatSource.java","lucene-3.1",317,"False",1
"solr_src_java_org_apache_solr_search_function_FileFloatSource.java","lucene-3.1",318,"False",1
"solr_src_java_org_apache_solr_search_function_FileFloatSource.java","lucene-3.1",319,"False",1
"solr_src_java_org_apache_solr_search_function_FileFloatSource.java","lucene-3.1",320,"False",1
"solr_src_java_org_apache_solr_search_function_FileFloatSource.java","lucene-3.1",321,"False",1
"solr_src_java_org_apache_solr_search_function_FileFloatSource.java","lucene-3.1",322,"False",1
"solr_src_java_org_apache_solr_search_function_FileFloatSource.java","lucene-3.1",323,"False",1
"solr_src_java_org_apache_solr_search_function_FileFloatSource.java","lucene-3.1",324,"False",1
"solr_src_java_org_apache_solr_search_function_FileFloatSource.java","lucene-3.1",325,"True",2
"solr_src_java_org_apache_solr_search_function_FileFloatSource.java","lucene-3.1",326,"False",1
"solr_src_java_org_apache_solr_search_function_FileFloatSource.java","lucene-3.1",327,"False",1
"solr_src_java_org_apache_solr_search_function_FileFloatSource.java","lucene-3.1",328,"False",1
"solr_src_java_org_apache_solr_search_function_FileFloatSource.java","lucene-3.1",329,"False",1
"solr_src_java_org_apache_solr_search_function_FileFloatSource.java","lucene-3.1",330,"False",1
"solr_src_java_org_apache_solr_search_function_FileFloatSource.java","lucene-3.1",331,"False",1
"solr_src_java_org_apache_solr_search_function_FileFloatSource.java","lucene-3.1",332,"False",1
"solr_src_java_org_apache_solr_search_function_FileFloatSource.java","lucene-3.1",333,"False",1
"solr_src_java_org_apache_solr_search_function_FileFloatSource.java","lucene-3.1",334,"False",1
"solr_src_java_org_apache_solr_search_function_FileFloatSource.java","lucene-3.1",335,"False",1
"solr_src_java_org_apache_solr_search_function_FileFloatSource.java","lucene-3.1",336,"False",1
"solr_src_java_org_apache_solr_search_function_FileFloatSource.java","lucene-3.1",337,"False",1
"solr_src_java_org_apache_solr_search_function_FileFloatSource.java","lucene-3.1",338,"True",2
"solr_src_java_org_apache_solr_search_function_FileFloatSource.java","lucene-3.1",339,"False",1
"solr_src_java_org_apache_solr_search_function_FileFloatSource.java","lucene-3.1",340,"False",1
"solr_src_java_org_apache_solr_search_function_FileFloatSource.java","lucene-3.1",341,"False",1
"solr_src_java_org_apache_solr_search_function_FileFloatSource.java","lucene-3.1",342,"False",1
"solr_src_java_org_apache_solr_search_function_FileFloatSource.java","lucene-3.1",343,"False",1
"solr_src_java_org_apache_solr_search_function_FileFloatSource.java","lucene-3.1",344,"False",1
"solr_src_java_org_apache_solr_search_function_FileFloatSource.java","lucene-3.1",345,"False",1
"solr_src_java_org_apache_solr_search_function_FileFloatSource.java","lucene-3.1",346,"False",1
"solr_src_java_org_apache_solr_search_function_FileFloatSource.java","lucene-3.1",347,"False",1
"solr_src_java_org_apache_solr_search_function_FileFloatSource.java","lucene-3.1",348,"False",1
"solr_src_java_org_apache_solr_search_function_FileFloatSource.java","lucene-3.1",349,"False",1
"solr_src_java_org_apache_solr_search_function_FileFloatSource.java","lucene-3.1",350,"False",1
"solr_src_java_org_apache_solr_search_function_FileFloatSource.java","lucene-3.1",351,"False",1
"solr_src_java_org_apache_solr_search_function_FileFloatSource.java","lucene-3.1",352,"False",1
"solr_src_java_org_apache_solr_search_function_FileFloatSource.java","lucene-3.1",353,"False",1
"solr_src_java_org_apache_solr_search_function_FileFloatSource.java","lucene-3.1",354,"False",1
"solr_src_java_org_apache_solr_search_function_FileFloatSource.java","lucene-3.1",355,"False",1
"solr_src_java_org_apache_solr_search_function_FileFloatSource.java","lucene-3.1",356,"False",1
"solr_src_java_org_apache_solr_search_function_FileFloatSource.java","lucene-3.1",357,"False",1
"solr_src_java_org_apache_solr_search_function_FileFloatSource.java","lucene-3.1",358,"False",1
"solr_src_java_org_apache_solr_search_function_FileFloatSource.java","lucene-3.1",359,"False",1
"solr_src_java_org_apache_solr_search_function_FileFloatSource.java","lucene-3.1",360,"False",1
"solr_src_java_org_apache_solr_search_function_FileFloatSource.java","lucene-3.1",361,"False",1
"solr_src_java_org_apache_solr_search_function_FileFloatSource.java","lucene-3.1",362,"False",1
"solr_src_java_org_apache_solr_search_function_FileFloatSource.java","lucene-3.1",363,"False",1
"solr_src_java_org_apache_solr_search_function_FileFloatSource.java","lucene-3.1",364,"False",1
"solr_src_java_org_apache_solr_search_function_FileFloatSource.java","lucene-3.1",365,"False",1
"solr_src_java_org_apache_solr_search_function_FileFloatSource.java","lucene-3.1",366,"False",1
"solr_src_java_org_apache_solr_search_function_FileFloatSource.java","lucene-3.1",367,"False",1
"solr_src_java_org_apache_solr_search_function_FileFloatSource.java","lucene-3.1",368,"False",1
"solr_src_java_org_apache_solr_search_function_FileFloatSource.java","lucene-3.1",369,"False",1
"solr_src_java_org_apache_solr_search_function_FileFloatSource.java","lucene-3.1",370,"False",1
"solr_src_java_org_apache_solr_search_function_FileFloatSource.java","lucene-3.1",371,"False",1
"solr_src_java_org_apache_solr_search_function_FileFloatSource.java","lucene-3.1",372,"False",1
"solr_src_java_org_apache_solr_search_function_IntFieldSource.java","lucene-3.1",1,"False",1
"solr_src_java_org_apache_solr_search_function_IntFieldSource.java","lucene-3.1",2,"False",1
"solr_src_java_org_apache_solr_search_function_IntFieldSource.java","lucene-3.1",3,"False",1
"solr_src_java_org_apache_solr_search_function_IntFieldSource.java","lucene-3.1",4,"False",1
"solr_src_java_org_apache_solr_search_function_IntFieldSource.java","lucene-3.1",5,"False",1
"solr_src_java_org_apache_solr_search_function_IntFieldSource.java","lucene-3.1",6,"False",1
"solr_src_java_org_apache_solr_search_function_IntFieldSource.java","lucene-3.1",7,"False",1
"solr_src_java_org_apache_solr_search_function_IntFieldSource.java","lucene-3.1",8,"False",1
"solr_src_java_org_apache_solr_search_function_IntFieldSource.java","lucene-3.1",9,"False",1
"solr_src_java_org_apache_solr_search_function_IntFieldSource.java","lucene-3.1",10,"False",1
"solr_src_java_org_apache_solr_search_function_IntFieldSource.java","lucene-3.1",11,"False",1
"solr_src_java_org_apache_solr_search_function_IntFieldSource.java","lucene-3.1",12,"False",1
"solr_src_java_org_apache_solr_search_function_IntFieldSource.java","lucene-3.1",13,"False",1
"solr_src_java_org_apache_solr_search_function_IntFieldSource.java","lucene-3.1",14,"False",1
"solr_src_java_org_apache_solr_search_function_IntFieldSource.java","lucene-3.1",15,"False",1
"solr_src_java_org_apache_solr_search_function_IntFieldSource.java","lucene-3.1",16,"False",1
"solr_src_java_org_apache_solr_search_function_IntFieldSource.java","lucene-3.1",17,"False",1
"solr_src_java_org_apache_solr_search_function_IntFieldSource.java","lucene-3.1",18,"False",1
"solr_src_java_org_apache_solr_search_function_IntFieldSource.java","lucene-3.1",19,"False",1
"solr_src_java_org_apache_solr_search_function_IntFieldSource.java","lucene-3.1",20,"False",1
"solr_src_java_org_apache_solr_search_function_IntFieldSource.java","lucene-3.1",21,"False",1
"solr_src_java_org_apache_solr_search_function_IntFieldSource.java","lucene-3.1",22,"False",1
"solr_src_java_org_apache_solr_search_function_IntFieldSource.java","lucene-3.1",23,"False",1
"solr_src_java_org_apache_solr_search_function_IntFieldSource.java","lucene-3.1",24,"False",1
"solr_src_java_org_apache_solr_search_function_IntFieldSource.java","lucene-3.1",25,"False",1
"solr_src_java_org_apache_solr_search_function_IntFieldSource.java","lucene-3.1",26,"False",1
"solr_src_java_org_apache_solr_search_function_IntFieldSource.java","lucene-3.1",27,"False",1
"solr_src_java_org_apache_solr_search_function_IntFieldSource.java","lucene-3.1",28,"False",1
"solr_src_java_org_apache_solr_search_function_IntFieldSource.java","lucene-3.1",29,"False",1
"solr_src_java_org_apache_solr_search_function_IntFieldSource.java","lucene-3.1",30,"False",1
"solr_src_java_org_apache_solr_search_function_IntFieldSource.java","lucene-3.1",31,"False",1
"solr_src_java_org_apache_solr_search_function_IntFieldSource.java","lucene-3.1",32,"False",1
"solr_src_java_org_apache_solr_search_function_IntFieldSource.java","lucene-3.1",33,"False",1
"solr_src_java_org_apache_solr_search_function_IntFieldSource.java","lucene-3.1",34,"False",1
"solr_src_java_org_apache_solr_search_function_IntFieldSource.java","lucene-3.1",35,"False",1
"solr_src_java_org_apache_solr_search_function_IntFieldSource.java","lucene-3.1",36,"False",1
"solr_src_java_org_apache_solr_search_function_IntFieldSource.java","lucene-3.1",37,"False",1
"solr_src_java_org_apache_solr_search_function_IntFieldSource.java","lucene-3.1",38,"False",1
"solr_src_java_org_apache_solr_search_function_IntFieldSource.java","lucene-3.1",39,"False",1
"solr_src_java_org_apache_solr_search_function_IntFieldSource.java","lucene-3.1",40,"False",1
"solr_src_java_org_apache_solr_search_function_IntFieldSource.java","lucene-3.1",41,"False",1
"solr_src_java_org_apache_solr_search_function_IntFieldSource.java","lucene-3.1",42,"False",1
"solr_src_java_org_apache_solr_search_function_IntFieldSource.java","lucene-3.1",43,"False",1
"solr_src_java_org_apache_solr_search_function_IntFieldSource.java","lucene-3.1",44,"False",1
"solr_src_java_org_apache_solr_search_function_IntFieldSource.java","lucene-3.1",45,"False",1
"solr_src_java_org_apache_solr_search_function_IntFieldSource.java","lucene-3.1",46,"False",1
"solr_src_java_org_apache_solr_search_function_IntFieldSource.java","lucene-3.1",47,"False",1
"solr_src_java_org_apache_solr_search_function_IntFieldSource.java","lucene-3.1",48,"False",1
"solr_src_java_org_apache_solr_search_function_IntFieldSource.java","lucene-3.1",49,"False",1
"solr_src_java_org_apache_solr_search_function_IntFieldSource.java","lucene-3.1",50,"False",1
"solr_src_java_org_apache_solr_search_function_IntFieldSource.java","lucene-3.1",51,"False",1
"solr_src_java_org_apache_solr_search_function_IntFieldSource.java","lucene-3.1",52,"False",1
"solr_src_java_org_apache_solr_search_function_IntFieldSource.java","lucene-3.1",53,"False",1
"solr_src_java_org_apache_solr_search_function_IntFieldSource.java","lucene-3.1",54,"False",1
"solr_src_java_org_apache_solr_search_function_IntFieldSource.java","lucene-3.1",55,"False",1
"solr_src_java_org_apache_solr_search_function_IntFieldSource.java","lucene-3.1",56,"False",1
"solr_src_java_org_apache_solr_search_function_IntFieldSource.java","lucene-3.1",57,"False",1
"solr_src_java_org_apache_solr_search_function_IntFieldSource.java","lucene-3.1",58,"False",1
"solr_src_java_org_apache_solr_search_function_IntFieldSource.java","lucene-3.1",59,"False",1
"solr_src_java_org_apache_solr_search_function_IntFieldSource.java","lucene-3.1",60,"False",1
"solr_src_java_org_apache_solr_search_function_IntFieldSource.java","lucene-3.1",61,"False",1
"solr_src_java_org_apache_solr_search_function_IntFieldSource.java","lucene-3.1",62,"False",1
"solr_src_java_org_apache_solr_search_function_IntFieldSource.java","lucene-3.1",63,"False",1
"solr_src_java_org_apache_solr_search_function_IntFieldSource.java","lucene-3.1",64,"False",1
"solr_src_java_org_apache_solr_search_function_IntFieldSource.java","lucene-3.1",65,"False",1
"solr_src_java_org_apache_solr_search_function_IntFieldSource.java","lucene-3.1",66,"False",1
"solr_src_java_org_apache_solr_search_function_IntFieldSource.java","lucene-3.1",67,"False",1
"solr_src_java_org_apache_solr_search_function_IntFieldSource.java","lucene-3.1",68,"False",1
"solr_src_java_org_apache_solr_search_function_IntFieldSource.java","lucene-3.1",69,"False",1
"solr_src_java_org_apache_solr_search_function_IntFieldSource.java","lucene-3.1",70,"False",1
"solr_src_java_org_apache_solr_search_function_IntFieldSource.java","lucene-3.1",71,"False",1
"solr_src_java_org_apache_solr_search_function_IntFieldSource.java","lucene-3.1",72,"False",1
"solr_src_java_org_apache_solr_search_function_IntFieldSource.java","lucene-3.1",73,"False",1
"solr_src_java_org_apache_solr_search_function_IntFieldSource.java","lucene-3.1",74,"False",1
"solr_src_java_org_apache_solr_search_function_IntFieldSource.java","lucene-3.1",75,"False",1
"solr_src_java_org_apache_solr_search_function_IntFieldSource.java","lucene-3.1",76,"False",1
"solr_src_java_org_apache_solr_search_function_IntFieldSource.java","lucene-3.1",77,"False",1
"solr_src_java_org_apache_solr_search_function_IntFieldSource.java","lucene-3.1",78,"False",1
"solr_src_java_org_apache_solr_search_function_IntFieldSource.java","lucene-3.1",79,"False",1
"solr_src_java_org_apache_solr_search_function_IntFieldSource.java","lucene-3.1",80,"False",1
"solr_src_java_org_apache_solr_search_function_IntFieldSource.java","lucene-3.1",81,"False",1
"solr_src_java_org_apache_solr_search_function_IntFieldSource.java","lucene-3.1",82,"False",1
"solr_src_java_org_apache_solr_search_function_IntFieldSource.java","lucene-3.1",83,"False",1
"solr_src_java_org_apache_solr_search_function_IntFieldSource.java","lucene-3.1",84,"False",1
"solr_src_java_org_apache_solr_search_function_IntFieldSource.java","lucene-3.1",85,"False",1
"solr_src_java_org_apache_solr_search_function_IntFieldSource.java","lucene-3.1",86,"False",1
"solr_src_java_org_apache_solr_search_function_IntFieldSource.java","lucene-3.1",87,"False",1
"solr_src_java_org_apache_solr_search_function_IntFieldSource.java","lucene-3.1",88,"False",1
"solr_src_java_org_apache_solr_search_function_IntFieldSource.java","lucene-3.1",89,"False",1
"solr_src_java_org_apache_solr_search_function_IntFieldSource.java","lucene-3.1",90,"False",1
"solr_src_java_org_apache_solr_search_function_IntFieldSource.java","lucene-3.1",91,"False",1
"solr_src_java_org_apache_solr_search_function_IntFieldSource.java","lucene-3.1",92,"False",1
"solr_src_java_org_apache_solr_search_function_IntFieldSource.java","lucene-3.1",93,"False",1
"solr_src_java_org_apache_solr_search_function_IntFieldSource.java","lucene-3.1",94,"False",1
"solr_src_java_org_apache_solr_search_function_IntFieldSource.java","lucene-3.1",95,"False",1
"solr_src_java_org_apache_solr_search_function_IntFieldSource.java","lucene-3.1",96,"False",1
"solr_src_java_org_apache_solr_search_function_IntFieldSource.java","lucene-3.1",97,"True",3
"solr_src_java_org_apache_solr_search_function_IntFieldSource.java","lucene-3.1",98,"False",1
"solr_src_java_org_apache_solr_search_function_IntFieldSource.java","lucene-3.1",99,"False",1
"solr_src_java_org_apache_solr_search_function_IntFieldSource.java","lucene-3.1",100,"False",1
"solr_src_java_org_apache_solr_search_function_IntFieldSource.java","lucene-3.1",101,"False",1
"solr_src_java_org_apache_solr_search_function_IntFieldSource.java","lucene-3.1",102,"False",1
"solr_src_java_org_apache_solr_search_function_IntFieldSource.java","lucene-3.1",103,"False",1
"solr_src_java_org_apache_solr_search_function_IntFieldSource.java","lucene-3.1",104,"True",3
"solr_src_java_org_apache_solr_search_function_IntFieldSource.java","lucene-3.1",105,"False",1
"solr_src_java_org_apache_solr_search_function_IntFieldSource.java","lucene-3.1",106,"False",1
"solr_src_java_org_apache_solr_search_function_IntFieldSource.java","lucene-3.1",107,"False",1
"solr_src_java_org_apache_solr_search_function_IntFieldSource.java","lucene-3.1",108,"False",1
"solr_src_java_org_apache_solr_search_function_IntFieldSource.java","lucene-3.1",109,"False",1
"solr_src_java_org_apache_solr_search_function_IntFieldSource.java","lucene-3.1",110,"False",1
"solr_src_java_org_apache_solr_search_function_IntFieldSource.java","lucene-3.1",111,"False",1
"solr_src_java_org_apache_solr_search_function_IntFieldSource.java","lucene-3.1",112,"False",1
"solr_src_java_org_apache_solr_search_function_IntFieldSource.java","lucene-3.1",113,"False",1
"solr_src_java_org_apache_solr_search_function_IntFieldSource.java","lucene-3.1",114,"False",1
"solr_src_java_org_apache_solr_search_function_IntFieldSource.java","lucene-3.1",115,"False",1
"solr_src_java_org_apache_solr_search_function_IntFieldSource.java","lucene-3.1",116,"False",1
"solr_src_java_org_apache_solr_search_function_IntFieldSource.java","lucene-3.1",117,"False",1
"solr_src_java_org_apache_solr_search_function_IntFieldSource.java","lucene-3.1",118,"False",1
"solr_src_java_org_apache_solr_search_function_IntFieldSource.java","lucene-3.1",119,"False",1
"solr_src_java_org_apache_solr_search_function_IntFieldSource.java","lucene-3.1",120,"False",1
"solr_src_java_org_apache_solr_search_function_IntFieldSource.java","lucene-3.1",121,"False",1
"solr_src_java_org_apache_solr_search_function_IntFieldSource.java","lucene-3.1",122,"False",1
"solr_src_java_org_apache_solr_search_function_IntFieldSource.java","lucene-3.1",123,"False",1
"solr_src_java_org_apache_solr_search_function_IntFieldSource.java","lucene-3.1",124,"False",1
"solr_src_java_org_apache_solr_search_function_IntFieldSource.java","lucene-3.1",125,"False",1
"solr_src_java_org_apache_solr_search_function_IntFieldSource.java","lucene-3.1",126,"False",1
"solr_src_java_org_apache_solr_search_function_IntFieldSource.java","lucene-3.1",127,"False",1
"solr_src_java_org_apache_solr_search_function_IntFieldSource.java","lucene-3.1",128,"False",1
"solr_src_java_org_apache_solr_search_function_IntFieldSource.java","lucene-3.1",129,"False",1
"solr_src_java_org_apache_solr_search_function_IntFieldSource.java","lucene-3.1",130,"False",1
"solr_src_java_org_apache_solr_search_function_IntFieldSource.java","lucene-3.1",131,"False",1
"solr_src_java_org_apache_solr_search_function_IntFieldSource.java","lucene-3.1",132,"False",1
"solr_src_java_org_apache_solr_search_function_IntFieldSource.java","lucene-3.1",133,"False",1
"solr_src_java_org_apache_solr_search_function_IntFieldSource.java","lucene-3.1",134,"False",1
"solr_src_java_org_apache_solr_search_function_IntFieldSource.java","lucene-3.1",135,"False",1
"solr_src_java_org_apache_solr_search_function_IntFieldSource.java","lucene-3.1",136,"False",1
"solr_src_java_org_apache_solr_search_function_IntFieldSource.java","lucene-3.1",137,"False",1
"solr_src_java_org_apache_solr_search_function_IntFieldSource.java","lucene-3.1",138,"False",1
"solr_src_java_org_apache_solr_search_function_IntFieldSource.java","lucene-3.1",139,"False",1
"solr_src_java_org_apache_solr_search_function_IntFieldSource.java","lucene-3.1",140,"False",1
"solr_src_java_org_apache_solr_search_function_LongFieldSource.java","lucene-3.1",1,"False",1
"solr_src_java_org_apache_solr_search_function_LongFieldSource.java","lucene-3.1",2,"False",1
"solr_src_java_org_apache_solr_search_function_LongFieldSource.java","lucene-3.1",3,"False",1
"solr_src_java_org_apache_solr_search_function_LongFieldSource.java","lucene-3.1",4,"False",1
"solr_src_java_org_apache_solr_search_function_LongFieldSource.java","lucene-3.1",5,"False",1
"solr_src_java_org_apache_solr_search_function_LongFieldSource.java","lucene-3.1",6,"False",1
"solr_src_java_org_apache_solr_search_function_LongFieldSource.java","lucene-3.1",7,"False",1
"solr_src_java_org_apache_solr_search_function_LongFieldSource.java","lucene-3.1",8,"False",1
"solr_src_java_org_apache_solr_search_function_LongFieldSource.java","lucene-3.1",9,"False",1
"solr_src_java_org_apache_solr_search_function_LongFieldSource.java","lucene-3.1",10,"False",1
"solr_src_java_org_apache_solr_search_function_LongFieldSource.java","lucene-3.1",11,"False",1
"solr_src_java_org_apache_solr_search_function_LongFieldSource.java","lucene-3.1",12,"False",1
"solr_src_java_org_apache_solr_search_function_LongFieldSource.java","lucene-3.1",13,"False",1
"solr_src_java_org_apache_solr_search_function_LongFieldSource.java","lucene-3.1",14,"False",1
"solr_src_java_org_apache_solr_search_function_LongFieldSource.java","lucene-3.1",15,"False",1
"solr_src_java_org_apache_solr_search_function_LongFieldSource.java","lucene-3.1",16,"False",1
"solr_src_java_org_apache_solr_search_function_LongFieldSource.java","lucene-3.1",17,"False",1
"solr_src_java_org_apache_solr_search_function_LongFieldSource.java","lucene-3.1",18,"False",1
"solr_src_java_org_apache_solr_search_function_LongFieldSource.java","lucene-3.1",19,"False",1
"solr_src_java_org_apache_solr_search_function_LongFieldSource.java","lucene-3.1",20,"False",1
"solr_src_java_org_apache_solr_search_function_LongFieldSource.java","lucene-3.1",21,"False",1
"solr_src_java_org_apache_solr_search_function_LongFieldSource.java","lucene-3.1",22,"False",1
"solr_src_java_org_apache_solr_search_function_LongFieldSource.java","lucene-3.1",23,"False",1
"solr_src_java_org_apache_solr_search_function_LongFieldSource.java","lucene-3.1",24,"False",1
"solr_src_java_org_apache_solr_search_function_LongFieldSource.java","lucene-3.1",25,"False",1
"solr_src_java_org_apache_solr_search_function_LongFieldSource.java","lucene-3.1",26,"False",1
"solr_src_java_org_apache_solr_search_function_LongFieldSource.java","lucene-3.1",27,"False",1
"solr_src_java_org_apache_solr_search_function_LongFieldSource.java","lucene-3.1",28,"False",1
"solr_src_java_org_apache_solr_search_function_LongFieldSource.java","lucene-3.1",29,"False",1
"solr_src_java_org_apache_solr_search_function_LongFieldSource.java","lucene-3.1",30,"False",1
"solr_src_java_org_apache_solr_search_function_LongFieldSource.java","lucene-3.1",31,"False",1
"solr_src_java_org_apache_solr_search_function_LongFieldSource.java","lucene-3.1",32,"False",1
"solr_src_java_org_apache_solr_search_function_LongFieldSource.java","lucene-3.1",33,"False",1
"solr_src_java_org_apache_solr_search_function_LongFieldSource.java","lucene-3.1",34,"False",1
"solr_src_java_org_apache_solr_search_function_LongFieldSource.java","lucene-3.1",35,"False",1
"solr_src_java_org_apache_solr_search_function_LongFieldSource.java","lucene-3.1",36,"False",1
"solr_src_java_org_apache_solr_search_function_LongFieldSource.java","lucene-3.1",37,"False",1
"solr_src_java_org_apache_solr_search_function_LongFieldSource.java","lucene-3.1",38,"False",1
"solr_src_java_org_apache_solr_search_function_LongFieldSource.java","lucene-3.1",39,"False",1
"solr_src_java_org_apache_solr_search_function_LongFieldSource.java","lucene-3.1",40,"False",1
"solr_src_java_org_apache_solr_search_function_LongFieldSource.java","lucene-3.1",41,"False",1
"solr_src_java_org_apache_solr_search_function_LongFieldSource.java","lucene-3.1",42,"False",1
"solr_src_java_org_apache_solr_search_function_LongFieldSource.java","lucene-3.1",43,"False",1
"solr_src_java_org_apache_solr_search_function_LongFieldSource.java","lucene-3.1",44,"False",1
"solr_src_java_org_apache_solr_search_function_LongFieldSource.java","lucene-3.1",45,"False",1
"solr_src_java_org_apache_solr_search_function_LongFieldSource.java","lucene-3.1",46,"False",1
"solr_src_java_org_apache_solr_search_function_LongFieldSource.java","lucene-3.1",47,"False",1
"solr_src_java_org_apache_solr_search_function_LongFieldSource.java","lucene-3.1",48,"False",1
"solr_src_java_org_apache_solr_search_function_LongFieldSource.java","lucene-3.1",49,"False",1
"solr_src_java_org_apache_solr_search_function_LongFieldSource.java","lucene-3.1",50,"False",1
"solr_src_java_org_apache_solr_search_function_LongFieldSource.java","lucene-3.1",51,"False",1
"solr_src_java_org_apache_solr_search_function_LongFieldSource.java","lucene-3.1",52,"False",1
"solr_src_java_org_apache_solr_search_function_LongFieldSource.java","lucene-3.1",53,"False",1
"solr_src_java_org_apache_solr_search_function_LongFieldSource.java","lucene-3.1",54,"True",3
"solr_src_java_org_apache_solr_search_function_LongFieldSource.java","lucene-3.1",55,"False",1
"solr_src_java_org_apache_solr_search_function_LongFieldSource.java","lucene-3.1",56,"False",1
"solr_src_java_org_apache_solr_search_function_LongFieldSource.java","lucene-3.1",57,"False",1
"solr_src_java_org_apache_solr_search_function_LongFieldSource.java","lucene-3.1",58,"False",1
"solr_src_java_org_apache_solr_search_function_LongFieldSource.java","lucene-3.1",59,"False",1
"solr_src_java_org_apache_solr_search_function_LongFieldSource.java","lucene-3.1",60,"False",1
"solr_src_java_org_apache_solr_search_function_LongFieldSource.java","lucene-3.1",61,"False",1
"solr_src_java_org_apache_solr_search_function_LongFieldSource.java","lucene-3.1",62,"False",1
"solr_src_java_org_apache_solr_search_function_LongFieldSource.java","lucene-3.1",63,"False",1
"solr_src_java_org_apache_solr_search_function_LongFieldSource.java","lucene-3.1",64,"False",1
"solr_src_java_org_apache_solr_search_function_LongFieldSource.java","lucene-3.1",65,"False",1
"solr_src_java_org_apache_solr_search_function_LongFieldSource.java","lucene-3.1",66,"False",1
"solr_src_java_org_apache_solr_search_function_LongFieldSource.java","lucene-3.1",67,"False",1
"solr_src_java_org_apache_solr_search_function_LongFieldSource.java","lucene-3.1",68,"False",1
"solr_src_java_org_apache_solr_search_function_LongFieldSource.java","lucene-3.1",69,"False",1
"solr_src_java_org_apache_solr_search_function_LongFieldSource.java","lucene-3.1",70,"False",1
"solr_src_java_org_apache_solr_search_function_LongFieldSource.java","lucene-3.1",71,"False",1
"solr_src_java_org_apache_solr_search_function_LongFieldSource.java","lucene-3.1",72,"False",1
"solr_src_java_org_apache_solr_search_function_LongFieldSource.java","lucene-3.1",73,"False",1
"solr_src_java_org_apache_solr_search_function_LongFieldSource.java","lucene-3.1",74,"False",1
"solr_src_java_org_apache_solr_search_function_LongFieldSource.java","lucene-3.1",75,"False",1
"solr_src_java_org_apache_solr_search_function_LongFieldSource.java","lucene-3.1",76,"False",1
"solr_src_java_org_apache_solr_search_function_LongFieldSource.java","lucene-3.1",77,"False",1
"solr_src_java_org_apache_solr_search_function_LongFieldSource.java","lucene-3.1",78,"False",1
"solr_src_java_org_apache_solr_search_function_LongFieldSource.java","lucene-3.1",79,"False",1
"solr_src_java_org_apache_solr_search_function_LongFieldSource.java","lucene-3.1",80,"False",1
"solr_src_java_org_apache_solr_search_function_LongFieldSource.java","lucene-3.1",81,"False",1
"solr_src_java_org_apache_solr_search_function_LongFieldSource.java","lucene-3.1",82,"False",1
"solr_src_java_org_apache_solr_search_function_LongFieldSource.java","lucene-3.1",83,"False",1
"solr_src_java_org_apache_solr_search_function_LongFieldSource.java","lucene-3.1",84,"False",1
"solr_src_java_org_apache_solr_search_function_LongFieldSource.java","lucene-3.1",85,"False",1
"solr_src_java_org_apache_solr_search_function_LongFieldSource.java","lucene-3.1",86,"False",1
"solr_src_java_org_apache_solr_search_function_LongFieldSource.java","lucene-3.1",87,"False",1
"solr_src_java_org_apache_solr_search_function_LongFieldSource.java","lucene-3.1",88,"False",1
"solr_src_java_org_apache_solr_search_function_LongFieldSource.java","lucene-3.1",89,"False",1
"solr_src_java_org_apache_solr_search_function_LongFieldSource.java","lucene-3.1",90,"False",1
"solr_src_java_org_apache_solr_search_function_LongFieldSource.java","lucene-3.1",91,"False",1
"solr_src_java_org_apache_solr_search_function_LongFieldSource.java","lucene-3.1",92,"False",1
"solr_src_java_org_apache_solr_search_function_LongFieldSource.java","lucene-3.1",93,"False",1
"solr_src_java_org_apache_solr_search_function_LongFieldSource.java","lucene-3.1",94,"False",1
"solr_src_java_org_apache_solr_search_function_LongFieldSource.java","lucene-3.1",95,"False",1
"solr_src_java_org_apache_solr_search_function_LongFieldSource.java","lucene-3.1",96,"False",1
"solr_src_java_org_apache_solr_search_function_LongFieldSource.java","lucene-3.1",97,"False",1
"solr_src_java_org_apache_solr_search_function_LongFieldSource.java","lucene-3.1",98,"False",1
"solr_src_java_org_apache_solr_search_function_LongFieldSource.java","lucene-3.1",99,"False",1
"solr_src_java_org_apache_solr_search_function_LongFieldSource.java","lucene-3.1",100,"False",1
"solr_src_java_org_apache_solr_search_function_LongFieldSource.java","lucene-3.1",101,"False",1
"solr_src_java_org_apache_solr_search_function_LongFieldSource.java","lucene-3.1",102,"False",1
"solr_src_java_org_apache_solr_search_function_LongFieldSource.java","lucene-3.1",103,"False",1
"solr_src_java_org_apache_solr_search_function_LongFieldSource.java","lucene-3.1",104,"False",1
"solr_src_java_org_apache_solr_search_function_LongFieldSource.java","lucene-3.1",105,"False",1
"solr_src_java_org_apache_solr_search_function_LongFieldSource.java","lucene-3.1",106,"False",1
"solr_src_java_org_apache_solr_search_function_LongFieldSource.java","lucene-3.1",107,"False",1
"solr_src_java_org_apache_solr_search_function_LongFieldSource.java","lucene-3.1",108,"False",1
"solr_src_java_org_apache_solr_search_function_LongFieldSource.java","lucene-3.1",109,"False",1
"solr_src_java_org_apache_solr_search_function_LongFieldSource.java","lucene-3.1",110,"False",1
"solr_src_java_org_apache_solr_search_function_LongFieldSource.java","lucene-3.1",111,"False",1
"solr_src_java_org_apache_solr_search_function_LongFieldSource.java","lucene-3.1",112,"False",1
"solr_src_java_org_apache_solr_search_function_LongFieldSource.java","lucene-3.1",113,"False",1
"solr_src_java_org_apache_solr_search_function_LongFieldSource.java","lucene-3.1",114,"False",1
"solr_src_java_org_apache_solr_search_function_LongFieldSource.java","lucene-3.1",115,"False",1
"solr_src_java_org_apache_solr_search_function_LongFieldSource.java","lucene-3.1",116,"False",1
"solr_src_java_org_apache_solr_search_function_LongFieldSource.java","lucene-3.1",117,"False",1
"solr_src_java_org_apache_solr_search_function_LongFieldSource.java","lucene-3.1",118,"False",1
"solr_src_java_org_apache_solr_search_function_LongFieldSource.java","lucene-3.1",119,"False",1
"solr_src_java_org_apache_solr_search_function_LongFieldSource.java","lucene-3.1",120,"False",1
"solr_src_java_org_apache_solr_search_function_LongFieldSource.java","lucene-3.1",121,"False",1
"solr_src_java_org_apache_solr_search_function_LongFieldSource.java","lucene-3.1",122,"False",1
"solr_src_java_org_apache_solr_search_function_LongFieldSource.java","lucene-3.1",123,"False",1
"solr_src_java_org_apache_solr_search_function_LongFieldSource.java","lucene-3.1",124,"False",1
"solr_src_java_org_apache_solr_search_function_LongFieldSource.java","lucene-3.1",125,"False",1
"solr_src_java_org_apache_solr_search_function_LongFieldSource.java","lucene-3.1",126,"False",1
"solr_src_java_org_apache_solr_search_function_LongFieldSource.java","lucene-3.1",127,"False",1
"solr_src_java_org_apache_solr_search_function_LongFieldSource.java","lucene-3.1",128,"False",1
"solr_src_java_org_apache_solr_search_function_LongFieldSource.java","lucene-3.1",129,"False",1
"solr_src_java_org_apache_solr_search_function_LongFieldSource.java","lucene-3.1",130,"False",1
"solr_src_java_org_apache_solr_search_function_LongFieldSource.java","lucene-3.1",131,"False",1
"solr_src_java_org_apache_solr_search_function_LongFieldSource.java","lucene-3.1",132,"False",1
"solr_src_java_org_apache_solr_search_function_LongFieldSource.java","lucene-3.1",133,"False",1
"solr_src_java_org_apache_solr_search_function_LongFieldSource.java","lucene-3.1",134,"False",1
"solr_src_java_org_apache_solr_search_function_LongFieldSource.java","lucene-3.1",135,"False",1
"solr_src_java_org_apache_solr_search_function_LongFieldSource.java","lucene-3.1",136,"False",1
"solr_src_java_org_apache_solr_search_function_LongFieldSource.java","lucene-3.1",137,"False",1
"solr_src_java_org_apache_solr_search_function_LongFieldSource.java","lucene-3.1",138,"False",1
"solr_src_java_org_apache_solr_search_function_LongFieldSource.java","lucene-3.1",139,"False",1
"solr_src_java_org_apache_solr_search_function_LongFieldSource.java","lucene-3.1",140,"False",1
"solr_src_java_org_apache_solr_search_function_LongFieldSource.java","lucene-3.1",141,"False",1
"solr_src_java_org_apache_solr_search_function_LongFieldSource.java","lucene-3.1",142,"False",1
"solr_src_java_org_apache_solr_search_function_LongFieldSource.java","lucene-3.1",143,"False",1
"solr_src_java_org_apache_solr_search_function_LongFieldSource.java","lucene-3.1",144,"False",1
"solr_src_java_org_apache_solr_search_function_LongFieldSource.java","lucene-3.1",145,"False",1
"solr_src_java_org_apache_solr_search_function_LongFieldSource.java","lucene-3.1",146,"False",1
"solr_src_java_org_apache_solr_search_function_LongFieldSource.java","lucene-3.1",147,"False",1
"solr_src_java_org_apache_solr_search_function_QueryValueSource.java","lucene-3.1",1,"False",1
"solr_src_java_org_apache_solr_search_function_QueryValueSource.java","lucene-3.1",2,"False",1
"solr_src_java_org_apache_solr_search_function_QueryValueSource.java","lucene-3.1",3,"False",1
"solr_src_java_org_apache_solr_search_function_QueryValueSource.java","lucene-3.1",4,"False",1
"solr_src_java_org_apache_solr_search_function_QueryValueSource.java","lucene-3.1",5,"False",1
"solr_src_java_org_apache_solr_search_function_QueryValueSource.java","lucene-3.1",6,"False",1
"solr_src_java_org_apache_solr_search_function_QueryValueSource.java","lucene-3.1",7,"False",1
"solr_src_java_org_apache_solr_search_function_QueryValueSource.java","lucene-3.1",8,"False",1
"solr_src_java_org_apache_solr_search_function_QueryValueSource.java","lucene-3.1",9,"False",1
"solr_src_java_org_apache_solr_search_function_QueryValueSource.java","lucene-3.1",10,"False",1
"solr_src_java_org_apache_solr_search_function_QueryValueSource.java","lucene-3.1",11,"False",1
"solr_src_java_org_apache_solr_search_function_QueryValueSource.java","lucene-3.1",12,"False",1
"solr_src_java_org_apache_solr_search_function_QueryValueSource.java","lucene-3.1",13,"False",1
"solr_src_java_org_apache_solr_search_function_QueryValueSource.java","lucene-3.1",14,"False",1
"solr_src_java_org_apache_solr_search_function_QueryValueSource.java","lucene-3.1",15,"False",1
"solr_src_java_org_apache_solr_search_function_QueryValueSource.java","lucene-3.1",16,"False",1
"solr_src_java_org_apache_solr_search_function_QueryValueSource.java","lucene-3.1",17,"False",1
"solr_src_java_org_apache_solr_search_function_QueryValueSource.java","lucene-3.1",18,"False",1
"solr_src_java_org_apache_solr_search_function_QueryValueSource.java","lucene-3.1",19,"False",1
"solr_src_java_org_apache_solr_search_function_QueryValueSource.java","lucene-3.1",20,"False",1
"solr_src_java_org_apache_solr_search_function_QueryValueSource.java","lucene-3.1",21,"False",1
"solr_src_java_org_apache_solr_search_function_QueryValueSource.java","lucene-3.1",22,"False",1
"solr_src_java_org_apache_solr_search_function_QueryValueSource.java","lucene-3.1",23,"False",1
"solr_src_java_org_apache_solr_search_function_QueryValueSource.java","lucene-3.1",24,"False",1
"solr_src_java_org_apache_solr_search_function_QueryValueSource.java","lucene-3.1",25,"False",1
"solr_src_java_org_apache_solr_search_function_QueryValueSource.java","lucene-3.1",26,"False",1
"solr_src_java_org_apache_solr_search_function_QueryValueSource.java","lucene-3.1",27,"False",1
"solr_src_java_org_apache_solr_search_function_QueryValueSource.java","lucene-3.1",28,"False",1
"solr_src_java_org_apache_solr_search_function_QueryValueSource.java","lucene-3.1",29,"False",1
"solr_src_java_org_apache_solr_search_function_QueryValueSource.java","lucene-3.1",30,"False",1
"solr_src_java_org_apache_solr_search_function_QueryValueSource.java","lucene-3.1",31,"False",1
"solr_src_java_org_apache_solr_search_function_QueryValueSource.java","lucene-3.1",32,"False",1
"solr_src_java_org_apache_solr_search_function_QueryValueSource.java","lucene-3.1",33,"False",1
"solr_src_java_org_apache_solr_search_function_QueryValueSource.java","lucene-3.1",34,"False",1
"solr_src_java_org_apache_solr_search_function_QueryValueSource.java","lucene-3.1",35,"False",1
"solr_src_java_org_apache_solr_search_function_QueryValueSource.java","lucene-3.1",36,"False",1
"solr_src_java_org_apache_solr_search_function_QueryValueSource.java","lucene-3.1",37,"False",1
"solr_src_java_org_apache_solr_search_function_QueryValueSource.java","lucene-3.1",38,"False",1
"solr_src_java_org_apache_solr_search_function_QueryValueSource.java","lucene-3.1",39,"False",1
"solr_src_java_org_apache_solr_search_function_QueryValueSource.java","lucene-3.1",40,"False",1
"solr_src_java_org_apache_solr_search_function_QueryValueSource.java","lucene-3.1",41,"False",1
"solr_src_java_org_apache_solr_search_function_QueryValueSource.java","lucene-3.1",42,"False",1
"solr_src_java_org_apache_solr_search_function_QueryValueSource.java","lucene-3.1",43,"False",1
"solr_src_java_org_apache_solr_search_function_QueryValueSource.java","lucene-3.1",44,"False",1
"solr_src_java_org_apache_solr_search_function_QueryValueSource.java","lucene-3.1",45,"False",1
"solr_src_java_org_apache_solr_search_function_QueryValueSource.java","lucene-3.1",46,"False",1
"solr_src_java_org_apache_solr_search_function_QueryValueSource.java","lucene-3.1",47,"False",1
"solr_src_java_org_apache_solr_search_function_QueryValueSource.java","lucene-3.1",48,"False",1
"solr_src_java_org_apache_solr_search_function_QueryValueSource.java","lucene-3.1",49,"True",1
"solr_src_java_org_apache_solr_search_function_QueryValueSource.java","lucene-3.1",50,"False",1
"solr_src_java_org_apache_solr_search_function_QueryValueSource.java","lucene-3.1",51,"False",1
"solr_src_java_org_apache_solr_search_function_QueryValueSource.java","lucene-3.1",52,"False",1
"solr_src_java_org_apache_solr_search_function_QueryValueSource.java","lucene-3.1",53,"False",1
"solr_src_java_org_apache_solr_search_function_QueryValueSource.java","lucene-3.1",54,"False",1
"solr_src_java_org_apache_solr_search_function_QueryValueSource.java","lucene-3.1",55,"False",1
"solr_src_java_org_apache_solr_search_function_QueryValueSource.java","lucene-3.1",56,"False",1
"solr_src_java_org_apache_solr_search_function_QueryValueSource.java","lucene-3.1",57,"False",1
"solr_src_java_org_apache_solr_search_function_QueryValueSource.java","lucene-3.1",58,"False",1
"solr_src_java_org_apache_solr_search_function_QueryValueSource.java","lucene-3.1",59,"False",1
"solr_src_java_org_apache_solr_search_function_QueryValueSource.java","lucene-3.1",60,"False",1
"solr_src_java_org_apache_solr_search_function_QueryValueSource.java","lucene-3.1",61,"False",1
"solr_src_java_org_apache_solr_search_function_QueryValueSource.java","lucene-3.1",62,"False",1
"solr_src_java_org_apache_solr_search_function_QueryValueSource.java","lucene-3.1",63,"False",1
"solr_src_java_org_apache_solr_search_function_QueryValueSource.java","lucene-3.1",64,"False",1
"solr_src_java_org_apache_solr_search_function_QueryValueSource.java","lucene-3.1",65,"False",1
"solr_src_java_org_apache_solr_search_function_QueryValueSource.java","lucene-3.1",66,"False",1
"solr_src_java_org_apache_solr_search_function_QueryValueSource.java","lucene-3.1",67,"False",1
"solr_src_java_org_apache_solr_search_function_QueryValueSource.java","lucene-3.1",68,"False",1
"solr_src_java_org_apache_solr_search_function_QueryValueSource.java","lucene-3.1",69,"False",1
"solr_src_java_org_apache_solr_search_function_QueryValueSource.java","lucene-3.1",70,"False",1
"solr_src_java_org_apache_solr_search_function_QueryValueSource.java","lucene-3.1",71,"False",1
"solr_src_java_org_apache_solr_search_function_QueryValueSource.java","lucene-3.1",72,"False",1
"solr_src_java_org_apache_solr_search_function_QueryValueSource.java","lucene-3.1",73,"False",1
"solr_src_java_org_apache_solr_search_function_QueryValueSource.java","lucene-3.1",74,"False",1
"solr_src_java_org_apache_solr_search_function_QueryValueSource.java","lucene-3.1",75,"False",1
"solr_src_java_org_apache_solr_search_function_QueryValueSource.java","lucene-3.1",76,"False",1
"solr_src_java_org_apache_solr_search_function_QueryValueSource.java","lucene-3.1",77,"False",1
"solr_src_java_org_apache_solr_search_function_QueryValueSource.java","lucene-3.1",78,"False",1
"solr_src_java_org_apache_solr_search_function_QueryValueSource.java","lucene-3.1",79,"False",1
"solr_src_java_org_apache_solr_search_function_QueryValueSource.java","lucene-3.1",80,"False",1
"solr_src_java_org_apache_solr_search_function_QueryValueSource.java","lucene-3.1",81,"False",1
"solr_src_java_org_apache_solr_search_function_QueryValueSource.java","lucene-3.1",82,"False",1
"solr_src_java_org_apache_solr_search_function_QueryValueSource.java","lucene-3.1",83,"False",1
"solr_src_java_org_apache_solr_search_function_QueryValueSource.java","lucene-3.1",84,"False",1
"solr_src_java_org_apache_solr_search_function_QueryValueSource.java","lucene-3.1",85,"False",1
"solr_src_java_org_apache_solr_search_function_QueryValueSource.java","lucene-3.1",86,"False",1
"solr_src_java_org_apache_solr_search_function_QueryValueSource.java","lucene-3.1",87,"False",1
"solr_src_java_org_apache_solr_search_function_QueryValueSource.java","lucene-3.1",88,"False",1
"solr_src_java_org_apache_solr_search_function_QueryValueSource.java","lucene-3.1",89,"False",1
"solr_src_java_org_apache_solr_search_function_QueryValueSource.java","lucene-3.1",90,"False",1
"solr_src_java_org_apache_solr_search_function_QueryValueSource.java","lucene-3.1",91,"False",1
"solr_src_java_org_apache_solr_search_function_QueryValueSource.java","lucene-3.1",92,"False",1
"solr_src_java_org_apache_solr_search_function_QueryValueSource.java","lucene-3.1",93,"False",1
"solr_src_java_org_apache_solr_search_function_QueryValueSource.java","lucene-3.1",94,"False",1
"solr_src_java_org_apache_solr_search_function_QueryValueSource.java","lucene-3.1",95,"False",1
"solr_src_java_org_apache_solr_search_function_QueryValueSource.java","lucene-3.1",96,"False",1
"solr_src_java_org_apache_solr_search_function_QueryValueSource.java","lucene-3.1",97,"False",1
"solr_src_java_org_apache_solr_search_function_QueryValueSource.java","lucene-3.1",98,"False",1
"solr_src_java_org_apache_solr_search_function_QueryValueSource.java","lucene-3.1",99,"False",1
"solr_src_java_org_apache_solr_search_function_QueryValueSource.java","lucene-3.1",100,"False",1
"solr_src_java_org_apache_solr_search_function_QueryValueSource.java","lucene-3.1",101,"False",1
"solr_src_java_org_apache_solr_search_function_QueryValueSource.java","lucene-3.1",102,"False",1
"solr_src_java_org_apache_solr_search_function_QueryValueSource.java","lucene-3.1",103,"False",1
"solr_src_java_org_apache_solr_search_function_QueryValueSource.java","lucene-3.1",104,"False",1
"solr_src_java_org_apache_solr_search_function_QueryValueSource.java","lucene-3.1",105,"False",1
"solr_src_java_org_apache_solr_search_function_QueryValueSource.java","lucene-3.1",106,"False",1
"solr_src_java_org_apache_solr_search_function_QueryValueSource.java","lucene-3.1",107,"False",1
"solr_src_java_org_apache_solr_search_function_QueryValueSource.java","lucene-3.1",108,"False",1
"solr_src_java_org_apache_solr_search_function_QueryValueSource.java","lucene-3.1",109,"False",1
"solr_src_java_org_apache_solr_search_function_QueryValueSource.java","lucene-3.1",110,"False",1
"solr_src_java_org_apache_solr_search_function_QueryValueSource.java","lucene-3.1",111,"False",1
"solr_src_java_org_apache_solr_search_function_QueryValueSource.java","lucene-3.1",112,"False",1
"solr_src_java_org_apache_solr_search_function_QueryValueSource.java","lucene-3.1",113,"False",1
"solr_src_java_org_apache_solr_search_function_QueryValueSource.java","lucene-3.1",114,"False",1
"solr_src_java_org_apache_solr_search_function_QueryValueSource.java","lucene-3.1",115,"False",1
"solr_src_java_org_apache_solr_search_function_QueryValueSource.java","lucene-3.1",116,"False",1
"solr_src_java_org_apache_solr_search_function_QueryValueSource.java","lucene-3.1",117,"False",1
"solr_src_java_org_apache_solr_search_function_QueryValueSource.java","lucene-3.1",118,"False",1
"solr_src_java_org_apache_solr_search_function_QueryValueSource.java","lucene-3.1",119,"False",1
"solr_src_java_org_apache_solr_search_function_QueryValueSource.java","lucene-3.1",120,"False",1
"solr_src_java_org_apache_solr_search_function_QueryValueSource.java","lucene-3.1",121,"False",1
"solr_src_java_org_apache_solr_search_function_QueryValueSource.java","lucene-3.1",122,"False",1
"solr_src_java_org_apache_solr_search_function_QueryValueSource.java","lucene-3.1",123,"False",1
"solr_src_java_org_apache_solr_search_function_QueryValueSource.java","lucene-3.1",124,"False",1
"solr_src_java_org_apache_solr_search_function_QueryValueSource.java","lucene-3.1",125,"False",1
"solr_src_java_org_apache_solr_search_function_QueryValueSource.java","lucene-3.1",126,"False",1
"solr_src_java_org_apache_solr_search_function_QueryValueSource.java","lucene-3.1",127,"False",1
"solr_src_java_org_apache_solr_search_function_QueryValueSource.java","lucene-3.1",128,"False",1
"solr_src_java_org_apache_solr_search_function_QueryValueSource.java","lucene-3.1",129,"False",1
"solr_src_java_org_apache_solr_search_function_QueryValueSource.java","lucene-3.1",130,"False",1
"solr_src_java_org_apache_solr_search_function_QueryValueSource.java","lucene-3.1",131,"False",1
"solr_src_java_org_apache_solr_search_function_QueryValueSource.java","lucene-3.1",132,"False",1
"solr_src_java_org_apache_solr_search_function_QueryValueSource.java","lucene-3.1",133,"False",1
"solr_src_java_org_apache_solr_search_function_QueryValueSource.java","lucene-3.1",134,"False",1
"solr_src_java_org_apache_solr_search_function_QueryValueSource.java","lucene-3.1",135,"False",1
"solr_src_java_org_apache_solr_search_function_QueryValueSource.java","lucene-3.1",136,"False",1
"solr_src_java_org_apache_solr_search_function_QueryValueSource.java","lucene-3.1",137,"False",1
"solr_src_java_org_apache_solr_search_function_QueryValueSource.java","lucene-3.1",138,"False",1
"solr_src_java_org_apache_solr_search_function_QueryValueSource.java","lucene-3.1",139,"False",1
"solr_src_java_org_apache_solr_search_function_QueryValueSource.java","lucene-3.1",140,"False",1
"solr_src_java_org_apache_solr_search_function_RangeMapFloatFunction.java","lucene-3.1",1,"False",1
"solr_src_java_org_apache_solr_search_function_RangeMapFloatFunction.java","lucene-3.1",2,"False",1
"solr_src_java_org_apache_solr_search_function_RangeMapFloatFunction.java","lucene-3.1",3,"False",1
"solr_src_java_org_apache_solr_search_function_RangeMapFloatFunction.java","lucene-3.1",4,"False",1
"solr_src_java_org_apache_solr_search_function_RangeMapFloatFunction.java","lucene-3.1",5,"False",1
"solr_src_java_org_apache_solr_search_function_RangeMapFloatFunction.java","lucene-3.1",6,"False",1
"solr_src_java_org_apache_solr_search_function_RangeMapFloatFunction.java","lucene-3.1",7,"False",1
"solr_src_java_org_apache_solr_search_function_RangeMapFloatFunction.java","lucene-3.1",8,"False",1
"solr_src_java_org_apache_solr_search_function_RangeMapFloatFunction.java","lucene-3.1",9,"False",1
"solr_src_java_org_apache_solr_search_function_RangeMapFloatFunction.java","lucene-3.1",10,"False",1
"solr_src_java_org_apache_solr_search_function_RangeMapFloatFunction.java","lucene-3.1",11,"False",1
"solr_src_java_org_apache_solr_search_function_RangeMapFloatFunction.java","lucene-3.1",12,"False",1
"solr_src_java_org_apache_solr_search_function_RangeMapFloatFunction.java","lucene-3.1",13,"False",1
"solr_src_java_org_apache_solr_search_function_RangeMapFloatFunction.java","lucene-3.1",14,"False",1
"solr_src_java_org_apache_solr_search_function_RangeMapFloatFunction.java","lucene-3.1",15,"False",1
"solr_src_java_org_apache_solr_search_function_RangeMapFloatFunction.java","lucene-3.1",16,"False",1
"solr_src_java_org_apache_solr_search_function_RangeMapFloatFunction.java","lucene-3.1",17,"False",1
"solr_src_java_org_apache_solr_search_function_RangeMapFloatFunction.java","lucene-3.1",18,"False",1
"solr_src_java_org_apache_solr_search_function_RangeMapFloatFunction.java","lucene-3.1",19,"False",1
"solr_src_java_org_apache_solr_search_function_RangeMapFloatFunction.java","lucene-3.1",20,"False",1
"solr_src_java_org_apache_solr_search_function_RangeMapFloatFunction.java","lucene-3.1",21,"False",1
"solr_src_java_org_apache_solr_search_function_RangeMapFloatFunction.java","lucene-3.1",22,"False",1
"solr_src_java_org_apache_solr_search_function_RangeMapFloatFunction.java","lucene-3.1",23,"False",1
"solr_src_java_org_apache_solr_search_function_RangeMapFloatFunction.java","lucene-3.1",24,"False",1
"solr_src_java_org_apache_solr_search_function_RangeMapFloatFunction.java","lucene-3.1",25,"False",1
"solr_src_java_org_apache_solr_search_function_RangeMapFloatFunction.java","lucene-3.1",26,"False",1
"solr_src_java_org_apache_solr_search_function_RangeMapFloatFunction.java","lucene-3.1",27,"False",1
"solr_src_java_org_apache_solr_search_function_RangeMapFloatFunction.java","lucene-3.1",28,"False",1
"solr_src_java_org_apache_solr_search_function_RangeMapFloatFunction.java","lucene-3.1",29,"False",1
"solr_src_java_org_apache_solr_search_function_RangeMapFloatFunction.java","lucene-3.1",30,"False",1
"solr_src_java_org_apache_solr_search_function_RangeMapFloatFunction.java","lucene-3.1",31,"False",1
"solr_src_java_org_apache_solr_search_function_RangeMapFloatFunction.java","lucene-3.1",32,"False",1
"solr_src_java_org_apache_solr_search_function_RangeMapFloatFunction.java","lucene-3.1",33,"False",1
"solr_src_java_org_apache_solr_search_function_RangeMapFloatFunction.java","lucene-3.1",34,"False",1
"solr_src_java_org_apache_solr_search_function_RangeMapFloatFunction.java","lucene-3.1",35,"False",1
"solr_src_java_org_apache_solr_search_function_RangeMapFloatFunction.java","lucene-3.1",36,"False",1
"solr_src_java_org_apache_solr_search_function_RangeMapFloatFunction.java","lucene-3.1",37,"False",1
"solr_src_java_org_apache_solr_search_function_RangeMapFloatFunction.java","lucene-3.1",38,"False",1
"solr_src_java_org_apache_solr_search_function_RangeMapFloatFunction.java","lucene-3.1",39,"False",1
"solr_src_java_org_apache_solr_search_function_RangeMapFloatFunction.java","lucene-3.1",40,"False",1
"solr_src_java_org_apache_solr_search_function_RangeMapFloatFunction.java","lucene-3.1",41,"False",1
"solr_src_java_org_apache_solr_search_function_RangeMapFloatFunction.java","lucene-3.1",42,"False",1
"solr_src_java_org_apache_solr_search_function_RangeMapFloatFunction.java","lucene-3.1",43,"False",1
"solr_src_java_org_apache_solr_search_function_RangeMapFloatFunction.java","lucene-3.1",44,"False",1
"solr_src_java_org_apache_solr_search_function_RangeMapFloatFunction.java","lucene-3.1",45,"False",1
"solr_src_java_org_apache_solr_search_function_RangeMapFloatFunction.java","lucene-3.1",46,"False",1
"solr_src_java_org_apache_solr_search_function_RangeMapFloatFunction.java","lucene-3.1",47,"False",1
"solr_src_java_org_apache_solr_search_function_RangeMapFloatFunction.java","lucene-3.1",48,"False",1
"solr_src_java_org_apache_solr_search_function_RangeMapFloatFunction.java","lucene-3.1",49,"False",1
"solr_src_java_org_apache_solr_search_function_RangeMapFloatFunction.java","lucene-3.1",50,"False",1
"solr_src_java_org_apache_solr_search_function_RangeMapFloatFunction.java","lucene-3.1",51,"False",1
"solr_src_java_org_apache_solr_search_function_RangeMapFloatFunction.java","lucene-3.1",52,"False",1
"solr_src_java_org_apache_solr_search_function_RangeMapFloatFunction.java","lucene-3.1",53,"False",1
"solr_src_java_org_apache_solr_search_function_RangeMapFloatFunction.java","lucene-3.1",54,"False",1
"solr_src_java_org_apache_solr_search_function_RangeMapFloatFunction.java","lucene-3.1",55,"False",1
"solr_src_java_org_apache_solr_search_function_RangeMapFloatFunction.java","lucene-3.1",56,"False",1
"solr_src_java_org_apache_solr_search_function_RangeMapFloatFunction.java","lucene-3.1",57,"False",1
"solr_src_java_org_apache_solr_search_function_RangeMapFloatFunction.java","lucene-3.1",58,"False",1
"solr_src_java_org_apache_solr_search_function_RangeMapFloatFunction.java","lucene-3.1",59,"False",1
"solr_src_java_org_apache_solr_search_function_RangeMapFloatFunction.java","lucene-3.1",60,"False",1
"solr_src_java_org_apache_solr_search_function_RangeMapFloatFunction.java","lucene-3.1",61,"False",1
"solr_src_java_org_apache_solr_search_function_RangeMapFloatFunction.java","lucene-3.1",62,"False",1
"solr_src_java_org_apache_solr_search_function_RangeMapFloatFunction.java","lucene-3.1",63,"False",1
"solr_src_java_org_apache_solr_search_function_RangeMapFloatFunction.java","lucene-3.1",64,"False",1
"solr_src_java_org_apache_solr_search_function_RangeMapFloatFunction.java","lucene-3.1",65,"False",1
"solr_src_java_org_apache_solr_search_function_RangeMapFloatFunction.java","lucene-3.1",66,"False",1
"solr_src_java_org_apache_solr_search_function_RangeMapFloatFunction.java","lucene-3.1",67,"False",1
"solr_src_java_org_apache_solr_search_function_RangeMapFloatFunction.java","lucene-3.1",68,"False",1
"solr_src_java_org_apache_solr_search_function_RangeMapFloatFunction.java","lucene-3.1",69,"False",1
"solr_src_java_org_apache_solr_search_function_RangeMapFloatFunction.java","lucene-3.1",70,"False",1
"solr_src_java_org_apache_solr_search_function_RangeMapFloatFunction.java","lucene-3.1",71,"False",1
"solr_src_java_org_apache_solr_search_function_RangeMapFloatFunction.java","lucene-3.1",72,"False",1
"solr_src_java_org_apache_solr_search_function_RangeMapFloatFunction.java","lucene-3.1",73,"False",1
"solr_src_java_org_apache_solr_search_function_RangeMapFloatFunction.java","lucene-3.1",74,"False",1
"solr_src_java_org_apache_solr_search_function_RangeMapFloatFunction.java","lucene-3.1",75,"False",1
"solr_src_java_org_apache_solr_search_function_RangeMapFloatFunction.java","lucene-3.1",76,"False",1
"solr_src_java_org_apache_solr_search_function_RangeMapFloatFunction.java","lucene-3.1",77,"False",1
"solr_src_java_org_apache_solr_search_function_RangeMapFloatFunction.java","lucene-3.1",78,"False",1
"solr_src_java_org_apache_solr_search_function_RangeMapFloatFunction.java","lucene-3.1",79,"False",1
"solr_src_java_org_apache_solr_search_function_RangeMapFloatFunction.java","lucene-3.1",80,"False",1
"solr_src_java_org_apache_solr_search_function_RangeMapFloatFunction.java","lucene-3.1",81,"False",1
"solr_src_java_org_apache_solr_search_function_RangeMapFloatFunction.java","lucene-3.1",82,"False",1
"solr_src_java_org_apache_solr_search_function_RangeMapFloatFunction.java","lucene-3.1",83,"False",1
"solr_src_java_org_apache_solr_search_function_RangeMapFloatFunction.java","lucene-3.1",84,"False",1
"solr_src_java_org_apache_solr_search_function_RangeMapFloatFunction.java","lucene-3.1",85,"False",1
"solr_src_java_org_apache_solr_search_function_RangeMapFloatFunction.java","lucene-3.1",86,"False",1
"solr_src_java_org_apache_solr_search_function_RangeMapFloatFunction.java","lucene-3.1",87,"False",1
"solr_src_java_org_apache_solr_search_function_RangeMapFloatFunction.java","lucene-3.1",88,"False",1
"solr_src_java_org_apache_solr_search_function_RangeMapFloatFunction.java","lucene-3.1",89,"False",1
"solr_src_java_org_apache_solr_search_function_RangeMapFloatFunction.java","lucene-3.1",90,"False",1
"solr_src_java_org_apache_solr_search_function_RangeMapFloatFunction.java","lucene-3.1",91,"False",1
"solr_src_java_org_apache_solr_search_function_RangeMapFloatFunction.java","lucene-3.1",92,"False",1
"solr_src_java_org_apache_solr_search_function_RangeMapFloatFunction.java","lucene-3.1",93,"False",1
"solr_src_java_org_apache_solr_search_function_RangeMapFloatFunction.java","lucene-3.1",94,"False",1
"solr_src_java_org_apache_solr_search_function_RangeMapFloatFunction.java","lucene-3.1",95,"False",1
"solr_src_java_org_apache_solr_search_function_RangeMapFloatFunction.java","lucene-3.1",96,"False",1
"solr_src_java_org_apache_solr_search_function_RangeMapFloatFunction.java","lucene-3.1",97,"False",1
"solr_src_java_org_apache_solr_search_function_RangeMapFloatFunction.java","lucene-3.1",98,"False",1
"solr_src_java_org_apache_solr_search_function_RangeMapFloatFunction.java","lucene-3.1",99,"False",1
"solr_src_java_org_apache_solr_search_function_RangeMapFloatFunction.java","lucene-3.1",100,"False",1
"solr_src_java_org_apache_solr_search_function_RangeMapFloatFunction.java","lucene-3.1",101,"False",1
"solr_src_java_org_apache_solr_search_function_RangeMapFloatFunction.java","lucene-3.1",102,"False",1
"solr_src_java_org_apache_solr_search_function_RangeMapFloatFunction.java","lucene-3.1",103,"False",1
"solr_src_java_org_apache_solr_search_function_RangeMapFloatFunction.java","lucene-3.1",104,"False",1
"solr_src_java_org_apache_solr_search_function_RangeMapFloatFunction.java","lucene-3.1",105,"False",1
"solr_src_java_org_apache_solr_search_function_RangeMapFloatFunction.java","lucene-3.1",106,"False",1
"solr_src_java_org_apache_solr_search_function_RangeMapFloatFunction.java","lucene-3.1",107,"False",1
"solr_src_java_org_apache_solr_search_function_RangeMapFloatFunction.java","lucene-3.1",108,"False",1
"solr_src_java_org_apache_solr_search_function_RangeMapFloatFunction.java","lucene-3.1",109,"False",1
"solr_src_java_org_apache_solr_search_function_RangeMapFloatFunction.java","lucene-3.1",110,"False",1
"solr_src_java_org_apache_solr_search_function_RangeMapFloatFunction.java","lucene-3.1",111,"False",1
"solr_src_java_org_apache_solr_search_function_RangeMapFloatFunction.java","lucene-3.1",112,"False",1
"solr_src_java_org_apache_solr_search_function_RangeMapFloatFunction.java","lucene-3.1",113,"True",1
"solr_src_java_org_apache_solr_search_function_RangeMapFloatFunction.java","lucene-3.1",114,"False",1
"solr_src_java_org_apache_solr_search_function_RangeMapFloatFunction.java","lucene-3.1",115,"False",1
"solr_src_java_org_apache_solr_search_function_distance_HaversineConstFunction.java","lucene-3.1",1,"False",1
"solr_src_java_org_apache_solr_search_function_distance_HaversineConstFunction.java","lucene-3.1",2,"False",1
"solr_src_java_org_apache_solr_search_function_distance_HaversineConstFunction.java","lucene-3.1",3,"False",1
"solr_src_java_org_apache_solr_search_function_distance_HaversineConstFunction.java","lucene-3.1",4,"False",1
"solr_src_java_org_apache_solr_search_function_distance_HaversineConstFunction.java","lucene-3.1",5,"False",1
"solr_src_java_org_apache_solr_search_function_distance_HaversineConstFunction.java","lucene-3.1",6,"False",1
"solr_src_java_org_apache_solr_search_function_distance_HaversineConstFunction.java","lucene-3.1",7,"False",1
"solr_src_java_org_apache_solr_search_function_distance_HaversineConstFunction.java","lucene-3.1",8,"False",1
"solr_src_java_org_apache_solr_search_function_distance_HaversineConstFunction.java","lucene-3.1",9,"False",1
"solr_src_java_org_apache_solr_search_function_distance_HaversineConstFunction.java","lucene-3.1",10,"False",1
"solr_src_java_org_apache_solr_search_function_distance_HaversineConstFunction.java","lucene-3.1",11,"False",1
"solr_src_java_org_apache_solr_search_function_distance_HaversineConstFunction.java","lucene-3.1",12,"False",1
"solr_src_java_org_apache_solr_search_function_distance_HaversineConstFunction.java","lucene-3.1",13,"False",1
"solr_src_java_org_apache_solr_search_function_distance_HaversineConstFunction.java","lucene-3.1",14,"False",1
"solr_src_java_org_apache_solr_search_function_distance_HaversineConstFunction.java","lucene-3.1",15,"False",1
"solr_src_java_org_apache_solr_search_function_distance_HaversineConstFunction.java","lucene-3.1",16,"False",1
"solr_src_java_org_apache_solr_search_function_distance_HaversineConstFunction.java","lucene-3.1",17,"False",1
"solr_src_java_org_apache_solr_search_function_distance_HaversineConstFunction.java","lucene-3.1",18,"False",1
"solr_src_java_org_apache_solr_search_function_distance_HaversineConstFunction.java","lucene-3.1",19,"False",1
"solr_src_java_org_apache_solr_search_function_distance_HaversineConstFunction.java","lucene-3.1",20,"False",1
"solr_src_java_org_apache_solr_search_function_distance_HaversineConstFunction.java","lucene-3.1",21,"False",1
"solr_src_java_org_apache_solr_search_function_distance_HaversineConstFunction.java","lucene-3.1",22,"False",1
"solr_src_java_org_apache_solr_search_function_distance_HaversineConstFunction.java","lucene-3.1",23,"False",1
"solr_src_java_org_apache_solr_search_function_distance_HaversineConstFunction.java","lucene-3.1",24,"False",1
"solr_src_java_org_apache_solr_search_function_distance_HaversineConstFunction.java","lucene-3.1",25,"False",1
"solr_src_java_org_apache_solr_search_function_distance_HaversineConstFunction.java","lucene-3.1",26,"False",1
"solr_src_java_org_apache_solr_search_function_distance_HaversineConstFunction.java","lucene-3.1",27,"False",1
"solr_src_java_org_apache_solr_search_function_distance_HaversineConstFunction.java","lucene-3.1",28,"False",1
"solr_src_java_org_apache_solr_search_function_distance_HaversineConstFunction.java","lucene-3.1",29,"False",1
"solr_src_java_org_apache_solr_search_function_distance_HaversineConstFunction.java","lucene-3.1",30,"False",1
"solr_src_java_org_apache_solr_search_function_distance_HaversineConstFunction.java","lucene-3.1",31,"False",1
"solr_src_java_org_apache_solr_search_function_distance_HaversineConstFunction.java","lucene-3.1",32,"False",1
"solr_src_java_org_apache_solr_search_function_distance_HaversineConstFunction.java","lucene-3.1",33,"False",1
"solr_src_java_org_apache_solr_search_function_distance_HaversineConstFunction.java","lucene-3.1",34,"False",1
"solr_src_java_org_apache_solr_search_function_distance_HaversineConstFunction.java","lucene-3.1",35,"False",1
"solr_src_java_org_apache_solr_search_function_distance_HaversineConstFunction.java","lucene-3.1",36,"False",1
"solr_src_java_org_apache_solr_search_function_distance_HaversineConstFunction.java","lucene-3.1",37,"False",1
"solr_src_java_org_apache_solr_search_function_distance_HaversineConstFunction.java","lucene-3.1",38,"False",1
"solr_src_java_org_apache_solr_search_function_distance_HaversineConstFunction.java","lucene-3.1",39,"False",1
"solr_src_java_org_apache_solr_search_function_distance_HaversineConstFunction.java","lucene-3.1",40,"False",1
"solr_src_java_org_apache_solr_search_function_distance_HaversineConstFunction.java","lucene-3.1",41,"False",1
"solr_src_java_org_apache_solr_search_function_distance_HaversineConstFunction.java","lucene-3.1",42,"False",1
"solr_src_java_org_apache_solr_search_function_distance_HaversineConstFunction.java","lucene-3.1",43,"False",1
"solr_src_java_org_apache_solr_search_function_distance_HaversineConstFunction.java","lucene-3.1",44,"False",1
"solr_src_java_org_apache_solr_search_function_distance_HaversineConstFunction.java","lucene-3.1",45,"False",1
"solr_src_java_org_apache_solr_search_function_distance_HaversineConstFunction.java","lucene-3.1",46,"False",1
"solr_src_java_org_apache_solr_search_function_distance_HaversineConstFunction.java","lucene-3.1",47,"False",1
"solr_src_java_org_apache_solr_search_function_distance_HaversineConstFunction.java","lucene-3.1",48,"False",1
"solr_src_java_org_apache_solr_search_function_distance_HaversineConstFunction.java","lucene-3.1",49,"False",1
"solr_src_java_org_apache_solr_search_function_distance_HaversineConstFunction.java","lucene-3.1",50,"False",1
"solr_src_java_org_apache_solr_search_function_distance_HaversineConstFunction.java","lucene-3.1",51,"False",1
"solr_src_java_org_apache_solr_search_function_distance_HaversineConstFunction.java","lucene-3.1",52,"False",1
"solr_src_java_org_apache_solr_search_function_distance_HaversineConstFunction.java","lucene-3.1",53,"False",1
"solr_src_java_org_apache_solr_search_function_distance_HaversineConstFunction.java","lucene-3.1",54,"False",1
"solr_src_java_org_apache_solr_search_function_distance_HaversineConstFunction.java","lucene-3.1",55,"False",1
"solr_src_java_org_apache_solr_search_function_distance_HaversineConstFunction.java","lucene-3.1",56,"False",1
"solr_src_java_org_apache_solr_search_function_distance_HaversineConstFunction.java","lucene-3.1",57,"False",1
"solr_src_java_org_apache_solr_search_function_distance_HaversineConstFunction.java","lucene-3.1",58,"False",1
"solr_src_java_org_apache_solr_search_function_distance_HaversineConstFunction.java","lucene-3.1",59,"False",1
"solr_src_java_org_apache_solr_search_function_distance_HaversineConstFunction.java","lucene-3.1",60,"False",1
"solr_src_java_org_apache_solr_search_function_distance_HaversineConstFunction.java","lucene-3.1",61,"False",1
"solr_src_java_org_apache_solr_search_function_distance_HaversineConstFunction.java","lucene-3.1",62,"False",1
"solr_src_java_org_apache_solr_search_function_distance_HaversineConstFunction.java","lucene-3.1",63,"False",1
"solr_src_java_org_apache_solr_search_function_distance_HaversineConstFunction.java","lucene-3.1",64,"False",1
"solr_src_java_org_apache_solr_search_function_distance_HaversineConstFunction.java","lucene-3.1",65,"False",1
"solr_src_java_org_apache_solr_search_function_distance_HaversineConstFunction.java","lucene-3.1",66,"False",1
"solr_src_java_org_apache_solr_search_function_distance_HaversineConstFunction.java","lucene-3.1",67,"False",1
"solr_src_java_org_apache_solr_search_function_distance_HaversineConstFunction.java","lucene-3.1",68,"False",1
"solr_src_java_org_apache_solr_search_function_distance_HaversineConstFunction.java","lucene-3.1",69,"False",1
"solr_src_java_org_apache_solr_search_function_distance_HaversineConstFunction.java","lucene-3.1",70,"False",1
"solr_src_java_org_apache_solr_search_function_distance_HaversineConstFunction.java","lucene-3.1",71,"False",1
"solr_src_java_org_apache_solr_search_function_distance_HaversineConstFunction.java","lucene-3.1",72,"False",1
"solr_src_java_org_apache_solr_search_function_distance_HaversineConstFunction.java","lucene-3.1",73,"False",1
"solr_src_java_org_apache_solr_search_function_distance_HaversineConstFunction.java","lucene-3.1",74,"False",1
"solr_src_java_org_apache_solr_search_function_distance_HaversineConstFunction.java","lucene-3.1",75,"True",3
"solr_src_java_org_apache_solr_search_function_distance_HaversineConstFunction.java","lucene-3.1",76,"False",1
"solr_src_java_org_apache_solr_search_function_distance_HaversineConstFunction.java","lucene-3.1",77,"False",1
"solr_src_java_org_apache_solr_search_function_distance_HaversineConstFunction.java","lucene-3.1",78,"False",1
"solr_src_java_org_apache_solr_search_function_distance_HaversineConstFunction.java","lucene-3.1",79,"False",1
"solr_src_java_org_apache_solr_search_function_distance_HaversineConstFunction.java","lucene-3.1",80,"False",1
"solr_src_java_org_apache_solr_search_function_distance_HaversineConstFunction.java","lucene-3.1",81,"False",1
"solr_src_java_org_apache_solr_search_function_distance_HaversineConstFunction.java","lucene-3.1",82,"False",1
"solr_src_java_org_apache_solr_search_function_distance_HaversineConstFunction.java","lucene-3.1",83,"False",1
"solr_src_java_org_apache_solr_search_function_distance_HaversineConstFunction.java","lucene-3.1",84,"False",1
"solr_src_java_org_apache_solr_search_function_distance_HaversineConstFunction.java","lucene-3.1",85,"False",1
"solr_src_java_org_apache_solr_search_function_distance_HaversineConstFunction.java","lucene-3.1",86,"False",1
"solr_src_java_org_apache_solr_search_function_distance_HaversineConstFunction.java","lucene-3.1",87,"False",1
"solr_src_java_org_apache_solr_search_function_distance_HaversineConstFunction.java","lucene-3.1",88,"False",1
"solr_src_java_org_apache_solr_search_function_distance_HaversineConstFunction.java","lucene-3.1",89,"False",1
"solr_src_java_org_apache_solr_search_function_distance_HaversineConstFunction.java","lucene-3.1",90,"False",1
"solr_src_java_org_apache_solr_search_function_distance_HaversineConstFunction.java","lucene-3.1",91,"False",1
"solr_src_java_org_apache_solr_search_function_distance_HaversineConstFunction.java","lucene-3.1",92,"False",1
"solr_src_java_org_apache_solr_search_function_distance_HaversineConstFunction.java","lucene-3.1",93,"False",1
"solr_src_java_org_apache_solr_search_function_distance_HaversineConstFunction.java","lucene-3.1",94,"False",1
"solr_src_java_org_apache_solr_search_function_distance_HaversineConstFunction.java","lucene-3.1",95,"False",1
"solr_src_java_org_apache_solr_search_function_distance_HaversineConstFunction.java","lucene-3.1",96,"False",1
"solr_src_java_org_apache_solr_search_function_distance_HaversineConstFunction.java","lucene-3.1",97,"False",1
"solr_src_java_org_apache_solr_search_function_distance_HaversineConstFunction.java","lucene-3.1",98,"False",1
"solr_src_java_org_apache_solr_search_function_distance_HaversineConstFunction.java","lucene-3.1",99,"False",1
"solr_src_java_org_apache_solr_search_function_distance_HaversineConstFunction.java","lucene-3.1",100,"False",1
"solr_src_java_org_apache_solr_search_function_distance_HaversineConstFunction.java","lucene-3.1",101,"False",1
"solr_src_java_org_apache_solr_search_function_distance_HaversineConstFunction.java","lucene-3.1",102,"False",1
"solr_src_java_org_apache_solr_search_function_distance_HaversineConstFunction.java","lucene-3.1",103,"False",1
"solr_src_java_org_apache_solr_search_function_distance_HaversineConstFunction.java","lucene-3.1",104,"False",1
"solr_src_java_org_apache_solr_search_function_distance_HaversineConstFunction.java","lucene-3.1",105,"False",1
"solr_src_java_org_apache_solr_search_function_distance_HaversineConstFunction.java","lucene-3.1",106,"False",1
"solr_src_java_org_apache_solr_search_function_distance_HaversineConstFunction.java","lucene-3.1",107,"False",1
"solr_src_java_org_apache_solr_search_function_distance_HaversineConstFunction.java","lucene-3.1",108,"False",1
"solr_src_java_org_apache_solr_search_function_distance_HaversineConstFunction.java","lucene-3.1",109,"False",1
"solr_src_java_org_apache_solr_search_function_distance_HaversineConstFunction.java","lucene-3.1",110,"False",1
"solr_src_java_org_apache_solr_search_function_distance_HaversineConstFunction.java","lucene-3.1",111,"False",1
"solr_src_java_org_apache_solr_search_function_distance_HaversineConstFunction.java","lucene-3.1",112,"False",1
"solr_src_java_org_apache_solr_search_function_distance_HaversineConstFunction.java","lucene-3.1",113,"False",1
"solr_src_java_org_apache_solr_search_function_distance_HaversineConstFunction.java","lucene-3.1",114,"False",1
"solr_src_java_org_apache_solr_search_function_distance_HaversineConstFunction.java","lucene-3.1",115,"False",1
"solr_src_java_org_apache_solr_search_function_distance_HaversineConstFunction.java","lucene-3.1",116,"False",1
"solr_src_java_org_apache_solr_search_function_distance_HaversineConstFunction.java","lucene-3.1",117,"False",1
"solr_src_java_org_apache_solr_search_function_distance_HaversineConstFunction.java","lucene-3.1",118,"False",1
"solr_src_java_org_apache_solr_search_function_distance_HaversineConstFunction.java","lucene-3.1",119,"False",1
"solr_src_java_org_apache_solr_search_function_distance_HaversineConstFunction.java","lucene-3.1",120,"False",1
"solr_src_java_org_apache_solr_search_function_distance_HaversineConstFunction.java","lucene-3.1",121,"False",1
"solr_src_java_org_apache_solr_search_function_distance_HaversineConstFunction.java","lucene-3.1",122,"False",1
"solr_src_java_org_apache_solr_search_function_distance_HaversineConstFunction.java","lucene-3.1",123,"False",1
"solr_src_java_org_apache_solr_search_function_distance_HaversineConstFunction.java","lucene-3.1",124,"False",1
"solr_src_java_org_apache_solr_search_function_distance_HaversineConstFunction.java","lucene-3.1",125,"False",1
"solr_src_java_org_apache_solr_search_function_distance_HaversineConstFunction.java","lucene-3.1",126,"False",1
"solr_src_java_org_apache_solr_search_function_distance_HaversineConstFunction.java","lucene-3.1",127,"False",1
"solr_src_java_org_apache_solr_search_function_distance_HaversineConstFunction.java","lucene-3.1",128,"False",1
"solr_src_java_org_apache_solr_search_function_distance_HaversineConstFunction.java","lucene-3.1",129,"False",1
"solr_src_java_org_apache_solr_search_function_distance_HaversineConstFunction.java","lucene-3.1",130,"False",1
"solr_src_java_org_apache_solr_search_function_distance_HaversineConstFunction.java","lucene-3.1",131,"False",1
"solr_src_java_org_apache_solr_search_function_distance_HaversineConstFunction.java","lucene-3.1",132,"False",1
"solr_src_java_org_apache_solr_search_function_distance_HaversineConstFunction.java","lucene-3.1",133,"False",1
"solr_src_java_org_apache_solr_search_function_distance_HaversineConstFunction.java","lucene-3.1",134,"False",1
"solr_src_java_org_apache_solr_search_function_distance_HaversineConstFunction.java","lucene-3.1",135,"False",1
"solr_src_java_org_apache_solr_search_function_distance_HaversineConstFunction.java","lucene-3.1",136,"False",1
"solr_src_java_org_apache_solr_search_function_distance_HaversineConstFunction.java","lucene-3.1",137,"False",1
"solr_src_java_org_apache_solr_search_function_distance_HaversineConstFunction.java","lucene-3.1",138,"False",1
"solr_src_java_org_apache_solr_search_function_distance_HaversineConstFunction.java","lucene-3.1",139,"False",1
"solr_src_java_org_apache_solr_search_function_distance_HaversineConstFunction.java","lucene-3.1",140,"False",1
"solr_src_java_org_apache_solr_search_function_distance_HaversineConstFunction.java","lucene-3.1",141,"False",1
"solr_src_java_org_apache_solr_search_function_distance_HaversineConstFunction.java","lucene-3.1",142,"False",1
"solr_src_java_org_apache_solr_search_function_distance_HaversineConstFunction.java","lucene-3.1",143,"False",1
"solr_src_java_org_apache_solr_search_function_distance_HaversineConstFunction.java","lucene-3.1",144,"False",1
"solr_src_java_org_apache_solr_search_function_distance_HaversineConstFunction.java","lucene-3.1",145,"False",1
"solr_src_java_org_apache_solr_search_function_distance_HaversineConstFunction.java","lucene-3.1",146,"False",1
"solr_src_java_org_apache_solr_search_function_distance_HaversineConstFunction.java","lucene-3.1",147,"False",1
"solr_src_java_org_apache_solr_search_function_distance_HaversineConstFunction.java","lucene-3.1",148,"False",1
"solr_src_java_org_apache_solr_search_function_distance_HaversineConstFunction.java","lucene-3.1",149,"False",1
"solr_src_java_org_apache_solr_search_function_distance_HaversineConstFunction.java","lucene-3.1",150,"False",1
"solr_src_java_org_apache_solr_search_function_distance_HaversineConstFunction.java","lucene-3.1",151,"False",1
"solr_src_java_org_apache_solr_search_function_distance_HaversineConstFunction.java","lucene-3.1",152,"False",1
"solr_src_java_org_apache_solr_search_function_distance_HaversineConstFunction.java","lucene-3.1",153,"False",1
"solr_src_java_org_apache_solr_search_function_distance_HaversineConstFunction.java","lucene-3.1",154,"False",1
"solr_src_java_org_apache_solr_search_function_distance_HaversineConstFunction.java","lucene-3.1",155,"False",1
"solr_src_java_org_apache_solr_search_function_distance_HaversineConstFunction.java","lucene-3.1",156,"False",1
"solr_src_java_org_apache_solr_search_function_distance_HaversineConstFunction.java","lucene-3.1",157,"False",1
"solr_src_java_org_apache_solr_search_function_distance_HaversineConstFunction.java","lucene-3.1",158,"False",1
"solr_src_java_org_apache_solr_search_function_distance_HaversineConstFunction.java","lucene-3.1",159,"False",1
"solr_src_java_org_apache_solr_search_function_distance_HaversineConstFunction.java","lucene-3.1",160,"False",1
"solr_src_java_org_apache_solr_search_function_distance_HaversineConstFunction.java","lucene-3.1",161,"False",1
"solr_src_java_org_apache_solr_search_function_distance_HaversineConstFunction.java","lucene-3.1",162,"False",1
"solr_src_java_org_apache_solr_search_function_distance_HaversineConstFunction.java","lucene-3.1",163,"False",1
"solr_src_java_org_apache_solr_search_function_distance_HaversineConstFunction.java","lucene-3.1",164,"False",1
"solr_src_java_org_apache_solr_search_function_distance_HaversineConstFunction.java","lucene-3.1",165,"False",1
"solr_src_java_org_apache_solr_search_function_distance_HaversineConstFunction.java","lucene-3.1",166,"False",1
"solr_src_java_org_apache_solr_search_function_distance_HaversineConstFunction.java","lucene-3.1",167,"False",1
"solr_src_java_org_apache_solr_search_function_distance_HaversineConstFunction.java","lucene-3.1",168,"False",1
"solr_src_java_org_apache_solr_search_function_distance_HaversineConstFunction.java","lucene-3.1",169,"False",1
"solr_src_java_org_apache_solr_search_function_distance_HaversineConstFunction.java","lucene-3.1",170,"False",1
"solr_src_java_org_apache_solr_search_function_distance_HaversineConstFunction.java","lucene-3.1",171,"False",1
"solr_src_java_org_apache_solr_search_function_distance_HaversineConstFunction.java","lucene-3.1",172,"False",1
"solr_src_java_org_apache_solr_search_function_distance_HaversineConstFunction.java","lucene-3.1",173,"False",1
"solr_src_java_org_apache_solr_search_function_distance_HaversineConstFunction.java","lucene-3.1",174,"False",1
"solr_src_java_org_apache_solr_search_function_distance_HaversineConstFunction.java","lucene-3.1",175,"False",1
"solr_src_java_org_apache_solr_search_function_distance_HaversineConstFunction.java","lucene-3.1",176,"False",1
"solr_src_java_org_apache_solr_search_function_distance_HaversineConstFunction.java","lucene-3.1",177,"False",1
"solr_src_java_org_apache_solr_search_function_distance_HaversineConstFunction.java","lucene-3.1",178,"False",1
"solr_src_java_org_apache_solr_search_function_distance_HaversineConstFunction.java","lucene-3.1",179,"False",1
"solr_src_java_org_apache_solr_search_function_distance_HaversineConstFunction.java","lucene-3.1",180,"False",1
"solr_src_java_org_apache_solr_search_function_distance_HaversineConstFunction.java","lucene-3.1",181,"False",1
"solr_src_java_org_apache_solr_search_function_distance_HaversineConstFunction.java","lucene-3.1",182,"False",1
"solr_src_java_org_apache_solr_search_function_distance_HaversineConstFunction.java","lucene-3.1",183,"False",1
"solr_src_java_org_apache_solr_search_function_distance_HaversineConstFunction.java","lucene-3.1",184,"False",1
"solr_src_java_org_apache_solr_search_function_distance_HaversineConstFunction.java","lucene-3.1",185,"False",1
"solr_src_java_org_apache_solr_search_function_distance_HaversineConstFunction.java","lucene-3.1",186,"False",1
"solr_src_java_org_apache_solr_search_function_distance_HaversineConstFunction.java","lucene-3.1",187,"False",1
"solr_src_java_org_apache_solr_search_function_distance_HaversineConstFunction.java","lucene-3.1",188,"False",1
"solr_src_java_org_apache_solr_search_function_distance_HaversineConstFunction.java","lucene-3.1",189,"False",1
"solr_src_java_org_apache_solr_search_function_distance_HaversineConstFunction.java","lucene-3.1",190,"False",1
"solr_src_java_org_apache_solr_search_function_distance_HaversineConstFunction.java","lucene-3.1",191,"False",1
"solr_src_java_org_apache_solr_search_function_distance_HaversineConstFunction.java","lucene-3.1",192,"False",1
"solr_src_java_org_apache_solr_search_function_distance_HaversineConstFunction.java","lucene-3.1",193,"False",1
"solr_src_java_org_apache_solr_search_function_distance_HaversineConstFunction.java","lucene-3.1",194,"False",1
"solr_src_java_org_apache_solr_search_function_distance_HaversineConstFunction.java","lucene-3.1",195,"False",1
"solr_src_java_org_apache_solr_search_function_distance_HaversineConstFunction.java","lucene-3.1",196,"False",1
"solr_src_java_org_apache_solr_search_function_distance_HaversineConstFunction.java","lucene-3.1",197,"False",1
"solr_src_java_org_apache_solr_search_function_distance_HaversineConstFunction.java","lucene-3.1",198,"False",1
"solr_src_java_org_apache_solr_search_function_distance_HaversineConstFunction.java","lucene-3.1",199,"False",1
"solr_src_java_org_apache_solr_search_function_distance_HaversineConstFunction.java","lucene-3.1",200,"False",1
"solr_src_java_org_apache_solr_search_function_distance_HaversineConstFunction.java","lucene-3.1",201,"False",1
"solr_src_java_org_apache_solr_search_function_distance_HaversineConstFunction.java","lucene-3.1",202,"False",1
"solr_src_java_org_apache_solr_search_function_distance_HaversineConstFunction.java","lucene-3.1",203,"False",1
"solr_src_java_org_apache_solr_search_function_distance_HaversineConstFunction.java","lucene-3.1",204,"False",1
"solr_src_java_org_apache_solr_search_function_distance_HaversineConstFunction.java","lucene-3.1",205,"False",1
"solr_src_java_org_apache_solr_search_function_distance_HaversineConstFunction.java","lucene-3.1",206,"False",1
"solr_src_java_org_apache_solr_search_function_distance_HaversineConstFunction.java","lucene-3.1",207,"False",1
"solr_src_java_org_apache_solr_search_function_distance_HaversineConstFunction.java","lucene-3.1",208,"False",1
"solr_src_java_org_apache_solr_search_function_distance_HaversineConstFunction.java","lucene-3.1",209,"False",1
"solr_src_java_org_apache_solr_search_function_distance_HaversineConstFunction.java","lucene-3.1",210,"False",1
"solr_src_java_org_apache_solr_search_function_distance_HaversineConstFunction.java","lucene-3.1",211,"False",1
"solr_src_java_org_apache_solr_search_function_distance_HaversineConstFunction.java","lucene-3.1",212,"False",1
"solr_src_java_org_apache_solr_search_function_distance_HaversineConstFunction.java","lucene-3.1",213,"False",1
"solr_src_java_org_apache_solr_search_function_distance_HaversineConstFunction.java","lucene-3.1",214,"False",1
"solr_src_java_org_apache_solr_search_function_distance_HaversineConstFunction.java","lucene-3.1",215,"False",1
"solr_src_java_org_apache_solr_search_function_distance_HaversineConstFunction.java","lucene-3.1",216,"False",1
"solr_src_java_org_apache_solr_search_function_distance_HaversineConstFunction.java","lucene-3.1",217,"False",1
"solr_src_java_org_apache_solr_search_function_distance_HaversineConstFunction.java","lucene-3.1",218,"False",1
"solr_src_java_org_apache_solr_search_function_distance_HaversineConstFunction.java","lucene-3.1",219,"False",1
"solr_src_java_org_apache_solr_search_function_distance_HaversineConstFunction.java","lucene-3.1",220,"False",1
"solr_src_java_org_apache_solr_search_function_distance_HaversineConstFunction.java","lucene-3.1",221,"False",1
"solr_src_java_org_apache_solr_search_function_distance_HaversineConstFunction.java","lucene-3.1",222,"False",1
"solr_src_java_org_apache_solr_search_function_distance_HaversineConstFunction.java","lucene-3.1",223,"False",1
"solr_src_java_org_apache_solr_search_function_distance_HaversineConstFunction.java","lucene-3.1",224,"False",1
"solr_src_java_org_apache_solr_search_function_distance_HaversineConstFunction.java","lucene-3.1",225,"False",1
"solr_src_java_org_apache_solr_search_function_distance_HaversineConstFunction.java","lucene-3.1",226,"False",1
"solr_src_java_org_apache_solr_search_function_distance_HaversineConstFunction.java","lucene-3.1",227,"False",1
"solr_src_java_org_apache_solr_search_function_distance_HaversineConstFunction.java","lucene-3.1",228,"False",1
"solr_src_java_org_apache_solr_search_function_distance_HaversineConstFunction.java","lucene-3.1",229,"False",1
"solr_src_java_org_apache_solr_search_function_distance_HaversineConstFunction.java","lucene-3.1",230,"False",1
"solr_src_java_org_apache_solr_search_function_distance_HaversineConstFunction.java","lucene-3.1",231,"False",1
"solr_src_java_org_apache_solr_search_function_distance_HaversineConstFunction.java","lucene-3.1",232,"False",1
"solr_src_java_org_apache_solr_search_function_distance_HaversineConstFunction.java","lucene-3.1",233,"False",1
"solr_src_java_org_apache_solr_search_function_distance_HaversineConstFunction.java","lucene-3.1",234,"False",1
"solr_src_java_org_apache_solr_search_function_distance_HaversineConstFunction.java","lucene-3.1",235,"False",1
"solr_src_java_org_apache_solr_search_function_distance_HaversineConstFunction.java","lucene-3.1",236,"False",1
"solr_src_java_org_apache_solr_search_function_distance_HaversineConstFunction.java","lucene-3.1",237,"False",1
"solr_src_java_org_apache_solr_search_function_distance_HaversineConstFunction.java","lucene-3.1",238,"False",1
"solr_src_java_org_apache_solr_search_function_distance_HaversineConstFunction.java","lucene-3.1",239,"False",1
"solr_src_java_org_apache_solr_search_function_distance_HaversineConstFunction.java","lucene-3.1",240,"False",1
"solr_src_java_org_apache_solr_search_function_distance_HaversineConstFunction.java","lucene-3.1",241,"False",1
"solr_src_java_org_apache_solr_search_function_distance_HaversineConstFunction.java","lucene-3.1",242,"False",1
"solr_src_java_org_apache_solr_search_function_distance_HaversineConstFunction.java","lucene-3.1",243,"False",1
"solr_src_java_org_apache_solr_search_function_distance_HaversineConstFunction.java","lucene-3.1",244,"False",1
"solr_src_java_org_apache_solr_search_function_distance_HaversineConstFunction.java","lucene-3.1",245,"False",1
"solr_src_java_org_apache_solr_search_function_distance_HaversineConstFunction.java","lucene-3.1",246,"False",1
"solr_src_java_org_apache_solr_search_function_distance_HaversineConstFunction.java","lucene-3.1",247,"False",1
"solr_src_java_org_apache_solr_search_function_distance_HaversineConstFunction.java","lucene-3.1",248,"False",1
"solr_src_java_org_apache_solr_search_function_distance_HaversineConstFunction.java","lucene-3.1",249,"False",1
"solr_src_java_org_apache_solr_search_function_distance_HaversineConstFunction.java","lucene-3.1",250,"False",1
"solr_src_java_org_apache_solr_search_function_distance_HaversineConstFunction.java","lucene-3.1",251,"False",1
"solr_src_java_org_apache_solr_search_function_distance_HaversineConstFunction.java","lucene-3.1",252,"False",1
"solr_src_java_org_apache_solr_search_function_distance_HaversineConstFunction.java","lucene-3.1",253,"False",1
"solr_src_java_org_apache_solr_search_function_distance_HaversineConstFunction.java","lucene-3.1",254,"False",1
"solr_src_java_org_apache_solr_search_function_distance_HaversineConstFunction.java","lucene-3.1",255,"False",1
"solr_src_java_org_apache_solr_search_function_distance_HaversineConstFunction.java","lucene-3.1",256,"False",1
"solr_src_java_org_apache_solr_search_function_distance_HaversineConstFunction.java","lucene-3.1",257,"False",1
"solr_src_java_org_apache_solr_search_function_distance_HaversineConstFunction.java","lucene-3.1",258,"False",1
"solr_src_java_org_apache_solr_search_function_distance_HaversineConstFunction.java","lucene-3.1",259,"False",1
"solr_src_java_org_apache_solr_search_function_distance_HaversineConstFunction.java","lucene-3.1",260,"False",1
"solr_src_java_org_apache_solr_search_function_distance_HaversineConstFunction.java","lucene-3.1",261,"False",1
"solr_src_java_org_apache_solr_search_function_distance_HaversineConstFunction.java","lucene-3.1",262,"False",1
"solr_src_java_org_apache_solr_search_function_distance_HaversineConstFunction.java","lucene-3.1",263,"False",1
"solr_src_java_org_apache_solr_search_function_distance_HaversineConstFunction.java","lucene-3.1",264,"False",1
"solr_src_java_org_apache_solr_search_function_distance_HaversineConstFunction.java","lucene-3.1",265,"False",1
"solr_src_java_org_apache_solr_search_function_distance_HaversineConstFunction.java","lucene-3.1",266,"False",1
"solr_src_java_org_apache_solr_search_function_distance_HaversineConstFunction.java","lucene-3.1",267,"False",1
"solr_src_java_org_apache_solr_search_function_distance_HaversineConstFunction.java","lucene-3.1",268,"False",1
"solr_src_java_org_apache_solr_search_function_distance_HaversineConstFunction.java","lucene-3.1",269,"False",1
"solr_src_java_org_apache_solr_search_function_distance_HaversineConstFunction.java","lucene-3.1",270,"False",1
"solr_src_java_org_apache_solr_search_function_distance_HaversineConstFunction.java","lucene-3.1",271,"False",1
"solr_src_java_org_apache_solr_search_function_distance_HaversineConstFunction.java","lucene-3.1",272,"False",1
"solr_src_java_org_apache_solr_search_function_distance_HaversineConstFunction.java","lucene-3.1",273,"False",1
"solr_src_java_org_apache_solr_search_function_distance_VectorDistanceFunction.java","lucene-3.1",1,"False",1
"solr_src_java_org_apache_solr_search_function_distance_VectorDistanceFunction.java","lucene-3.1",2,"False",1
"solr_src_java_org_apache_solr_search_function_distance_VectorDistanceFunction.java","lucene-3.1",3,"False",1
"solr_src_java_org_apache_solr_search_function_distance_VectorDistanceFunction.java","lucene-3.1",4,"False",1
"solr_src_java_org_apache_solr_search_function_distance_VectorDistanceFunction.java","lucene-3.1",5,"False",1
"solr_src_java_org_apache_solr_search_function_distance_VectorDistanceFunction.java","lucene-3.1",6,"False",1
"solr_src_java_org_apache_solr_search_function_distance_VectorDistanceFunction.java","lucene-3.1",7,"False",1
"solr_src_java_org_apache_solr_search_function_distance_VectorDistanceFunction.java","lucene-3.1",8,"False",1
"solr_src_java_org_apache_solr_search_function_distance_VectorDistanceFunction.java","lucene-3.1",9,"False",1
"solr_src_java_org_apache_solr_search_function_distance_VectorDistanceFunction.java","lucene-3.1",10,"False",1
"solr_src_java_org_apache_solr_search_function_distance_VectorDistanceFunction.java","lucene-3.1",11,"False",1
"solr_src_java_org_apache_solr_search_function_distance_VectorDistanceFunction.java","lucene-3.1",12,"False",1
"solr_src_java_org_apache_solr_search_function_distance_VectorDistanceFunction.java","lucene-3.1",13,"False",1
"solr_src_java_org_apache_solr_search_function_distance_VectorDistanceFunction.java","lucene-3.1",14,"False",1
"solr_src_java_org_apache_solr_search_function_distance_VectorDistanceFunction.java","lucene-3.1",15,"False",1
"solr_src_java_org_apache_solr_search_function_distance_VectorDistanceFunction.java","lucene-3.1",16,"False",1
"solr_src_java_org_apache_solr_search_function_distance_VectorDistanceFunction.java","lucene-3.1",17,"False",1
"solr_src_java_org_apache_solr_search_function_distance_VectorDistanceFunction.java","lucene-3.1",18,"False",1
"solr_src_java_org_apache_solr_search_function_distance_VectorDistanceFunction.java","lucene-3.1",19,"False",1
"solr_src_java_org_apache_solr_search_function_distance_VectorDistanceFunction.java","lucene-3.1",20,"False",1
"solr_src_java_org_apache_solr_search_function_distance_VectorDistanceFunction.java","lucene-3.1",21,"False",1
"solr_src_java_org_apache_solr_search_function_distance_VectorDistanceFunction.java","lucene-3.1",22,"False",1
"solr_src_java_org_apache_solr_search_function_distance_VectorDistanceFunction.java","lucene-3.1",23,"False",1
"solr_src_java_org_apache_solr_search_function_distance_VectorDistanceFunction.java","lucene-3.1",24,"False",1
"solr_src_java_org_apache_solr_search_function_distance_VectorDistanceFunction.java","lucene-3.1",25,"False",1
"solr_src_java_org_apache_solr_search_function_distance_VectorDistanceFunction.java","lucene-3.1",26,"False",1
"solr_src_java_org_apache_solr_search_function_distance_VectorDistanceFunction.java","lucene-3.1",27,"False",1
"solr_src_java_org_apache_solr_search_function_distance_VectorDistanceFunction.java","lucene-3.1",28,"False",1
"solr_src_java_org_apache_solr_search_function_distance_VectorDistanceFunction.java","lucene-3.1",29,"False",1
"solr_src_java_org_apache_solr_search_function_distance_VectorDistanceFunction.java","lucene-3.1",30,"False",1
"solr_src_java_org_apache_solr_search_function_distance_VectorDistanceFunction.java","lucene-3.1",31,"False",1
"solr_src_java_org_apache_solr_search_function_distance_VectorDistanceFunction.java","lucene-3.1",32,"False",1
"solr_src_java_org_apache_solr_search_function_distance_VectorDistanceFunction.java","lucene-3.1",33,"False",1
"solr_src_java_org_apache_solr_search_function_distance_VectorDistanceFunction.java","lucene-3.1",34,"False",1
"solr_src_java_org_apache_solr_search_function_distance_VectorDistanceFunction.java","lucene-3.1",35,"False",1
"solr_src_java_org_apache_solr_search_function_distance_VectorDistanceFunction.java","lucene-3.1",36,"False",1
"solr_src_java_org_apache_solr_search_function_distance_VectorDistanceFunction.java","lucene-3.1",37,"False",1
"solr_src_java_org_apache_solr_search_function_distance_VectorDistanceFunction.java","lucene-3.1",38,"False",1
"solr_src_java_org_apache_solr_search_function_distance_VectorDistanceFunction.java","lucene-3.1",39,"False",1
"solr_src_java_org_apache_solr_search_function_distance_VectorDistanceFunction.java","lucene-3.1",40,"False",1
"solr_src_java_org_apache_solr_search_function_distance_VectorDistanceFunction.java","lucene-3.1",41,"False",1
"solr_src_java_org_apache_solr_search_function_distance_VectorDistanceFunction.java","lucene-3.1",42,"False",1
"solr_src_java_org_apache_solr_search_function_distance_VectorDistanceFunction.java","lucene-3.1",43,"False",1
"solr_src_java_org_apache_solr_search_function_distance_VectorDistanceFunction.java","lucene-3.1",44,"False",1
"solr_src_java_org_apache_solr_search_function_distance_VectorDistanceFunction.java","lucene-3.1",45,"False",1
"solr_src_java_org_apache_solr_search_function_distance_VectorDistanceFunction.java","lucene-3.1",46,"False",1
"solr_src_java_org_apache_solr_search_function_distance_VectorDistanceFunction.java","lucene-3.1",47,"False",1
"solr_src_java_org_apache_solr_search_function_distance_VectorDistanceFunction.java","lucene-3.1",48,"False",1
"solr_src_java_org_apache_solr_search_function_distance_VectorDistanceFunction.java","lucene-3.1",49,"False",1
"solr_src_java_org_apache_solr_search_function_distance_VectorDistanceFunction.java","lucene-3.1",50,"False",1
"solr_src_java_org_apache_solr_search_function_distance_VectorDistanceFunction.java","lucene-3.1",51,"False",1
"solr_src_java_org_apache_solr_search_function_distance_VectorDistanceFunction.java","lucene-3.1",52,"False",1
"solr_src_java_org_apache_solr_search_function_distance_VectorDistanceFunction.java","lucene-3.1",53,"False",1
"solr_src_java_org_apache_solr_search_function_distance_VectorDistanceFunction.java","lucene-3.1",54,"False",1
"solr_src_java_org_apache_solr_search_function_distance_VectorDistanceFunction.java","lucene-3.1",55,"False",1
"solr_src_java_org_apache_solr_search_function_distance_VectorDistanceFunction.java","lucene-3.1",56,"False",1
"solr_src_java_org_apache_solr_search_function_distance_VectorDistanceFunction.java","lucene-3.1",57,"False",1
"solr_src_java_org_apache_solr_search_function_distance_VectorDistanceFunction.java","lucene-3.1",58,"False",1
"solr_src_java_org_apache_solr_search_function_distance_VectorDistanceFunction.java","lucene-3.1",59,"False",1
"solr_src_java_org_apache_solr_search_function_distance_VectorDistanceFunction.java","lucene-3.1",60,"False",1
"solr_src_java_org_apache_solr_search_function_distance_VectorDistanceFunction.java","lucene-3.1",61,"False",1
"solr_src_java_org_apache_solr_search_function_distance_VectorDistanceFunction.java","lucene-3.1",62,"False",1
"solr_src_java_org_apache_solr_search_function_distance_VectorDistanceFunction.java","lucene-3.1",63,"False",1
"solr_src_java_org_apache_solr_search_function_distance_VectorDistanceFunction.java","lucene-3.1",64,"False",1
"solr_src_java_org_apache_solr_search_function_distance_VectorDistanceFunction.java","lucene-3.1",65,"False",1
"solr_src_java_org_apache_solr_search_function_distance_VectorDistanceFunction.java","lucene-3.1",66,"False",1
"solr_src_java_org_apache_solr_search_function_distance_VectorDistanceFunction.java","lucene-3.1",67,"False",1
"solr_src_java_org_apache_solr_search_function_distance_VectorDistanceFunction.java","lucene-3.1",68,"False",1
"solr_src_java_org_apache_solr_search_function_distance_VectorDistanceFunction.java","lucene-3.1",69,"False",1
"solr_src_java_org_apache_solr_search_function_distance_VectorDistanceFunction.java","lucene-3.1",70,"False",1
"solr_src_java_org_apache_solr_search_function_distance_VectorDistanceFunction.java","lucene-3.1",71,"False",1
"solr_src_java_org_apache_solr_search_function_distance_VectorDistanceFunction.java","lucene-3.1",72,"False",1
"solr_src_java_org_apache_solr_search_function_distance_VectorDistanceFunction.java","lucene-3.1",73,"False",1
"solr_src_java_org_apache_solr_search_function_distance_VectorDistanceFunction.java","lucene-3.1",74,"False",1
"solr_src_java_org_apache_solr_search_function_distance_VectorDistanceFunction.java","lucene-3.1",75,"False",1
"solr_src_java_org_apache_solr_search_function_distance_VectorDistanceFunction.java","lucene-3.1",76,"False",1
"solr_src_java_org_apache_solr_search_function_distance_VectorDistanceFunction.java","lucene-3.1",77,"False",1
"solr_src_java_org_apache_solr_search_function_distance_VectorDistanceFunction.java","lucene-3.1",78,"False",1
"solr_src_java_org_apache_solr_search_function_distance_VectorDistanceFunction.java","lucene-3.1",79,"False",1
"solr_src_java_org_apache_solr_search_function_distance_VectorDistanceFunction.java","lucene-3.1",80,"False",1
"solr_src_java_org_apache_solr_search_function_distance_VectorDistanceFunction.java","lucene-3.1",81,"False",1
"solr_src_java_org_apache_solr_search_function_distance_VectorDistanceFunction.java","lucene-3.1",82,"False",1
"solr_src_java_org_apache_solr_search_function_distance_VectorDistanceFunction.java","lucene-3.1",83,"False",1
"solr_src_java_org_apache_solr_search_function_distance_VectorDistanceFunction.java","lucene-3.1",84,"False",1
"solr_src_java_org_apache_solr_search_function_distance_VectorDistanceFunction.java","lucene-3.1",85,"False",1
"solr_src_java_org_apache_solr_search_function_distance_VectorDistanceFunction.java","lucene-3.1",86,"False",1
"solr_src_java_org_apache_solr_search_function_distance_VectorDistanceFunction.java","lucene-3.1",87,"False",1
"solr_src_java_org_apache_solr_search_function_distance_VectorDistanceFunction.java","lucene-3.1",88,"False",1
"solr_src_java_org_apache_solr_search_function_distance_VectorDistanceFunction.java","lucene-3.1",89,"False",1
"solr_src_java_org_apache_solr_search_function_distance_VectorDistanceFunction.java","lucene-3.1",90,"False",1
"solr_src_java_org_apache_solr_search_function_distance_VectorDistanceFunction.java","lucene-3.1",91,"False",1
"solr_src_java_org_apache_solr_search_function_distance_VectorDistanceFunction.java","lucene-3.1",92,"False",1
"solr_src_java_org_apache_solr_search_function_distance_VectorDistanceFunction.java","lucene-3.1",93,"False",1
"solr_src_java_org_apache_solr_search_function_distance_VectorDistanceFunction.java","lucene-3.1",94,"False",1
"solr_src_java_org_apache_solr_search_function_distance_VectorDistanceFunction.java","lucene-3.1",95,"False",1
"solr_src_java_org_apache_solr_search_function_distance_VectorDistanceFunction.java","lucene-3.1",96,"False",1
"solr_src_java_org_apache_solr_search_function_distance_VectorDistanceFunction.java","lucene-3.1",97,"False",1
"solr_src_java_org_apache_solr_search_function_distance_VectorDistanceFunction.java","lucene-3.1",98,"False",1
"solr_src_java_org_apache_solr_search_function_distance_VectorDistanceFunction.java","lucene-3.1",99,"False",1
"solr_src_java_org_apache_solr_search_function_distance_VectorDistanceFunction.java","lucene-3.1",100,"False",1
"solr_src_java_org_apache_solr_search_function_distance_VectorDistanceFunction.java","lucene-3.1",101,"False",1
"solr_src_java_org_apache_solr_search_function_distance_VectorDistanceFunction.java","lucene-3.1",102,"False",1
"solr_src_java_org_apache_solr_search_function_distance_VectorDistanceFunction.java","lucene-3.1",103,"False",1
"solr_src_java_org_apache_solr_search_function_distance_VectorDistanceFunction.java","lucene-3.1",104,"False",1
"solr_src_java_org_apache_solr_search_function_distance_VectorDistanceFunction.java","lucene-3.1",105,"False",1
"solr_src_java_org_apache_solr_search_function_distance_VectorDistanceFunction.java","lucene-3.1",106,"False",1
"solr_src_java_org_apache_solr_search_function_distance_VectorDistanceFunction.java","lucene-3.1",107,"False",1
"solr_src_java_org_apache_solr_search_function_distance_VectorDistanceFunction.java","lucene-3.1",108,"False",1
"solr_src_java_org_apache_solr_search_function_distance_VectorDistanceFunction.java","lucene-3.1",109,"False",1
"solr_src_java_org_apache_solr_search_function_distance_VectorDistanceFunction.java","lucene-3.1",110,"False",1
"solr_src_java_org_apache_solr_search_function_distance_VectorDistanceFunction.java","lucene-3.1",111,"False",1
"solr_src_java_org_apache_solr_search_function_distance_VectorDistanceFunction.java","lucene-3.1",112,"False",1
"solr_src_java_org_apache_solr_search_function_distance_VectorDistanceFunction.java","lucene-3.1",113,"False",1
"solr_src_java_org_apache_solr_search_function_distance_VectorDistanceFunction.java","lucene-3.1",114,"False",1
"solr_src_java_org_apache_solr_search_function_distance_VectorDistanceFunction.java","lucene-3.1",115,"False",1
"solr_src_java_org_apache_solr_search_function_distance_VectorDistanceFunction.java","lucene-3.1",116,"False",1
"solr_src_java_org_apache_solr_search_function_distance_VectorDistanceFunction.java","lucene-3.1",117,"False",1
"solr_src_java_org_apache_solr_search_function_distance_VectorDistanceFunction.java","lucene-3.1",118,"False",1
"solr_src_java_org_apache_solr_search_function_distance_VectorDistanceFunction.java","lucene-3.1",119,"False",1
"solr_src_java_org_apache_solr_search_function_distance_VectorDistanceFunction.java","lucene-3.1",120,"False",1
"solr_src_java_org_apache_solr_search_function_distance_VectorDistanceFunction.java","lucene-3.1",121,"False",1
"solr_src_java_org_apache_solr_search_function_distance_VectorDistanceFunction.java","lucene-3.1",122,"False",1
"solr_src_java_org_apache_solr_search_function_distance_VectorDistanceFunction.java","lucene-3.1",123,"False",1
"solr_src_java_org_apache_solr_search_function_distance_VectorDistanceFunction.java","lucene-3.1",124,"False",1
"solr_src_java_org_apache_solr_search_function_distance_VectorDistanceFunction.java","lucene-3.1",125,"False",1
"solr_src_java_org_apache_solr_search_function_distance_VectorDistanceFunction.java","lucene-3.1",126,"False",1
"solr_src_java_org_apache_solr_search_function_distance_VectorDistanceFunction.java","lucene-3.1",127,"False",1
"solr_src_java_org_apache_solr_search_function_distance_VectorDistanceFunction.java","lucene-3.1",128,"True",3
"solr_src_java_org_apache_solr_search_function_distance_VectorDistanceFunction.java","lucene-3.1",129,"False",1
"solr_src_java_org_apache_solr_search_function_distance_VectorDistanceFunction.java","lucene-3.1",130,"False",1
"solr_src_java_org_apache_solr_search_function_distance_VectorDistanceFunction.java","lucene-3.1",131,"False",1
"solr_src_java_org_apache_solr_search_function_distance_VectorDistanceFunction.java","lucene-3.1",132,"False",1
"solr_src_java_org_apache_solr_search_function_distance_VectorDistanceFunction.java","lucene-3.1",133,"False",1
"solr_src_java_org_apache_solr_search_function_distance_VectorDistanceFunction.java","lucene-3.1",134,"False",1
"solr_src_java_org_apache_solr_search_function_distance_VectorDistanceFunction.java","lucene-3.1",135,"False",1
"solr_src_java_org_apache_solr_search_function_distance_VectorDistanceFunction.java","lucene-3.1",136,"False",1
"solr_src_java_org_apache_solr_search_function_distance_VectorDistanceFunction.java","lucene-3.1",137,"False",1
"solr_src_java_org_apache_solr_search_function_distance_VectorDistanceFunction.java","lucene-3.1",138,"False",1
"solr_src_java_org_apache_solr_search_function_distance_VectorDistanceFunction.java","lucene-3.1",139,"False",1
"solr_src_java_org_apache_solr_search_function_distance_VectorDistanceFunction.java","lucene-3.1",140,"False",1
"solr_src_java_org_apache_solr_search_function_distance_VectorDistanceFunction.java","lucene-3.1",141,"False",1
"solr_src_java_org_apache_solr_search_function_distance_VectorDistanceFunction.java","lucene-3.1",142,"False",1
"solr_src_java_org_apache_solr_search_function_distance_VectorDistanceFunction.java","lucene-3.1",143,"False",1
"solr_src_java_org_apache_solr_search_function_distance_VectorDistanceFunction.java","lucene-3.1",144,"False",1
"solr_src_java_org_apache_solr_search_function_distance_VectorDistanceFunction.java","lucene-3.1",145,"False",1
"solr_src_java_org_apache_solr_search_function_distance_VectorDistanceFunction.java","lucene-3.1",146,"False",1
"solr_src_java_org_apache_solr_search_function_distance_VectorDistanceFunction.java","lucene-3.1",147,"False",1
"solr_src_java_org_apache_solr_search_function_distance_VectorDistanceFunction.java","lucene-3.1",148,"False",1
"solr_src_java_org_apache_solr_search_function_distance_VectorDistanceFunction.java","lucene-3.1",149,"False",1
"solr_src_java_org_apache_solr_search_function_distance_VectorDistanceFunction.java","lucene-3.1",150,"False",1
"solr_src_java_org_apache_solr_search_function_distance_VectorDistanceFunction.java","lucene-3.1",151,"False",1
"solr_src_java_org_apache_solr_search_function_distance_VectorDistanceFunction.java","lucene-3.1",152,"False",1
"solr_src_java_org_apache_solr_search_function_distance_VectorDistanceFunction.java","lucene-3.1",153,"False",1
"solr_src_java_org_apache_solr_search_function_distance_VectorDistanceFunction.java","lucene-3.1",154,"False",1
"solr_src_java_org_apache_solr_search_function_distance_VectorDistanceFunction.java","lucene-3.1",155,"False",1
"solr_src_java_org_apache_solr_search_function_distance_VectorDistanceFunction.java","lucene-3.1",156,"False",1
"solr_src_java_org_apache_solr_search_function_distance_VectorDistanceFunction.java","lucene-3.1",157,"False",1
"solr_src_java_org_apache_solr_search_function_distance_VectorDistanceFunction.java","lucene-3.1",158,"False",1
"solr_src_java_org_apache_solr_search_function_distance_VectorDistanceFunction.java","lucene-3.1",159,"False",1
"solr_src_java_org_apache_solr_search_function_distance_VectorDistanceFunction.java","lucene-3.1",160,"False",1
"solr_src_java_org_apache_solr_search_function_distance_VectorDistanceFunction.java","lucene-3.1",161,"False",1
"solr_src_java_org_apache_solr_search_function_distance_VectorDistanceFunction.java","lucene-3.1",162,"False",1
"solr_src_java_org_apache_solr_search_function_distance_VectorDistanceFunction.java","lucene-3.1",163,"False",1
"solr_src_java_org_apache_solr_search_function_distance_VectorDistanceFunction.java","lucene-3.1",164,"False",1
"solr_src_java_org_apache_solr_search_function_distance_VectorDistanceFunction.java","lucene-3.1",165,"False",1
"solr_src_java_org_apache_solr_search_function_distance_VectorDistanceFunction.java","lucene-3.1",166,"False",1
"solr_src_java_org_apache_solr_search_function_distance_VectorDistanceFunction.java","lucene-3.1",167,"False",1
"solr_src_java_org_apache_solr_search_function_distance_VectorDistanceFunction.java","lucene-3.1",168,"False",1
"solr_src_java_org_apache_solr_search_function_distance_VectorDistanceFunction.java","lucene-3.1",169,"False",1
"solr_src_java_org_apache_solr_search_function_distance_VectorDistanceFunction.java","lucene-3.1",170,"False",1
"solr_src_java_org_apache_solr_search_function_distance_VectorDistanceFunction.java","lucene-3.1",171,"False",1
"solr_src_java_org_apache_solr_search_function_distance_VectorDistanceFunction.java","lucene-3.1",172,"False",1
"solr_src_java_org_apache_solr_search_function_distance_VectorDistanceFunction.java","lucene-3.1",173,"False",1
"solr_src_java_org_apache_solr_search_function_distance_VectorDistanceFunction.java","lucene-3.1",174,"False",1
"solr_src_java_org_apache_solr_search_function_distance_VectorDistanceFunction.java","lucene-3.1",175,"False",1
"solr_src_java_org_apache_solr_spelling_PossibilityIterator.java","lucene-3.1",1,"False",1
"solr_src_java_org_apache_solr_spelling_PossibilityIterator.java","lucene-3.1",2,"False",1
"solr_src_java_org_apache_solr_spelling_PossibilityIterator.java","lucene-3.1",3,"False",1
"solr_src_java_org_apache_solr_spelling_PossibilityIterator.java","lucene-3.1",4,"False",1
"solr_src_java_org_apache_solr_spelling_PossibilityIterator.java","lucene-3.1",5,"False",1
"solr_src_java_org_apache_solr_spelling_PossibilityIterator.java","lucene-3.1",6,"False",1
"solr_src_java_org_apache_solr_spelling_PossibilityIterator.java","lucene-3.1",7,"False",1
"solr_src_java_org_apache_solr_spelling_PossibilityIterator.java","lucene-3.1",8,"False",1
"solr_src_java_org_apache_solr_spelling_PossibilityIterator.java","lucene-3.1",9,"False",1
"solr_src_java_org_apache_solr_spelling_PossibilityIterator.java","lucene-3.1",10,"False",1
"solr_src_java_org_apache_solr_spelling_PossibilityIterator.java","lucene-3.1",11,"False",1
"solr_src_java_org_apache_solr_spelling_PossibilityIterator.java","lucene-3.1",12,"False",1
"solr_src_java_org_apache_solr_spelling_PossibilityIterator.java","lucene-3.1",13,"False",1
"solr_src_java_org_apache_solr_spelling_PossibilityIterator.java","lucene-3.1",14,"False",1
"solr_src_java_org_apache_solr_spelling_PossibilityIterator.java","lucene-3.1",15,"False",1
"solr_src_java_org_apache_solr_spelling_PossibilityIterator.java","lucene-3.1",16,"False",1
"solr_src_java_org_apache_solr_spelling_PossibilityIterator.java","lucene-3.1",17,"False",1
"solr_src_java_org_apache_solr_spelling_PossibilityIterator.java","lucene-3.1",18,"False",1
"solr_src_java_org_apache_solr_spelling_PossibilityIterator.java","lucene-3.1",19,"False",1
"solr_src_java_org_apache_solr_spelling_PossibilityIterator.java","lucene-3.1",20,"False",1
"solr_src_java_org_apache_solr_spelling_PossibilityIterator.java","lucene-3.1",21,"False",1
"solr_src_java_org_apache_solr_spelling_PossibilityIterator.java","lucene-3.1",22,"False",1
"solr_src_java_org_apache_solr_spelling_PossibilityIterator.java","lucene-3.1",23,"False",1
"solr_src_java_org_apache_solr_spelling_PossibilityIterator.java","lucene-3.1",24,"False",1
"solr_src_java_org_apache_solr_spelling_PossibilityIterator.java","lucene-3.1",25,"False",1
"solr_src_java_org_apache_solr_spelling_PossibilityIterator.java","lucene-3.1",26,"False",1
"solr_src_java_org_apache_solr_spelling_PossibilityIterator.java","lucene-3.1",27,"False",1
"solr_src_java_org_apache_solr_spelling_PossibilityIterator.java","lucene-3.1",28,"False",1
"solr_src_java_org_apache_solr_spelling_PossibilityIterator.java","lucene-3.1",29,"False",1
"solr_src_java_org_apache_solr_spelling_PossibilityIterator.java","lucene-3.1",30,"False",1
"solr_src_java_org_apache_solr_spelling_PossibilityIterator.java","lucene-3.1",31,"False",1
"solr_src_java_org_apache_solr_spelling_PossibilityIterator.java","lucene-3.1",32,"False",1
"solr_src_java_org_apache_solr_spelling_PossibilityIterator.java","lucene-3.1",33,"False",1
"solr_src_java_org_apache_solr_spelling_PossibilityIterator.java","lucene-3.1",34,"False",1
"solr_src_java_org_apache_solr_spelling_PossibilityIterator.java","lucene-3.1",35,"False",1
"solr_src_java_org_apache_solr_spelling_PossibilityIterator.java","lucene-3.1",36,"False",1
"solr_src_java_org_apache_solr_spelling_PossibilityIterator.java","lucene-3.1",37,"False",1
"solr_src_java_org_apache_solr_spelling_PossibilityIterator.java","lucene-3.1",38,"False",1
"solr_src_java_org_apache_solr_spelling_PossibilityIterator.java","lucene-3.1",39,"False",1
"solr_src_java_org_apache_solr_spelling_PossibilityIterator.java","lucene-3.1",40,"False",1
"solr_src_java_org_apache_solr_spelling_PossibilityIterator.java","lucene-3.1",41,"False",1
"solr_src_java_org_apache_solr_spelling_PossibilityIterator.java","lucene-3.1",42,"False",1
"solr_src_java_org_apache_solr_spelling_PossibilityIterator.java","lucene-3.1",43,"False",1
"solr_src_java_org_apache_solr_spelling_PossibilityIterator.java","lucene-3.1",44,"False",1
"solr_src_java_org_apache_solr_spelling_PossibilityIterator.java","lucene-3.1",45,"False",1
"solr_src_java_org_apache_solr_spelling_PossibilityIterator.java","lucene-3.1",46,"False",1
"solr_src_java_org_apache_solr_spelling_PossibilityIterator.java","lucene-3.1",47,"False",1
"solr_src_java_org_apache_solr_spelling_PossibilityIterator.java","lucene-3.1",48,"False",1
"solr_src_java_org_apache_solr_spelling_PossibilityIterator.java","lucene-3.1",49,"False",1
"solr_src_java_org_apache_solr_spelling_PossibilityIterator.java","lucene-3.1",50,"False",1
"solr_src_java_org_apache_solr_spelling_PossibilityIterator.java","lucene-3.1",51,"False",1
"solr_src_java_org_apache_solr_spelling_PossibilityIterator.java","lucene-3.1",52,"False",1
"solr_src_java_org_apache_solr_spelling_PossibilityIterator.java","lucene-3.1",53,"False",1
"solr_src_java_org_apache_solr_spelling_PossibilityIterator.java","lucene-3.1",54,"False",1
"solr_src_java_org_apache_solr_spelling_PossibilityIterator.java","lucene-3.1",55,"False",1
"solr_src_java_org_apache_solr_spelling_PossibilityIterator.java","lucene-3.1",56,"False",1
"solr_src_java_org_apache_solr_spelling_PossibilityIterator.java","lucene-3.1",57,"False",1
"solr_src_java_org_apache_solr_spelling_PossibilityIterator.java","lucene-3.1",58,"False",1
"solr_src_java_org_apache_solr_spelling_PossibilityIterator.java","lucene-3.1",59,"False",1
"solr_src_java_org_apache_solr_spelling_PossibilityIterator.java","lucene-3.1",60,"False",1
"solr_src_java_org_apache_solr_spelling_PossibilityIterator.java","lucene-3.1",61,"False",1
"solr_src_java_org_apache_solr_spelling_PossibilityIterator.java","lucene-3.1",62,"False",1
"solr_src_java_org_apache_solr_spelling_PossibilityIterator.java","lucene-3.1",63,"False",1
"solr_src_java_org_apache_solr_spelling_PossibilityIterator.java","lucene-3.1",64,"False",1
"solr_src_java_org_apache_solr_spelling_PossibilityIterator.java","lucene-3.1",65,"False",1
"solr_src_java_org_apache_solr_spelling_PossibilityIterator.java","lucene-3.1",66,"False",1
"solr_src_java_org_apache_solr_spelling_PossibilityIterator.java","lucene-3.1",67,"False",1
"solr_src_java_org_apache_solr_spelling_PossibilityIterator.java","lucene-3.1",68,"False",1
"solr_src_java_org_apache_solr_spelling_PossibilityIterator.java","lucene-3.1",69,"False",1
"solr_src_java_org_apache_solr_spelling_PossibilityIterator.java","lucene-3.1",70,"False",1
"solr_src_java_org_apache_solr_spelling_PossibilityIterator.java","lucene-3.1",71,"False",1
"solr_src_java_org_apache_solr_spelling_PossibilityIterator.java","lucene-3.1",72,"False",1
"solr_src_java_org_apache_solr_spelling_PossibilityIterator.java","lucene-3.1",73,"False",1
"solr_src_java_org_apache_solr_spelling_PossibilityIterator.java","lucene-3.1",74,"False",1
"solr_src_java_org_apache_solr_spelling_PossibilityIterator.java","lucene-3.1",75,"False",1
"solr_src_java_org_apache_solr_spelling_PossibilityIterator.java","lucene-3.1",76,"False",1
"solr_src_java_org_apache_solr_spelling_PossibilityIterator.java","lucene-3.1",77,"False",1
"solr_src_java_org_apache_solr_spelling_PossibilityIterator.java","lucene-3.1",78,"False",1
"solr_src_java_org_apache_solr_spelling_PossibilityIterator.java","lucene-3.1",79,"False",1
"solr_src_java_org_apache_solr_spelling_PossibilityIterator.java","lucene-3.1",80,"False",1
"solr_src_java_org_apache_solr_spelling_PossibilityIterator.java","lucene-3.1",81,"False",1
"solr_src_java_org_apache_solr_spelling_PossibilityIterator.java","lucene-3.1",82,"False",1
"solr_src_java_org_apache_solr_spelling_PossibilityIterator.java","lucene-3.1",83,"False",1
"solr_src_java_org_apache_solr_spelling_PossibilityIterator.java","lucene-3.1",84,"False",1
"solr_src_java_org_apache_solr_spelling_PossibilityIterator.java","lucene-3.1",85,"False",1
"solr_src_java_org_apache_solr_spelling_PossibilityIterator.java","lucene-3.1",86,"False",1
"solr_src_java_org_apache_solr_spelling_PossibilityIterator.java","lucene-3.1",87,"False",1
"solr_src_java_org_apache_solr_spelling_PossibilityIterator.java","lucene-3.1",88,"False",1
"solr_src_java_org_apache_solr_spelling_PossibilityIterator.java","lucene-3.1",89,"False",1
"solr_src_java_org_apache_solr_spelling_PossibilityIterator.java","lucene-3.1",90,"False",1
"solr_src_java_org_apache_solr_spelling_PossibilityIterator.java","lucene-3.1",91,"False",1
"solr_src_java_org_apache_solr_spelling_PossibilityIterator.java","lucene-3.1",92,"False",1
"solr_src_java_org_apache_solr_spelling_PossibilityIterator.java","lucene-3.1",93,"False",1
"solr_src_java_org_apache_solr_spelling_PossibilityIterator.java","lucene-3.1",94,"False",1
"solr_src_java_org_apache_solr_spelling_PossibilityIterator.java","lucene-3.1",95,"False",1
"solr_src_java_org_apache_solr_spelling_PossibilityIterator.java","lucene-3.1",96,"False",1
"solr_src_java_org_apache_solr_spelling_PossibilityIterator.java","lucene-3.1",97,"False",1
"solr_src_java_org_apache_solr_spelling_PossibilityIterator.java","lucene-3.1",98,"False",1
"solr_src_java_org_apache_solr_spelling_PossibilityIterator.java","lucene-3.1",99,"False",1
"solr_src_java_org_apache_solr_spelling_PossibilityIterator.java","lucene-3.1",100,"False",1
"solr_src_java_org_apache_solr_spelling_PossibilityIterator.java","lucene-3.1",101,"False",1
"solr_src_java_org_apache_solr_spelling_PossibilityIterator.java","lucene-3.1",102,"False",1
"solr_src_java_org_apache_solr_spelling_PossibilityIterator.java","lucene-3.1",103,"False",1
"solr_src_java_org_apache_solr_spelling_PossibilityIterator.java","lucene-3.1",104,"False",1
"solr_src_java_org_apache_solr_spelling_PossibilityIterator.java","lucene-3.1",105,"False",1
"solr_src_java_org_apache_solr_spelling_PossibilityIterator.java","lucene-3.1",106,"False",1
"solr_src_java_org_apache_solr_spelling_PossibilityIterator.java","lucene-3.1",107,"False",1
"solr_src_java_org_apache_solr_spelling_PossibilityIterator.java","lucene-3.1",108,"False",1
"solr_src_java_org_apache_solr_spelling_PossibilityIterator.java","lucene-3.1",109,"False",1
"solr_src_java_org_apache_solr_spelling_PossibilityIterator.java","lucene-3.1",110,"False",1
"solr_src_java_org_apache_solr_spelling_PossibilityIterator.java","lucene-3.1",111,"False",1
"solr_src_java_org_apache_solr_spelling_PossibilityIterator.java","lucene-3.1",112,"False",1
"solr_src_java_org_apache_solr_spelling_PossibilityIterator.java","lucene-3.1",113,"False",1
"solr_src_java_org_apache_solr_spelling_PossibilityIterator.java","lucene-3.1",114,"False",1
"solr_src_java_org_apache_solr_spelling_PossibilityIterator.java","lucene-3.1",115,"False",1
"solr_src_java_org_apache_solr_spelling_PossibilityIterator.java","lucene-3.1",116,"False",1
"solr_src_java_org_apache_solr_spelling_PossibilityIterator.java","lucene-3.1",117,"False",1
"solr_src_java_org_apache_solr_spelling_PossibilityIterator.java","lucene-3.1",118,"False",1
"solr_src_java_org_apache_solr_spelling_PossibilityIterator.java","lucene-3.1",119,"False",1
"solr_src_java_org_apache_solr_spelling_PossibilityIterator.java","lucene-3.1",120,"False",1
"solr_src_java_org_apache_solr_spelling_PossibilityIterator.java","lucene-3.1",121,"False",1
"solr_src_java_org_apache_solr_spelling_PossibilityIterator.java","lucene-3.1",122,"False",1
"solr_src_java_org_apache_solr_spelling_PossibilityIterator.java","lucene-3.1",123,"False",1
"solr_src_java_org_apache_solr_spelling_PossibilityIterator.java","lucene-3.1",124,"False",1
"solr_src_java_org_apache_solr_spelling_PossibilityIterator.java","lucene-3.1",125,"False",1
"solr_src_java_org_apache_solr_spelling_PossibilityIterator.java","lucene-3.1",126,"False",1
"solr_src_java_org_apache_solr_spelling_PossibilityIterator.java","lucene-3.1",127,"False",1
"solr_src_java_org_apache_solr_spelling_PossibilityIterator.java","lucene-3.1",128,"False",1
"solr_src_java_org_apache_solr_spelling_PossibilityIterator.java","lucene-3.1",129,"False",1
"solr_src_java_org_apache_solr_spelling_PossibilityIterator.java","lucene-3.1",130,"False",1
"solr_src_java_org_apache_solr_spelling_PossibilityIterator.java","lucene-3.1",131,"False",1
"solr_src_java_org_apache_solr_spelling_PossibilityIterator.java","lucene-3.1",132,"False",1
"solr_src_java_org_apache_solr_spelling_PossibilityIterator.java","lucene-3.1",133,"False",1
"solr_src_java_org_apache_solr_spelling_PossibilityIterator.java","lucene-3.1",134,"False",1
"solr_src_java_org_apache_solr_spelling_PossibilityIterator.java","lucene-3.1",135,"False",1
"solr_src_java_org_apache_solr_spelling_PossibilityIterator.java","lucene-3.1",136,"False",1
"solr_src_java_org_apache_solr_spelling_PossibilityIterator.java","lucene-3.1",137,"False",1
"solr_src_java_org_apache_solr_spelling_PossibilityIterator.java","lucene-3.1",138,"False",1
"solr_src_java_org_apache_solr_spelling_PossibilityIterator.java","lucene-3.1",139,"False",1
"solr_src_java_org_apache_solr_spelling_PossibilityIterator.java","lucene-3.1",140,"False",1
"solr_src_java_org_apache_solr_spelling_PossibilityIterator.java","lucene-3.1",141,"False",1
"solr_src_java_org_apache_solr_spelling_PossibilityIterator.java","lucene-3.1",142,"False",1
"solr_src_java_org_apache_solr_spelling_PossibilityIterator.java","lucene-3.1",143,"False",1
"solr_src_java_org_apache_solr_spelling_PossibilityIterator.java","lucene-3.1",144,"False",1
"solr_src_java_org_apache_solr_spelling_PossibilityIterator.java","lucene-3.1",145,"False",1
"solr_src_java_org_apache_solr_spelling_PossibilityIterator.java","lucene-3.1",146,"False",1
"solr_src_java_org_apache_solr_spelling_PossibilityIterator.java","lucene-3.1",147,"False",1
"solr_src_java_org_apache_solr_spelling_PossibilityIterator.java","lucene-3.1",148,"False",1
"solr_src_java_org_apache_solr_spelling_PossibilityIterator.java","lucene-3.1",149,"False",1
"solr_src_java_org_apache_solr_spelling_PossibilityIterator.java","lucene-3.1",150,"False",1
"solr_src_java_org_apache_solr_spelling_PossibilityIterator.java","lucene-3.1",151,"False",1
"solr_src_java_org_apache_solr_spelling_PossibilityIterator.java","lucene-3.1",152,"False",1
"solr_src_java_org_apache_solr_spelling_PossibilityIterator.java","lucene-3.1",153,"False",1
"solr_src_java_org_apache_solr_spelling_PossibilityIterator.java","lucene-3.1",154,"False",1
"solr_src_java_org_apache_solr_spelling_PossibilityIterator.java","lucene-3.1",155,"True",3
"solr_src_java_org_apache_solr_spelling_PossibilityIterator.java","lucene-3.1",156,"False",1
"solr_src_java_org_apache_solr_spelling_PossibilityIterator.java","lucene-3.1",157,"False",1
"solr_src_java_org_apache_solr_spelling_PossibilityIterator.java","lucene-3.1",158,"False",1
"solr_src_java_org_apache_solr_spelling_PossibilityIterator.java","lucene-3.1",159,"True",3
"solr_src_java_org_apache_solr_spelling_PossibilityIterator.java","lucene-3.1",160,"False",1
"solr_src_java_org_apache_solr_spelling_PossibilityIterator.java","lucene-3.1",161,"False",1
"solr_src_java_org_apache_solr_spelling_PossibilityIterator.java","lucene-3.1",162,"False",1
"solr_src_java_org_apache_solr_spelling_PossibilityIterator.java","lucene-3.1",163,"True",3
"solr_src_java_org_apache_solr_spelling_PossibilityIterator.java","lucene-3.1",164,"False",1
"solr_src_java_org_apache_solr_spelling_PossibilityIterator.java","lucene-3.1",165,"False",1
"solr_src_java_org_apache_solr_spelling_PossibilityIterator.java","lucene-3.1",166,"False",1
"solr_src_java_org_apache_solr_spelling_PossibilityIterator.java","lucene-3.1",167,"False",1
"solr_src_java_org_apache_solr_spelling_RankedSpellPossibility.java","lucene-3.1",1,"False",1
"solr_src_java_org_apache_solr_spelling_RankedSpellPossibility.java","lucene-3.1",2,"False",1
"solr_src_java_org_apache_solr_spelling_RankedSpellPossibility.java","lucene-3.1",3,"False",1
"solr_src_java_org_apache_solr_spelling_RankedSpellPossibility.java","lucene-3.1",4,"False",1
"solr_src_java_org_apache_solr_spelling_RankedSpellPossibility.java","lucene-3.1",5,"False",1
"solr_src_java_org_apache_solr_spelling_RankedSpellPossibility.java","lucene-3.1",6,"False",1
"solr_src_java_org_apache_solr_spelling_RankedSpellPossibility.java","lucene-3.1",7,"False",1
"solr_src_java_org_apache_solr_spelling_RankedSpellPossibility.java","lucene-3.1",8,"False",1
"solr_src_java_org_apache_solr_spelling_RankedSpellPossibility.java","lucene-3.1",9,"False",1
"solr_src_java_org_apache_solr_spelling_RankedSpellPossibility.java","lucene-3.1",10,"False",1
"solr_src_java_org_apache_solr_spelling_RankedSpellPossibility.java","lucene-3.1",11,"False",1
"solr_src_java_org_apache_solr_spelling_RankedSpellPossibility.java","lucene-3.1",12,"False",1
"solr_src_java_org_apache_solr_spelling_RankedSpellPossibility.java","lucene-3.1",13,"False",1
"solr_src_java_org_apache_solr_spelling_RankedSpellPossibility.java","lucene-3.1",14,"False",1
"solr_src_java_org_apache_solr_spelling_RankedSpellPossibility.java","lucene-3.1",15,"False",1
"solr_src_java_org_apache_solr_spelling_RankedSpellPossibility.java","lucene-3.1",16,"False",1
"solr_src_java_org_apache_solr_spelling_RankedSpellPossibility.java","lucene-3.1",17,"False",1
"solr_src_java_org_apache_solr_spelling_RankedSpellPossibility.java","lucene-3.1",18,"False",1
"solr_src_java_org_apache_solr_spelling_RankedSpellPossibility.java","lucene-3.1",19,"False",1
"solr_src_java_org_apache_solr_spelling_RankedSpellPossibility.java","lucene-3.1",20,"False",1
"solr_src_java_org_apache_solr_spelling_RankedSpellPossibility.java","lucene-3.1",21,"True",2
"solr_src_java_org_apache_solr_spelling_RankedSpellPossibility.java","lucene-3.1",22,"False",1
"solr_src_java_org_apache_solr_spelling_RankedSpellPossibility.java","lucene-3.1",23,"False",1
"solr_src_java_org_apache_solr_spelling_RankedSpellPossibility.java","lucene-3.1",24,"False",1
"solr_src_java_org_apache_solr_spelling_RankedSpellPossibility.java","lucene-3.1",25,"True",3
"solr_src_java_org_apache_solr_spelling_RankedSpellPossibility.java","lucene-3.1",26,"True",3
"solr_src_java_org_apache_solr_spelling_RankedSpellPossibility.java","lucene-3.1",27,"False",1
"solr_src_java_org_apache_solr_spelling_RankedSpellPossibility.java","lucene-3.1",28,"False",1
"solr_src_java_org_apache_solr_spelling_RankedSpellPossibility.java","lucene-3.1",29,"False",1
"solr_src_java_org_apache_solr_spelling_RankedSpellPossibility.java","lucene-3.1",30,"False",1
"solr_src_java_org_apache_solr_spelling_RankedSpellPossibility.java","lucene-3.1",31,"False",1
"solr_src_java_org_apache_solr_spelling_RankedSpellPossibility.java","lucene-3.1",32,"False",1
"solr_src_java_org_apache_solr_spelling_RankedSpellPossibility.java","lucene-3.1",33,"False",1
"solr_src_java_org_apache_solr_spelling_RankedSpellPossibility.java","lucene-3.1",34,"False",1
"solr_src_java_org_apache_solr_spelling_RankedSpellPossibility.java","lucene-3.1",35,"False",1
"solr_src_java_org_apache_solr_spelling_RankedSpellPossibility.java","lucene-3.1",36,"False",1
"solr_src_java_org_apache_solr_spelling_RankedSpellPossibility.java","lucene-3.1",37,"False",1
"solr_src_java_org_apache_solr_spelling_RankedSpellPossibility.java","lucene-3.1",38,"False",1
"solr_src_java_org_apache_solr_spelling_RankedSpellPossibility.java","lucene-3.1",39,"False",1
"solr_src_java_org_apache_solr_spelling_RankedSpellPossibility.java","lucene-3.1",40,"False",1
"solr_src_java_org_apache_solr_spelling_RankedSpellPossibility.java","lucene-3.1",41,"False",1
"solr_src_java_org_apache_solr_spelling_RankedSpellPossibility.java","lucene-3.1",42,"False",1
"solr_src_java_org_apache_solr_spelling_RankedSpellPossibility.java","lucene-3.1",43,"False",1
"solr_src_java_org_apache_solr_spelling_RankedSpellPossibility.java","lucene-3.1",44,"False",1
"solr_src_java_org_apache_solr_spelling_SpellCheckCollator.java","lucene-3.1",1,"False",1
"solr_src_java_org_apache_solr_spelling_SpellCheckCollator.java","lucene-3.1",2,"False",1
"solr_src_java_org_apache_solr_spelling_SpellCheckCollator.java","lucene-3.1",3,"False",1
"solr_src_java_org_apache_solr_spelling_SpellCheckCollator.java","lucene-3.1",4,"False",1
"solr_src_java_org_apache_solr_spelling_SpellCheckCollator.java","lucene-3.1",5,"False",1
"solr_src_java_org_apache_solr_spelling_SpellCheckCollator.java","lucene-3.1",6,"False",1
"solr_src_java_org_apache_solr_spelling_SpellCheckCollator.java","lucene-3.1",7,"False",1
"solr_src_java_org_apache_solr_spelling_SpellCheckCollator.java","lucene-3.1",8,"False",1
"solr_src_java_org_apache_solr_spelling_SpellCheckCollator.java","lucene-3.1",9,"False",1
"solr_src_java_org_apache_solr_spelling_SpellCheckCollator.java","lucene-3.1",10,"False",1
"solr_src_java_org_apache_solr_spelling_SpellCheckCollator.java","lucene-3.1",11,"False",1
"solr_src_java_org_apache_solr_spelling_SpellCheckCollator.java","lucene-3.1",12,"False",1
"solr_src_java_org_apache_solr_spelling_SpellCheckCollator.java","lucene-3.1",13,"False",1
"solr_src_java_org_apache_solr_spelling_SpellCheckCollator.java","lucene-3.1",14,"False",1
"solr_src_java_org_apache_solr_spelling_SpellCheckCollator.java","lucene-3.1",15,"False",1
"solr_src_java_org_apache_solr_spelling_SpellCheckCollator.java","lucene-3.1",16,"False",1
"solr_src_java_org_apache_solr_spelling_SpellCheckCollator.java","lucene-3.1",17,"False",1
"solr_src_java_org_apache_solr_spelling_SpellCheckCollator.java","lucene-3.1",18,"False",1
"solr_src_java_org_apache_solr_spelling_SpellCheckCollator.java","lucene-3.1",19,"False",1
"solr_src_java_org_apache_solr_spelling_SpellCheckCollator.java","lucene-3.1",20,"False",1
"solr_src_java_org_apache_solr_spelling_SpellCheckCollator.java","lucene-3.1",21,"False",1
"solr_src_java_org_apache_solr_spelling_SpellCheckCollator.java","lucene-3.1",22,"False",1
"solr_src_java_org_apache_solr_spelling_SpellCheckCollator.java","lucene-3.1",23,"False",1
"solr_src_java_org_apache_solr_spelling_SpellCheckCollator.java","lucene-3.1",24,"False",1
"solr_src_java_org_apache_solr_spelling_SpellCheckCollator.java","lucene-3.1",25,"False",1
"solr_src_java_org_apache_solr_spelling_SpellCheckCollator.java","lucene-3.1",26,"False",1
"solr_src_java_org_apache_solr_spelling_SpellCheckCollator.java","lucene-3.1",27,"False",1
"solr_src_java_org_apache_solr_spelling_SpellCheckCollator.java","lucene-3.1",28,"False",1
"solr_src_java_org_apache_solr_spelling_SpellCheckCollator.java","lucene-3.1",29,"False",1
"solr_src_java_org_apache_solr_spelling_SpellCheckCollator.java","lucene-3.1",30,"False",1
"solr_src_java_org_apache_solr_spelling_SpellCheckCollator.java","lucene-3.1",31,"False",1
"solr_src_java_org_apache_solr_spelling_SpellCheckCollator.java","lucene-3.1",32,"False",1
"solr_src_java_org_apache_solr_spelling_SpellCheckCollator.java","lucene-3.1",33,"False",1
"solr_src_java_org_apache_solr_spelling_SpellCheckCollator.java","lucene-3.1",34,"False",1
"solr_src_java_org_apache_solr_spelling_SpellCheckCollator.java","lucene-3.1",35,"False",1
"solr_src_java_org_apache_solr_spelling_SpellCheckCollator.java","lucene-3.1",36,"False",1
"solr_src_java_org_apache_solr_spelling_SpellCheckCollator.java","lucene-3.1",37,"False",1
"solr_src_java_org_apache_solr_spelling_SpellCheckCollator.java","lucene-3.1",38,"False",1
"solr_src_java_org_apache_solr_spelling_SpellCheckCollator.java","lucene-3.1",39,"False",1
"solr_src_java_org_apache_solr_spelling_SpellCheckCollator.java","lucene-3.1",40,"False",1
"solr_src_java_org_apache_solr_spelling_SpellCheckCollator.java","lucene-3.1",41,"False",1
"solr_src_java_org_apache_solr_spelling_SpellCheckCollator.java","lucene-3.1",42,"False",1
"solr_src_java_org_apache_solr_spelling_SpellCheckCollator.java","lucene-3.1",43,"True",2
"solr_src_java_org_apache_solr_spelling_SpellCheckCollator.java","lucene-3.1",44,"True",2
"solr_src_java_org_apache_solr_spelling_SpellCheckCollator.java","lucene-3.1",45,"False",1
"solr_src_java_org_apache_solr_spelling_SpellCheckCollator.java","lucene-3.1",46,"False",1
"solr_src_java_org_apache_solr_spelling_SpellCheckCollator.java","lucene-3.1",47,"False",1
"solr_src_java_org_apache_solr_spelling_SpellCheckCollator.java","lucene-3.1",48,"False",1
"solr_src_java_org_apache_solr_spelling_SpellCheckCollator.java","lucene-3.1",49,"False",1
"solr_src_java_org_apache_solr_spelling_SpellCheckCollator.java","lucene-3.1",50,"False",1
"solr_src_java_org_apache_solr_spelling_SpellCheckCollator.java","lucene-3.1",51,"False",1
"solr_src_java_org_apache_solr_spelling_SpellCheckCollator.java","lucene-3.1",52,"False",1
"solr_src_java_org_apache_solr_spelling_SpellCheckCollator.java","lucene-3.1",53,"False",1
"solr_src_java_org_apache_solr_spelling_SpellCheckCollator.java","lucene-3.1",54,"False",1
"solr_src_java_org_apache_solr_spelling_SpellCheckCollator.java","lucene-3.1",55,"False",1
"solr_src_java_org_apache_solr_spelling_SpellCheckCollator.java","lucene-3.1",56,"False",1
"solr_src_java_org_apache_solr_spelling_SpellCheckCollator.java","lucene-3.1",57,"False",1
"solr_src_java_org_apache_solr_spelling_SpellCheckCollator.java","lucene-3.1",58,"False",1
"solr_src_java_org_apache_solr_spelling_SpellCheckCollator.java","lucene-3.1",59,"False",1
"solr_src_java_org_apache_solr_spelling_SpellCheckCollator.java","lucene-3.1",60,"False",1
"solr_src_java_org_apache_solr_spelling_SpellCheckCollator.java","lucene-3.1",61,"False",1
"solr_src_java_org_apache_solr_spelling_SpellCheckCollator.java","lucene-3.1",62,"False",1
"solr_src_java_org_apache_solr_spelling_SpellCheckCollator.java","lucene-3.1",63,"False",1
"solr_src_java_org_apache_solr_spelling_SpellCheckCollator.java","lucene-3.1",64,"False",1
"solr_src_java_org_apache_solr_spelling_SpellCheckCollator.java","lucene-3.1",65,"False",1
"solr_src_java_org_apache_solr_spelling_SpellCheckCollator.java","lucene-3.1",66,"False",1
"solr_src_java_org_apache_solr_spelling_SpellCheckCollator.java","lucene-3.1",67,"False",1
"solr_src_java_org_apache_solr_spelling_SpellCheckCollator.java","lucene-3.1",68,"False",1
"solr_src_java_org_apache_solr_spelling_SpellCheckCollator.java","lucene-3.1",69,"False",1
"solr_src_java_org_apache_solr_spelling_SpellCheckCollator.java","lucene-3.1",70,"False",1
"solr_src_java_org_apache_solr_spelling_SpellCheckCollator.java","lucene-3.1",71,"False",1
"solr_src_java_org_apache_solr_spelling_SpellCheckCollator.java","lucene-3.1",72,"False",1
"solr_src_java_org_apache_solr_spelling_SpellCheckCollator.java","lucene-3.1",73,"False",1
"solr_src_java_org_apache_solr_spelling_SpellCheckCollator.java","lucene-3.1",74,"False",1
"solr_src_java_org_apache_solr_spelling_SpellCheckCollator.java","lucene-3.1",75,"False",1
"solr_src_java_org_apache_solr_spelling_SpellCheckCollator.java","lucene-3.1",76,"False",1
"solr_src_java_org_apache_solr_spelling_SpellCheckCollator.java","lucene-3.1",77,"False",1
"solr_src_java_org_apache_solr_spelling_SpellCheckCollator.java","lucene-3.1",78,"False",1
"solr_src_java_org_apache_solr_spelling_SpellCheckCollator.java","lucene-3.1",79,"True",2
"solr_src_java_org_apache_solr_spelling_SpellCheckCollator.java","lucene-3.1",80,"False",1
"solr_src_java_org_apache_solr_spelling_SpellCheckCollator.java","lucene-3.1",81,"True",2
"solr_src_java_org_apache_solr_spelling_SpellCheckCollator.java","lucene-3.1",82,"False",1
"solr_src_java_org_apache_solr_spelling_SpellCheckCollator.java","lucene-3.1",83,"False",1
"solr_src_java_org_apache_solr_spelling_SpellCheckCollator.java","lucene-3.1",84,"False",1
"solr_src_java_org_apache_solr_spelling_SpellCheckCollator.java","lucene-3.1",85,"False",1
"solr_src_java_org_apache_solr_spelling_SpellCheckCollator.java","lucene-3.1",86,"False",1
"solr_src_java_org_apache_solr_spelling_SpellCheckCollator.java","lucene-3.1",87,"True",2
"solr_src_java_org_apache_solr_spelling_SpellCheckCollator.java","lucene-3.1",88,"True",2
"solr_src_java_org_apache_solr_spelling_SpellCheckCollator.java","lucene-3.1",89,"False",1
"solr_src_java_org_apache_solr_spelling_SpellCheckCollator.java","lucene-3.1",90,"False",1
"solr_src_java_org_apache_solr_spelling_SpellCheckCollator.java","lucene-3.1",91,"False",1
"solr_src_java_org_apache_solr_spelling_SpellCheckCollator.java","lucene-3.1",92,"False",1
"solr_src_java_org_apache_solr_spelling_SpellCheckCollator.java","lucene-3.1",93,"True",2
"solr_src_java_org_apache_solr_spelling_SpellCheckCollator.java","lucene-3.1",94,"False",1
"solr_src_java_org_apache_solr_spelling_SpellCheckCollator.java","lucene-3.1",95,"False",1
"solr_src_java_org_apache_solr_spelling_SpellCheckCollator.java","lucene-3.1",96,"False",1
"solr_src_java_org_apache_solr_spelling_SpellCheckCollator.java","lucene-3.1",97,"True",2
"solr_src_java_org_apache_solr_spelling_SpellCheckCollator.java","lucene-3.1",98,"False",1
"solr_src_java_org_apache_solr_spelling_SpellCheckCollator.java","lucene-3.1",99,"False",1
"solr_src_java_org_apache_solr_spelling_SpellCheckCollator.java","lucene-3.1",100,"False",1
"solr_src_java_org_apache_solr_spelling_SpellCheckCollator.java","lucene-3.1",101,"False",1
"solr_src_java_org_apache_solr_spelling_SpellCheckCollator.java","lucene-3.1",102,"False",1
"solr_src_java_org_apache_solr_spelling_SpellCheckCollator.java","lucene-3.1",103,"False",1
"solr_src_java_org_apache_solr_spelling_SpellCheckCollator.java","lucene-3.1",104,"False",1
"solr_src_java_org_apache_solr_spelling_SpellCheckCollator.java","lucene-3.1",105,"False",1
"solr_src_java_org_apache_solr_spelling_SpellCheckCollator.java","lucene-3.1",106,"False",1
"solr_src_java_org_apache_solr_spelling_SpellCheckCollator.java","lucene-3.1",107,"False",1
"solr_src_java_org_apache_solr_spelling_SpellCheckCollator.java","lucene-3.1",108,"False",1
"solr_src_java_org_apache_solr_spelling_SpellCheckCollator.java","lucene-3.1",109,"False",1
"solr_src_java_org_apache_solr_spelling_SpellCheckCollator.java","lucene-3.1",110,"False",1
"solr_src_java_org_apache_solr_spelling_SpellCheckCollator.java","lucene-3.1",111,"False",1
"solr_src_java_org_apache_solr_spelling_SpellCheckCollator.java","lucene-3.1",112,"False",1
"solr_src_java_org_apache_solr_spelling_SpellCheckCollator.java","lucene-3.1",113,"False",1
"solr_src_java_org_apache_solr_spelling_SpellCheckCollator.java","lucene-3.1",114,"False",1
"solr_src_java_org_apache_solr_spelling_SpellCheckCollator.java","lucene-3.1",115,"False",1
"solr_src_java_org_apache_solr_spelling_SpellCheckCollator.java","lucene-3.1",116,"False",1
"solr_src_java_org_apache_solr_spelling_SpellCheckCollator.java","lucene-3.1",117,"False",1
"solr_src_java_org_apache_solr_spelling_SpellCheckCollator.java","lucene-3.1",118,"False",1
"solr_src_java_org_apache_solr_spelling_SpellCheckCollator.java","lucene-3.1",119,"False",1
"solr_src_java_org_apache_solr_spelling_SpellCheckCollator.java","lucene-3.1",120,"False",1
"solr_src_java_org_apache_solr_spelling_SpellCheckCollator.java","lucene-3.1",121,"False",1
"solr_src_java_org_apache_solr_spelling_SpellCheckCollator.java","lucene-3.1",122,"False",1
"solr_src_java_org_apache_solr_spelling_SpellCheckCollator.java","lucene-3.1",123,"False",1
"solr_src_java_org_apache_solr_spelling_SpellCheckCollator.java","lucene-3.1",124,"False",1
"solr_src_java_org_apache_solr_spelling_SpellCheckCollator.java","lucene-3.1",125,"False",1
"solr_src_java_org_apache_solr_spelling_SpellCheckCollator.java","lucene-3.1",126,"False",1
"solr_src_java_org_apache_solr_spelling_SpellCheckCollator.java","lucene-3.1",127,"False",1
"solr_src_java_org_apache_solr_spelling_SpellCheckCollator.java","lucene-3.1",128,"False",1
"solr_src_java_org_apache_solr_spelling_SpellCheckCollator.java","lucene-3.1",129,"False",1
"solr_src_java_org_apache_solr_spelling_SpellCheckCollator.java","lucene-3.1",130,"False",1
"solr_src_java_org_apache_solr_spelling_SpellCheckCollator.java","lucene-3.1",131,"False",1
"solr_src_java_org_apache_solr_spelling_SpellCheckCollator.java","lucene-3.1",132,"False",1
"solr_src_java_org_apache_solr_spelling_SpellCheckCollator.java","lucene-3.1",133,"False",1
"solr_src_java_org_apache_solr_spelling_SpellCheckCollator.java","lucene-3.1",134,"False",1
"solr_src_java_org_apache_solr_spelling_SpellCheckCollator.java","lucene-3.1",135,"False",1
"solr_src_java_org_apache_solr_spelling_SpellCheckCollator.java","lucene-3.1",136,"False",1
"solr_src_java_org_apache_solr_spelling_SpellCheckCollator.java","lucene-3.1",137,"False",1
"solr_src_java_org_apache_solr_spelling_SpellCheckCollator.java","lucene-3.1",138,"False",1
"solr_src_java_org_apache_solr_spelling_SpellCheckCollator.java","lucene-3.1",139,"False",1
"solr_src_solrj_org_apache_solr_client_solrj_impl_CommonsHttpSolrServer.java","lucene-3.1",1,"False",1
"solr_src_solrj_org_apache_solr_client_solrj_impl_CommonsHttpSolrServer.java","lucene-3.1",2,"False",1
"solr_src_solrj_org_apache_solr_client_solrj_impl_CommonsHttpSolrServer.java","lucene-3.1",3,"False",1
"solr_src_solrj_org_apache_solr_client_solrj_impl_CommonsHttpSolrServer.java","lucene-3.1",4,"False",1
"solr_src_solrj_org_apache_solr_client_solrj_impl_CommonsHttpSolrServer.java","lucene-3.1",5,"False",1
"solr_src_solrj_org_apache_solr_client_solrj_impl_CommonsHttpSolrServer.java","lucene-3.1",6,"False",1
"solr_src_solrj_org_apache_solr_client_solrj_impl_CommonsHttpSolrServer.java","lucene-3.1",7,"False",1
"solr_src_solrj_org_apache_solr_client_solrj_impl_CommonsHttpSolrServer.java","lucene-3.1",8,"False",1
"solr_src_solrj_org_apache_solr_client_solrj_impl_CommonsHttpSolrServer.java","lucene-3.1",9,"False",1
"solr_src_solrj_org_apache_solr_client_solrj_impl_CommonsHttpSolrServer.java","lucene-3.1",10,"False",1
"solr_src_solrj_org_apache_solr_client_solrj_impl_CommonsHttpSolrServer.java","lucene-3.1",11,"False",1
"solr_src_solrj_org_apache_solr_client_solrj_impl_CommonsHttpSolrServer.java","lucene-3.1",12,"False",1
"solr_src_solrj_org_apache_solr_client_solrj_impl_CommonsHttpSolrServer.java","lucene-3.1",13,"False",1
"solr_src_solrj_org_apache_solr_client_solrj_impl_CommonsHttpSolrServer.java","lucene-3.1",14,"False",1
"solr_src_solrj_org_apache_solr_client_solrj_impl_CommonsHttpSolrServer.java","lucene-3.1",15,"False",1
"solr_src_solrj_org_apache_solr_client_solrj_impl_CommonsHttpSolrServer.java","lucene-3.1",16,"False",1
"solr_src_solrj_org_apache_solr_client_solrj_impl_CommonsHttpSolrServer.java","lucene-3.1",17,"False",1
"solr_src_solrj_org_apache_solr_client_solrj_impl_CommonsHttpSolrServer.java","lucene-3.1",18,"False",1
"solr_src_solrj_org_apache_solr_client_solrj_impl_CommonsHttpSolrServer.java","lucene-3.1",19,"False",1
"solr_src_solrj_org_apache_solr_client_solrj_impl_CommonsHttpSolrServer.java","lucene-3.1",20,"False",1
"solr_src_solrj_org_apache_solr_client_solrj_impl_CommonsHttpSolrServer.java","lucene-3.1",21,"False",1
"solr_src_solrj_org_apache_solr_client_solrj_impl_CommonsHttpSolrServer.java","lucene-3.1",22,"False",1
"solr_src_solrj_org_apache_solr_client_solrj_impl_CommonsHttpSolrServer.java","lucene-3.1",23,"False",1
"solr_src_solrj_org_apache_solr_client_solrj_impl_CommonsHttpSolrServer.java","lucene-3.1",24,"False",1
"solr_src_solrj_org_apache_solr_client_solrj_impl_CommonsHttpSolrServer.java","lucene-3.1",25,"False",1
"solr_src_solrj_org_apache_solr_client_solrj_impl_CommonsHttpSolrServer.java","lucene-3.1",26,"False",1
"solr_src_solrj_org_apache_solr_client_solrj_impl_CommonsHttpSolrServer.java","lucene-3.1",27,"False",1
"solr_src_solrj_org_apache_solr_client_solrj_impl_CommonsHttpSolrServer.java","lucene-3.1",28,"False",1
"solr_src_solrj_org_apache_solr_client_solrj_impl_CommonsHttpSolrServer.java","lucene-3.1",29,"False",1
"solr_src_solrj_org_apache_solr_client_solrj_impl_CommonsHttpSolrServer.java","lucene-3.1",30,"False",1
"solr_src_solrj_org_apache_solr_client_solrj_impl_CommonsHttpSolrServer.java","lucene-3.1",31,"False",1
"solr_src_solrj_org_apache_solr_client_solrj_impl_CommonsHttpSolrServer.java","lucene-3.1",32,"False",1
"solr_src_solrj_org_apache_solr_client_solrj_impl_CommonsHttpSolrServer.java","lucene-3.1",33,"False",1
"solr_src_solrj_org_apache_solr_client_solrj_impl_CommonsHttpSolrServer.java","lucene-3.1",34,"False",1
"solr_src_solrj_org_apache_solr_client_solrj_impl_CommonsHttpSolrServer.java","lucene-3.1",35,"False",1
"solr_src_solrj_org_apache_solr_client_solrj_impl_CommonsHttpSolrServer.java","lucene-3.1",36,"False",1
"solr_src_solrj_org_apache_solr_client_solrj_impl_CommonsHttpSolrServer.java","lucene-3.1",37,"False",1
"solr_src_solrj_org_apache_solr_client_solrj_impl_CommonsHttpSolrServer.java","lucene-3.1",38,"False",1
"solr_src_solrj_org_apache_solr_client_solrj_impl_CommonsHttpSolrServer.java","lucene-3.1",39,"False",1
"solr_src_solrj_org_apache_solr_client_solrj_impl_CommonsHttpSolrServer.java","lucene-3.1",40,"False",1
"solr_src_solrj_org_apache_solr_client_solrj_impl_CommonsHttpSolrServer.java","lucene-3.1",41,"False",1
"solr_src_solrj_org_apache_solr_client_solrj_impl_CommonsHttpSolrServer.java","lucene-3.1",42,"False",1
"solr_src_solrj_org_apache_solr_client_solrj_impl_CommonsHttpSolrServer.java","lucene-3.1",43,"False",1
"solr_src_solrj_org_apache_solr_client_solrj_impl_CommonsHttpSolrServer.java","lucene-3.1",44,"False",1
"solr_src_solrj_org_apache_solr_client_solrj_impl_CommonsHttpSolrServer.java","lucene-3.1",45,"False",1
"solr_src_solrj_org_apache_solr_client_solrj_impl_CommonsHttpSolrServer.java","lucene-3.1",46,"False",1
"solr_src_solrj_org_apache_solr_client_solrj_impl_CommonsHttpSolrServer.java","lucene-3.1",47,"False",1
"solr_src_solrj_org_apache_solr_client_solrj_impl_CommonsHttpSolrServer.java","lucene-3.1",48,"False",1
"solr_src_solrj_org_apache_solr_client_solrj_impl_CommonsHttpSolrServer.java","lucene-3.1",49,"False",1
"solr_src_solrj_org_apache_solr_client_solrj_impl_CommonsHttpSolrServer.java","lucene-3.1",50,"False",1
"solr_src_solrj_org_apache_solr_client_solrj_impl_CommonsHttpSolrServer.java","lucene-3.1",51,"False",1
"solr_src_solrj_org_apache_solr_client_solrj_impl_CommonsHttpSolrServer.java","lucene-3.1",52,"False",1
"solr_src_solrj_org_apache_solr_client_solrj_impl_CommonsHttpSolrServer.java","lucene-3.1",53,"False",1
"solr_src_solrj_org_apache_solr_client_solrj_impl_CommonsHttpSolrServer.java","lucene-3.1",54,"False",1
"solr_src_solrj_org_apache_solr_client_solrj_impl_CommonsHttpSolrServer.java","lucene-3.1",55,"False",1
"solr_src_solrj_org_apache_solr_client_solrj_impl_CommonsHttpSolrServer.java","lucene-3.1",56,"False",1
"solr_src_solrj_org_apache_solr_client_solrj_impl_CommonsHttpSolrServer.java","lucene-3.1",57,"False",1
"solr_src_solrj_org_apache_solr_client_solrj_impl_CommonsHttpSolrServer.java","lucene-3.1",58,"False",1
"solr_src_solrj_org_apache_solr_client_solrj_impl_CommonsHttpSolrServer.java","lucene-3.1",59,"False",1
"solr_src_solrj_org_apache_solr_client_solrj_impl_CommonsHttpSolrServer.java","lucene-3.1",60,"False",1
"solr_src_solrj_org_apache_solr_client_solrj_impl_CommonsHttpSolrServer.java","lucene-3.1",61,"False",1
"solr_src_solrj_org_apache_solr_client_solrj_impl_CommonsHttpSolrServer.java","lucene-3.1",62,"False",1
"solr_src_solrj_org_apache_solr_client_solrj_impl_CommonsHttpSolrServer.java","lucene-3.1",63,"False",1
"solr_src_solrj_org_apache_solr_client_solrj_impl_CommonsHttpSolrServer.java","lucene-3.1",64,"False",1
"solr_src_solrj_org_apache_solr_client_solrj_impl_CommonsHttpSolrServer.java","lucene-3.1",65,"False",1
"solr_src_solrj_org_apache_solr_client_solrj_impl_CommonsHttpSolrServer.java","lucene-3.1",66,"False",1
"solr_src_solrj_org_apache_solr_client_solrj_impl_CommonsHttpSolrServer.java","lucene-3.1",67,"False",1
"solr_src_solrj_org_apache_solr_client_solrj_impl_CommonsHttpSolrServer.java","lucene-3.1",68,"False",1
"solr_src_solrj_org_apache_solr_client_solrj_impl_CommonsHttpSolrServer.java","lucene-3.1",69,"False",1
"solr_src_solrj_org_apache_solr_client_solrj_impl_CommonsHttpSolrServer.java","lucene-3.1",70,"False",1
"solr_src_solrj_org_apache_solr_client_solrj_impl_CommonsHttpSolrServer.java","lucene-3.1",71,"False",1
"solr_src_solrj_org_apache_solr_client_solrj_impl_CommonsHttpSolrServer.java","lucene-3.1",72,"False",1
"solr_src_solrj_org_apache_solr_client_solrj_impl_CommonsHttpSolrServer.java","lucene-3.1",73,"False",1
"solr_src_solrj_org_apache_solr_client_solrj_impl_CommonsHttpSolrServer.java","lucene-3.1",74,"False",1
"solr_src_solrj_org_apache_solr_client_solrj_impl_CommonsHttpSolrServer.java","lucene-3.1",75,"False",1
"solr_src_solrj_org_apache_solr_client_solrj_impl_CommonsHttpSolrServer.java","lucene-3.1",76,"False",1
"solr_src_solrj_org_apache_solr_client_solrj_impl_CommonsHttpSolrServer.java","lucene-3.1",77,"False",1
"solr_src_solrj_org_apache_solr_client_solrj_impl_CommonsHttpSolrServer.java","lucene-3.1",78,"False",1
"solr_src_solrj_org_apache_solr_client_solrj_impl_CommonsHttpSolrServer.java","lucene-3.1",79,"False",1
"solr_src_solrj_org_apache_solr_client_solrj_impl_CommonsHttpSolrServer.java","lucene-3.1",80,"False",1
"solr_src_solrj_org_apache_solr_client_solrj_impl_CommonsHttpSolrServer.java","lucene-3.1",81,"False",1
"solr_src_solrj_org_apache_solr_client_solrj_impl_CommonsHttpSolrServer.java","lucene-3.1",82,"False",1
"solr_src_solrj_org_apache_solr_client_solrj_impl_CommonsHttpSolrServer.java","lucene-3.1",83,"False",1
"solr_src_solrj_org_apache_solr_client_solrj_impl_CommonsHttpSolrServer.java","lucene-3.1",84,"False",1
"solr_src_solrj_org_apache_solr_client_solrj_impl_CommonsHttpSolrServer.java","lucene-3.1",85,"False",1
"solr_src_solrj_org_apache_solr_client_solrj_impl_CommonsHttpSolrServer.java","lucene-3.1",86,"False",1
"solr_src_solrj_org_apache_solr_client_solrj_impl_CommonsHttpSolrServer.java","lucene-3.1",87,"False",1
"solr_src_solrj_org_apache_solr_client_solrj_impl_CommonsHttpSolrServer.java","lucene-3.1",88,"False",1
"solr_src_solrj_org_apache_solr_client_solrj_impl_CommonsHttpSolrServer.java","lucene-3.1",89,"False",1
"solr_src_solrj_org_apache_solr_client_solrj_impl_CommonsHttpSolrServer.java","lucene-3.1",90,"False",1
"solr_src_solrj_org_apache_solr_client_solrj_impl_CommonsHttpSolrServer.java","lucene-3.1",91,"False",1
"solr_src_solrj_org_apache_solr_client_solrj_impl_CommonsHttpSolrServer.java","lucene-3.1",92,"False",1
"solr_src_solrj_org_apache_solr_client_solrj_impl_CommonsHttpSolrServer.java","lucene-3.1",93,"False",1
"solr_src_solrj_org_apache_solr_client_solrj_impl_CommonsHttpSolrServer.java","lucene-3.1",94,"False",1
"solr_src_solrj_org_apache_solr_client_solrj_impl_CommonsHttpSolrServer.java","lucene-3.1",95,"False",1
"solr_src_solrj_org_apache_solr_client_solrj_impl_CommonsHttpSolrServer.java","lucene-3.1",96,"False",1
"solr_src_solrj_org_apache_solr_client_solrj_impl_CommonsHttpSolrServer.java","lucene-3.1",97,"False",1
"solr_src_solrj_org_apache_solr_client_solrj_impl_CommonsHttpSolrServer.java","lucene-3.1",98,"False",1
"solr_src_solrj_org_apache_solr_client_solrj_impl_CommonsHttpSolrServer.java","lucene-3.1",99,"False",1
"solr_src_solrj_org_apache_solr_client_solrj_impl_CommonsHttpSolrServer.java","lucene-3.1",100,"False",1
"solr_src_solrj_org_apache_solr_client_solrj_impl_CommonsHttpSolrServer.java","lucene-3.1",101,"False",1
"solr_src_solrj_org_apache_solr_client_solrj_impl_CommonsHttpSolrServer.java","lucene-3.1",102,"False",1
"solr_src_solrj_org_apache_solr_client_solrj_impl_CommonsHttpSolrServer.java","lucene-3.1",103,"False",1
"solr_src_solrj_org_apache_solr_client_solrj_impl_CommonsHttpSolrServer.java","lucene-3.1",104,"False",1
"solr_src_solrj_org_apache_solr_client_solrj_impl_CommonsHttpSolrServer.java","lucene-3.1",105,"False",1
"solr_src_solrj_org_apache_solr_client_solrj_impl_CommonsHttpSolrServer.java","lucene-3.1",106,"False",1
"solr_src_solrj_org_apache_solr_client_solrj_impl_CommonsHttpSolrServer.java","lucene-3.1",107,"False",1
"solr_src_solrj_org_apache_solr_client_solrj_impl_CommonsHttpSolrServer.java","lucene-3.1",108,"False",1
"solr_src_solrj_org_apache_solr_client_solrj_impl_CommonsHttpSolrServer.java","lucene-3.1",109,"False",1
"solr_src_solrj_org_apache_solr_client_solrj_impl_CommonsHttpSolrServer.java","lucene-3.1",110,"False",1
"solr_src_solrj_org_apache_solr_client_solrj_impl_CommonsHttpSolrServer.java","lucene-3.1",111,"False",1
"solr_src_solrj_org_apache_solr_client_solrj_impl_CommonsHttpSolrServer.java","lucene-3.1",112,"False",1
"solr_src_solrj_org_apache_solr_client_solrj_impl_CommonsHttpSolrServer.java","lucene-3.1",113,"False",1
"solr_src_solrj_org_apache_solr_client_solrj_impl_CommonsHttpSolrServer.java","lucene-3.1",114,"False",1
"solr_src_solrj_org_apache_solr_client_solrj_impl_CommonsHttpSolrServer.java","lucene-3.1",115,"False",1
"solr_src_solrj_org_apache_solr_client_solrj_impl_CommonsHttpSolrServer.java","lucene-3.1",116,"False",1
"solr_src_solrj_org_apache_solr_client_solrj_impl_CommonsHttpSolrServer.java","lucene-3.1",117,"False",1
"solr_src_solrj_org_apache_solr_client_solrj_impl_CommonsHttpSolrServer.java","lucene-3.1",118,"False",1
"solr_src_solrj_org_apache_solr_client_solrj_impl_CommonsHttpSolrServer.java","lucene-3.1",119,"False",1
"solr_src_solrj_org_apache_solr_client_solrj_impl_CommonsHttpSolrServer.java","lucene-3.1",120,"False",1
"solr_src_solrj_org_apache_solr_client_solrj_impl_CommonsHttpSolrServer.java","lucene-3.1",121,"False",1
"solr_src_solrj_org_apache_solr_client_solrj_impl_CommonsHttpSolrServer.java","lucene-3.1",122,"False",1
"solr_src_solrj_org_apache_solr_client_solrj_impl_CommonsHttpSolrServer.java","lucene-3.1",123,"False",1
"solr_src_solrj_org_apache_solr_client_solrj_impl_CommonsHttpSolrServer.java","lucene-3.1",124,"False",1
"solr_src_solrj_org_apache_solr_client_solrj_impl_CommonsHttpSolrServer.java","lucene-3.1",125,"False",1
"solr_src_solrj_org_apache_solr_client_solrj_impl_CommonsHttpSolrServer.java","lucene-3.1",126,"False",1
"solr_src_solrj_org_apache_solr_client_solrj_impl_CommonsHttpSolrServer.java","lucene-3.1",127,"False",1
"solr_src_solrj_org_apache_solr_client_solrj_impl_CommonsHttpSolrServer.java","lucene-3.1",128,"False",1
"solr_src_solrj_org_apache_solr_client_solrj_impl_CommonsHttpSolrServer.java","lucene-3.1",129,"False",1
"solr_src_solrj_org_apache_solr_client_solrj_impl_CommonsHttpSolrServer.java","lucene-3.1",130,"False",1
"solr_src_solrj_org_apache_solr_client_solrj_impl_CommonsHttpSolrServer.java","lucene-3.1",131,"False",1
"solr_src_solrj_org_apache_solr_client_solrj_impl_CommonsHttpSolrServer.java","lucene-3.1",132,"False",1
"solr_src_solrj_org_apache_solr_client_solrj_impl_CommonsHttpSolrServer.java","lucene-3.1",133,"False",1
"solr_src_solrj_org_apache_solr_client_solrj_impl_CommonsHttpSolrServer.java","lucene-3.1",134,"False",1
"solr_src_solrj_org_apache_solr_client_solrj_impl_CommonsHttpSolrServer.java","lucene-3.1",135,"False",1
"solr_src_solrj_org_apache_solr_client_solrj_impl_CommonsHttpSolrServer.java","lucene-3.1",136,"False",1
"solr_src_solrj_org_apache_solr_client_solrj_impl_CommonsHttpSolrServer.java","lucene-3.1",137,"False",1
"solr_src_solrj_org_apache_solr_client_solrj_impl_CommonsHttpSolrServer.java","lucene-3.1",138,"False",1
"solr_src_solrj_org_apache_solr_client_solrj_impl_CommonsHttpSolrServer.java","lucene-3.1",139,"False",1
"solr_src_solrj_org_apache_solr_client_solrj_impl_CommonsHttpSolrServer.java","lucene-3.1",140,"False",1
"solr_src_solrj_org_apache_solr_client_solrj_impl_CommonsHttpSolrServer.java","lucene-3.1",141,"False",1
"solr_src_solrj_org_apache_solr_client_solrj_impl_CommonsHttpSolrServer.java","lucene-3.1",142,"False",1
"solr_src_solrj_org_apache_solr_client_solrj_impl_CommonsHttpSolrServer.java","lucene-3.1",143,"False",1
"solr_src_solrj_org_apache_solr_client_solrj_impl_CommonsHttpSolrServer.java","lucene-3.1",144,"False",1
"solr_src_solrj_org_apache_solr_client_solrj_impl_CommonsHttpSolrServer.java","lucene-3.1",145,"False",1
"solr_src_solrj_org_apache_solr_client_solrj_impl_CommonsHttpSolrServer.java","lucene-3.1",146,"False",1
"solr_src_solrj_org_apache_solr_client_solrj_impl_CommonsHttpSolrServer.java","lucene-3.1",147,"False",1
"solr_src_solrj_org_apache_solr_client_solrj_impl_CommonsHttpSolrServer.java","lucene-3.1",148,"False",1
"solr_src_solrj_org_apache_solr_client_solrj_impl_CommonsHttpSolrServer.java","lucene-3.1",149,"False",1
"solr_src_solrj_org_apache_solr_client_solrj_impl_CommonsHttpSolrServer.java","lucene-3.1",150,"False",1
"solr_src_solrj_org_apache_solr_client_solrj_impl_CommonsHttpSolrServer.java","lucene-3.1",151,"False",1
"solr_src_solrj_org_apache_solr_client_solrj_impl_CommonsHttpSolrServer.java","lucene-3.1",152,"False",1
"solr_src_solrj_org_apache_solr_client_solrj_impl_CommonsHttpSolrServer.java","lucene-3.1",153,"True",3
"solr_src_solrj_org_apache_solr_client_solrj_impl_CommonsHttpSolrServer.java","lucene-3.1",154,"False",1
"solr_src_solrj_org_apache_solr_client_solrj_impl_CommonsHttpSolrServer.java","lucene-3.1",155,"False",1
"solr_src_solrj_org_apache_solr_client_solrj_impl_CommonsHttpSolrServer.java","lucene-3.1",156,"False",1
"solr_src_solrj_org_apache_solr_client_solrj_impl_CommonsHttpSolrServer.java","lucene-3.1",157,"False",1
"solr_src_solrj_org_apache_solr_client_solrj_impl_CommonsHttpSolrServer.java","lucene-3.1",158,"False",1
"solr_src_solrj_org_apache_solr_client_solrj_impl_CommonsHttpSolrServer.java","lucene-3.1",159,"False",1
"solr_src_solrj_org_apache_solr_client_solrj_impl_CommonsHttpSolrServer.java","lucene-3.1",160,"False",1
"solr_src_solrj_org_apache_solr_client_solrj_impl_CommonsHttpSolrServer.java","lucene-3.1",161,"False",1
"solr_src_solrj_org_apache_solr_client_solrj_impl_CommonsHttpSolrServer.java","lucene-3.1",162,"False",1
"solr_src_solrj_org_apache_solr_client_solrj_impl_CommonsHttpSolrServer.java","lucene-3.1",163,"True",3
"solr_src_solrj_org_apache_solr_client_solrj_impl_CommonsHttpSolrServer.java","lucene-3.1",164,"False",1
"solr_src_solrj_org_apache_solr_client_solrj_impl_CommonsHttpSolrServer.java","lucene-3.1",165,"False",1
"solr_src_solrj_org_apache_solr_client_solrj_impl_CommonsHttpSolrServer.java","lucene-3.1",166,"False",1
"solr_src_solrj_org_apache_solr_client_solrj_impl_CommonsHttpSolrServer.java","lucene-3.1",167,"True",3
"solr_src_solrj_org_apache_solr_client_solrj_impl_CommonsHttpSolrServer.java","lucene-3.1",168,"False",1
"solr_src_solrj_org_apache_solr_client_solrj_impl_CommonsHttpSolrServer.java","lucene-3.1",169,"False",1
"solr_src_solrj_org_apache_solr_client_solrj_impl_CommonsHttpSolrServer.java","lucene-3.1",170,"False",1
"solr_src_solrj_org_apache_solr_client_solrj_impl_CommonsHttpSolrServer.java","lucene-3.1",171,"True",3
"solr_src_solrj_org_apache_solr_client_solrj_impl_CommonsHttpSolrServer.java","lucene-3.1",172,"False",1
"solr_src_solrj_org_apache_solr_client_solrj_impl_CommonsHttpSolrServer.java","lucene-3.1",173,"False",1
"solr_src_solrj_org_apache_solr_client_solrj_impl_CommonsHttpSolrServer.java","lucene-3.1",174,"False",1
"solr_src_solrj_org_apache_solr_client_solrj_impl_CommonsHttpSolrServer.java","lucene-3.1",175,"False",1
"solr_src_solrj_org_apache_solr_client_solrj_impl_CommonsHttpSolrServer.java","lucene-3.1",176,"False",1
"solr_src_solrj_org_apache_solr_client_solrj_impl_CommonsHttpSolrServer.java","lucene-3.1",177,"False",1
"solr_src_solrj_org_apache_solr_client_solrj_impl_CommonsHttpSolrServer.java","lucene-3.1",178,"False",1
"solr_src_solrj_org_apache_solr_client_solrj_impl_CommonsHttpSolrServer.java","lucene-3.1",179,"False",1
"solr_src_solrj_org_apache_solr_client_solrj_impl_CommonsHttpSolrServer.java","lucene-3.1",180,"False",1
"solr_src_solrj_org_apache_solr_client_solrj_impl_CommonsHttpSolrServer.java","lucene-3.1",181,"False",1
"solr_src_solrj_org_apache_solr_client_solrj_impl_CommonsHttpSolrServer.java","lucene-3.1",182,"False",1
"solr_src_solrj_org_apache_solr_client_solrj_impl_CommonsHttpSolrServer.java","lucene-3.1",183,"False",1
"solr_src_solrj_org_apache_solr_client_solrj_impl_CommonsHttpSolrServer.java","lucene-3.1",184,"False",1
"solr_src_solrj_org_apache_solr_client_solrj_impl_CommonsHttpSolrServer.java","lucene-3.1",185,"False",1
"solr_src_solrj_org_apache_solr_client_solrj_impl_CommonsHttpSolrServer.java","lucene-3.1",186,"False",1
"solr_src_solrj_org_apache_solr_client_solrj_impl_CommonsHttpSolrServer.java","lucene-3.1",187,"False",1
"solr_src_solrj_org_apache_solr_client_solrj_impl_CommonsHttpSolrServer.java","lucene-3.1",188,"False",1
"solr_src_solrj_org_apache_solr_client_solrj_impl_CommonsHttpSolrServer.java","lucene-3.1",189,"False",1
"solr_src_solrj_org_apache_solr_client_solrj_impl_CommonsHttpSolrServer.java","lucene-3.1",190,"False",1
"solr_src_solrj_org_apache_solr_client_solrj_impl_CommonsHttpSolrServer.java","lucene-3.1",191,"False",1
"solr_src_solrj_org_apache_solr_client_solrj_impl_CommonsHttpSolrServer.java","lucene-3.1",192,"False",1
"solr_src_solrj_org_apache_solr_client_solrj_impl_CommonsHttpSolrServer.java","lucene-3.1",193,"False",1
"solr_src_solrj_org_apache_solr_client_solrj_impl_CommonsHttpSolrServer.java","lucene-3.1",194,"False",1
"solr_src_solrj_org_apache_solr_client_solrj_impl_CommonsHttpSolrServer.java","lucene-3.1",195,"False",1
"solr_src_solrj_org_apache_solr_client_solrj_impl_CommonsHttpSolrServer.java","lucene-3.1",196,"False",1
"solr_src_solrj_org_apache_solr_client_solrj_impl_CommonsHttpSolrServer.java","lucene-3.1",197,"False",1
"solr_src_solrj_org_apache_solr_client_solrj_impl_CommonsHttpSolrServer.java","lucene-3.1",198,"False",1
"solr_src_solrj_org_apache_solr_client_solrj_impl_CommonsHttpSolrServer.java","lucene-3.1",199,"False",1
"solr_src_solrj_org_apache_solr_client_solrj_impl_CommonsHttpSolrServer.java","lucene-3.1",200,"False",1
"solr_src_solrj_org_apache_solr_client_solrj_impl_CommonsHttpSolrServer.java","lucene-3.1",201,"False",1
"solr_src_solrj_org_apache_solr_client_solrj_impl_CommonsHttpSolrServer.java","lucene-3.1",202,"False",1
"solr_src_solrj_org_apache_solr_client_solrj_impl_CommonsHttpSolrServer.java","lucene-3.1",203,"False",1
"solr_src_solrj_org_apache_solr_client_solrj_impl_CommonsHttpSolrServer.java","lucene-3.1",204,"False",1
"solr_src_solrj_org_apache_solr_client_solrj_impl_CommonsHttpSolrServer.java","lucene-3.1",205,"False",1
"solr_src_solrj_org_apache_solr_client_solrj_impl_CommonsHttpSolrServer.java","lucene-3.1",206,"False",1
"solr_src_solrj_org_apache_solr_client_solrj_impl_CommonsHttpSolrServer.java","lucene-3.1",207,"False",1
"solr_src_solrj_org_apache_solr_client_solrj_impl_CommonsHttpSolrServer.java","lucene-3.1",208,"False",1
"solr_src_solrj_org_apache_solr_client_solrj_impl_CommonsHttpSolrServer.java","lucene-3.1",209,"False",1
"solr_src_solrj_org_apache_solr_client_solrj_impl_CommonsHttpSolrServer.java","lucene-3.1",210,"False",1
"solr_src_solrj_org_apache_solr_client_solrj_impl_CommonsHttpSolrServer.java","lucene-3.1",211,"False",1
"solr_src_solrj_org_apache_solr_client_solrj_impl_CommonsHttpSolrServer.java","lucene-3.1",212,"False",1
"solr_src_solrj_org_apache_solr_client_solrj_impl_CommonsHttpSolrServer.java","lucene-3.1",213,"False",1
"solr_src_solrj_org_apache_solr_client_solrj_impl_CommonsHttpSolrServer.java","lucene-3.1",214,"False",1
"solr_src_solrj_org_apache_solr_client_solrj_impl_CommonsHttpSolrServer.java","lucene-3.1",215,"False",1
"solr_src_solrj_org_apache_solr_client_solrj_impl_CommonsHttpSolrServer.java","lucene-3.1",216,"False",1
"solr_src_solrj_org_apache_solr_client_solrj_impl_CommonsHttpSolrServer.java","lucene-3.1",217,"False",1
"solr_src_solrj_org_apache_solr_client_solrj_impl_CommonsHttpSolrServer.java","lucene-3.1",218,"False",1
"solr_src_solrj_org_apache_solr_client_solrj_impl_CommonsHttpSolrServer.java","lucene-3.1",219,"False",1
"solr_src_solrj_org_apache_solr_client_solrj_impl_CommonsHttpSolrServer.java","lucene-3.1",220,"False",1
"solr_src_solrj_org_apache_solr_client_solrj_impl_CommonsHttpSolrServer.java","lucene-3.1",221,"False",1
"solr_src_solrj_org_apache_solr_client_solrj_impl_CommonsHttpSolrServer.java","lucene-3.1",222,"False",1
"solr_src_solrj_org_apache_solr_client_solrj_impl_CommonsHttpSolrServer.java","lucene-3.1",223,"False",1
"solr_src_solrj_org_apache_solr_client_solrj_impl_CommonsHttpSolrServer.java","lucene-3.1",224,"False",1
"solr_src_solrj_org_apache_solr_client_solrj_impl_CommonsHttpSolrServer.java","lucene-3.1",225,"False",1
"solr_src_solrj_org_apache_solr_client_solrj_impl_CommonsHttpSolrServer.java","lucene-3.1",226,"False",1
"solr_src_solrj_org_apache_solr_client_solrj_impl_CommonsHttpSolrServer.java","lucene-3.1",227,"False",1
"solr_src_solrj_org_apache_solr_client_solrj_impl_CommonsHttpSolrServer.java","lucene-3.1",228,"False",1
"solr_src_solrj_org_apache_solr_client_solrj_impl_CommonsHttpSolrServer.java","lucene-3.1",229,"False",1
"solr_src_solrj_org_apache_solr_client_solrj_impl_CommonsHttpSolrServer.java","lucene-3.1",230,"False",1
"solr_src_solrj_org_apache_solr_client_solrj_impl_CommonsHttpSolrServer.java","lucene-3.1",231,"False",1
"solr_src_solrj_org_apache_solr_client_solrj_impl_CommonsHttpSolrServer.java","lucene-3.1",232,"False",1
"solr_src_solrj_org_apache_solr_client_solrj_impl_CommonsHttpSolrServer.java","lucene-3.1",233,"True",3
"solr_src_solrj_org_apache_solr_client_solrj_impl_CommonsHttpSolrServer.java","lucene-3.1",234,"False",1
"solr_src_solrj_org_apache_solr_client_solrj_impl_CommonsHttpSolrServer.java","lucene-3.1",235,"False",1
"solr_src_solrj_org_apache_solr_client_solrj_impl_CommonsHttpSolrServer.java","lucene-3.1",236,"False",1
"solr_src_solrj_org_apache_solr_client_solrj_impl_CommonsHttpSolrServer.java","lucene-3.1",237,"False",1
"solr_src_solrj_org_apache_solr_client_solrj_impl_CommonsHttpSolrServer.java","lucene-3.1",238,"False",1
"solr_src_solrj_org_apache_solr_client_solrj_impl_CommonsHttpSolrServer.java","lucene-3.1",239,"False",1
"solr_src_solrj_org_apache_solr_client_solrj_impl_CommonsHttpSolrServer.java","lucene-3.1",240,"False",1
"solr_src_solrj_org_apache_solr_client_solrj_impl_CommonsHttpSolrServer.java","lucene-3.1",241,"False",1
"solr_src_solrj_org_apache_solr_client_solrj_impl_CommonsHttpSolrServer.java","lucene-3.1",242,"False",1
"solr_src_solrj_org_apache_solr_client_solrj_impl_CommonsHttpSolrServer.java","lucene-3.1",243,"False",1
"solr_src_solrj_org_apache_solr_client_solrj_impl_CommonsHttpSolrServer.java","lucene-3.1",244,"False",1
"solr_src_solrj_org_apache_solr_client_solrj_impl_CommonsHttpSolrServer.java","lucene-3.1",245,"False",1
"solr_src_solrj_org_apache_solr_client_solrj_impl_CommonsHttpSolrServer.java","lucene-3.1",246,"False",1
"solr_src_solrj_org_apache_solr_client_solrj_impl_CommonsHttpSolrServer.java","lucene-3.1",247,"False",1
"solr_src_solrj_org_apache_solr_client_solrj_impl_CommonsHttpSolrServer.java","lucene-3.1",248,"False",1
"solr_src_solrj_org_apache_solr_client_solrj_impl_CommonsHttpSolrServer.java","lucene-3.1",249,"False",1
"solr_src_solrj_org_apache_solr_client_solrj_impl_CommonsHttpSolrServer.java","lucene-3.1",250,"False",1
"solr_src_solrj_org_apache_solr_client_solrj_impl_CommonsHttpSolrServer.java","lucene-3.1",251,"False",1
"solr_src_solrj_org_apache_solr_client_solrj_impl_CommonsHttpSolrServer.java","lucene-3.1",252,"False",1
"solr_src_solrj_org_apache_solr_client_solrj_impl_CommonsHttpSolrServer.java","lucene-3.1",253,"False",1
"solr_src_solrj_org_apache_solr_client_solrj_impl_CommonsHttpSolrServer.java","lucene-3.1",254,"False",1
"solr_src_solrj_org_apache_solr_client_solrj_impl_CommonsHttpSolrServer.java","lucene-3.1",255,"False",1
"solr_src_solrj_org_apache_solr_client_solrj_impl_CommonsHttpSolrServer.java","lucene-3.1",256,"False",1
"solr_src_solrj_org_apache_solr_client_solrj_impl_CommonsHttpSolrServer.java","lucene-3.1",257,"False",1
"solr_src_solrj_org_apache_solr_client_solrj_impl_CommonsHttpSolrServer.java","lucene-3.1",258,"False",1
"solr_src_solrj_org_apache_solr_client_solrj_impl_CommonsHttpSolrServer.java","lucene-3.1",259,"False",1
"solr_src_solrj_org_apache_solr_client_solrj_impl_CommonsHttpSolrServer.java","lucene-3.1",260,"False",1
"solr_src_solrj_org_apache_solr_client_solrj_impl_CommonsHttpSolrServer.java","lucene-3.1",261,"False",1
"solr_src_solrj_org_apache_solr_client_solrj_impl_CommonsHttpSolrServer.java","lucene-3.1",262,"False",1
"solr_src_solrj_org_apache_solr_client_solrj_impl_CommonsHttpSolrServer.java","lucene-3.1",263,"False",1
"solr_src_solrj_org_apache_solr_client_solrj_impl_CommonsHttpSolrServer.java","lucene-3.1",264,"False",1
"solr_src_solrj_org_apache_solr_client_solrj_impl_CommonsHttpSolrServer.java","lucene-3.1",265,"False",1
"solr_src_solrj_org_apache_solr_client_solrj_impl_CommonsHttpSolrServer.java","lucene-3.1",266,"False",1
"solr_src_solrj_org_apache_solr_client_solrj_impl_CommonsHttpSolrServer.java","lucene-3.1",267,"False",1
"solr_src_solrj_org_apache_solr_client_solrj_impl_CommonsHttpSolrServer.java","lucene-3.1",268,"False",1
"solr_src_solrj_org_apache_solr_client_solrj_impl_CommonsHttpSolrServer.java","lucene-3.1",269,"False",1
"solr_src_solrj_org_apache_solr_client_solrj_impl_CommonsHttpSolrServer.java","lucene-3.1",270,"False",1
"solr_src_solrj_org_apache_solr_client_solrj_impl_CommonsHttpSolrServer.java","lucene-3.1",271,"False",1
"solr_src_solrj_org_apache_solr_client_solrj_impl_CommonsHttpSolrServer.java","lucene-3.1",272,"False",1
"solr_src_solrj_org_apache_solr_client_solrj_impl_CommonsHttpSolrServer.java","lucene-3.1",273,"False",1
"solr_src_solrj_org_apache_solr_client_solrj_impl_CommonsHttpSolrServer.java","lucene-3.1",274,"False",1
"solr_src_solrj_org_apache_solr_client_solrj_impl_CommonsHttpSolrServer.java","lucene-3.1",275,"False",1
"solr_src_solrj_org_apache_solr_client_solrj_impl_CommonsHttpSolrServer.java","lucene-3.1",276,"False",1
"solr_src_solrj_org_apache_solr_client_solrj_impl_CommonsHttpSolrServer.java","lucene-3.1",277,"False",1
"solr_src_solrj_org_apache_solr_client_solrj_impl_CommonsHttpSolrServer.java","lucene-3.1",278,"False",1
"solr_src_solrj_org_apache_solr_client_solrj_impl_CommonsHttpSolrServer.java","lucene-3.1",279,"False",1
"solr_src_solrj_org_apache_solr_client_solrj_impl_CommonsHttpSolrServer.java","lucene-3.1",280,"False",1
"solr_src_solrj_org_apache_solr_client_solrj_impl_CommonsHttpSolrServer.java","lucene-3.1",281,"False",1
"solr_src_solrj_org_apache_solr_client_solrj_impl_CommonsHttpSolrServer.java","lucene-3.1",282,"False",1
"solr_src_solrj_org_apache_solr_client_solrj_impl_CommonsHttpSolrServer.java","lucene-3.1",283,"False",1
"solr_src_solrj_org_apache_solr_client_solrj_impl_CommonsHttpSolrServer.java","lucene-3.1",284,"False",1
"solr_src_solrj_org_apache_solr_client_solrj_impl_CommonsHttpSolrServer.java","lucene-3.1",285,"False",1
"solr_src_solrj_org_apache_solr_client_solrj_impl_CommonsHttpSolrServer.java","lucene-3.1",286,"False",1
"solr_src_solrj_org_apache_solr_client_solrj_impl_CommonsHttpSolrServer.java","lucene-3.1",287,"False",1
"solr_src_solrj_org_apache_solr_client_solrj_impl_CommonsHttpSolrServer.java","lucene-3.1",288,"False",1
"solr_src_solrj_org_apache_solr_client_solrj_impl_CommonsHttpSolrServer.java","lucene-3.1",289,"False",1
"solr_src_solrj_org_apache_solr_client_solrj_impl_CommonsHttpSolrServer.java","lucene-3.1",290,"False",1
"solr_src_solrj_org_apache_solr_client_solrj_impl_CommonsHttpSolrServer.java","lucene-3.1",291,"False",1
"solr_src_solrj_org_apache_solr_client_solrj_impl_CommonsHttpSolrServer.java","lucene-3.1",292,"False",1
"solr_src_solrj_org_apache_solr_client_solrj_impl_CommonsHttpSolrServer.java","lucene-3.1",293,"False",1
"solr_src_solrj_org_apache_solr_client_solrj_impl_CommonsHttpSolrServer.java","lucene-3.1",294,"False",1
"solr_src_solrj_org_apache_solr_client_solrj_impl_CommonsHttpSolrServer.java","lucene-3.1",295,"False",1
"solr_src_solrj_org_apache_solr_client_solrj_impl_CommonsHttpSolrServer.java","lucene-3.1",296,"False",1
"solr_src_solrj_org_apache_solr_client_solrj_impl_CommonsHttpSolrServer.java","lucene-3.1",297,"False",1
"solr_src_solrj_org_apache_solr_client_solrj_impl_CommonsHttpSolrServer.java","lucene-3.1",298,"False",1
"solr_src_solrj_org_apache_solr_client_solrj_impl_CommonsHttpSolrServer.java","lucene-3.1",299,"False",1
"solr_src_solrj_org_apache_solr_client_solrj_impl_CommonsHttpSolrServer.java","lucene-3.1",300,"False",1
"solr_src_solrj_org_apache_solr_client_solrj_impl_CommonsHttpSolrServer.java","lucene-3.1",301,"False",1
"solr_src_solrj_org_apache_solr_client_solrj_impl_CommonsHttpSolrServer.java","lucene-3.1",302,"False",1
"solr_src_solrj_org_apache_solr_client_solrj_impl_CommonsHttpSolrServer.java","lucene-3.1",303,"False",1
"solr_src_solrj_org_apache_solr_client_solrj_impl_CommonsHttpSolrServer.java","lucene-3.1",304,"False",1
"solr_src_solrj_org_apache_solr_client_solrj_impl_CommonsHttpSolrServer.java","lucene-3.1",305,"False",1
"solr_src_solrj_org_apache_solr_client_solrj_impl_CommonsHttpSolrServer.java","lucene-3.1",306,"False",1
"solr_src_solrj_org_apache_solr_client_solrj_impl_CommonsHttpSolrServer.java","lucene-3.1",307,"False",1
"solr_src_solrj_org_apache_solr_client_solrj_impl_CommonsHttpSolrServer.java","lucene-3.1",308,"False",1
"solr_src_solrj_org_apache_solr_client_solrj_impl_CommonsHttpSolrServer.java","lucene-3.1",309,"False",1
"solr_src_solrj_org_apache_solr_client_solrj_impl_CommonsHttpSolrServer.java","lucene-3.1",310,"False",1
"solr_src_solrj_org_apache_solr_client_solrj_impl_CommonsHttpSolrServer.java","lucene-3.1",311,"False",1
"solr_src_solrj_org_apache_solr_client_solrj_impl_CommonsHttpSolrServer.java","lucene-3.1",312,"False",1
"solr_src_solrj_org_apache_solr_client_solrj_impl_CommonsHttpSolrServer.java","lucene-3.1",313,"False",1
"solr_src_solrj_org_apache_solr_client_solrj_impl_CommonsHttpSolrServer.java","lucene-3.1",314,"False",1
"solr_src_solrj_org_apache_solr_client_solrj_impl_CommonsHttpSolrServer.java","lucene-3.1",315,"False",1
"solr_src_solrj_org_apache_solr_client_solrj_impl_CommonsHttpSolrServer.java","lucene-3.1",316,"False",1
"solr_src_solrj_org_apache_solr_client_solrj_impl_CommonsHttpSolrServer.java","lucene-3.1",317,"False",1
"solr_src_solrj_org_apache_solr_client_solrj_impl_CommonsHttpSolrServer.java","lucene-3.1",318,"False",1
"solr_src_solrj_org_apache_solr_client_solrj_impl_CommonsHttpSolrServer.java","lucene-3.1",319,"False",1
"solr_src_solrj_org_apache_solr_client_solrj_impl_CommonsHttpSolrServer.java","lucene-3.1",320,"False",1
"solr_src_solrj_org_apache_solr_client_solrj_impl_CommonsHttpSolrServer.java","lucene-3.1",321,"False",1
"solr_src_solrj_org_apache_solr_client_solrj_impl_CommonsHttpSolrServer.java","lucene-3.1",322,"False",1
"solr_src_solrj_org_apache_solr_client_solrj_impl_CommonsHttpSolrServer.java","lucene-3.1",323,"True",3
"solr_src_solrj_org_apache_solr_client_solrj_impl_CommonsHttpSolrServer.java","lucene-3.1",324,"False",1
"solr_src_solrj_org_apache_solr_client_solrj_impl_CommonsHttpSolrServer.java","lucene-3.1",325,"False",1
"solr_src_solrj_org_apache_solr_client_solrj_impl_CommonsHttpSolrServer.java","lucene-3.1",326,"False",1
"solr_src_solrj_org_apache_solr_client_solrj_impl_CommonsHttpSolrServer.java","lucene-3.1",327,"False",1
"solr_src_solrj_org_apache_solr_client_solrj_impl_CommonsHttpSolrServer.java","lucene-3.1",328,"False",1
"solr_src_solrj_org_apache_solr_client_solrj_impl_CommonsHttpSolrServer.java","lucene-3.1",329,"False",1
"solr_src_solrj_org_apache_solr_client_solrj_impl_CommonsHttpSolrServer.java","lucene-3.1",330,"False",1
"solr_src_solrj_org_apache_solr_client_solrj_impl_CommonsHttpSolrServer.java","lucene-3.1",331,"False",1
"solr_src_solrj_org_apache_solr_client_solrj_impl_CommonsHttpSolrServer.java","lucene-3.1",332,"False",1
"solr_src_solrj_org_apache_solr_client_solrj_impl_CommonsHttpSolrServer.java","lucene-3.1",333,"False",1
"solr_src_solrj_org_apache_solr_client_solrj_impl_CommonsHttpSolrServer.java","lucene-3.1",334,"False",1
"solr_src_solrj_org_apache_solr_client_solrj_impl_CommonsHttpSolrServer.java","lucene-3.1",335,"False",1
"solr_src_solrj_org_apache_solr_client_solrj_impl_CommonsHttpSolrServer.java","lucene-3.1",336,"False",1
"solr_src_solrj_org_apache_solr_client_solrj_impl_CommonsHttpSolrServer.java","lucene-3.1",337,"False",1
"solr_src_solrj_org_apache_solr_client_solrj_impl_CommonsHttpSolrServer.java","lucene-3.1",338,"False",1
"solr_src_solrj_org_apache_solr_client_solrj_impl_CommonsHttpSolrServer.java","lucene-3.1",339,"False",1
"solr_src_solrj_org_apache_solr_client_solrj_impl_CommonsHttpSolrServer.java","lucene-3.1",340,"False",1
"solr_src_solrj_org_apache_solr_client_solrj_impl_CommonsHttpSolrServer.java","lucene-3.1",341,"False",1
"solr_src_solrj_org_apache_solr_client_solrj_impl_CommonsHttpSolrServer.java","lucene-3.1",342,"False",1
"solr_src_solrj_org_apache_solr_client_solrj_impl_CommonsHttpSolrServer.java","lucene-3.1",343,"False",1
"solr_src_solrj_org_apache_solr_client_solrj_impl_CommonsHttpSolrServer.java","lucene-3.1",344,"False",1
"solr_src_solrj_org_apache_solr_client_solrj_impl_CommonsHttpSolrServer.java","lucene-3.1",345,"False",1
"solr_src_solrj_org_apache_solr_client_solrj_impl_CommonsHttpSolrServer.java","lucene-3.1",346,"False",1
"solr_src_solrj_org_apache_solr_client_solrj_impl_CommonsHttpSolrServer.java","lucene-3.1",347,"False",1
"solr_src_solrj_org_apache_solr_client_solrj_impl_CommonsHttpSolrServer.java","lucene-3.1",348,"False",1
"solr_src_solrj_org_apache_solr_client_solrj_impl_CommonsHttpSolrServer.java","lucene-3.1",349,"False",1
"solr_src_solrj_org_apache_solr_client_solrj_impl_CommonsHttpSolrServer.java","lucene-3.1",350,"False",1
"solr_src_solrj_org_apache_solr_client_solrj_impl_CommonsHttpSolrServer.java","lucene-3.1",351,"False",1
"solr_src_solrj_org_apache_solr_client_solrj_impl_CommonsHttpSolrServer.java","lucene-3.1",352,"False",1
"solr_src_solrj_org_apache_solr_client_solrj_impl_CommonsHttpSolrServer.java","lucene-3.1",353,"False",1
"solr_src_solrj_org_apache_solr_client_solrj_impl_CommonsHttpSolrServer.java","lucene-3.1",354,"False",1
"solr_src_solrj_org_apache_solr_client_solrj_impl_CommonsHttpSolrServer.java","lucene-3.1",355,"False",1
"solr_src_solrj_org_apache_solr_client_solrj_impl_CommonsHttpSolrServer.java","lucene-3.1",356,"False",1
"solr_src_solrj_org_apache_solr_client_solrj_impl_CommonsHttpSolrServer.java","lucene-3.1",357,"False",1
"solr_src_solrj_org_apache_solr_client_solrj_impl_CommonsHttpSolrServer.java","lucene-3.1",358,"False",1
"solr_src_solrj_org_apache_solr_client_solrj_impl_CommonsHttpSolrServer.java","lucene-3.1",359,"False",1
"solr_src_solrj_org_apache_solr_client_solrj_impl_CommonsHttpSolrServer.java","lucene-3.1",360,"False",1
"solr_src_solrj_org_apache_solr_client_solrj_impl_CommonsHttpSolrServer.java","lucene-3.1",361,"False",1
"solr_src_solrj_org_apache_solr_client_solrj_impl_CommonsHttpSolrServer.java","lucene-3.1",362,"False",1
"solr_src_solrj_org_apache_solr_client_solrj_impl_CommonsHttpSolrServer.java","lucene-3.1",363,"False",1
"solr_src_solrj_org_apache_solr_client_solrj_impl_CommonsHttpSolrServer.java","lucene-3.1",364,"False",1
"solr_src_solrj_org_apache_solr_client_solrj_impl_CommonsHttpSolrServer.java","lucene-3.1",365,"False",1
"solr_src_solrj_org_apache_solr_client_solrj_impl_CommonsHttpSolrServer.java","lucene-3.1",366,"False",1
"solr_src_solrj_org_apache_solr_client_solrj_impl_CommonsHttpSolrServer.java","lucene-3.1",367,"False",1
"solr_src_solrj_org_apache_solr_client_solrj_impl_CommonsHttpSolrServer.java","lucene-3.1",368,"False",1
"solr_src_solrj_org_apache_solr_client_solrj_impl_CommonsHttpSolrServer.java","lucene-3.1",369,"False",1
"solr_src_solrj_org_apache_solr_client_solrj_impl_CommonsHttpSolrServer.java","lucene-3.1",370,"True",3
"solr_src_solrj_org_apache_solr_client_solrj_impl_CommonsHttpSolrServer.java","lucene-3.1",371,"False",1
"solr_src_solrj_org_apache_solr_client_solrj_impl_CommonsHttpSolrServer.java","lucene-3.1",372,"False",1
"solr_src_solrj_org_apache_solr_client_solrj_impl_CommonsHttpSolrServer.java","lucene-3.1",373,"False",1
"solr_src_solrj_org_apache_solr_client_solrj_impl_CommonsHttpSolrServer.java","lucene-3.1",374,"True",3
"solr_src_solrj_org_apache_solr_client_solrj_impl_CommonsHttpSolrServer.java","lucene-3.1",375,"False",1
"solr_src_solrj_org_apache_solr_client_solrj_impl_CommonsHttpSolrServer.java","lucene-3.1",376,"False",1
"solr_src_solrj_org_apache_solr_client_solrj_impl_CommonsHttpSolrServer.java","lucene-3.1",377,"False",1
"solr_src_solrj_org_apache_solr_client_solrj_impl_CommonsHttpSolrServer.java","lucene-3.1",378,"True",3
"solr_src_solrj_org_apache_solr_client_solrj_impl_CommonsHttpSolrServer.java","lucene-3.1",379,"False",1
"solr_src_solrj_org_apache_solr_client_solrj_impl_CommonsHttpSolrServer.java","lucene-3.1",380,"False",1
"solr_src_solrj_org_apache_solr_client_solrj_impl_CommonsHttpSolrServer.java","lucene-3.1",381,"False",1
"solr_src_solrj_org_apache_solr_client_solrj_impl_CommonsHttpSolrServer.java","lucene-3.1",382,"True",3
"solr_src_solrj_org_apache_solr_client_solrj_impl_CommonsHttpSolrServer.java","lucene-3.1",383,"False",1
"solr_src_solrj_org_apache_solr_client_solrj_impl_CommonsHttpSolrServer.java","lucene-3.1",384,"False",1
"solr_src_solrj_org_apache_solr_client_solrj_impl_CommonsHttpSolrServer.java","lucene-3.1",385,"False",1
"solr_src_solrj_org_apache_solr_client_solrj_impl_CommonsHttpSolrServer.java","lucene-3.1",386,"False",1
"solr_src_solrj_org_apache_solr_client_solrj_impl_CommonsHttpSolrServer.java","lucene-3.1",387,"False",1
"solr_src_solrj_org_apache_solr_client_solrj_impl_CommonsHttpSolrServer.java","lucene-3.1",388,"False",1
"solr_src_solrj_org_apache_solr_client_solrj_impl_CommonsHttpSolrServer.java","lucene-3.1",389,"False",1
"solr_src_solrj_org_apache_solr_client_solrj_impl_CommonsHttpSolrServer.java","lucene-3.1",390,"False",1
"solr_src_solrj_org_apache_solr_client_solrj_impl_CommonsHttpSolrServer.java","lucene-3.1",391,"False",1
"solr_src_solrj_org_apache_solr_client_solrj_impl_CommonsHttpSolrServer.java","lucene-3.1",392,"False",1
"solr_src_solrj_org_apache_solr_client_solrj_impl_CommonsHttpSolrServer.java","lucene-3.1",393,"False",1
"solr_src_solrj_org_apache_solr_client_solrj_impl_CommonsHttpSolrServer.java","lucene-3.1",394,"False",1
"solr_src_solrj_org_apache_solr_client_solrj_impl_CommonsHttpSolrServer.java","lucene-3.1",395,"False",1
"solr_src_solrj_org_apache_solr_client_solrj_impl_CommonsHttpSolrServer.java","lucene-3.1",396,"False",1
"solr_src_solrj_org_apache_solr_client_solrj_impl_CommonsHttpSolrServer.java","lucene-3.1",397,"False",1
"solr_src_solrj_org_apache_solr_client_solrj_impl_CommonsHttpSolrServer.java","lucene-3.1",398,"False",1
"solr_src_solrj_org_apache_solr_client_solrj_impl_CommonsHttpSolrServer.java","lucene-3.1",399,"False",1
"solr_src_solrj_org_apache_solr_client_solrj_impl_CommonsHttpSolrServer.java","lucene-3.1",400,"False",1
"solr_src_solrj_org_apache_solr_client_solrj_impl_CommonsHttpSolrServer.java","lucene-3.1",401,"False",1
"solr_src_solrj_org_apache_solr_client_solrj_impl_CommonsHttpSolrServer.java","lucene-3.1",402,"False",1
"solr_src_solrj_org_apache_solr_client_solrj_impl_CommonsHttpSolrServer.java","lucene-3.1",403,"False",1
"solr_src_solrj_org_apache_solr_client_solrj_impl_CommonsHttpSolrServer.java","lucene-3.1",404,"False",1
"solr_src_solrj_org_apache_solr_client_solrj_impl_CommonsHttpSolrServer.java","lucene-3.1",405,"False",1
"solr_src_solrj_org_apache_solr_client_solrj_impl_CommonsHttpSolrServer.java","lucene-3.1",406,"False",1
"solr_src_solrj_org_apache_solr_client_solrj_impl_CommonsHttpSolrServer.java","lucene-3.1",407,"False",1
"solr_src_solrj_org_apache_solr_client_solrj_impl_CommonsHttpSolrServer.java","lucene-3.1",408,"False",1
"solr_src_solrj_org_apache_solr_client_solrj_impl_CommonsHttpSolrServer.java","lucene-3.1",409,"False",1
"solr_src_solrj_org_apache_solr_client_solrj_impl_CommonsHttpSolrServer.java","lucene-3.1",410,"False",1
"solr_src_solrj_org_apache_solr_client_solrj_impl_CommonsHttpSolrServer.java","lucene-3.1",411,"False",1
"solr_src_solrj_org_apache_solr_client_solrj_impl_CommonsHttpSolrServer.java","lucene-3.1",412,"False",1
"solr_src_solrj_org_apache_solr_client_solrj_impl_CommonsHttpSolrServer.java","lucene-3.1",413,"False",1
"solr_src_solrj_org_apache_solr_client_solrj_impl_CommonsHttpSolrServer.java","lucene-3.1",414,"False",1
"solr_src_solrj_org_apache_solr_client_solrj_impl_CommonsHttpSolrServer.java","lucene-3.1",415,"False",1
"solr_src_solrj_org_apache_solr_client_solrj_impl_CommonsHttpSolrServer.java","lucene-3.1",416,"False",1
"solr_src_solrj_org_apache_solr_client_solrj_impl_CommonsHttpSolrServer.java","lucene-3.1",417,"False",1
"solr_src_solrj_org_apache_solr_client_solrj_impl_CommonsHttpSolrServer.java","lucene-3.1",418,"False",1
"solr_src_solrj_org_apache_solr_client_solrj_impl_CommonsHttpSolrServer.java","lucene-3.1",419,"False",1
"solr_src_solrj_org_apache_solr_client_solrj_impl_CommonsHttpSolrServer.java","lucene-3.1",420,"False",1
"solr_src_solrj_org_apache_solr_client_solrj_impl_CommonsHttpSolrServer.java","lucene-3.1",421,"False",1
"solr_src_solrj_org_apache_solr_client_solrj_impl_CommonsHttpSolrServer.java","lucene-3.1",422,"False",1
"solr_src_solrj_org_apache_solr_client_solrj_impl_CommonsHttpSolrServer.java","lucene-3.1",423,"False",1
"solr_src_solrj_org_apache_solr_client_solrj_impl_CommonsHttpSolrServer.java","lucene-3.1",424,"False",1
"solr_src_solrj_org_apache_solr_client_solrj_impl_CommonsHttpSolrServer.java","lucene-3.1",425,"False",1
"solr_src_solrj_org_apache_solr_client_solrj_impl_CommonsHttpSolrServer.java","lucene-3.1",426,"False",1
"solr_src_solrj_org_apache_solr_client_solrj_impl_CommonsHttpSolrServer.java","lucene-3.1",427,"False",1
"solr_src_solrj_org_apache_solr_client_solrj_impl_CommonsHttpSolrServer.java","lucene-3.1",428,"False",1
"solr_src_solrj_org_apache_solr_client_solrj_impl_CommonsHttpSolrServer.java","lucene-3.1",429,"False",1
"solr_src_solrj_org_apache_solr_client_solrj_impl_CommonsHttpSolrServer.java","lucene-3.1",430,"False",1
"solr_src_solrj_org_apache_solr_client_solrj_impl_CommonsHttpSolrServer.java","lucene-3.1",431,"False",1
"solr_src_solrj_org_apache_solr_client_solrj_impl_CommonsHttpSolrServer.java","lucene-3.1",432,"False",1
"solr_src_solrj_org_apache_solr_client_solrj_impl_CommonsHttpSolrServer.java","lucene-3.1",433,"False",1
"solr_src_solrj_org_apache_solr_client_solrj_impl_CommonsHttpSolrServer.java","lucene-3.1",434,"False",1
"solr_src_solrj_org_apache_solr_client_solrj_impl_CommonsHttpSolrServer.java","lucene-3.1",435,"False",1
"solr_src_solrj_org_apache_solr_client_solrj_impl_CommonsHttpSolrServer.java","lucene-3.1",436,"False",1
"solr_src_solrj_org_apache_solr_client_solrj_impl_CommonsHttpSolrServer.java","lucene-3.1",437,"False",1
"solr_src_solrj_org_apache_solr_client_solrj_impl_CommonsHttpSolrServer.java","lucene-3.1",438,"False",1
"solr_src_solrj_org_apache_solr_client_solrj_impl_CommonsHttpSolrServer.java","lucene-3.1",439,"False",1
"solr_src_solrj_org_apache_solr_client_solrj_impl_CommonsHttpSolrServer.java","lucene-3.1",440,"False",1
"solr_src_solrj_org_apache_solr_client_solrj_impl_CommonsHttpSolrServer.java","lucene-3.1",441,"False",1
"solr_src_solrj_org_apache_solr_client_solrj_impl_CommonsHttpSolrServer.java","lucene-3.1",442,"False",1
"solr_src_solrj_org_apache_solr_client_solrj_impl_CommonsHttpSolrServer.java","lucene-3.1",443,"False",1
"solr_src_solrj_org_apache_solr_client_solrj_impl_CommonsHttpSolrServer.java","lucene-3.1",444,"False",1
"solr_src_solrj_org_apache_solr_client_solrj_impl_CommonsHttpSolrServer.java","lucene-3.1",445,"False",1
"solr_src_solrj_org_apache_solr_client_solrj_impl_CommonsHttpSolrServer.java","lucene-3.1",446,"False",1
"solr_src_solrj_org_apache_solr_client_solrj_impl_CommonsHttpSolrServer.java","lucene-3.1",447,"False",1
"solr_src_solrj_org_apache_solr_client_solrj_impl_CommonsHttpSolrServer.java","lucene-3.1",448,"False",1
"solr_src_solrj_org_apache_solr_client_solrj_impl_CommonsHttpSolrServer.java","lucene-3.1",449,"False",1
"solr_src_solrj_org_apache_solr_client_solrj_impl_CommonsHttpSolrServer.java","lucene-3.1",450,"False",1
"solr_src_solrj_org_apache_solr_client_solrj_impl_CommonsHttpSolrServer.java","lucene-3.1",451,"False",1
"solr_src_solrj_org_apache_solr_client_solrj_impl_CommonsHttpSolrServer.java","lucene-3.1",452,"False",1
"solr_src_solrj_org_apache_solr_client_solrj_impl_CommonsHttpSolrServer.java","lucene-3.1",453,"False",1
"solr_src_solrj_org_apache_solr_client_solrj_impl_CommonsHttpSolrServer.java","lucene-3.1",454,"False",1
"solr_src_solrj_org_apache_solr_client_solrj_impl_CommonsHttpSolrServer.java","lucene-3.1",455,"False",1
"solr_src_solrj_org_apache_solr_client_solrj_impl_CommonsHttpSolrServer.java","lucene-3.1",456,"False",1
"solr_src_solrj_org_apache_solr_client_solrj_impl_CommonsHttpSolrServer.java","lucene-3.1",457,"False",1
"solr_src_solrj_org_apache_solr_client_solrj_impl_CommonsHttpSolrServer.java","lucene-3.1",458,"False",1
"solr_src_solrj_org_apache_solr_client_solrj_impl_CommonsHttpSolrServer.java","lucene-3.1",459,"False",1
"solr_src_solrj_org_apache_solr_client_solrj_impl_CommonsHttpSolrServer.java","lucene-3.1",460,"False",1
"solr_src_solrj_org_apache_solr_client_solrj_impl_CommonsHttpSolrServer.java","lucene-3.1",461,"False",1
"solr_src_solrj_org_apache_solr_client_solrj_impl_CommonsHttpSolrServer.java","lucene-3.1",462,"False",1
"solr_src_solrj_org_apache_solr_client_solrj_impl_CommonsHttpSolrServer.java","lucene-3.1",463,"False",1
"solr_src_solrj_org_apache_solr_client_solrj_impl_CommonsHttpSolrServer.java","lucene-3.1",464,"False",1
"solr_src_solrj_org_apache_solr_client_solrj_impl_CommonsHttpSolrServer.java","lucene-3.1",465,"False",1
"solr_src_solrj_org_apache_solr_client_solrj_impl_CommonsHttpSolrServer.java","lucene-3.1",466,"False",1
"solr_src_solrj_org_apache_solr_client_solrj_impl_CommonsHttpSolrServer.java","lucene-3.1",467,"False",1
"solr_src_solrj_org_apache_solr_client_solrj_impl_CommonsHttpSolrServer.java","lucene-3.1",468,"False",1
"solr_src_solrj_org_apache_solr_client_solrj_impl_CommonsHttpSolrServer.java","lucene-3.1",469,"False",1
"solr_src_solrj_org_apache_solr_client_solrj_impl_CommonsHttpSolrServer.java","lucene-3.1",470,"False",1
"solr_src_solrj_org_apache_solr_client_solrj_impl_CommonsHttpSolrServer.java","lucene-3.1",471,"False",1
"solr_src_solrj_org_apache_solr_client_solrj_impl_CommonsHttpSolrServer.java","lucene-3.1",472,"False",1
"solr_src_solrj_org_apache_solr_client_solrj_impl_CommonsHttpSolrServer.java","lucene-3.1",473,"False",1
"solr_src_solrj_org_apache_solr_client_solrj_impl_CommonsHttpSolrServer.java","lucene-3.1",474,"False",1
"solr_src_solrj_org_apache_solr_client_solrj_impl_CommonsHttpSolrServer.java","lucene-3.1",475,"False",1
"solr_src_solrj_org_apache_solr_client_solrj_impl_CommonsHttpSolrServer.java","lucene-3.1",476,"False",1
"solr_src_solrj_org_apache_solr_client_solrj_impl_CommonsHttpSolrServer.java","lucene-3.1",477,"False",1
"solr_src_solrj_org_apache_solr_client_solrj_impl_CommonsHttpSolrServer.java","lucene-3.1",478,"False",1
"solr_src_solrj_org_apache_solr_client_solrj_impl_CommonsHttpSolrServer.java","lucene-3.1",479,"False",1
"solr_src_solrj_org_apache_solr_client_solrj_impl_CommonsHttpSolrServer.java","lucene-3.1",480,"False",1
"solr_src_solrj_org_apache_solr_client_solrj_impl_CommonsHttpSolrServer.java","lucene-3.1",481,"False",1
"solr_src_solrj_org_apache_solr_client_solrj_impl_CommonsHttpSolrServer.java","lucene-3.1",482,"False",1
"solr_src_solrj_org_apache_solr_client_solrj_impl_CommonsHttpSolrServer.java","lucene-3.1",483,"False",1
"solr_src_solrj_org_apache_solr_client_solrj_impl_CommonsHttpSolrServer.java","lucene-3.1",484,"False",1
"solr_src_solrj_org_apache_solr_client_solrj_impl_CommonsHttpSolrServer.java","lucene-3.1",485,"False",1
"solr_src_solrj_org_apache_solr_client_solrj_impl_CommonsHttpSolrServer.java","lucene-3.1",486,"False",1
"solr_src_solrj_org_apache_solr_client_solrj_impl_CommonsHttpSolrServer.java","lucene-3.1",487,"False",1
"solr_src_solrj_org_apache_solr_client_solrj_impl_CommonsHttpSolrServer.java","lucene-3.1",488,"False",1
"solr_src_solrj_org_apache_solr_client_solrj_impl_CommonsHttpSolrServer.java","lucene-3.1",489,"False",1
"solr_src_solrj_org_apache_solr_client_solrj_impl_CommonsHttpSolrServer.java","lucene-3.1",490,"False",1
"solr_src_solrj_org_apache_solr_client_solrj_impl_CommonsHttpSolrServer.java","lucene-3.1",491,"False",1
"solr_src_solrj_org_apache_solr_client_solrj_impl_CommonsHttpSolrServer.java","lucene-3.1",492,"False",1
"solr_src_solrj_org_apache_solr_client_solrj_impl_CommonsHttpSolrServer.java","lucene-3.1",493,"False",1
"solr_src_solrj_org_apache_solr_client_solrj_impl_CommonsHttpSolrServer.java","lucene-3.1",494,"False",1
"solr_src_solrj_org_apache_solr_client_solrj_impl_CommonsHttpSolrServer.java","lucene-3.1",495,"False",1
"solr_src_solrj_org_apache_solr_client_solrj_impl_CommonsHttpSolrServer.java","lucene-3.1",496,"False",1
"solr_src_solrj_org_apache_solr_client_solrj_impl_CommonsHttpSolrServer.java","lucene-3.1",497,"False",1
"solr_src_solrj_org_apache_solr_client_solrj_impl_CommonsHttpSolrServer.java","lucene-3.1",498,"False",1
"solr_src_solrj_org_apache_solr_client_solrj_impl_CommonsHttpSolrServer.java","lucene-3.1",499,"False",1
"solr_src_solrj_org_apache_solr_client_solrj_impl_CommonsHttpSolrServer.java","lucene-3.1",500,"False",1
"solr_src_solrj_org_apache_solr_client_solrj_impl_CommonsHttpSolrServer.java","lucene-3.1",501,"False",1
"solr_src_solrj_org_apache_solr_client_solrj_impl_CommonsHttpSolrServer.java","lucene-3.1",502,"False",1
"solr_src_solrj_org_apache_solr_client_solrj_impl_CommonsHttpSolrServer.java","lucene-3.1",503,"False",1
"solr_src_solrj_org_apache_solr_client_solrj_impl_CommonsHttpSolrServer.java","lucene-3.1",504,"False",1
"solr_src_solrj_org_apache_solr_client_solrj_impl_CommonsHttpSolrServer.java","lucene-3.1",505,"False",1
"solr_src_solrj_org_apache_solr_client_solrj_impl_CommonsHttpSolrServer.java","lucene-3.1",506,"False",1
"solr_src_solrj_org_apache_solr_client_solrj_impl_CommonsHttpSolrServer.java","lucene-3.1",507,"False",1
"solr_src_solrj_org_apache_solr_client_solrj_impl_CommonsHttpSolrServer.java","lucene-3.1",508,"False",1
"solr_src_solrj_org_apache_solr_client_solrj_impl_CommonsHttpSolrServer.java","lucene-3.1",509,"False",1
"solr_src_solrj_org_apache_solr_client_solrj_impl_CommonsHttpSolrServer.java","lucene-3.1",510,"False",1
"solr_src_solrj_org_apache_solr_client_solrj_impl_CommonsHttpSolrServer.java","lucene-3.1",511,"False",1
"solr_src_solrj_org_apache_solr_client_solrj_impl_CommonsHttpSolrServer.java","lucene-3.1",512,"False",1
"solr_src_solrj_org_apache_solr_client_solrj_impl_CommonsHttpSolrServer.java","lucene-3.1",513,"False",1
"solr_src_solrj_org_apache_solr_client_solrj_impl_CommonsHttpSolrServer.java","lucene-3.1",514,"False",1
"solr_src_solrj_org_apache_solr_client_solrj_impl_CommonsHttpSolrServer.java","lucene-3.1",515,"False",1
"solr_src_solrj_org_apache_solr_client_solrj_impl_CommonsHttpSolrServer.java","lucene-3.1",516,"False",1
"solr_src_solrj_org_apache_solr_client_solrj_impl_CommonsHttpSolrServer.java","lucene-3.1",517,"False",1
"solr_src_solrj_org_apache_solr_client_solrj_impl_CommonsHttpSolrServer.java","lucene-3.1",518,"False",1
"solr_src_solrj_org_apache_solr_client_solrj_impl_CommonsHttpSolrServer.java","lucene-3.1",519,"False",1
"solr_src_solrj_org_apache_solr_client_solrj_impl_CommonsHttpSolrServer.java","lucene-3.1",520,"False",1
"solr_src_solrj_org_apache_solr_client_solrj_impl_CommonsHttpSolrServer.java","lucene-3.1",521,"False",1
"solr_src_solrj_org_apache_solr_client_solrj_impl_CommonsHttpSolrServer.java","lucene-3.1",522,"False",1
"solr_src_solrj_org_apache_solr_client_solrj_impl_CommonsHttpSolrServer.java","lucene-3.1",523,"False",1
"solr_src_solrj_org_apache_solr_client_solrj_impl_CommonsHttpSolrServer.java","lucene-3.1",524,"False",1
"solr_src_solrj_org_apache_solr_client_solrj_impl_CommonsHttpSolrServer.java","lucene-3.1",525,"False",1
"solr_src_solrj_org_apache_solr_client_solrj_impl_CommonsHttpSolrServer.java","lucene-3.1",526,"False",1
"solr_src_solrj_org_apache_solr_client_solrj_impl_CommonsHttpSolrServer.java","lucene-3.1",527,"False",1
"solr_src_solrj_org_apache_solr_client_solrj_impl_CommonsHttpSolrServer.java","lucene-3.1",528,"False",1
"solr_src_solrj_org_apache_solr_client_solrj_impl_CommonsHttpSolrServer.java","lucene-3.1",529,"False",1
"solr_src_solrj_org_apache_solr_client_solrj_impl_CommonsHttpSolrServer.java","lucene-3.1",530,"False",1
"solr_src_solrj_org_apache_solr_client_solrj_impl_CommonsHttpSolrServer.java","lucene-3.1",531,"False",1
"solr_src_solrj_org_apache_solr_client_solrj_impl_CommonsHttpSolrServer.java","lucene-3.1",532,"False",1
"solr_src_solrj_org_apache_solr_client_solrj_impl_CommonsHttpSolrServer.java","lucene-3.1",533,"False",1
"solr_src_solrj_org_apache_solr_client_solrj_impl_CommonsHttpSolrServer.java","lucene-3.1",534,"False",1
"solr_src_solrj_org_apache_solr_client_solrj_impl_CommonsHttpSolrServer.java","lucene-3.1",535,"False",1
"solr_src_solrj_org_apache_solr_client_solrj_impl_CommonsHttpSolrServer.java","lucene-3.1",536,"False",1
"solr_src_solrj_org_apache_solr_client_solrj_impl_CommonsHttpSolrServer.java","lucene-3.1",537,"False",1
"solr_src_solrj_org_apache_solr_client_solrj_impl_CommonsHttpSolrServer.java","lucene-3.1",538,"False",1
"solr_src_solrj_org_apache_solr_client_solrj_impl_CommonsHttpSolrServer.java","lucene-3.1",539,"False",1
"solr_src_solrj_org_apache_solr_client_solrj_impl_CommonsHttpSolrServer.java","lucene-3.1",540,"False",1
"solr_src_solrj_org_apache_solr_client_solrj_impl_CommonsHttpSolrServer.java","lucene-3.1",541,"False",1
"solr_src_solrj_org_apache_solr_client_solrj_impl_CommonsHttpSolrServer.java","lucene-3.1",542,"False",1
"solr_src_solrj_org_apache_solr_client_solrj_impl_CommonsHttpSolrServer.java","lucene-3.1",543,"False",1
"solr_src_solrj_org_apache_solr_client_solrj_impl_CommonsHttpSolrServer.java","lucene-3.1",544,"False",1
"solr_src_solrj_org_apache_solr_client_solrj_impl_CommonsHttpSolrServer.java","lucene-3.1",545,"False",1
"solr_src_solrj_org_apache_solr_client_solrj_impl_CommonsHttpSolrServer.java","lucene-3.1",546,"False",1
"solr_src_solrj_org_apache_solr_client_solrj_impl_CommonsHttpSolrServer.java","lucene-3.1",547,"False",1
"solr_src_solrj_org_apache_solr_client_solrj_impl_CommonsHttpSolrServer.java","lucene-3.1",548,"False",1
"solr_src_solrj_org_apache_solr_client_solrj_impl_CommonsHttpSolrServer.java","lucene-3.1",549,"False",1
"solr_src_solrj_org_apache_solr_client_solrj_impl_CommonsHttpSolrServer.java","lucene-3.1",550,"False",1
"solr_src_solrj_org_apache_solr_client_solrj_impl_CommonsHttpSolrServer.java","lucene-3.1",551,"False",1
"solr_src_solrj_org_apache_solr_client_solrj_impl_CommonsHttpSolrServer.java","lucene-3.1",552,"False",1
"solr_src_solrj_org_apache_solr_client_solrj_impl_CommonsHttpSolrServer.java","lucene-3.1",553,"False",1
"solr_src_solrj_org_apache_solr_client_solrj_impl_CommonsHttpSolrServer.java","lucene-3.1",554,"False",1
"solr_src_solrj_org_apache_solr_client_solrj_impl_CommonsHttpSolrServer.java","lucene-3.1",555,"False",1
"solr_src_solrj_org_apache_solr_client_solrj_impl_CommonsHttpSolrServer.java","lucene-3.1",556,"False",1
"solr_src_solrj_org_apache_solr_client_solrj_impl_CommonsHttpSolrServer.java","lucene-3.1",557,"False",1
"solr_src_solrj_org_apache_solr_client_solrj_impl_CommonsHttpSolrServer.java","lucene-3.1",558,"False",1
"solr_src_solrj_org_apache_solr_client_solrj_impl_CommonsHttpSolrServer.java","lucene-3.1",559,"False",1
"solr_src_solrj_org_apache_solr_client_solrj_impl_CommonsHttpSolrServer.java","lucene-3.1",560,"False",1
"solr_src_solrj_org_apache_solr_client_solrj_impl_CommonsHttpSolrServer.java","lucene-3.1",561,"False",1
"solr_src_solrj_org_apache_solr_client_solrj_impl_CommonsHttpSolrServer.java","lucene-3.1",562,"False",1
"solr_src_solrj_org_apache_solr_client_solrj_impl_CommonsHttpSolrServer.java","lucene-3.1",563,"False",1
"solr_src_solrj_org_apache_solr_client_solrj_impl_CommonsHttpSolrServer.java","lucene-3.1",564,"False",1
"solr_src_solrj_org_apache_solr_client_solrj_impl_CommonsHttpSolrServer.java","lucene-3.1",565,"False",1
"solr_src_solrj_org_apache_solr_client_solrj_impl_CommonsHttpSolrServer.java","lucene-3.1",566,"False",1
"solr_src_solrj_org_apache_solr_client_solrj_impl_CommonsHttpSolrServer.java","lucene-3.1",567,"False",1
"solr_src_solrj_org_apache_solr_client_solrj_impl_CommonsHttpSolrServer.java","lucene-3.1",568,"False",1
"solr_src_solrj_org_apache_solr_client_solrj_impl_CommonsHttpSolrServer.java","lucene-3.1",569,"False",1
"solr_src_solrj_org_apache_solr_client_solrj_impl_CommonsHttpSolrServer.java","lucene-3.1",570,"False",1
"solr_src_solrj_org_apache_solr_client_solrj_impl_CommonsHttpSolrServer.java","lucene-3.1",571,"False",1
"solr_src_solrj_org_apache_solr_client_solrj_impl_CommonsHttpSolrServer.java","lucene-3.1",572,"False",1
"solr_src_solrj_org_apache_solr_client_solrj_impl_CommonsHttpSolrServer.java","lucene-3.1",573,"False",1
"solr_src_solrj_org_apache_solr_client_solrj_impl_CommonsHttpSolrServer.java","lucene-3.1",574,"False",1
"solr_src_solrj_org_apache_solr_client_solrj_impl_CommonsHttpSolrServer.java","lucene-3.1",575,"False",1
"solr_src_solrj_org_apache_solr_client_solrj_impl_CommonsHttpSolrServer.java","lucene-3.1",576,"False",1
"solr_src_solrj_org_apache_solr_client_solrj_impl_CommonsHttpSolrServer.java","lucene-3.1",577,"False",1
"solr_src_solrj_org_apache_solr_client_solrj_impl_CommonsHttpSolrServer.java","lucene-3.1",578,"False",1
"solr_src_solrj_org_apache_solr_client_solrj_impl_CommonsHttpSolrServer.java","lucene-3.1",579,"False",1
"solr_src_solrj_org_apache_solr_client_solrj_impl_CommonsHttpSolrServer.java","lucene-3.1",580,"False",1
"solr_src_solrj_org_apache_solr_client_solrj_impl_CommonsHttpSolrServer.java","lucene-3.1",581,"False",1
"solr_src_solrj_org_apache_solr_client_solrj_impl_CommonsHttpSolrServer.java","lucene-3.1",582,"False",1
"solr_src_solrj_org_apache_solr_client_solrj_impl_CommonsHttpSolrServer.java","lucene-3.1",583,"False",1
"solr_src_solrj_org_apache_solr_client_solrj_impl_CommonsHttpSolrServer.java","lucene-3.1",584,"False",1
"solr_src_solrj_org_apache_solr_client_solrj_impl_CommonsHttpSolrServer.java","lucene-3.1",585,"False",1
"solr_src_solrj_org_apache_solr_client_solrj_impl_CommonsHttpSolrServer.java","lucene-3.1",586,"False",1
"solr_src_solrj_org_apache_solr_client_solrj_impl_CommonsHttpSolrServer.java","lucene-3.1",587,"False",1
"solr_src_solrj_org_apache_solr_client_solrj_impl_CommonsHttpSolrServer.java","lucene-3.1",588,"False",1
"solr_src_solrj_org_apache_solr_client_solrj_impl_CommonsHttpSolrServer.java","lucene-3.1",589,"False",1
"solr_src_solrj_org_apache_solr_client_solrj_impl_CommonsHttpSolrServer.java","lucene-3.1",590,"False",1
"solr_src_solrj_org_apache_solr_client_solrj_impl_CommonsHttpSolrServer.java","lucene-3.1",591,"False",1
"solr_src_solrj_org_apache_solr_client_solrj_impl_CommonsHttpSolrServer.java","lucene-3.1",592,"False",1
"solr_src_solrj_org_apache_solr_client_solrj_impl_CommonsHttpSolrServer.java","lucene-3.1",593,"False",1
"solr_src_solrj_org_apache_solr_client_solrj_impl_CommonsHttpSolrServer.java","lucene-3.1",594,"False",1
"solr_src_solrj_org_apache_solr_client_solrj_impl_CommonsHttpSolrServer.java","lucene-3.1",595,"False",1
"solr_src_solrj_org_apache_solr_client_solrj_impl_CommonsHttpSolrServer.java","lucene-3.1",596,"False",1
"solr_src_solrj_org_apache_solr_client_solrj_impl_CommonsHttpSolrServer.java","lucene-3.1",597,"False",1
"solr_src_solrj_org_apache_solr_client_solrj_impl_CommonsHttpSolrServer.java","lucene-3.1",598,"False",1
"solr_src_solrj_org_apache_solr_client_solrj_impl_CommonsHttpSolrServer.java","lucene-3.1",599,"False",1
"solr_src_solrj_org_apache_solr_client_solrj_impl_CommonsHttpSolrServer.java","lucene-3.1",600,"False",1
"solr_src_solrj_org_apache_solr_client_solrj_impl_CommonsHttpSolrServer.java","lucene-3.1",601,"False",1
"solr_src_solrj_org_apache_solr_client_solrj_impl_CommonsHttpSolrServer.java","lucene-3.1",602,"False",1
"solr_src_solrj_org_apache_solr_client_solrj_impl_CommonsHttpSolrServer.java","lucene-3.1",603,"False",1
"solr_src_solrj_org_apache_solr_client_solrj_impl_CommonsHttpSolrServer.java","lucene-3.1",604,"False",1
"solr_src_solrj_org_apache_solr_client_solrj_impl_CommonsHttpSolrServer.java","lucene-3.1",605,"False",1
"solr_src_solrj_org_apache_solr_client_solrj_impl_CommonsHttpSolrServer.java","lucene-3.1",606,"False",1
"solr_src_solrj_org_apache_solr_client_solrj_impl_CommonsHttpSolrServer.java","lucene-3.1",607,"False",1
"solr_src_solrj_org_apache_solr_client_solrj_impl_CommonsHttpSolrServer.java","lucene-3.1",608,"False",1
"solr_src_solrj_org_apache_solr_client_solrj_impl_CommonsHttpSolrServer.java","lucene-3.1",609,"False",1
"solr_src_solrj_org_apache_solr_client_solrj_impl_CommonsHttpSolrServer.java","lucene-3.1",610,"False",1
"solr_src_solrj_org_apache_solr_client_solrj_impl_CommonsHttpSolrServer.java","lucene-3.1",611,"False",1
"solr_src_solrj_org_apache_solr_client_solrj_impl_CommonsHttpSolrServer.java","lucene-3.1",612,"False",1
"solr_src_solrj_org_apache_solr_client_solrj_impl_CommonsHttpSolrServer.java","lucene-3.1",613,"False",1
"solr_src_solrj_org_apache_solr_client_solrj_impl_CommonsHttpSolrServer.java","lucene-3.1",614,"False",1
"solr_src_solrj_org_apache_solr_client_solrj_impl_CommonsHttpSolrServer.java","lucene-3.1",615,"False",1
"solr_src_solrj_org_apache_solr_client_solrj_impl_CommonsHttpSolrServer.java","lucene-3.1",616,"False",1
"solr_src_solrj_org_apache_solr_client_solrj_impl_CommonsHttpSolrServer.java","lucene-3.1",617,"False",1
"solr_src_solrj_org_apache_solr_client_solrj_impl_CommonsHttpSolrServer.java","lucene-3.1",618,"False",1
"solr_src_solrj_org_apache_solr_client_solrj_impl_CommonsHttpSolrServer.java","lucene-3.1",619,"False",1
"solr_src_solrj_org_apache_solr_client_solrj_impl_CommonsHttpSolrServer.java","lucene-3.1",620,"False",1
"solr_src_solrj_org_apache_solr_client_solrj_impl_CommonsHttpSolrServer.java","lucene-3.1",621,"False",1
"solr_src_solrj_org_apache_solr_client_solrj_impl_CommonsHttpSolrServer.java","lucene-3.1",622,"False",1
"solr_src_solrj_org_apache_solr_client_solrj_impl_CommonsHttpSolrServer.java","lucene-3.1",623,"False",1
"solr_src_solrj_org_apache_solr_client_solrj_impl_CommonsHttpSolrServer.java","lucene-3.1",624,"False",1
"solr_src_solrj_org_apache_solr_client_solrj_impl_CommonsHttpSolrServer.java","lucene-3.1",625,"False",1
"solr_src_solrj_org_apache_solr_client_solrj_impl_CommonsHttpSolrServer.java","lucene-3.1",626,"False",1
"solr_src_solrj_org_apache_solr_client_solrj_impl_CommonsHttpSolrServer.java","lucene-3.1",627,"False",1
"solr_src_solrj_org_apache_solr_client_solrj_impl_CommonsHttpSolrServer.java","lucene-3.1",628,"False",1
"solr_src_solrj_org_apache_solr_client_solrj_impl_CommonsHttpSolrServer.java","lucene-3.1",629,"False",1
"solr_src_solrj_org_apache_solr_client_solrj_impl_CommonsHttpSolrServer.java","lucene-3.1",630,"False",1
"solr_src_solrj_org_apache_solr_client_solrj_impl_CommonsHttpSolrServer.java","lucene-3.1",631,"False",1
"solr_src_solrj_org_apache_solr_client_solrj_impl_CommonsHttpSolrServer.java","lucene-3.1",632,"False",1
"solr_src_solrj_org_apache_solr_client_solrj_impl_CommonsHttpSolrServer.java","lucene-3.1",633,"False",1
"solr_src_solrj_org_apache_solr_client_solrj_impl_CommonsHttpSolrServer.java","lucene-3.1",634,"False",1
"solr_src_solrj_org_apache_solr_client_solrj_impl_CommonsHttpSolrServer.java","lucene-3.1",635,"False",1
"solr_src_solrj_org_apache_solr_client_solrj_impl_CommonsHttpSolrServer.java","lucene-3.1",636,"False",1
"solr_src_solrj_org_apache_solr_client_solrj_impl_CommonsHttpSolrServer.java","lucene-3.1",637,"False",1
"solr_src_solrj_org_apache_solr_client_solrj_impl_CommonsHttpSolrServer.java","lucene-3.1",638,"False",1
"solr_src_solrj_org_apache_solr_client_solrj_impl_CommonsHttpSolrServer.java","lucene-3.1",639,"False",1
"solr_src_solrj_org_apache_solr_client_solrj_impl_CommonsHttpSolrServer.java","lucene-3.1",640,"False",1
"solr_src_solrj_org_apache_solr_client_solrj_impl_CommonsHttpSolrServer.java","lucene-3.1",641,"False",1
"solr_src_solrj_org_apache_solr_client_solrj_impl_CommonsHttpSolrServer.java","lucene-3.1",642,"False",1
"solr_src_solrj_org_apache_solr_client_solrj_impl_CommonsHttpSolrServer.java","lucene-3.1",643,"False",1
"solr_src_solrj_org_apache_solr_client_solrj_impl_CommonsHttpSolrServer.java","lucene-3.1",644,"False",1
"solr_src_solrj_org_apache_solr_client_solrj_impl_CommonsHttpSolrServer.java","lucene-3.1",645,"False",1
"solr_src_solrj_org_apache_solr_client_solrj_impl_CommonsHttpSolrServer.java","lucene-3.1",646,"False",1
"solr_src_solrj_org_apache_solr_client_solrj_impl_CommonsHttpSolrServer.java","lucene-3.1",647,"False",1
"solr_src_solrj_org_apache_solr_client_solrj_impl_CommonsHttpSolrServer.java","lucene-3.1",648,"False",1
"solr_src_solrj_org_apache_solr_client_solrj_impl_CommonsHttpSolrServer.java","lucene-3.1",649,"False",1
"solr_src_solrj_org_apache_solr_client_solrj_impl_CommonsHttpSolrServer.java","lucene-3.1",650,"False",1
"solr_src_solrj_org_apache_solr_client_solrj_impl_CommonsHttpSolrServer.java","lucene-3.1",651,"False",1
"solr_src_solrj_org_apache_solr_client_solrj_impl_CommonsHttpSolrServer.java","lucene-3.1",652,"False",1
"solr_src_solrj_org_apache_solr_client_solrj_impl_CommonsHttpSolrServer.java","lucene-3.1",653,"False",1
"solr_src_solrj_org_apache_solr_client_solrj_impl_CommonsHttpSolrServer.java","lucene-3.1",654,"False",1
"solr_src_solrj_org_apache_solr_client_solrj_impl_CommonsHttpSolrServer.java","lucene-3.1",655,"False",1
"solr_src_solrj_org_apache_solr_client_solrj_impl_CommonsHttpSolrServer.java","lucene-3.1",656,"False",1
"solr_src_solrj_org_apache_solr_client_solrj_impl_CommonsHttpSolrServer.java","lucene-3.1",657,"False",1
"solr_src_solrj_org_apache_solr_client_solrj_impl_CommonsHttpSolrServer.java","lucene-3.1",658,"False",1
