filename,test-release,line_number,SAT_prediction_result,Priority
src_org_jruby_runtime_load_LoadService.java,jruby-1.5.0,603,True,2
src_org_jruby_runtime_load_LoadService.java,jruby-1.5.0,145,True,2
src_org_jruby_runtime_load_LoadService.java,jruby-1.5.0,147,True,2
src_org_jruby_runtime_load_LoadService.java,jruby-1.5.0,495,True,2
src_org_jruby_runtime_load_LoadService.java,jruby-1.5.0,460,True,2
src_org_jruby_runtime_load_LoadService.java,jruby-1.5.0,465,True,2
src_org_jruby_runtime_load_LoadService.java,jruby-1.5.0,461,True,2
src_org_jruby_runtime_load_LoadService.java,jruby-1.5.0,485,True,2
src_org_jruby_runtime_load_LoadService.java,jruby-1.5.0,338,True,2
src_org_jruby_util_io_ChannelStream.java,jruby-1.5.0,1144,True,2
src_org_jruby_util_io_ChannelStream.java,jruby-1.5.0,1145,True,2
src_org_jruby_util_io_ChannelStream.java,jruby-1.5.0,1146,True,2
src_org_jruby_util_io_ChannelStream.java,jruby-1.5.0,1147,True,2
src_org_jruby_util_io_ChannelStream.java,jruby-1.5.0,1148,True,2
src_org_jruby_util_io_ChannelStream.java,jruby-1.5.0,1149,True,2
src_org_jruby_util_io_ChannelStream.java,jruby-1.5.0,1150,True,2
src_org_jruby_util_io_ChannelStream.java,jruby-1.5.0,1151,True,2
src_org_jruby_util_io_ChannelStream.java,jruby-1.5.0,1152,True,2
src_org_jruby_util_io_ChannelStream.java,jruby-1.5.0,1153,True,2
src_org_jruby_util_io_ChannelStream.java,jruby-1.5.0,1154,True,2
src_org_jruby_util_io_ChannelStream.java,jruby-1.5.0,1347,True,2
src_org_jruby_util_io_ChannelStream.java,jruby-1.5.0,118,True,2
src_org_jruby_util_io_ChannelStream.java,jruby-1.5.0,748,True,2
src_org_jruby_util_io_ChannelStream.java,jruby-1.5.0,749,True,2
src_org_jruby_util_io_ChannelStream.java,jruby-1.5.0,750,True,2
src_org_jruby_util_io_ChannelStream.java,jruby-1.5.0,751,True,2
src_org_jruby_util_io_ChannelStream.java,jruby-1.5.0,752,True,2
src_org_jruby_util_io_ChannelStream.java,jruby-1.5.0,753,True,2
src_org_jruby_util_io_ChannelStream.java,jruby-1.5.0,754,True,2
src_org_jruby_util_io_ChannelStream.java,jruby-1.5.0,755,True,2
src_org_jruby_util_io_ChannelStream.java,jruby-1.5.0,756,True,2
src_org_jruby_util_io_ChannelStream.java,jruby-1.5.0,130,True,2
src_org_jruby_util_io_ChannelStream.java,jruby-1.5.0,113,True,2
src_org_jruby_RubySymbol.java,jruby-1.5.0,608,True,2
src_org_jruby_RubySymbol.java,jruby-1.5.0,671,True,2
src_org_jruby_RubySymbol.java,jruby-1.5.0,717,True,2
src_org_jruby_RubyString.java,jruby-1.5.0,6834,True,2
src_org_jruby_RubyString.java,jruby-1.5.0,7157,True,2
src_org_jruby_RubyString.java,jruby-1.5.0,388,True,2
src_org_jruby_RubyString.java,jruby-1.5.0,7182,True,2
src_org_jruby_RubyString.java,jruby-1.5.0,394,True,2
src_org_jruby_RubyString.java,jruby-1.5.0,3870,True,2
src_org_jruby_RubyString.java,jruby-1.5.0,3868,True,2
src_org_jruby_RubyString.java,jruby-1.5.0,2038,True,1
src_org_jruby_RubyString.java,jruby-1.5.0,7055,True,1
src_org_jruby_RubyString.java,jruby-1.5.0,404,True,2
src_org_jruby_RubyString.java,jruby-1.5.0,409,True,2
src_org_jruby_RubyString.java,jruby-1.5.0,369,True,2
src_org_jruby_RubyString.java,jruby-1.5.0,398,True,2
src_org_jruby_RubyString.java,jruby-1.5.0,374,True,2
src_org_jruby_RubyString.java,jruby-1.5.0,381,True,2
src_org_jruby_RubyString.java,jruby-1.5.0,387,True,2
src_org_jruby_RubyString.java,jruby-1.5.0,393,True,2
src_org_jruby_RubySymbol.java,jruby-1.5.0,82,True,2
src_org_jruby_RubySymbol.java,jruby-1.5.0,92,True,2
src_org_jruby_javasupport_JavaMethod.java,jruby-1.5.0,86,True,2
src_org_jruby_RubyBasicObject.java,jruby-1.5.0,1544,True,2
src_org_jruby_RubyBasicObject.java,jruby-1.5.0,1545,True,2
src_org_jruby_RubyBasicObject.java,jruby-1.5.0,1546,True,2
src_org_jruby_RubyBasicObject.java,jruby-1.5.0,1547,True,2
src_org_jruby_RubyBasicObject.java,jruby-1.5.0,1548,True,2
src_org_jruby_RubyBasicObject.java,jruby-1.5.0,1549,True,2
src_org_jruby_RubyBasicObject.java,jruby-1.5.0,1550,True,2
src_org_jruby_RubyBasicObject.java,jruby-1.5.0,1551,True,2
src_org_jruby_RubyBasicObject.java,jruby-1.5.0,1552,True,2
src_org_jruby_RubyBasicObject.java,jruby-1.5.0,1524,True,2
src_org_jruby_RubyBasicObject.java,jruby-1.5.0,1530,True,2
src_org_jruby_runtime_load_LoadService.java,jruby-1.5.0,505,True,2
src_org_jruby_java_proxies_ArrayJavaProxy.java,jruby-1.5.0,203,True,2
src_org_jruby_util_ConvertBytes.java,jruby-1.5.0,28,True,2
src_org_jruby_util_ConvertBytes.java,jruby-1.5.0,27,True,2
src_org_jruby_util_ConvertBytes.java,jruby-1.5.0,351,True,2
src_org_jruby_util_ConvertBytes.java,jruby-1.5.0,352,True,2
src_org_jruby_util_ConvertBytes.java,jruby-1.5.0,353,True,2
src_org_jruby_util_ConvertBytes.java,jruby-1.5.0,354,True,2
src_org_jruby_java_codegen_RealClassGenerator.java,jruby-1.5.0,232,True,2
src_org_jruby_java_codegen_RealClassGenerator.java,jruby-1.5.0,452,True,2
src_org_jruby_util_ShellLauncher.java,jruby-1.5.0,204,True,2
src_org_jruby_util_ShellLauncher.java,jruby-1.5.0,163,True,1
src_org_jruby_RubyRegexp.java,jruby-1.5.0,1495,True,2
src_org_jruby_RubyRegexp.java,jruby-1.5.0,1,True,2
src_org_jruby_RubyRegexp.java,jruby-1.5.0,423,True,2
src_org_jruby_RubyRegexp.java,jruby-1.5.0,424,True,2
src_org_jruby_RubyRegexp.java,jruby-1.5.0,425,True,2
src_org_jruby_RubyRegexp.java,jruby-1.5.0,479,True,2
src_org_jruby_RubyRegexp.java,jruby-1.5.0,480,True,2
src_org_jruby_RubyRegexp.java,jruby-1.5.0,481,True,2
src_org_jruby_RubyRegexp.java,jruby-1.5.0,482,True,2
src_org_jruby_RubyRegexp.java,jruby-1.5.0,1792,True,1
src_org_jruby_RubyRegexp.java,jruby-1.5.0,262,True,2
src_org_jruby_RubyRegexp.java,jruby-1.5.0,269,True,2
src_org_jruby_runtime_load_LoadService.java,jruby-1.5.0,382,True,2
src_org_jruby_runtime_load_LoadService.java,jruby-1.5.0,398,True,2
src_org_jruby_runtime_load_LoadService.java,jruby-1.5.0,167,True,2
src_org_jruby_runtime_load_LoadService.java,jruby-1.5.0,394,True,2
src_org_jruby_runtime_load_LoadService.java,jruby-1.5.0,908,True,2
src_org_jruby_runtime_load_LoadService.java,jruby-1.5.0,917,True,2
src_org_jruby_util_ShellLauncher.java,jruby-1.5.0,1259,True,2
src_org_jruby_util_ShellLauncher.java,jruby-1.5.0,316,True,2
src_org_jruby_RubyIO.java,jruby-1.5.0,1142,True,2
src_org_jruby_RubyIO.java,jruby-1.5.0,1140,True,1
src_org_jruby_RubyIO.java,jruby-1.5.0,3298,True,2
src_org_jruby_RubyIO.java,jruby-1.5.0,1,True,2
src_org_jruby_RubyIO.java,jruby-1.5.0,300,True,2
src_org_jruby_RubyIO.java,jruby-1.5.0,3099,True,2
src_org_jruby_RubyIO.java,jruby-1.5.0,287,True,2
src_org_jruby_RubyIO.java,jruby-1.5.0,253,True,2
src_org_jruby_RubyIO.java,jruby-1.5.0,143,True,2
src_org_jruby_RubyIO.java,jruby-1.5.0,184,True,2
src_org_jruby_RubyIO.java,jruby-1.5.0,163,True,2
src_org_jruby_RubyTime.java,jruby-1.5.0,1,True,2
src_org_jruby_RubyTime.java,jruby-1.5.0,573,True,2
src_org_jruby_RubyTime.java,jruby-1.5.0,745,True,2
src_org_jruby_RubyTime.java,jruby-1.5.0,166,True,2
src_org_jruby_RubyTime.java,jruby-1.5.0,204,True,2
src_org_jruby_RubyTime.java,jruby-1.5.0,577,True,2
src_org_jruby_RubyBasicObject.java,jruby-1.5.0,60,True,2
src_org_jruby_RubyBasicObject.java,jruby-1.5.0,61,True,2
src_org_jruby_RubyBasicObject.java,jruby-1.5.0,62,True,2
src_org_jruby_RubyBasicObject.java,jruby-1.5.0,63,True,2
src_org_jruby_RubyBasicObject.java,jruby-1.5.0,64,True,2
src_org_jruby_RubyBasicObject.java,jruby-1.5.0,65,True,2
src_org_jruby_RubyBasicObject.java,jruby-1.5.0,66,True,2
src_org_jruby_RubyBasicObject.java,jruby-1.5.0,67,True,2
src_org_jruby_RubyBasicObject.java,jruby-1.5.0,68,True,2
src_org_jruby_RubyBasicObject.java,jruby-1.5.0,69,True,2
src_org_jruby_RubyBasicObject.java,jruby-1.5.0,70,True,2
src_org_jruby_RubyBasicObject.java,jruby-1.5.0,71,True,2
src_org_jruby_RubyBasicObject.java,jruby-1.5.0,72,True,2
src_org_jruby_RubyBasicObject.java,jruby-1.5.0,73,True,2
src_org_jruby_RubyBasicObject.java,jruby-1.5.0,74,True,2
src_org_jruby_RubyBasicObject.java,jruby-1.5.0,75,True,2
src_org_jruby_RubyBasicObject.java,jruby-1.5.0,76,True,2
src_org_jruby_RubyBasicObject.java,jruby-1.5.0,77,True,2
src_org_jruby_RubyBasicObject.java,jruby-1.5.0,78,True,2
src_org_jruby_RubyBasicObject.java,jruby-1.5.0,79,True,2
src_org_jruby_RubyBasicObject.java,jruby-1.5.0,80,True,2
src_org_jruby_RubyBasicObject.java,jruby-1.5.0,81,True,2
src_org_jruby_RubyBasicObject.java,jruby-1.5.0,82,True,2
src_org_jruby_RubyBasicObject.java,jruby-1.5.0,83,True,2
src_org_jruby_RubyBasicObject.java,jruby-1.5.0,84,True,2
src_org_jruby_RubyBasicObject.java,jruby-1.5.0,85,True,2
src_org_jruby_RubyBasicObject.java,jruby-1.5.0,86,True,2
src_org_jruby_RubyBasicObject.java,jruby-1.5.0,87,True,2
src_org_jruby_RubyBasicObject.java,jruby-1.5.0,88,True,2
src_org_jruby_RubyBasicObject.java,jruby-1.5.0,89,True,2
src_org_jruby_RubyBasicObject.java,jruby-1.5.0,90,True,2
src_org_jruby_RubyBasicObject.java,jruby-1.5.0,91,True,2
src_org_jruby_RubyBasicObject.java,jruby-1.5.0,92,True,2
src_org_jruby_RubyBasicObject.java,jruby-1.5.0,93,True,2
src_org_jruby_RubyBasicObject.java,jruby-1.5.0,94,True,2
src_org_jruby_RubyBasicObject.java,jruby-1.5.0,95,True,2
src_org_jruby_RubyBasicObject.java,jruby-1.5.0,96,True,2
src_org_jruby_RubyBasicObject.java,jruby-1.5.0,97,True,2
src_org_jruby_RubyBasicObject.java,jruby-1.5.0,98,True,2
src_org_jruby_RubyBasicObject.java,jruby-1.5.0,99,True,2
src_org_jruby_RubyBasicObject.java,jruby-1.5.0,100,True,2
src_org_jruby_RubyBasicObject.java,jruby-1.5.0,101,True,2
src_org_jruby_RubyBasicObject.java,jruby-1.5.0,102,True,2
src_org_jruby_RubyBasicObject.java,jruby-1.5.0,103,True,2
src_org_jruby_RubyBasicObject.java,jruby-1.5.0,104,True,2
src_org_jruby_RubyBasicObject.java,jruby-1.5.0,105,True,2
src_org_jruby_RubyBasicObject.java,jruby-1.5.0,106,True,2
src_org_jruby_RubyBasicObject.java,jruby-1.5.0,107,True,2
src_org_jruby_RubyBasicObject.java,jruby-1.5.0,108,True,2
src_org_jruby_RubyBasicObject.java,jruby-1.5.0,109,True,2
src_org_jruby_RubyBasicObject.java,jruby-1.5.0,110,True,2
src_org_jruby_RubyBasicObject.java,jruby-1.5.0,111,True,2
src_org_jruby_RubyBasicObject.java,jruby-1.5.0,112,True,2
src_org_jruby_RubyBasicObject.java,jruby-1.5.0,113,True,2
src_org_jruby_RubyBasicObject.java,jruby-1.5.0,114,True,2
src_org_jruby_RubyBasicObject.java,jruby-1.5.0,115,True,2
src_org_jruby_RubyBasicObject.java,jruby-1.5.0,116,True,2
src_org_jruby_RubyBasicObject.java,jruby-1.5.0,117,True,2
src_org_jruby_RubyBasicObject.java,jruby-1.5.0,118,True,2
src_org_jruby_RubyBasicObject.java,jruby-1.5.0,119,True,2
src_org_jruby_RubyBasicObject.java,jruby-1.5.0,120,True,2
src_org_jruby_RubyBasicObject.java,jruby-1.5.0,121,True,2
src_org_jruby_RubyBasicObject.java,jruby-1.5.0,122,True,2
src_org_jruby_RubyBasicObject.java,jruby-1.5.0,123,True,2
src_org_jruby_RubyBasicObject.java,jruby-1.5.0,124,True,2
src_org_jruby_RubyBasicObject.java,jruby-1.5.0,125,True,2
src_org_jruby_RubyBasicObject.java,jruby-1.5.0,126,True,2
src_org_jruby_RubyBasicObject.java,jruby-1.5.0,127,True,2
src_org_jruby_RubyBasicObject.java,jruby-1.5.0,128,True,2
src_org_jruby_RubyBasicObject.java,jruby-1.5.0,129,True,2
src_org_jruby_RubyBasicObject.java,jruby-1.5.0,130,True,2
src_org_jruby_RubyBasicObject.java,jruby-1.5.0,131,True,2
src_org_jruby_RubyBasicObject.java,jruby-1.5.0,132,True,2
src_org_jruby_RubyBasicObject.java,jruby-1.5.0,133,True,2
src_org_jruby_RubyBasicObject.java,jruby-1.5.0,134,True,2
src_org_jruby_RubyBasicObject.java,jruby-1.5.0,135,True,2
src_org_jruby_RubyBasicObject.java,jruby-1.5.0,136,True,2
src_org_jruby_RubyBasicObject.java,jruby-1.5.0,137,True,2
src_org_jruby_RubyBasicObject.java,jruby-1.5.0,138,True,2
src_org_jruby_RubyBasicObject.java,jruby-1.5.0,139,True,2
src_org_jruby_RubyBasicObject.java,jruby-1.5.0,140,True,2
src_org_jruby_RubyBasicObject.java,jruby-1.5.0,141,True,2
src_org_jruby_RubyBasicObject.java,jruby-1.5.0,142,True,2
src_org_jruby_RubyBasicObject.java,jruby-1.5.0,143,True,2
src_org_jruby_RubyBasicObject.java,jruby-1.5.0,144,True,2
src_org_jruby_RubyBasicObject.java,jruby-1.5.0,145,True,2
src_org_jruby_RubyBasicObject.java,jruby-1.5.0,146,True,2
src_org_jruby_RubyBasicObject.java,jruby-1.5.0,147,True,2
src_org_jruby_RubyBasicObject.java,jruby-1.5.0,148,True,2
src_org_jruby_RubyBasicObject.java,jruby-1.5.0,149,True,2
src_org_jruby_RubyBasicObject.java,jruby-1.5.0,150,True,2
src_org_jruby_RubyBasicObject.java,jruby-1.5.0,151,True,2
src_org_jruby_RubyBasicObject.java,jruby-1.5.0,152,True,2
src_org_jruby_RubyBasicObject.java,jruby-1.5.0,153,True,2
src_org_jruby_RubyBasicObject.java,jruby-1.5.0,154,True,2
src_org_jruby_RubyBasicObject.java,jruby-1.5.0,155,True,2
src_org_jruby_RubyBasicObject.java,jruby-1.5.0,156,True,2
src_org_jruby_RubyBasicObject.java,jruby-1.5.0,157,True,2
src_org_jruby_RubyBasicObject.java,jruby-1.5.0,158,True,2
src_org_jruby_RubyBasicObject.java,jruby-1.5.0,159,True,2
src_org_jruby_RubyBasicObject.java,jruby-1.5.0,160,True,2
src_org_jruby_RubyBasicObject.java,jruby-1.5.0,161,True,2
src_org_jruby_RubyBasicObject.java,jruby-1.5.0,162,True,2
src_org_jruby_RubyBasicObject.java,jruby-1.5.0,163,True,2
src_org_jruby_RubyBasicObject.java,jruby-1.5.0,164,True,2
src_org_jruby_RubyBasicObject.java,jruby-1.5.0,165,True,2
src_org_jruby_RubyBasicObject.java,jruby-1.5.0,166,True,2
src_org_jruby_RubyBasicObject.java,jruby-1.5.0,167,True,2
src_org_jruby_RubyBasicObject.java,jruby-1.5.0,168,True,2
src_org_jruby_RubyBasicObject.java,jruby-1.5.0,169,True,2
src_org_jruby_RubyBasicObject.java,jruby-1.5.0,170,True,2
src_org_jruby_RubyBasicObject.java,jruby-1.5.0,171,True,2
src_org_jruby_RubyBasicObject.java,jruby-1.5.0,172,True,2
src_org_jruby_RubyBasicObject.java,jruby-1.5.0,173,True,2
src_org_jruby_RubyBasicObject.java,jruby-1.5.0,174,True,2
src_org_jruby_RubyBasicObject.java,jruby-1.5.0,175,True,2
src_org_jruby_RubyBasicObject.java,jruby-1.5.0,176,True,2
src_org_jruby_RubyBasicObject.java,jruby-1.5.0,177,True,2
src_org_jruby_RubyBasicObject.java,jruby-1.5.0,178,True,2
src_org_jruby_RubyBasicObject.java,jruby-1.5.0,179,True,2
src_org_jruby_RubyBasicObject.java,jruby-1.5.0,180,True,2
src_org_jruby_RubyBasicObject.java,jruby-1.5.0,181,True,2
src_org_jruby_RubyBasicObject.java,jruby-1.5.0,182,True,2
src_org_jruby_RubyBasicObject.java,jruby-1.5.0,183,True,2
src_org_jruby_RubyBasicObject.java,jruby-1.5.0,184,True,2
src_org_jruby_RubyBasicObject.java,jruby-1.5.0,185,True,2
src_org_jruby_RubyBasicObject.java,jruby-1.5.0,186,True,2
src_org_jruby_RubyBasicObject.java,jruby-1.5.0,187,True,2
src_org_jruby_RubyBasicObject.java,jruby-1.5.0,188,True,2
src_org_jruby_RubyBasicObject.java,jruby-1.5.0,189,True,2
src_org_jruby_RubyBasicObject.java,jruby-1.5.0,190,True,2
src_org_jruby_RubyBasicObject.java,jruby-1.5.0,191,True,2
src_org_jruby_RubyBasicObject.java,jruby-1.5.0,192,True,2
src_org_jruby_RubyBasicObject.java,jruby-1.5.0,193,True,2
src_org_jruby_RubyBasicObject.java,jruby-1.5.0,194,True,2
src_org_jruby_RubyBasicObject.java,jruby-1.5.0,195,True,2
src_org_jruby_RubyBasicObject.java,jruby-1.5.0,196,True,2
src_org_jruby_RubyBasicObject.java,jruby-1.5.0,197,True,2
src_org_jruby_RubyBasicObject.java,jruby-1.5.0,198,True,2
src_org_jruby_RubyBasicObject.java,jruby-1.5.0,199,True,2
src_org_jruby_RubyBasicObject.java,jruby-1.5.0,200,True,2
src_org_jruby_RubyBasicObject.java,jruby-1.5.0,201,True,2
src_org_jruby_RubyBasicObject.java,jruby-1.5.0,202,True,2
src_org_jruby_RubyBasicObject.java,jruby-1.5.0,203,True,2
src_org_jruby_RubyBasicObject.java,jruby-1.5.0,204,True,2
src_org_jruby_RubyBasicObject.java,jruby-1.5.0,205,True,2
src_org_jruby_RubyBasicObject.java,jruby-1.5.0,206,True,2
src_org_jruby_RubyBasicObject.java,jruby-1.5.0,207,True,2
src_org_jruby_RubyBasicObject.java,jruby-1.5.0,208,True,2
src_org_jruby_RubyBasicObject.java,jruby-1.5.0,209,True,2
src_org_jruby_RubyBasicObject.java,jruby-1.5.0,210,True,2
src_org_jruby_RubyBasicObject.java,jruby-1.5.0,211,True,2
src_org_jruby_RubyBasicObject.java,jruby-1.5.0,212,True,2
src_org_jruby_RubyBasicObject.java,jruby-1.5.0,213,True,2
src_org_jruby_RubyBasicObject.java,jruby-1.5.0,214,True,2
src_org_jruby_RubyBasicObject.java,jruby-1.5.0,215,True,2
src_org_jruby_RubyBasicObject.java,jruby-1.5.0,216,True,2
src_org_jruby_RubyBasicObject.java,jruby-1.5.0,217,True,2
src_org_jruby_RubyBasicObject.java,jruby-1.5.0,218,True,2
src_org_jruby_RubyBasicObject.java,jruby-1.5.0,219,True,2
src_org_jruby_RubyBasicObject.java,jruby-1.5.0,220,True,2
src_org_jruby_RubyBasicObject.java,jruby-1.5.0,221,True,2
src_org_jruby_RubyBasicObject.java,jruby-1.5.0,222,True,2
src_org_jruby_RubyBasicObject.java,jruby-1.5.0,223,True,2
src_org_jruby_RubyBasicObject.java,jruby-1.5.0,224,True,2
src_org_jruby_RubyBasicObject.java,jruby-1.5.0,225,True,2
src_org_jruby_RubyBasicObject.java,jruby-1.5.0,226,True,2
src_org_jruby_RubyBasicObject.java,jruby-1.5.0,227,True,2
src_org_jruby_RubyBasicObject.java,jruby-1.5.0,228,True,2
src_org_jruby_RubyBasicObject.java,jruby-1.5.0,229,True,2
src_org_jruby_RubyBasicObject.java,jruby-1.5.0,230,True,2
src_org_jruby_RubyBasicObject.java,jruby-1.5.0,231,True,2
src_org_jruby_RubyBasicObject.java,jruby-1.5.0,232,True,2
src_org_jruby_RubyBasicObject.java,jruby-1.5.0,233,True,2
src_org_jruby_RubyBasicObject.java,jruby-1.5.0,234,True,2
src_org_jruby_RubyBasicObject.java,jruby-1.5.0,235,True,2
src_org_jruby_RubyBasicObject.java,jruby-1.5.0,236,True,2
src_org_jruby_RubyBasicObject.java,jruby-1.5.0,237,True,2
src_org_jruby_RubyBasicObject.java,jruby-1.5.0,238,True,2
src_org_jruby_RubyBasicObject.java,jruby-1.5.0,239,True,2
src_org_jruby_RubyBasicObject.java,jruby-1.5.0,240,True,2
src_org_jruby_RubyBasicObject.java,jruby-1.5.0,241,True,2
src_org_jruby_RubyBasicObject.java,jruby-1.5.0,242,True,2
src_org_jruby_RubyBasicObject.java,jruby-1.5.0,243,True,2
src_org_jruby_RubyBasicObject.java,jruby-1.5.0,244,True,2
src_org_jruby_RubyBasicObject.java,jruby-1.5.0,245,True,2
src_org_jruby_RubyBasicObject.java,jruby-1.5.0,246,True,2
src_org_jruby_RubyBasicObject.java,jruby-1.5.0,247,True,2
src_org_jruby_RubyBasicObject.java,jruby-1.5.0,248,True,2
src_org_jruby_RubyBasicObject.java,jruby-1.5.0,249,True,2
src_org_jruby_RubyBasicObject.java,jruby-1.5.0,250,True,2
src_org_jruby_RubyBasicObject.java,jruby-1.5.0,251,True,2
src_org_jruby_RubyBasicObject.java,jruby-1.5.0,252,True,2
src_org_jruby_RubyBasicObject.java,jruby-1.5.0,253,True,2
src_org_jruby_RubyBasicObject.java,jruby-1.5.0,254,True,2
src_org_jruby_RubyBasicObject.java,jruby-1.5.0,255,True,2
src_org_jruby_RubyBasicObject.java,jruby-1.5.0,256,True,2
src_org_jruby_RubyBasicObject.java,jruby-1.5.0,257,True,2
src_org_jruby_RubyBasicObject.java,jruby-1.5.0,258,True,2
src_org_jruby_RubyBasicObject.java,jruby-1.5.0,259,True,2
src_org_jruby_RubyBasicObject.java,jruby-1.5.0,260,True,2
src_org_jruby_RubyBasicObject.java,jruby-1.5.0,261,True,2
src_org_jruby_RubyBasicObject.java,jruby-1.5.0,262,True,2
src_org_jruby_RubyBasicObject.java,jruby-1.5.0,263,True,2
src_org_jruby_RubyBasicObject.java,jruby-1.5.0,264,True,2
src_org_jruby_RubyBasicObject.java,jruby-1.5.0,265,True,2
src_org_jruby_RubyBasicObject.java,jruby-1.5.0,266,True,2
src_org_jruby_RubyBasicObject.java,jruby-1.5.0,267,True,2
src_org_jruby_RubyBasicObject.java,jruby-1.5.0,268,True,2
src_org_jruby_RubyBasicObject.java,jruby-1.5.0,269,True,2
src_org_jruby_RubyBasicObject.java,jruby-1.5.0,270,True,2
src_org_jruby_RubyBasicObject.java,jruby-1.5.0,271,True,2
src_org_jruby_RubyBasicObject.java,jruby-1.5.0,272,True,2
src_org_jruby_RubyBasicObject.java,jruby-1.5.0,273,True,2
src_org_jruby_RubyBasicObject.java,jruby-1.5.0,274,True,2
src_org_jruby_RubyBasicObject.java,jruby-1.5.0,275,True,2
src_org_jruby_RubyBasicObject.java,jruby-1.5.0,276,True,2
src_org_jruby_RubyBasicObject.java,jruby-1.5.0,277,True,2
src_org_jruby_RubyBasicObject.java,jruby-1.5.0,278,True,2
src_org_jruby_RubyBasicObject.java,jruby-1.5.0,279,True,2
src_org_jruby_RubyBasicObject.java,jruby-1.5.0,280,True,2
src_org_jruby_RubyBasicObject.java,jruby-1.5.0,281,True,2
src_org_jruby_RubyBasicObject.java,jruby-1.5.0,282,True,2
src_org_jruby_RubyBasicObject.java,jruby-1.5.0,283,True,2
src_org_jruby_RubyBasicObject.java,jruby-1.5.0,284,True,2
src_org_jruby_RubyBasicObject.java,jruby-1.5.0,285,True,2
src_org_jruby_RubyBasicObject.java,jruby-1.5.0,286,True,2
src_org_jruby_RubyBasicObject.java,jruby-1.5.0,287,True,2
src_org_jruby_RubyBasicObject.java,jruby-1.5.0,288,True,2
src_org_jruby_RubyBasicObject.java,jruby-1.5.0,289,True,2
src_org_jruby_RubyBasicObject.java,jruby-1.5.0,290,True,2
src_org_jruby_RubyBasicObject.java,jruby-1.5.0,291,True,2
src_org_jruby_RubyBasicObject.java,jruby-1.5.0,292,True,2
src_org_jruby_RubyBasicObject.java,jruby-1.5.0,293,True,2
src_org_jruby_RubyBasicObject.java,jruby-1.5.0,294,True,2
src_org_jruby_RubyBasicObject.java,jruby-1.5.0,295,True,2
src_org_jruby_RubyBasicObject.java,jruby-1.5.0,296,True,2
src_org_jruby_RubyBasicObject.java,jruby-1.5.0,297,True,2
src_org_jruby_RubyBasicObject.java,jruby-1.5.0,298,True,2
src_org_jruby_RubyBasicObject.java,jruby-1.5.0,299,True,2
src_org_jruby_RubyBasicObject.java,jruby-1.5.0,300,True,2
src_org_jruby_RubyBasicObject.java,jruby-1.5.0,301,True,2
src_org_jruby_RubyBasicObject.java,jruby-1.5.0,302,True,2
src_org_jruby_RubyBasicObject.java,jruby-1.5.0,303,True,2
src_org_jruby_RubyBasicObject.java,jruby-1.5.0,304,True,2
src_org_jruby_RubyBasicObject.java,jruby-1.5.0,305,True,2
src_org_jruby_RubyBasicObject.java,jruby-1.5.0,306,True,2
src_org_jruby_RubyBasicObject.java,jruby-1.5.0,307,True,2
src_org_jruby_RubyBasicObject.java,jruby-1.5.0,308,True,2
src_org_jruby_RubyBasicObject.java,jruby-1.5.0,309,True,2
src_org_jruby_RubyBasicObject.java,jruby-1.5.0,310,True,2
src_org_jruby_RubyBasicObject.java,jruby-1.5.0,311,True,2
src_org_jruby_RubyBasicObject.java,jruby-1.5.0,312,True,2
src_org_jruby_RubyBasicObject.java,jruby-1.5.0,313,True,2
src_org_jruby_RubyBasicObject.java,jruby-1.5.0,314,True,2
src_org_jruby_RubyBasicObject.java,jruby-1.5.0,315,True,2
src_org_jruby_RubyBasicObject.java,jruby-1.5.0,316,True,2
src_org_jruby_RubyBasicObject.java,jruby-1.5.0,317,True,2
src_org_jruby_RubyBasicObject.java,jruby-1.5.0,318,True,2
src_org_jruby_RubyBasicObject.java,jruby-1.5.0,319,True,2
src_org_jruby_RubyBasicObject.java,jruby-1.5.0,320,True,2
src_org_jruby_RubyBasicObject.java,jruby-1.5.0,321,True,2
src_org_jruby_RubyBasicObject.java,jruby-1.5.0,322,True,2
src_org_jruby_RubyBasicObject.java,jruby-1.5.0,323,True,2
src_org_jruby_RubyBasicObject.java,jruby-1.5.0,324,True,2
src_org_jruby_RubyBasicObject.java,jruby-1.5.0,325,True,2
src_org_jruby_RubyBasicObject.java,jruby-1.5.0,326,True,2
src_org_jruby_RubyBasicObject.java,jruby-1.5.0,327,True,2
src_org_jruby_RubyBasicObject.java,jruby-1.5.0,328,True,2
src_org_jruby_RubyBasicObject.java,jruby-1.5.0,329,True,2
src_org_jruby_RubyBasicObject.java,jruby-1.5.0,330,True,2
src_org_jruby_RubyBasicObject.java,jruby-1.5.0,331,True,2
src_org_jruby_RubyBasicObject.java,jruby-1.5.0,332,True,2
src_org_jruby_RubyBasicObject.java,jruby-1.5.0,333,True,2
src_org_jruby_RubyBasicObject.java,jruby-1.5.0,334,True,2
src_org_jruby_RubyBasicObject.java,jruby-1.5.0,335,True,2
src_org_jruby_RubyBasicObject.java,jruby-1.5.0,336,True,2
src_org_jruby_RubyBasicObject.java,jruby-1.5.0,337,True,2
src_org_jruby_RubyBasicObject.java,jruby-1.5.0,338,True,2
src_org_jruby_RubyBasicObject.java,jruby-1.5.0,339,True,2
src_org_jruby_RubyBasicObject.java,jruby-1.5.0,340,True,2
src_org_jruby_RubyBasicObject.java,jruby-1.5.0,341,True,2
src_org_jruby_RubyBasicObject.java,jruby-1.5.0,342,True,2
src_org_jruby_RubyBasicObject.java,jruby-1.5.0,343,True,2
src_org_jruby_RubyBasicObject.java,jruby-1.5.0,344,True,2
src_org_jruby_RubyBasicObject.java,jruby-1.5.0,345,True,2
src_org_jruby_RubyBasicObject.java,jruby-1.5.0,346,True,2
src_org_jruby_RubyBasicObject.java,jruby-1.5.0,347,True,2
src_org_jruby_RubyBasicObject.java,jruby-1.5.0,348,True,2
src_org_jruby_RubyBasicObject.java,jruby-1.5.0,349,True,2
src_org_jruby_RubyBasicObject.java,jruby-1.5.0,350,True,2
src_org_jruby_RubyBasicObject.java,jruby-1.5.0,351,True,2
src_org_jruby_RubyBasicObject.java,jruby-1.5.0,352,True,2
src_org_jruby_RubyBasicObject.java,jruby-1.5.0,353,True,2
src_org_jruby_RubyBasicObject.java,jruby-1.5.0,354,True,2
src_org_jruby_RubyBasicObject.java,jruby-1.5.0,355,True,2
src_org_jruby_RubyBasicObject.java,jruby-1.5.0,356,True,2
src_org_jruby_RubyBasicObject.java,jruby-1.5.0,357,True,2
src_org_jruby_RubyBasicObject.java,jruby-1.5.0,358,True,2
src_org_jruby_RubyBasicObject.java,jruby-1.5.0,359,True,2
src_org_jruby_RubyBasicObject.java,jruby-1.5.0,360,True,2
src_org_jruby_RubyBasicObject.java,jruby-1.5.0,361,True,2
src_org_jruby_RubyBasicObject.java,jruby-1.5.0,362,True,2
src_org_jruby_RubyBasicObject.java,jruby-1.5.0,363,True,2
src_org_jruby_RubyBasicObject.java,jruby-1.5.0,364,True,2
src_org_jruby_RubyBasicObject.java,jruby-1.5.0,365,True,2
src_org_jruby_RubyBasicObject.java,jruby-1.5.0,366,True,2
src_org_jruby_RubyBasicObject.java,jruby-1.5.0,367,True,2
src_org_jruby_RubyBasicObject.java,jruby-1.5.0,368,True,2
src_org_jruby_RubyBasicObject.java,jruby-1.5.0,369,True,2
src_org_jruby_RubyBasicObject.java,jruby-1.5.0,370,True,2
src_org_jruby_RubyBasicObject.java,jruby-1.5.0,371,True,2
src_org_jruby_RubyBasicObject.java,jruby-1.5.0,372,True,2
src_org_jruby_RubyBasicObject.java,jruby-1.5.0,373,True,2
src_org_jruby_RubyBasicObject.java,jruby-1.5.0,374,True,2
src_org_jruby_RubyBasicObject.java,jruby-1.5.0,375,True,2
src_org_jruby_RubyBasicObject.java,jruby-1.5.0,376,True,2
src_org_jruby_RubyBasicObject.java,jruby-1.5.0,377,True,2
src_org_jruby_RubyBasicObject.java,jruby-1.5.0,378,True,2
src_org_jruby_RubyBasicObject.java,jruby-1.5.0,379,True,2
src_org_jruby_RubyBasicObject.java,jruby-1.5.0,380,True,2
src_org_jruby_RubyBasicObject.java,jruby-1.5.0,381,True,2
src_org_jruby_RubyBasicObject.java,jruby-1.5.0,382,True,2
src_org_jruby_RubyBasicObject.java,jruby-1.5.0,383,True,2
src_org_jruby_RubyBasicObject.java,jruby-1.5.0,384,True,2
src_org_jruby_RubyBasicObject.java,jruby-1.5.0,385,True,2
src_org_jruby_RubyBasicObject.java,jruby-1.5.0,386,True,2
src_org_jruby_RubyBasicObject.java,jruby-1.5.0,387,True,2
src_org_jruby_RubyBasicObject.java,jruby-1.5.0,388,True,2
src_org_jruby_RubyBasicObject.java,jruby-1.5.0,389,True,2
src_org_jruby_RubyBasicObject.java,jruby-1.5.0,390,True,2
src_org_jruby_RubyBasicObject.java,jruby-1.5.0,391,True,2
src_org_jruby_RubyBasicObject.java,jruby-1.5.0,392,True,2
src_org_jruby_RubyBasicObject.java,jruby-1.5.0,393,True,2
src_org_jruby_RubyBasicObject.java,jruby-1.5.0,394,True,2
src_org_jruby_RubyBasicObject.java,jruby-1.5.0,395,True,2
src_org_jruby_RubyBasicObject.java,jruby-1.5.0,396,True,2
src_org_jruby_RubyBasicObject.java,jruby-1.5.0,397,True,2
src_org_jruby_RubyBasicObject.java,jruby-1.5.0,398,True,2
src_org_jruby_RubyBasicObject.java,jruby-1.5.0,399,True,2
src_org_jruby_RubyBasicObject.java,jruby-1.5.0,400,True,2
src_org_jruby_RubyBasicObject.java,jruby-1.5.0,401,True,2
src_org_jruby_RubyBasicObject.java,jruby-1.5.0,402,True,2
src_org_jruby_RubyBasicObject.java,jruby-1.5.0,403,True,2
src_org_jruby_RubyBasicObject.java,jruby-1.5.0,404,True,2
src_org_jruby_RubyBasicObject.java,jruby-1.5.0,405,True,2
src_org_jruby_RubyBasicObject.java,jruby-1.5.0,406,True,2
src_org_jruby_RubyBasicObject.java,jruby-1.5.0,407,True,2
src_org_jruby_RubyBasicObject.java,jruby-1.5.0,408,True,2
src_org_jruby_RubyBasicObject.java,jruby-1.5.0,409,True,2
src_org_jruby_RubyBasicObject.java,jruby-1.5.0,410,True,2
src_org_jruby_RubyBasicObject.java,jruby-1.5.0,411,True,2
src_org_jruby_RubyBasicObject.java,jruby-1.5.0,412,True,2
src_org_jruby_RubyBasicObject.java,jruby-1.5.0,413,True,2
src_org_jruby_RubyBasicObject.java,jruby-1.5.0,414,True,2
src_org_jruby_RubyBasicObject.java,jruby-1.5.0,415,True,2
src_org_jruby_RubyBasicObject.java,jruby-1.5.0,416,True,2
src_org_jruby_RubyBasicObject.java,jruby-1.5.0,417,True,2
src_org_jruby_RubyBasicObject.java,jruby-1.5.0,418,True,2
src_org_jruby_RubyBasicObject.java,jruby-1.5.0,419,True,2
src_org_jruby_RubyBasicObject.java,jruby-1.5.0,420,True,2
src_org_jruby_RubyBasicObject.java,jruby-1.5.0,421,True,2
src_org_jruby_RubyBasicObject.java,jruby-1.5.0,422,True,2
src_org_jruby_RubyBasicObject.java,jruby-1.5.0,423,True,2
src_org_jruby_RubyBasicObject.java,jruby-1.5.0,424,True,2
src_org_jruby_RubyBasicObject.java,jruby-1.5.0,425,True,2
src_org_jruby_RubyBasicObject.java,jruby-1.5.0,426,True,2
src_org_jruby_RubyBasicObject.java,jruby-1.5.0,427,True,2
src_org_jruby_RubyBasicObject.java,jruby-1.5.0,428,True,2
src_org_jruby_RubyBasicObject.java,jruby-1.5.0,429,True,2
src_org_jruby_RubyBasicObject.java,jruby-1.5.0,430,True,2
src_org_jruby_RubyBasicObject.java,jruby-1.5.0,431,True,2
src_org_jruby_RubyBasicObject.java,jruby-1.5.0,432,True,2
src_org_jruby_RubyBasicObject.java,jruby-1.5.0,433,True,2
src_org_jruby_RubyBasicObject.java,jruby-1.5.0,434,True,2
src_org_jruby_RubyBasicObject.java,jruby-1.5.0,435,True,2
src_org_jruby_RubyBasicObject.java,jruby-1.5.0,436,True,2
src_org_jruby_RubyBasicObject.java,jruby-1.5.0,437,True,2
src_org_jruby_RubyBasicObject.java,jruby-1.5.0,438,True,2
src_org_jruby_RubyBasicObject.java,jruby-1.5.0,439,True,2
src_org_jruby_RubyBasicObject.java,jruby-1.5.0,440,True,2
src_org_jruby_RubyBasicObject.java,jruby-1.5.0,441,True,2
src_org_jruby_RubyBasicObject.java,jruby-1.5.0,442,True,2
src_org_jruby_RubyBasicObject.java,jruby-1.5.0,443,True,2
src_org_jruby_RubyBasicObject.java,jruby-1.5.0,444,True,2
src_org_jruby_RubyBasicObject.java,jruby-1.5.0,445,True,2
src_org_jruby_RubyBasicObject.java,jruby-1.5.0,446,True,2
src_org_jruby_RubyBasicObject.java,jruby-1.5.0,447,True,2
src_org_jruby_RubyBasicObject.java,jruby-1.5.0,448,True,2
src_org_jruby_RubyBasicObject.java,jruby-1.5.0,449,True,2
src_org_jruby_RubyBasicObject.java,jruby-1.5.0,450,True,2
src_org_jruby_RubyBasicObject.java,jruby-1.5.0,451,True,2
src_org_jruby_RubyBasicObject.java,jruby-1.5.0,452,True,2
src_org_jruby_RubyBasicObject.java,jruby-1.5.0,453,True,2
src_org_jruby_RubyBasicObject.java,jruby-1.5.0,454,True,2
src_org_jruby_RubyBasicObject.java,jruby-1.5.0,455,True,2
src_org_jruby_RubyBasicObject.java,jruby-1.5.0,456,True,2
src_org_jruby_RubyBasicObject.java,jruby-1.5.0,457,True,2
src_org_jruby_RubyBasicObject.java,jruby-1.5.0,458,True,2
src_org_jruby_RubyBasicObject.java,jruby-1.5.0,459,True,2
src_org_jruby_RubyBasicObject.java,jruby-1.5.0,460,True,2
src_org_jruby_RubyBasicObject.java,jruby-1.5.0,461,True,2
src_org_jruby_RubyBasicObject.java,jruby-1.5.0,462,True,2
src_org_jruby_RubyBasicObject.java,jruby-1.5.0,463,True,2
src_org_jruby_RubyBasicObject.java,jruby-1.5.0,464,True,2
src_org_jruby_RubyBasicObject.java,jruby-1.5.0,465,True,2
src_org_jruby_RubyBasicObject.java,jruby-1.5.0,466,True,2
src_org_jruby_RubyBasicObject.java,jruby-1.5.0,467,True,2
src_org_jruby_RubyBasicObject.java,jruby-1.5.0,468,True,2
src_org_jruby_RubyBasicObject.java,jruby-1.5.0,469,True,2
src_org_jruby_RubyBasicObject.java,jruby-1.5.0,470,True,2
src_org_jruby_RubyBasicObject.java,jruby-1.5.0,471,True,2
src_org_jruby_RubyBasicObject.java,jruby-1.5.0,472,True,2
src_org_jruby_RubyBasicObject.java,jruby-1.5.0,473,True,2
src_org_jruby_RubyBasicObject.java,jruby-1.5.0,474,True,2
src_org_jruby_RubyBasicObject.java,jruby-1.5.0,475,True,2
src_org_jruby_RubyBasicObject.java,jruby-1.5.0,476,True,2
src_org_jruby_RubyBasicObject.java,jruby-1.5.0,477,True,2
src_org_jruby_RubyBasicObject.java,jruby-1.5.0,478,True,2
src_org_jruby_RubyBasicObject.java,jruby-1.5.0,479,True,2
src_org_jruby_RubyBasicObject.java,jruby-1.5.0,480,True,2
src_org_jruby_RubyBasicObject.java,jruby-1.5.0,481,True,2
src_org_jruby_RubyBasicObject.java,jruby-1.5.0,482,True,2
src_org_jruby_RubyBasicObject.java,jruby-1.5.0,483,True,2
src_org_jruby_RubyBasicObject.java,jruby-1.5.0,484,True,2
src_org_jruby_RubyBasicObject.java,jruby-1.5.0,485,True,2
src_org_jruby_RubyBasicObject.java,jruby-1.5.0,486,True,2
src_org_jruby_RubyBasicObject.java,jruby-1.5.0,487,True,2
src_org_jruby_RubyBasicObject.java,jruby-1.5.0,488,True,2
src_org_jruby_RubyBasicObject.java,jruby-1.5.0,489,True,2
src_org_jruby_RubyBasicObject.java,jruby-1.5.0,490,True,2
src_org_jruby_RubyBasicObject.java,jruby-1.5.0,491,True,2
src_org_jruby_RubyBasicObject.java,jruby-1.5.0,492,True,2
src_org_jruby_RubyBasicObject.java,jruby-1.5.0,493,True,2
src_org_jruby_RubyBasicObject.java,jruby-1.5.0,494,True,2
src_org_jruby_RubyBasicObject.java,jruby-1.5.0,495,True,2
src_org_jruby_RubyBasicObject.java,jruby-1.5.0,496,True,2
src_org_jruby_RubyBasicObject.java,jruby-1.5.0,497,True,2
src_org_jruby_RubyBasicObject.java,jruby-1.5.0,498,True,2
src_org_jruby_RubyBasicObject.java,jruby-1.5.0,499,True,2
src_org_jruby_RubyBasicObject.java,jruby-1.5.0,500,True,2
src_org_jruby_RubyBasicObject.java,jruby-1.5.0,501,True,2
src_org_jruby_RubyBasicObject.java,jruby-1.5.0,502,True,2
src_org_jruby_RubyBasicObject.java,jruby-1.5.0,503,True,2
src_org_jruby_RubyBasicObject.java,jruby-1.5.0,504,True,2
src_org_jruby_RubyBasicObject.java,jruby-1.5.0,505,True,2
src_org_jruby_RubyBasicObject.java,jruby-1.5.0,506,True,2
src_org_jruby_RubyBasicObject.java,jruby-1.5.0,507,True,2
src_org_jruby_RubyBasicObject.java,jruby-1.5.0,508,True,2
src_org_jruby_RubyBasicObject.java,jruby-1.5.0,509,True,2
src_org_jruby_RubyBasicObject.java,jruby-1.5.0,510,True,2
src_org_jruby_RubyBasicObject.java,jruby-1.5.0,511,True,2
src_org_jruby_RubyBasicObject.java,jruby-1.5.0,512,True,2
src_org_jruby_RubyBasicObject.java,jruby-1.5.0,513,True,2
src_org_jruby_RubyBasicObject.java,jruby-1.5.0,514,True,2
src_org_jruby_RubyBasicObject.java,jruby-1.5.0,515,True,2
src_org_jruby_RubyBasicObject.java,jruby-1.5.0,516,True,2
src_org_jruby_RubyBasicObject.java,jruby-1.5.0,517,True,2
src_org_jruby_RubyBasicObject.java,jruby-1.5.0,518,True,2
src_org_jruby_RubyBasicObject.java,jruby-1.5.0,519,True,2
src_org_jruby_RubyBasicObject.java,jruby-1.5.0,520,True,2
src_org_jruby_RubyBasicObject.java,jruby-1.5.0,521,True,2
src_org_jruby_RubyBasicObject.java,jruby-1.5.0,522,True,2
src_org_jruby_RubyBasicObject.java,jruby-1.5.0,523,True,2
src_org_jruby_RubyBasicObject.java,jruby-1.5.0,524,True,2
src_org_jruby_RubyBasicObject.java,jruby-1.5.0,525,True,2
src_org_jruby_RubyBasicObject.java,jruby-1.5.0,526,True,2
src_org_jruby_RubyBasicObject.java,jruby-1.5.0,527,True,2
src_org_jruby_RubyBasicObject.java,jruby-1.5.0,528,True,2
src_org_jruby_RubyBasicObject.java,jruby-1.5.0,529,True,2
src_org_jruby_RubyBasicObject.java,jruby-1.5.0,530,True,2
src_org_jruby_RubyBasicObject.java,jruby-1.5.0,531,True,2
src_org_jruby_RubyBasicObject.java,jruby-1.5.0,532,True,2
src_org_jruby_RubyBasicObject.java,jruby-1.5.0,533,True,2
src_org_jruby_RubyBasicObject.java,jruby-1.5.0,534,True,2
src_org_jruby_RubyBasicObject.java,jruby-1.5.0,535,True,2
src_org_jruby_RubyBasicObject.java,jruby-1.5.0,536,True,2
src_org_jruby_RubyBasicObject.java,jruby-1.5.0,537,True,2
src_org_jruby_RubyBasicObject.java,jruby-1.5.0,538,True,2
src_org_jruby_RubyBasicObject.java,jruby-1.5.0,539,True,2
src_org_jruby_RubyBasicObject.java,jruby-1.5.0,540,True,2
src_org_jruby_RubyBasicObject.java,jruby-1.5.0,541,True,2
src_org_jruby_RubyBasicObject.java,jruby-1.5.0,542,True,2
src_org_jruby_RubyBasicObject.java,jruby-1.5.0,543,True,2
src_org_jruby_RubyBasicObject.java,jruby-1.5.0,544,True,2
src_org_jruby_RubyBasicObject.java,jruby-1.5.0,545,True,2
src_org_jruby_RubyBasicObject.java,jruby-1.5.0,546,True,2
src_org_jruby_RubyBasicObject.java,jruby-1.5.0,547,True,2
src_org_jruby_RubyBasicObject.java,jruby-1.5.0,548,True,2
src_org_jruby_RubyBasicObject.java,jruby-1.5.0,549,True,2
src_org_jruby_RubyBasicObject.java,jruby-1.5.0,550,True,2
src_org_jruby_RubyBasicObject.java,jruby-1.5.0,551,True,2
src_org_jruby_RubyBasicObject.java,jruby-1.5.0,552,True,2
src_org_jruby_RubyBasicObject.java,jruby-1.5.0,553,True,2
src_org_jruby_RubyBasicObject.java,jruby-1.5.0,554,True,2
src_org_jruby_RubyBasicObject.java,jruby-1.5.0,555,True,2
src_org_jruby_RubyBasicObject.java,jruby-1.5.0,556,True,2
src_org_jruby_RubyBasicObject.java,jruby-1.5.0,557,True,2
src_org_jruby_RubyBasicObject.java,jruby-1.5.0,558,True,2
src_org_jruby_RubyBasicObject.java,jruby-1.5.0,559,True,2
src_org_jruby_RubyBasicObject.java,jruby-1.5.0,560,True,2
src_org_jruby_RubyBasicObject.java,jruby-1.5.0,561,True,2
src_org_jruby_RubyBasicObject.java,jruby-1.5.0,562,True,2
src_org_jruby_RubyBasicObject.java,jruby-1.5.0,563,True,2
src_org_jruby_RubyBasicObject.java,jruby-1.5.0,564,True,2
src_org_jruby_RubyBasicObject.java,jruby-1.5.0,565,True,2
src_org_jruby_RubyBasicObject.java,jruby-1.5.0,566,True,2
src_org_jruby_RubyBasicObject.java,jruby-1.5.0,567,True,2
src_org_jruby_RubyBasicObject.java,jruby-1.5.0,568,True,2
src_org_jruby_RubyBasicObject.java,jruby-1.5.0,569,True,2
src_org_jruby_RubyBasicObject.java,jruby-1.5.0,570,True,2
src_org_jruby_RubyBasicObject.java,jruby-1.5.0,571,True,2
src_org_jruby_RubyBasicObject.java,jruby-1.5.0,572,True,2
src_org_jruby_RubyBasicObject.java,jruby-1.5.0,573,True,2
src_org_jruby_RubyBasicObject.java,jruby-1.5.0,574,True,2
src_org_jruby_RubyBasicObject.java,jruby-1.5.0,575,True,2
src_org_jruby_RubyBasicObject.java,jruby-1.5.0,576,True,2
src_org_jruby_RubyBasicObject.java,jruby-1.5.0,577,True,2
src_org_jruby_RubyBasicObject.java,jruby-1.5.0,578,True,2
src_org_jruby_RubyBasicObject.java,jruby-1.5.0,579,True,2
src_org_jruby_RubyBasicObject.java,jruby-1.5.0,580,True,2
src_org_jruby_RubyBasicObject.java,jruby-1.5.0,581,True,2
src_org_jruby_RubyBasicObject.java,jruby-1.5.0,582,True,2
src_org_jruby_RubyBasicObject.java,jruby-1.5.0,583,True,2
src_org_jruby_RubyBasicObject.java,jruby-1.5.0,584,True,2
src_org_jruby_RubyBasicObject.java,jruby-1.5.0,585,True,2
src_org_jruby_RubyBasicObject.java,jruby-1.5.0,586,True,2
src_org_jruby_RubyBasicObject.java,jruby-1.5.0,587,True,2
src_org_jruby_RubyBasicObject.java,jruby-1.5.0,588,True,2
src_org_jruby_RubyBasicObject.java,jruby-1.5.0,589,True,2
src_org_jruby_RubyBasicObject.java,jruby-1.5.0,590,True,2
src_org_jruby_RubyBasicObject.java,jruby-1.5.0,591,True,2
src_org_jruby_RubyBasicObject.java,jruby-1.5.0,592,True,2
src_org_jruby_RubyBasicObject.java,jruby-1.5.0,593,True,2
src_org_jruby_RubyBasicObject.java,jruby-1.5.0,594,True,2
src_org_jruby_RubyBasicObject.java,jruby-1.5.0,595,True,2
src_org_jruby_RubyBasicObject.java,jruby-1.5.0,596,True,2
src_org_jruby_RubyBasicObject.java,jruby-1.5.0,597,True,2
src_org_jruby_RubyBasicObject.java,jruby-1.5.0,598,True,2
src_org_jruby_RubyBasicObject.java,jruby-1.5.0,599,True,2
src_org_jruby_RubyBasicObject.java,jruby-1.5.0,600,True,2
src_org_jruby_RubyBasicObject.java,jruby-1.5.0,601,True,2
src_org_jruby_RubyBasicObject.java,jruby-1.5.0,602,True,2
src_org_jruby_RubyBasicObject.java,jruby-1.5.0,603,True,2
src_org_jruby_RubyBasicObject.java,jruby-1.5.0,604,True,2
src_org_jruby_RubyBasicObject.java,jruby-1.5.0,605,True,2
src_org_jruby_RubyBasicObject.java,jruby-1.5.0,606,True,2
src_org_jruby_RubyBasicObject.java,jruby-1.5.0,607,True,2
src_org_jruby_RubyBasicObject.java,jruby-1.5.0,608,True,2
src_org_jruby_RubyBasicObject.java,jruby-1.5.0,609,True,2
src_org_jruby_RubyBasicObject.java,jruby-1.5.0,610,True,2
src_org_jruby_RubyBasicObject.java,jruby-1.5.0,611,True,2
src_org_jruby_RubyBasicObject.java,jruby-1.5.0,612,True,2
src_org_jruby_RubyBasicObject.java,jruby-1.5.0,613,True,2
src_org_jruby_RubyBasicObject.java,jruby-1.5.0,614,True,2
src_org_jruby_RubyBasicObject.java,jruby-1.5.0,615,True,2
src_org_jruby_RubyBasicObject.java,jruby-1.5.0,616,True,2
src_org_jruby_RubyBasicObject.java,jruby-1.5.0,617,True,2
src_org_jruby_RubyBasicObject.java,jruby-1.5.0,618,True,2
src_org_jruby_RubyBasicObject.java,jruby-1.5.0,619,True,2
src_org_jruby_RubyBasicObject.java,jruby-1.5.0,620,True,2
src_org_jruby_RubyBasicObject.java,jruby-1.5.0,621,True,2
src_org_jruby_RubyBasicObject.java,jruby-1.5.0,622,True,2
src_org_jruby_RubyBasicObject.java,jruby-1.5.0,623,True,2
src_org_jruby_RubyBasicObject.java,jruby-1.5.0,624,True,2
src_org_jruby_RubyBasicObject.java,jruby-1.5.0,625,True,2
src_org_jruby_RubyBasicObject.java,jruby-1.5.0,626,True,2
src_org_jruby_RubyBasicObject.java,jruby-1.5.0,627,True,2
src_org_jruby_RubyBasicObject.java,jruby-1.5.0,628,True,2
src_org_jruby_RubyBasicObject.java,jruby-1.5.0,629,True,2
src_org_jruby_RubyBasicObject.java,jruby-1.5.0,630,True,2
src_org_jruby_RubyBasicObject.java,jruby-1.5.0,631,True,2
src_org_jruby_RubyBasicObject.java,jruby-1.5.0,632,True,2
src_org_jruby_RubyBasicObject.java,jruby-1.5.0,633,True,2
src_org_jruby_RubyBasicObject.java,jruby-1.5.0,634,True,2
src_org_jruby_RubyBasicObject.java,jruby-1.5.0,635,True,2
src_org_jruby_RubyBasicObject.java,jruby-1.5.0,636,True,2
src_org_jruby_RubyBasicObject.java,jruby-1.5.0,637,True,2
src_org_jruby_RubyBasicObject.java,jruby-1.5.0,638,True,2
src_org_jruby_RubyBasicObject.java,jruby-1.5.0,639,True,2
src_org_jruby_RubyBasicObject.java,jruby-1.5.0,640,True,2
src_org_jruby_RubyBasicObject.java,jruby-1.5.0,641,True,2
src_org_jruby_RubyBasicObject.java,jruby-1.5.0,642,True,2
src_org_jruby_RubyBasicObject.java,jruby-1.5.0,643,True,2
src_org_jruby_RubyBasicObject.java,jruby-1.5.0,644,True,2
src_org_jruby_RubyBasicObject.java,jruby-1.5.0,645,True,2
src_org_jruby_RubyBasicObject.java,jruby-1.5.0,646,True,2
src_org_jruby_RubyBasicObject.java,jruby-1.5.0,647,True,2
src_org_jruby_RubyBasicObject.java,jruby-1.5.0,648,True,2
src_org_jruby_RubyBasicObject.java,jruby-1.5.0,649,True,2
src_org_jruby_RubyBasicObject.java,jruby-1.5.0,650,True,2
src_org_jruby_RubyBasicObject.java,jruby-1.5.0,651,True,2
src_org_jruby_RubyBasicObject.java,jruby-1.5.0,652,True,2
src_org_jruby_RubyBasicObject.java,jruby-1.5.0,653,True,2
src_org_jruby_RubyBasicObject.java,jruby-1.5.0,654,True,2
src_org_jruby_RubyBasicObject.java,jruby-1.5.0,655,True,2
src_org_jruby_RubyBasicObject.java,jruby-1.5.0,656,True,2
src_org_jruby_RubyBasicObject.java,jruby-1.5.0,657,True,2
src_org_jruby_RubyBasicObject.java,jruby-1.5.0,658,True,2
src_org_jruby_RubyBasicObject.java,jruby-1.5.0,659,True,2
src_org_jruby_RubyBasicObject.java,jruby-1.5.0,660,True,2
src_org_jruby_RubyBasicObject.java,jruby-1.5.0,661,True,2
src_org_jruby_RubyBasicObject.java,jruby-1.5.0,662,True,2
src_org_jruby_RubyBasicObject.java,jruby-1.5.0,663,True,2
src_org_jruby_RubyBasicObject.java,jruby-1.5.0,664,True,2
src_org_jruby_RubyBasicObject.java,jruby-1.5.0,665,True,2
src_org_jruby_RubyBasicObject.java,jruby-1.5.0,666,True,2
src_org_jruby_RubyBasicObject.java,jruby-1.5.0,667,True,2
src_org_jruby_RubyBasicObject.java,jruby-1.5.0,668,True,2
src_org_jruby_RubyBasicObject.java,jruby-1.5.0,669,True,2
src_org_jruby_RubyBasicObject.java,jruby-1.5.0,670,True,2
src_org_jruby_RubyBasicObject.java,jruby-1.5.0,671,True,2
src_org_jruby_RubyBasicObject.java,jruby-1.5.0,672,True,2
src_org_jruby_RubyBasicObject.java,jruby-1.5.0,673,True,2
src_org_jruby_RubyBasicObject.java,jruby-1.5.0,674,True,2
src_org_jruby_RubyBasicObject.java,jruby-1.5.0,675,True,2
src_org_jruby_RubyBasicObject.java,jruby-1.5.0,676,True,2
src_org_jruby_RubyBasicObject.java,jruby-1.5.0,677,True,2
src_org_jruby_RubyBasicObject.java,jruby-1.5.0,678,True,2
src_org_jruby_RubyBasicObject.java,jruby-1.5.0,679,True,2
src_org_jruby_RubyBasicObject.java,jruby-1.5.0,680,True,2
src_org_jruby_RubyBasicObject.java,jruby-1.5.0,681,True,2
src_org_jruby_RubyBasicObject.java,jruby-1.5.0,682,True,2
src_org_jruby_RubyBasicObject.java,jruby-1.5.0,683,True,2
src_org_jruby_RubyBasicObject.java,jruby-1.5.0,684,True,2
src_org_jruby_RubyBasicObject.java,jruby-1.5.0,685,True,2
src_org_jruby_RubyBasicObject.java,jruby-1.5.0,686,True,2
src_org_jruby_RubyBasicObject.java,jruby-1.5.0,687,True,2
src_org_jruby_RubyBasicObject.java,jruby-1.5.0,688,True,2
src_org_jruby_RubyBasicObject.java,jruby-1.5.0,689,True,2
src_org_jruby_RubyBasicObject.java,jruby-1.5.0,690,True,2
src_org_jruby_RubyBasicObject.java,jruby-1.5.0,691,True,2
src_org_jruby_RubyBasicObject.java,jruby-1.5.0,692,True,2
src_org_jruby_RubyBasicObject.java,jruby-1.5.0,693,True,2
src_org_jruby_RubyBasicObject.java,jruby-1.5.0,694,True,2
src_org_jruby_RubyBasicObject.java,jruby-1.5.0,695,True,2
src_org_jruby_RubyBasicObject.java,jruby-1.5.0,696,True,2
src_org_jruby_RubyBasicObject.java,jruby-1.5.0,697,True,2
src_org_jruby_RubyBasicObject.java,jruby-1.5.0,698,True,2
src_org_jruby_RubyBasicObject.java,jruby-1.5.0,699,True,2
src_org_jruby_RubyBasicObject.java,jruby-1.5.0,700,True,2
src_org_jruby_RubyBasicObject.java,jruby-1.5.0,701,True,2
src_org_jruby_RubyBasicObject.java,jruby-1.5.0,702,True,2
src_org_jruby_RubyBasicObject.java,jruby-1.5.0,703,True,2
src_org_jruby_RubyBasicObject.java,jruby-1.5.0,704,True,2
src_org_jruby_RubyBasicObject.java,jruby-1.5.0,705,True,2
src_org_jruby_RubyBasicObject.java,jruby-1.5.0,706,True,2
src_org_jruby_RubyBasicObject.java,jruby-1.5.0,707,True,2
src_org_jruby_RubyBasicObject.java,jruby-1.5.0,708,True,2
src_org_jruby_RubyBasicObject.java,jruby-1.5.0,709,True,2
src_org_jruby_RubyBasicObject.java,jruby-1.5.0,710,True,2
src_org_jruby_RubyBasicObject.java,jruby-1.5.0,711,True,2
src_org_jruby_RubyBasicObject.java,jruby-1.5.0,712,True,2
src_org_jruby_RubyBasicObject.java,jruby-1.5.0,713,True,2
src_org_jruby_RubyBasicObject.java,jruby-1.5.0,714,True,2
src_org_jruby_RubyBasicObject.java,jruby-1.5.0,715,True,2
src_org_jruby_RubyBasicObject.java,jruby-1.5.0,716,True,2
src_org_jruby_RubyBasicObject.java,jruby-1.5.0,717,True,2
src_org_jruby_RubyBasicObject.java,jruby-1.5.0,718,True,2
src_org_jruby_RubyBasicObject.java,jruby-1.5.0,719,True,2
src_org_jruby_RubyBasicObject.java,jruby-1.5.0,720,True,2
src_org_jruby_RubyBasicObject.java,jruby-1.5.0,721,True,2
src_org_jruby_RubyBasicObject.java,jruby-1.5.0,722,True,2
src_org_jruby_RubyBasicObject.java,jruby-1.5.0,723,True,2
src_org_jruby_RubyBasicObject.java,jruby-1.5.0,724,True,2
src_org_jruby_RubyBasicObject.java,jruby-1.5.0,725,True,2
src_org_jruby_RubyBasicObject.java,jruby-1.5.0,726,True,2
src_org_jruby_RubyBasicObject.java,jruby-1.5.0,727,True,2
src_org_jruby_RubyBasicObject.java,jruby-1.5.0,728,True,2
src_org_jruby_RubyBasicObject.java,jruby-1.5.0,729,True,2
src_org_jruby_RubyBasicObject.java,jruby-1.5.0,730,True,2
src_org_jruby_RubyBasicObject.java,jruby-1.5.0,731,True,2
src_org_jruby_RubyBasicObject.java,jruby-1.5.0,732,True,2
src_org_jruby_RubyBasicObject.java,jruby-1.5.0,733,True,2
src_org_jruby_RubyBasicObject.java,jruby-1.5.0,734,True,2
src_org_jruby_RubyBasicObject.java,jruby-1.5.0,735,True,2
src_org_jruby_RubyBasicObject.java,jruby-1.5.0,736,True,2
src_org_jruby_RubyBasicObject.java,jruby-1.5.0,737,True,2
src_org_jruby_RubyBasicObject.java,jruby-1.5.0,738,True,2
src_org_jruby_RubyBasicObject.java,jruby-1.5.0,739,True,2
src_org_jruby_RubyBasicObject.java,jruby-1.5.0,740,True,2
src_org_jruby_RubyBasicObject.java,jruby-1.5.0,741,True,2
src_org_jruby_RubyBasicObject.java,jruby-1.5.0,742,True,2
src_org_jruby_RubyBasicObject.java,jruby-1.5.0,743,True,2
src_org_jruby_RubyBasicObject.java,jruby-1.5.0,744,True,2
src_org_jruby_RubyBasicObject.java,jruby-1.5.0,745,True,2
src_org_jruby_RubyBasicObject.java,jruby-1.5.0,746,True,2
src_org_jruby_RubyBasicObject.java,jruby-1.5.0,747,True,2
src_org_jruby_RubyBasicObject.java,jruby-1.5.0,748,True,2
src_org_jruby_RubyBasicObject.java,jruby-1.5.0,749,True,2
src_org_jruby_RubyBasicObject.java,jruby-1.5.0,750,True,2
src_org_jruby_RubyBasicObject.java,jruby-1.5.0,751,True,2
src_org_jruby_RubyBasicObject.java,jruby-1.5.0,752,True,2
src_org_jruby_RubyBasicObject.java,jruby-1.5.0,753,True,2
src_org_jruby_RubyBasicObject.java,jruby-1.5.0,754,True,2
src_org_jruby_RubyBasicObject.java,jruby-1.5.0,755,True,2
src_org_jruby_RubyBasicObject.java,jruby-1.5.0,756,True,2
src_org_jruby_RubyBasicObject.java,jruby-1.5.0,757,True,2
src_org_jruby_RubyBasicObject.java,jruby-1.5.0,758,True,2
src_org_jruby_RubyBasicObject.java,jruby-1.5.0,759,True,2
src_org_jruby_RubyBasicObject.java,jruby-1.5.0,760,True,2
src_org_jruby_RubyBasicObject.java,jruby-1.5.0,761,True,2
src_org_jruby_RubyBasicObject.java,jruby-1.5.0,762,True,2
src_org_jruby_RubyBasicObject.java,jruby-1.5.0,763,True,2
src_org_jruby_RubyBasicObject.java,jruby-1.5.0,764,True,2
src_org_jruby_RubyBasicObject.java,jruby-1.5.0,765,True,2
src_org_jruby_RubyBasicObject.java,jruby-1.5.0,766,True,2
src_org_jruby_RubyBasicObject.java,jruby-1.5.0,767,True,2
src_org_jruby_RubyBasicObject.java,jruby-1.5.0,768,True,2
src_org_jruby_RubyBasicObject.java,jruby-1.5.0,769,True,2
src_org_jruby_RubyBasicObject.java,jruby-1.5.0,770,True,2
src_org_jruby_RubyBasicObject.java,jruby-1.5.0,771,True,2
src_org_jruby_RubyBasicObject.java,jruby-1.5.0,772,True,2
src_org_jruby_RubyBasicObject.java,jruby-1.5.0,773,True,2
src_org_jruby_RubyBasicObject.java,jruby-1.5.0,774,True,2
src_org_jruby_RubyBasicObject.java,jruby-1.5.0,775,True,2
src_org_jruby_RubyBasicObject.java,jruby-1.5.0,776,True,2
src_org_jruby_RubyBasicObject.java,jruby-1.5.0,777,True,2
src_org_jruby_RubyBasicObject.java,jruby-1.5.0,778,True,2
src_org_jruby_RubyBasicObject.java,jruby-1.5.0,779,True,2
src_org_jruby_RubyBasicObject.java,jruby-1.5.0,780,True,2
src_org_jruby_RubyBasicObject.java,jruby-1.5.0,781,True,2
src_org_jruby_RubyBasicObject.java,jruby-1.5.0,782,True,2
src_org_jruby_RubyBasicObject.java,jruby-1.5.0,783,True,2
src_org_jruby_RubyBasicObject.java,jruby-1.5.0,784,True,2
src_org_jruby_RubyBasicObject.java,jruby-1.5.0,785,True,2
src_org_jruby_RubyBasicObject.java,jruby-1.5.0,786,True,2
src_org_jruby_RubyBasicObject.java,jruby-1.5.0,787,True,2
src_org_jruby_RubyBasicObject.java,jruby-1.5.0,788,True,2
src_org_jruby_RubyBasicObject.java,jruby-1.5.0,789,True,2
src_org_jruby_RubyBasicObject.java,jruby-1.5.0,790,True,2
src_org_jruby_RubyBasicObject.java,jruby-1.5.0,791,True,2
src_org_jruby_RubyBasicObject.java,jruby-1.5.0,792,True,2
src_org_jruby_RubyBasicObject.java,jruby-1.5.0,793,True,2
src_org_jruby_RubyBasicObject.java,jruby-1.5.0,794,True,2
src_org_jruby_RubyBasicObject.java,jruby-1.5.0,795,True,2
src_org_jruby_RubyBasicObject.java,jruby-1.5.0,796,True,2
src_org_jruby_RubyBasicObject.java,jruby-1.5.0,797,True,2
src_org_jruby_RubyBasicObject.java,jruby-1.5.0,798,True,2
src_org_jruby_RubyBasicObject.java,jruby-1.5.0,799,True,2
src_org_jruby_RubyBasicObject.java,jruby-1.5.0,800,True,2
src_org_jruby_RubyBasicObject.java,jruby-1.5.0,801,True,2
src_org_jruby_RubyBasicObject.java,jruby-1.5.0,802,True,2
src_org_jruby_RubyBasicObject.java,jruby-1.5.0,803,True,2
src_org_jruby_RubyBasicObject.java,jruby-1.5.0,804,True,2
src_org_jruby_RubyBasicObject.java,jruby-1.5.0,805,True,2
src_org_jruby_RubyBasicObject.java,jruby-1.5.0,806,True,2
src_org_jruby_RubyBasicObject.java,jruby-1.5.0,807,True,2
src_org_jruby_RubyBasicObject.java,jruby-1.5.0,808,True,2
src_org_jruby_RubyBasicObject.java,jruby-1.5.0,809,True,2
src_org_jruby_RubyBasicObject.java,jruby-1.5.0,810,True,2
src_org_jruby_RubyBasicObject.java,jruby-1.5.0,811,True,2
src_org_jruby_RubyBasicObject.java,jruby-1.5.0,812,True,2
src_org_jruby_RubyBasicObject.java,jruby-1.5.0,813,True,2
src_org_jruby_RubyBasicObject.java,jruby-1.5.0,814,True,2
src_org_jruby_RubyBasicObject.java,jruby-1.5.0,815,True,2
src_org_jruby_RubyBasicObject.java,jruby-1.5.0,816,True,2
src_org_jruby_RubyBasicObject.java,jruby-1.5.0,817,True,2
src_org_jruby_RubyBasicObject.java,jruby-1.5.0,818,True,2
src_org_jruby_RubyBasicObject.java,jruby-1.5.0,819,True,2
src_org_jruby_RubyBasicObject.java,jruby-1.5.0,820,True,2
src_org_jruby_RubyBasicObject.java,jruby-1.5.0,821,True,2
src_org_jruby_RubyBasicObject.java,jruby-1.5.0,822,True,2
src_org_jruby_RubyBasicObject.java,jruby-1.5.0,823,True,2
src_org_jruby_RubyBasicObject.java,jruby-1.5.0,824,True,2
src_org_jruby_RubyBasicObject.java,jruby-1.5.0,825,True,2
src_org_jruby_RubyBasicObject.java,jruby-1.5.0,826,True,2
src_org_jruby_RubyBasicObject.java,jruby-1.5.0,827,True,2
src_org_jruby_RubyBasicObject.java,jruby-1.5.0,828,True,2
src_org_jruby_RubyBasicObject.java,jruby-1.5.0,829,True,2
src_org_jruby_RubyBasicObject.java,jruby-1.5.0,830,True,2
src_org_jruby_RubyBasicObject.java,jruby-1.5.0,831,True,2
src_org_jruby_RubyBasicObject.java,jruby-1.5.0,832,True,2
src_org_jruby_RubyBasicObject.java,jruby-1.5.0,833,True,2
src_org_jruby_RubyBasicObject.java,jruby-1.5.0,834,True,2
src_org_jruby_RubyBasicObject.java,jruby-1.5.0,835,True,2
src_org_jruby_RubyBasicObject.java,jruby-1.5.0,836,True,2
src_org_jruby_RubyBasicObject.java,jruby-1.5.0,837,True,2
src_org_jruby_RubyBasicObject.java,jruby-1.5.0,838,True,2
src_org_jruby_RubyBasicObject.java,jruby-1.5.0,839,True,2
src_org_jruby_RubyBasicObject.java,jruby-1.5.0,840,True,2
src_org_jruby_RubyBasicObject.java,jruby-1.5.0,841,True,2
src_org_jruby_RubyBasicObject.java,jruby-1.5.0,842,True,2
src_org_jruby_RubyBasicObject.java,jruby-1.5.0,843,True,2
src_org_jruby_RubyBasicObject.java,jruby-1.5.0,844,True,2
src_org_jruby_RubyBasicObject.java,jruby-1.5.0,845,True,2
src_org_jruby_RubyBasicObject.java,jruby-1.5.0,846,True,2
src_org_jruby_RubyBasicObject.java,jruby-1.5.0,847,True,2
src_org_jruby_RubyBasicObject.java,jruby-1.5.0,848,True,2
src_org_jruby_RubyBasicObject.java,jruby-1.5.0,849,True,2
src_org_jruby_RubyBasicObject.java,jruby-1.5.0,850,True,2
src_org_jruby_RubyBasicObject.java,jruby-1.5.0,851,True,2
src_org_jruby_RubyBasicObject.java,jruby-1.5.0,852,True,2
src_org_jruby_RubyBasicObject.java,jruby-1.5.0,853,True,2
src_org_jruby_RubyBasicObject.java,jruby-1.5.0,854,True,2
src_org_jruby_RubyBasicObject.java,jruby-1.5.0,855,True,2
src_org_jruby_RubyBasicObject.java,jruby-1.5.0,856,True,2
src_org_jruby_RubyBasicObject.java,jruby-1.5.0,857,True,2
src_org_jruby_RubyBasicObject.java,jruby-1.5.0,858,True,2
src_org_jruby_RubyBasicObject.java,jruby-1.5.0,859,True,2
src_org_jruby_RubyBasicObject.java,jruby-1.5.0,860,True,2
src_org_jruby_RubyBasicObject.java,jruby-1.5.0,861,True,2
src_org_jruby_RubyBasicObject.java,jruby-1.5.0,862,True,2
src_org_jruby_RubyBasicObject.java,jruby-1.5.0,863,True,2
src_org_jruby_RubyBasicObject.java,jruby-1.5.0,864,True,2
src_org_jruby_RubyBasicObject.java,jruby-1.5.0,865,True,2
src_org_jruby_RubyBasicObject.java,jruby-1.5.0,866,True,2
src_org_jruby_RubyBasicObject.java,jruby-1.5.0,867,True,2
src_org_jruby_RubyBasicObject.java,jruby-1.5.0,868,True,2
src_org_jruby_RubyBasicObject.java,jruby-1.5.0,869,True,2
src_org_jruby_RubyBasicObject.java,jruby-1.5.0,870,True,2
src_org_jruby_RubyBasicObject.java,jruby-1.5.0,871,True,2
src_org_jruby_RubyBasicObject.java,jruby-1.5.0,872,True,2
src_org_jruby_RubyBasicObject.java,jruby-1.5.0,873,True,2
src_org_jruby_RubyBasicObject.java,jruby-1.5.0,874,True,2
src_org_jruby_RubyBasicObject.java,jruby-1.5.0,875,True,2
src_org_jruby_RubyBasicObject.java,jruby-1.5.0,876,True,2
src_org_jruby_RubyBasicObject.java,jruby-1.5.0,877,True,2
src_org_jruby_RubyBasicObject.java,jruby-1.5.0,878,True,2
src_org_jruby_RubyBasicObject.java,jruby-1.5.0,879,True,2
src_org_jruby_RubyBasicObject.java,jruby-1.5.0,880,True,2
src_org_jruby_RubyBasicObject.java,jruby-1.5.0,881,True,2
src_org_jruby_RubyBasicObject.java,jruby-1.5.0,882,True,2
src_org_jruby_RubyBasicObject.java,jruby-1.5.0,883,True,2
src_org_jruby_RubyBasicObject.java,jruby-1.5.0,884,True,2
src_org_jruby_RubyBasicObject.java,jruby-1.5.0,885,True,2
src_org_jruby_RubyBasicObject.java,jruby-1.5.0,886,True,2
src_org_jruby_RubyBasicObject.java,jruby-1.5.0,887,True,2
src_org_jruby_RubyBasicObject.java,jruby-1.5.0,888,True,2
src_org_jruby_RubyBasicObject.java,jruby-1.5.0,889,True,2
src_org_jruby_RubyBasicObject.java,jruby-1.5.0,890,True,2
src_org_jruby_RubyBasicObject.java,jruby-1.5.0,891,True,2
src_org_jruby_RubyBasicObject.java,jruby-1.5.0,892,True,2
src_org_jruby_RubyBasicObject.java,jruby-1.5.0,893,True,2
src_org_jruby_RubyBasicObject.java,jruby-1.5.0,894,True,2
src_org_jruby_RubyBasicObject.java,jruby-1.5.0,895,True,2
src_org_jruby_RubyBasicObject.java,jruby-1.5.0,896,True,2
src_org_jruby_RubyBasicObject.java,jruby-1.5.0,897,True,2
src_org_jruby_RubyBasicObject.java,jruby-1.5.0,898,True,2
src_org_jruby_RubyBasicObject.java,jruby-1.5.0,899,True,2
src_org_jruby_RubyBasicObject.java,jruby-1.5.0,900,True,2
src_org_jruby_RubyBasicObject.java,jruby-1.5.0,901,True,2
src_org_jruby_RubyBasicObject.java,jruby-1.5.0,902,True,2
src_org_jruby_RubyBasicObject.java,jruby-1.5.0,903,True,2
src_org_jruby_RubyBasicObject.java,jruby-1.5.0,904,True,2
src_org_jruby_RubyBasicObject.java,jruby-1.5.0,905,True,2
src_org_jruby_RubyBasicObject.java,jruby-1.5.0,906,True,2
src_org_jruby_RubyBasicObject.java,jruby-1.5.0,907,True,2
src_org_jruby_RubyBasicObject.java,jruby-1.5.0,908,True,2
src_org_jruby_RubyBasicObject.java,jruby-1.5.0,909,True,2
src_org_jruby_RubyBasicObject.java,jruby-1.5.0,910,True,2
src_org_jruby_RubyBasicObject.java,jruby-1.5.0,911,True,2
src_org_jruby_RubyBasicObject.java,jruby-1.5.0,912,True,2
src_org_jruby_RubyBasicObject.java,jruby-1.5.0,913,True,2
src_org_jruby_RubyBasicObject.java,jruby-1.5.0,914,True,2
src_org_jruby_RubyBasicObject.java,jruby-1.5.0,915,True,2
src_org_jruby_RubyBasicObject.java,jruby-1.5.0,916,True,2
src_org_jruby_RubyBasicObject.java,jruby-1.5.0,917,True,2
src_org_jruby_RubyBasicObject.java,jruby-1.5.0,918,True,2
src_org_jruby_RubyBasicObject.java,jruby-1.5.0,919,True,2
src_org_jruby_RubyBasicObject.java,jruby-1.5.0,920,True,2
src_org_jruby_RubyBasicObject.java,jruby-1.5.0,921,True,2
src_org_jruby_RubyBasicObject.java,jruby-1.5.0,922,True,2
src_org_jruby_RubyBasicObject.java,jruby-1.5.0,923,True,2
src_org_jruby_RubyBasicObject.java,jruby-1.5.0,924,True,2
src_org_jruby_RubyBasicObject.java,jruby-1.5.0,925,True,2
src_org_jruby_RubyBasicObject.java,jruby-1.5.0,926,True,2
src_org_jruby_RubyBasicObject.java,jruby-1.5.0,927,True,2
src_org_jruby_RubyBasicObject.java,jruby-1.5.0,928,True,2
src_org_jruby_RubyBasicObject.java,jruby-1.5.0,929,True,2
src_org_jruby_RubyBasicObject.java,jruby-1.5.0,930,True,2
src_org_jruby_RubyBasicObject.java,jruby-1.5.0,931,True,2
src_org_jruby_RubyBasicObject.java,jruby-1.5.0,932,True,2
src_org_jruby_RubyBasicObject.java,jruby-1.5.0,933,True,2
src_org_jruby_RubyBasicObject.java,jruby-1.5.0,934,True,2
src_org_jruby_RubyBasicObject.java,jruby-1.5.0,935,True,2
src_org_jruby_RubyBasicObject.java,jruby-1.5.0,936,True,2
src_org_jruby_RubyBasicObject.java,jruby-1.5.0,937,True,2
src_org_jruby_RubyBasicObject.java,jruby-1.5.0,938,True,2
src_org_jruby_RubyBasicObject.java,jruby-1.5.0,939,True,2
src_org_jruby_RubyBasicObject.java,jruby-1.5.0,940,True,2
src_org_jruby_RubyBasicObject.java,jruby-1.5.0,941,True,2
src_org_jruby_RubyBasicObject.java,jruby-1.5.0,942,True,2
src_org_jruby_RubyBasicObject.java,jruby-1.5.0,943,True,2
src_org_jruby_RubyBasicObject.java,jruby-1.5.0,944,True,2
src_org_jruby_RubyBasicObject.java,jruby-1.5.0,945,True,2
src_org_jruby_RubyBasicObject.java,jruby-1.5.0,946,True,2
src_org_jruby_RubyBasicObject.java,jruby-1.5.0,947,True,2
src_org_jruby_RubyBasicObject.java,jruby-1.5.0,948,True,2
src_org_jruby_RubyBasicObject.java,jruby-1.5.0,949,True,2
src_org_jruby_RubyBasicObject.java,jruby-1.5.0,950,True,2
src_org_jruby_RubyBasicObject.java,jruby-1.5.0,951,True,2
src_org_jruby_RubyBasicObject.java,jruby-1.5.0,952,True,2
src_org_jruby_RubyBasicObject.java,jruby-1.5.0,953,True,2
src_org_jruby_RubyBasicObject.java,jruby-1.5.0,954,True,2
src_org_jruby_RubyBasicObject.java,jruby-1.5.0,955,True,2
src_org_jruby_RubyBasicObject.java,jruby-1.5.0,956,True,2
src_org_jruby_RubyBasicObject.java,jruby-1.5.0,957,True,2
src_org_jruby_RubyBasicObject.java,jruby-1.5.0,958,True,2
src_org_jruby_RubyBasicObject.java,jruby-1.5.0,959,True,2
src_org_jruby_RubyBasicObject.java,jruby-1.5.0,960,True,2
src_org_jruby_RubyBasicObject.java,jruby-1.5.0,961,True,2
src_org_jruby_RubyBasicObject.java,jruby-1.5.0,962,True,2
src_org_jruby_RubyBasicObject.java,jruby-1.5.0,963,True,2
src_org_jruby_RubyBasicObject.java,jruby-1.5.0,964,True,2
src_org_jruby_RubyBasicObject.java,jruby-1.5.0,965,True,2
src_org_jruby_RubyBasicObject.java,jruby-1.5.0,966,True,2
src_org_jruby_RubyBasicObject.java,jruby-1.5.0,967,True,2
src_org_jruby_RubyBasicObject.java,jruby-1.5.0,968,True,2
src_org_jruby_RubyBasicObject.java,jruby-1.5.0,969,True,2
src_org_jruby_RubyBasicObject.java,jruby-1.5.0,970,True,2
src_org_jruby_RubyBasicObject.java,jruby-1.5.0,971,True,2
src_org_jruby_RubyBasicObject.java,jruby-1.5.0,972,True,2
src_org_jruby_RubyBasicObject.java,jruby-1.5.0,973,True,2
src_org_jruby_RubyBasicObject.java,jruby-1.5.0,974,True,2
src_org_jruby_RubyBasicObject.java,jruby-1.5.0,975,True,2
src_org_jruby_RubyBasicObject.java,jruby-1.5.0,976,True,2
src_org_jruby_RubyBasicObject.java,jruby-1.5.0,977,True,2
src_org_jruby_RubyBasicObject.java,jruby-1.5.0,978,True,2
src_org_jruby_RubyBasicObject.java,jruby-1.5.0,979,True,2
src_org_jruby_RubyBasicObject.java,jruby-1.5.0,980,True,2
src_org_jruby_RubyBasicObject.java,jruby-1.5.0,981,True,2
src_org_jruby_RubyBasicObject.java,jruby-1.5.0,982,True,2
src_org_jruby_RubyBasicObject.java,jruby-1.5.0,983,True,2
src_org_jruby_RubyBasicObject.java,jruby-1.5.0,984,True,2
src_org_jruby_RubyBasicObject.java,jruby-1.5.0,985,True,2
src_org_jruby_RubyBasicObject.java,jruby-1.5.0,986,True,2
src_org_jruby_RubyBasicObject.java,jruby-1.5.0,987,True,2
src_org_jruby_RubyBasicObject.java,jruby-1.5.0,988,True,2
src_org_jruby_RubyBasicObject.java,jruby-1.5.0,989,True,2
src_org_jruby_RubyBasicObject.java,jruby-1.5.0,990,True,2
src_org_jruby_RubyBasicObject.java,jruby-1.5.0,991,True,2
src_org_jruby_RubyBasicObject.java,jruby-1.5.0,992,True,2
src_org_jruby_RubyBasicObject.java,jruby-1.5.0,993,True,2
src_org_jruby_RubyBasicObject.java,jruby-1.5.0,994,True,2
src_org_jruby_RubyBasicObject.java,jruby-1.5.0,995,True,2
src_org_jruby_RubyBasicObject.java,jruby-1.5.0,996,True,2
src_org_jruby_RubyBasicObject.java,jruby-1.5.0,997,True,2
src_org_jruby_RubyBasicObject.java,jruby-1.5.0,998,True,2
src_org_jruby_RubyBasicObject.java,jruby-1.5.0,999,True,2
src_org_jruby_RubyBasicObject.java,jruby-1.5.0,1000,True,2
src_org_jruby_RubyBasicObject.java,jruby-1.5.0,1001,True,2
src_org_jruby_RubyBasicObject.java,jruby-1.5.0,1002,True,2
src_org_jruby_RubyBasicObject.java,jruby-1.5.0,1003,True,2
src_org_jruby_RubyBasicObject.java,jruby-1.5.0,1004,True,2
src_org_jruby_RubyBasicObject.java,jruby-1.5.0,1005,True,2
src_org_jruby_RubyBasicObject.java,jruby-1.5.0,1006,True,2
src_org_jruby_RubyBasicObject.java,jruby-1.5.0,1007,True,2
src_org_jruby_RubyBasicObject.java,jruby-1.5.0,1008,True,2
src_org_jruby_RubyBasicObject.java,jruby-1.5.0,1009,True,2
src_org_jruby_RubyBasicObject.java,jruby-1.5.0,1010,True,2
src_org_jruby_RubyBasicObject.java,jruby-1.5.0,1011,True,2
src_org_jruby_RubyBasicObject.java,jruby-1.5.0,1012,True,2
src_org_jruby_RubyBasicObject.java,jruby-1.5.0,1013,True,2
src_org_jruby_RubyBasicObject.java,jruby-1.5.0,1014,True,2
src_org_jruby_RubyBasicObject.java,jruby-1.5.0,1015,True,2
src_org_jruby_RubyBasicObject.java,jruby-1.5.0,1016,True,2
src_org_jruby_RubyBasicObject.java,jruby-1.5.0,1017,True,2
src_org_jruby_RubyBasicObject.java,jruby-1.5.0,1018,True,2
src_org_jruby_RubyBasicObject.java,jruby-1.5.0,1019,True,2
src_org_jruby_RubyBasicObject.java,jruby-1.5.0,1020,True,2
src_org_jruby_RubyBasicObject.java,jruby-1.5.0,1021,True,2
src_org_jruby_RubyBasicObject.java,jruby-1.5.0,1022,True,2
src_org_jruby_RubyBasicObject.java,jruby-1.5.0,1023,True,2
src_org_jruby_RubyBasicObject.java,jruby-1.5.0,1024,True,2
src_org_jruby_RubyBasicObject.java,jruby-1.5.0,1025,True,2
src_org_jruby_RubyBasicObject.java,jruby-1.5.0,1026,True,2
src_org_jruby_RubyBasicObject.java,jruby-1.5.0,1027,True,2
src_org_jruby_RubyBasicObject.java,jruby-1.5.0,1028,True,2
src_org_jruby_RubyBasicObject.java,jruby-1.5.0,1029,True,2
src_org_jruby_RubyBasicObject.java,jruby-1.5.0,1030,True,2
src_org_jruby_RubyBasicObject.java,jruby-1.5.0,1031,True,2
src_org_jruby_RubyBasicObject.java,jruby-1.5.0,1032,True,2
src_org_jruby_RubyBasicObject.java,jruby-1.5.0,1033,True,2
src_org_jruby_RubyBasicObject.java,jruby-1.5.0,1034,True,2
src_org_jruby_RubyBasicObject.java,jruby-1.5.0,1035,True,2
src_org_jruby_RubyBasicObject.java,jruby-1.5.0,1036,True,2
src_org_jruby_RubyBasicObject.java,jruby-1.5.0,1037,True,2
src_org_jruby_RubyBasicObject.java,jruby-1.5.0,1038,True,2
src_org_jruby_RubyBasicObject.java,jruby-1.5.0,1039,True,2
src_org_jruby_RubyBasicObject.java,jruby-1.5.0,1040,True,2
src_org_jruby_RubyBasicObject.java,jruby-1.5.0,1041,True,2
src_org_jruby_RubyBasicObject.java,jruby-1.5.0,1042,True,2
src_org_jruby_RubyBasicObject.java,jruby-1.5.0,1043,True,2
src_org_jruby_RubyBasicObject.java,jruby-1.5.0,1044,True,2
src_org_jruby_RubyBasicObject.java,jruby-1.5.0,1045,True,2
src_org_jruby_RubyBasicObject.java,jruby-1.5.0,1046,True,2
src_org_jruby_RubyBasicObject.java,jruby-1.5.0,1047,True,2
src_org_jruby_RubyBasicObject.java,jruby-1.5.0,1048,True,2
src_org_jruby_RubyBasicObject.java,jruby-1.5.0,1049,True,2
src_org_jruby_RubyBasicObject.java,jruby-1.5.0,1050,True,2
src_org_jruby_RubyBasicObject.java,jruby-1.5.0,1051,True,2
src_org_jruby_RubyBasicObject.java,jruby-1.5.0,1052,True,2
src_org_jruby_RubyBasicObject.java,jruby-1.5.0,1053,True,2
src_org_jruby_RubyBasicObject.java,jruby-1.5.0,1054,True,2
src_org_jruby_RubyBasicObject.java,jruby-1.5.0,1055,True,2
src_org_jruby_RubyBasicObject.java,jruby-1.5.0,1056,True,2
src_org_jruby_RubyBasicObject.java,jruby-1.5.0,1057,True,2
src_org_jruby_RubyBasicObject.java,jruby-1.5.0,1058,True,2
src_org_jruby_RubyBasicObject.java,jruby-1.5.0,1059,True,2
src_org_jruby_RubyBasicObject.java,jruby-1.5.0,1060,True,2
src_org_jruby_RubyBasicObject.java,jruby-1.5.0,1061,True,2
src_org_jruby_RubyBasicObject.java,jruby-1.5.0,1062,True,2
src_org_jruby_RubyBasicObject.java,jruby-1.5.0,1063,True,2
src_org_jruby_RubyBasicObject.java,jruby-1.5.0,1064,True,2
src_org_jruby_RubyBasicObject.java,jruby-1.5.0,1065,True,2
src_org_jruby_RubyBasicObject.java,jruby-1.5.0,1066,True,2
src_org_jruby_RubyBasicObject.java,jruby-1.5.0,1067,True,2
src_org_jruby_RubyBasicObject.java,jruby-1.5.0,1068,True,2
src_org_jruby_RubyBasicObject.java,jruby-1.5.0,1069,True,2
src_org_jruby_RubyBasicObject.java,jruby-1.5.0,1070,True,2
src_org_jruby_RubyBasicObject.java,jruby-1.5.0,1071,True,2
src_org_jruby_RubyBasicObject.java,jruby-1.5.0,1072,True,2
src_org_jruby_RubyBasicObject.java,jruby-1.5.0,1073,True,2
src_org_jruby_RubyBasicObject.java,jruby-1.5.0,1074,True,2
src_org_jruby_RubyBasicObject.java,jruby-1.5.0,1075,True,2
src_org_jruby_RubyBasicObject.java,jruby-1.5.0,1076,True,2
src_org_jruby_RubyBasicObject.java,jruby-1.5.0,1077,True,2
src_org_jruby_RubyBasicObject.java,jruby-1.5.0,1078,True,2
src_org_jruby_RubyBasicObject.java,jruby-1.5.0,1079,True,2
src_org_jruby_RubyBasicObject.java,jruby-1.5.0,1080,True,2
src_org_jruby_RubyBasicObject.java,jruby-1.5.0,1081,True,2
src_org_jruby_RubyBasicObject.java,jruby-1.5.0,1082,True,2
src_org_jruby_RubyBasicObject.java,jruby-1.5.0,1083,True,2
src_org_jruby_RubyBasicObject.java,jruby-1.5.0,1084,True,2
src_org_jruby_RubyBasicObject.java,jruby-1.5.0,1085,True,2
src_org_jruby_RubyBasicObject.java,jruby-1.5.0,1086,True,2
src_org_jruby_RubyBasicObject.java,jruby-1.5.0,1087,True,2
src_org_jruby_RubyBasicObject.java,jruby-1.5.0,1088,True,2
src_org_jruby_RubyBasicObject.java,jruby-1.5.0,1089,True,2
src_org_jruby_RubyBasicObject.java,jruby-1.5.0,1090,True,2
src_org_jruby_RubyBasicObject.java,jruby-1.5.0,1091,True,2
src_org_jruby_RubyBasicObject.java,jruby-1.5.0,1092,True,2
src_org_jruby_RubyBasicObject.java,jruby-1.5.0,1093,True,2
src_org_jruby_RubyBasicObject.java,jruby-1.5.0,1094,True,2
src_org_jruby_RubyBasicObject.java,jruby-1.5.0,1095,True,2
src_org_jruby_RubyBasicObject.java,jruby-1.5.0,1096,True,2
src_org_jruby_RubyBasicObject.java,jruby-1.5.0,1097,True,2
src_org_jruby_RubyBasicObject.java,jruby-1.5.0,1098,True,2
src_org_jruby_RubyBasicObject.java,jruby-1.5.0,1099,True,2
src_org_jruby_RubyBasicObject.java,jruby-1.5.0,1100,True,2
src_org_jruby_RubyBasicObject.java,jruby-1.5.0,1101,True,2
src_org_jruby_RubyBasicObject.java,jruby-1.5.0,1102,True,2
src_org_jruby_RubyBasicObject.java,jruby-1.5.0,1103,True,2
src_org_jruby_RubyBasicObject.java,jruby-1.5.0,1104,True,2
src_org_jruby_RubyBasicObject.java,jruby-1.5.0,1105,True,2
src_org_jruby_RubyBasicObject.java,jruby-1.5.0,1106,True,2
src_org_jruby_RubyBasicObject.java,jruby-1.5.0,1107,True,2
src_org_jruby_RubyBasicObject.java,jruby-1.5.0,1108,True,2
src_org_jruby_RubyBasicObject.java,jruby-1.5.0,1109,True,2
src_org_jruby_RubyBasicObject.java,jruby-1.5.0,1110,True,2
src_org_jruby_RubyBasicObject.java,jruby-1.5.0,1111,True,2
src_org_jruby_RubyBasicObject.java,jruby-1.5.0,1112,True,2
src_org_jruby_RubyBasicObject.java,jruby-1.5.0,1113,True,2
src_org_jruby_RubyBasicObject.java,jruby-1.5.0,1114,True,2
src_org_jruby_RubyBasicObject.java,jruby-1.5.0,1115,True,2
src_org_jruby_RubyBasicObject.java,jruby-1.5.0,1116,True,2
src_org_jruby_RubyBasicObject.java,jruby-1.5.0,1117,True,2
src_org_jruby_RubyBasicObject.java,jruby-1.5.0,1118,True,2
src_org_jruby_RubyBasicObject.java,jruby-1.5.0,1119,True,2
src_org_jruby_RubyBasicObject.java,jruby-1.5.0,1120,True,2
src_org_jruby_RubyBasicObject.java,jruby-1.5.0,1121,True,2
src_org_jruby_RubyBasicObject.java,jruby-1.5.0,1122,True,2
src_org_jruby_RubyBasicObject.java,jruby-1.5.0,1123,True,2
src_org_jruby_RubyBasicObject.java,jruby-1.5.0,1124,True,2
src_org_jruby_RubyBasicObject.java,jruby-1.5.0,1125,True,2
src_org_jruby_RubyBasicObject.java,jruby-1.5.0,1126,True,2
src_org_jruby_RubyBasicObject.java,jruby-1.5.0,1127,True,2
src_org_jruby_RubyBasicObject.java,jruby-1.5.0,1128,True,2
src_org_jruby_RubyBasicObject.java,jruby-1.5.0,1129,True,2
src_org_jruby_RubyBasicObject.java,jruby-1.5.0,1130,True,2
src_org_jruby_RubyBasicObject.java,jruby-1.5.0,1131,True,2
src_org_jruby_RubyBasicObject.java,jruby-1.5.0,1132,True,2
src_org_jruby_RubyBasicObject.java,jruby-1.5.0,1133,True,2
src_org_jruby_RubyBasicObject.java,jruby-1.5.0,1134,True,2
src_org_jruby_RubyBasicObject.java,jruby-1.5.0,1135,True,2
src_org_jruby_RubyBasicObject.java,jruby-1.5.0,1136,True,2
src_org_jruby_RubyBasicObject.java,jruby-1.5.0,1137,True,2
src_org_jruby_RubyBasicObject.java,jruby-1.5.0,1138,True,2
src_org_jruby_RubyBasicObject.java,jruby-1.5.0,1139,True,2
src_org_jruby_RubyBasicObject.java,jruby-1.5.0,1140,True,2
src_org_jruby_RubyBasicObject.java,jruby-1.5.0,1141,True,2
src_org_jruby_RubyBasicObject.java,jruby-1.5.0,1142,True,2
src_org_jruby_RubyBasicObject.java,jruby-1.5.0,1143,True,2
src_org_jruby_RubyBasicObject.java,jruby-1.5.0,1144,True,2
src_org_jruby_RubyBasicObject.java,jruby-1.5.0,1145,True,2
src_org_jruby_RubyBasicObject.java,jruby-1.5.0,1146,True,2
src_org_jruby_RubyBasicObject.java,jruby-1.5.0,1147,True,2
src_org_jruby_RubyBasicObject.java,jruby-1.5.0,1148,True,2
src_org_jruby_RubyBasicObject.java,jruby-1.5.0,1149,True,2
src_org_jruby_RubyBasicObject.java,jruby-1.5.0,1150,True,2
src_org_jruby_RubyBasicObject.java,jruby-1.5.0,1151,True,2
src_org_jruby_RubyBasicObject.java,jruby-1.5.0,1152,True,2
src_org_jruby_RubyBasicObject.java,jruby-1.5.0,1153,True,2
src_org_jruby_RubyBasicObject.java,jruby-1.5.0,1154,True,2
src_org_jruby_RubyBasicObject.java,jruby-1.5.0,1155,True,2
src_org_jruby_RubyBasicObject.java,jruby-1.5.0,1156,True,2
src_org_jruby_RubyBasicObject.java,jruby-1.5.0,1157,True,2
src_org_jruby_RubyBasicObject.java,jruby-1.5.0,1158,True,2
src_org_jruby_RubyBasicObject.java,jruby-1.5.0,1159,True,2
src_org_jruby_RubyBasicObject.java,jruby-1.5.0,1160,True,2
src_org_jruby_RubyBasicObject.java,jruby-1.5.0,1161,True,2
src_org_jruby_RubyBasicObject.java,jruby-1.5.0,1162,True,2
src_org_jruby_RubyBasicObject.java,jruby-1.5.0,1163,True,2
src_org_jruby_RubyBasicObject.java,jruby-1.5.0,1164,True,2
src_org_jruby_RubyBasicObject.java,jruby-1.5.0,1165,True,2
src_org_jruby_RubyBasicObject.java,jruby-1.5.0,1166,True,2
src_org_jruby_RubyBasicObject.java,jruby-1.5.0,1167,True,2
src_org_jruby_RubyBasicObject.java,jruby-1.5.0,1168,True,2
src_org_jruby_RubyBasicObject.java,jruby-1.5.0,1169,True,2
src_org_jruby_RubyBasicObject.java,jruby-1.5.0,1170,True,2
src_org_jruby_RubyBasicObject.java,jruby-1.5.0,1171,True,2
src_org_jruby_RubyBasicObject.java,jruby-1.5.0,1172,True,2
src_org_jruby_RubyBasicObject.java,jruby-1.5.0,1173,True,2
src_org_jruby_RubyBasicObject.java,jruby-1.5.0,1174,True,2
src_org_jruby_RubyBasicObject.java,jruby-1.5.0,1175,True,2
src_org_jruby_RubyBasicObject.java,jruby-1.5.0,1176,True,2
src_org_jruby_RubyBasicObject.java,jruby-1.5.0,1177,True,2
src_org_jruby_RubyBasicObject.java,jruby-1.5.0,1178,True,2
src_org_jruby_RubyBasicObject.java,jruby-1.5.0,1179,True,2
src_org_jruby_RubyBasicObject.java,jruby-1.5.0,1180,True,2
src_org_jruby_RubyBasicObject.java,jruby-1.5.0,1181,True,2
src_org_jruby_RubyBasicObject.java,jruby-1.5.0,1182,True,2
src_org_jruby_RubyBasicObject.java,jruby-1.5.0,1183,True,2
src_org_jruby_RubyBasicObject.java,jruby-1.5.0,1184,True,2
src_org_jruby_RubyBasicObject.java,jruby-1.5.0,1185,True,2
src_org_jruby_RubyBasicObject.java,jruby-1.5.0,1186,True,2
src_org_jruby_RubyBasicObject.java,jruby-1.5.0,1187,True,2
src_org_jruby_RubyBasicObject.java,jruby-1.5.0,1188,True,2
src_org_jruby_RubyBasicObject.java,jruby-1.5.0,1189,True,2
src_org_jruby_RubyBasicObject.java,jruby-1.5.0,1190,True,2
src_org_jruby_RubyBasicObject.java,jruby-1.5.0,1191,True,2
src_org_jruby_RubyBasicObject.java,jruby-1.5.0,1192,True,2
src_org_jruby_RubyBasicObject.java,jruby-1.5.0,1193,True,2
src_org_jruby_RubyBasicObject.java,jruby-1.5.0,1194,True,2
src_org_jruby_RubyBasicObject.java,jruby-1.5.0,1195,True,2
src_org_jruby_RubyBasicObject.java,jruby-1.5.0,1196,True,2
src_org_jruby_RubyBasicObject.java,jruby-1.5.0,1197,True,2
src_org_jruby_RubyBasicObject.java,jruby-1.5.0,1198,True,2
src_org_jruby_RubyBasicObject.java,jruby-1.5.0,1199,True,2
src_org_jruby_RubyBasicObject.java,jruby-1.5.0,1200,True,2
src_org_jruby_RubyBasicObject.java,jruby-1.5.0,1201,True,2
src_org_jruby_RubyBasicObject.java,jruby-1.5.0,1202,True,2
src_org_jruby_RubyBasicObject.java,jruby-1.5.0,1203,True,2
src_org_jruby_RubyBasicObject.java,jruby-1.5.0,1204,True,2
src_org_jruby_RubyBasicObject.java,jruby-1.5.0,1205,True,2
src_org_jruby_RubyBasicObject.java,jruby-1.5.0,1206,True,2
src_org_jruby_RubyBasicObject.java,jruby-1.5.0,1207,True,2
src_org_jruby_RubyBasicObject.java,jruby-1.5.0,1208,True,2
src_org_jruby_RubyBasicObject.java,jruby-1.5.0,1209,True,2
src_org_jruby_RubyBasicObject.java,jruby-1.5.0,1210,True,2
src_org_jruby_RubyBasicObject.java,jruby-1.5.0,1211,True,2
src_org_jruby_RubyBasicObject.java,jruby-1.5.0,1212,True,2
src_org_jruby_RubyBasicObject.java,jruby-1.5.0,1213,True,2
src_org_jruby_RubyBasicObject.java,jruby-1.5.0,1214,True,2
src_org_jruby_RubyBasicObject.java,jruby-1.5.0,1215,True,2
src_org_jruby_RubyBasicObject.java,jruby-1.5.0,1216,True,2
src_org_jruby_RubyBasicObject.java,jruby-1.5.0,1217,True,2
src_org_jruby_RubyBasicObject.java,jruby-1.5.0,1218,True,2
src_org_jruby_RubyBasicObject.java,jruby-1.5.0,1219,True,2
src_org_jruby_RubyBasicObject.java,jruby-1.5.0,1220,True,2
src_org_jruby_RubyBasicObject.java,jruby-1.5.0,1221,True,2
src_org_jruby_RubyBasicObject.java,jruby-1.5.0,1222,True,2
src_org_jruby_RubyBasicObject.java,jruby-1.5.0,1223,True,2
src_org_jruby_RubyBasicObject.java,jruby-1.5.0,1224,True,2
src_org_jruby_RubyBasicObject.java,jruby-1.5.0,1225,True,2
src_org_jruby_RubyBasicObject.java,jruby-1.5.0,1226,True,2
src_org_jruby_RubyBasicObject.java,jruby-1.5.0,1227,True,2
src_org_jruby_RubyBasicObject.java,jruby-1.5.0,1228,True,2
src_org_jruby_RubyBasicObject.java,jruby-1.5.0,1229,True,2
src_org_jruby_RubyBasicObject.java,jruby-1.5.0,1230,True,2
src_org_jruby_RubyBasicObject.java,jruby-1.5.0,1231,True,2
src_org_jruby_RubyBasicObject.java,jruby-1.5.0,1232,True,2
src_org_jruby_RubyBasicObject.java,jruby-1.5.0,1233,True,2
src_org_jruby_RubyBasicObject.java,jruby-1.5.0,1234,True,2
src_org_jruby_RubyBasicObject.java,jruby-1.5.0,1235,True,2
src_org_jruby_RubyBasicObject.java,jruby-1.5.0,1236,True,2
src_org_jruby_RubyBasicObject.java,jruby-1.5.0,1237,True,2
src_org_jruby_RubyBasicObject.java,jruby-1.5.0,1238,True,2
src_org_jruby_RubyBasicObject.java,jruby-1.5.0,1239,True,2
src_org_jruby_RubyBasicObject.java,jruby-1.5.0,1240,True,2
src_org_jruby_RubyBasicObject.java,jruby-1.5.0,1241,True,2
src_org_jruby_RubyBasicObject.java,jruby-1.5.0,1242,True,2
src_org_jruby_RubyBasicObject.java,jruby-1.5.0,1243,True,2
src_org_jruby_RubyBasicObject.java,jruby-1.5.0,1244,True,2
src_org_jruby_RubyBasicObject.java,jruby-1.5.0,1245,True,2
src_org_jruby_RubyBasicObject.java,jruby-1.5.0,1246,True,2
src_org_jruby_RubyBasicObject.java,jruby-1.5.0,1247,True,2
src_org_jruby_RubyBasicObject.java,jruby-1.5.0,1248,True,2
src_org_jruby_RubyBasicObject.java,jruby-1.5.0,1249,True,2
src_org_jruby_RubyBasicObject.java,jruby-1.5.0,1250,True,2
src_org_jruby_RubyBasicObject.java,jruby-1.5.0,1251,True,2
src_org_jruby_RubyBasicObject.java,jruby-1.5.0,1252,True,2
src_org_jruby_RubyBasicObject.java,jruby-1.5.0,1253,True,2
src_org_jruby_RubyBasicObject.java,jruby-1.5.0,1254,True,2
src_org_jruby_RubyBasicObject.java,jruby-1.5.0,1255,True,2
src_org_jruby_RubyBasicObject.java,jruby-1.5.0,1256,True,2
src_org_jruby_RubyBasicObject.java,jruby-1.5.0,1257,True,2
src_org_jruby_RubyBasicObject.java,jruby-1.5.0,1258,True,2
src_org_jruby_RubyBasicObject.java,jruby-1.5.0,1259,True,2
src_org_jruby_RubyBasicObject.java,jruby-1.5.0,1260,True,2
src_org_jruby_RubyBasicObject.java,jruby-1.5.0,1261,True,2
src_org_jruby_RubyBasicObject.java,jruby-1.5.0,1262,True,2
src_org_jruby_RubyBasicObject.java,jruby-1.5.0,1263,True,2
src_org_jruby_RubyBasicObject.java,jruby-1.5.0,1264,True,2
src_org_jruby_RubyBasicObject.java,jruby-1.5.0,1265,True,2
src_org_jruby_RubyBasicObject.java,jruby-1.5.0,1266,True,2
src_org_jruby_RubyBasicObject.java,jruby-1.5.0,1267,True,2
src_org_jruby_RubyBasicObject.java,jruby-1.5.0,1268,True,2
src_org_jruby_RubyBasicObject.java,jruby-1.5.0,1269,True,2
src_org_jruby_RubyBasicObject.java,jruby-1.5.0,1270,True,2
src_org_jruby_RubyBasicObject.java,jruby-1.5.0,1271,True,2
src_org_jruby_RubyBasicObject.java,jruby-1.5.0,1272,True,2
src_org_jruby_RubyBasicObject.java,jruby-1.5.0,1273,True,2
src_org_jruby_RubyBasicObject.java,jruby-1.5.0,1274,True,2
src_org_jruby_RubyBasicObject.java,jruby-1.5.0,1275,True,2
src_org_jruby_RubyBasicObject.java,jruby-1.5.0,1276,True,2
src_org_jruby_RubyBasicObject.java,jruby-1.5.0,1277,True,2
src_org_jruby_RubyBasicObject.java,jruby-1.5.0,1278,True,2
src_org_jruby_RubyBasicObject.java,jruby-1.5.0,1279,True,2
src_org_jruby_RubyBasicObject.java,jruby-1.5.0,1280,True,2
src_org_jruby_RubyBasicObject.java,jruby-1.5.0,1281,True,2
src_org_jruby_RubyBasicObject.java,jruby-1.5.0,1282,True,2
src_org_jruby_RubyBasicObject.java,jruby-1.5.0,1283,True,2
src_org_jruby_RubyBasicObject.java,jruby-1.5.0,1284,True,2
src_org_jruby_RubyBasicObject.java,jruby-1.5.0,1285,True,2
src_org_jruby_RubyBasicObject.java,jruby-1.5.0,1286,True,2
src_org_jruby_RubyBasicObject.java,jruby-1.5.0,1287,True,2
src_org_jruby_RubyBasicObject.java,jruby-1.5.0,1288,True,2
src_org_jruby_RubyBasicObject.java,jruby-1.5.0,1289,True,2
src_org_jruby_RubyBasicObject.java,jruby-1.5.0,1290,True,2
src_org_jruby_RubyBasicObject.java,jruby-1.5.0,1291,True,2
src_org_jruby_RubyBasicObject.java,jruby-1.5.0,1292,True,2
src_org_jruby_RubyBasicObject.java,jruby-1.5.0,1293,True,2
src_org_jruby_RubyBasicObject.java,jruby-1.5.0,1294,True,2
src_org_jruby_RubyBasicObject.java,jruby-1.5.0,1295,True,2
src_org_jruby_RubyBasicObject.java,jruby-1.5.0,1296,True,2
src_org_jruby_RubyBasicObject.java,jruby-1.5.0,1297,True,2
src_org_jruby_RubyBasicObject.java,jruby-1.5.0,1298,True,2
src_org_jruby_RubyBasicObject.java,jruby-1.5.0,1299,True,2
src_org_jruby_RubyBasicObject.java,jruby-1.5.0,1300,True,2
src_org_jruby_RubyBasicObject.java,jruby-1.5.0,1301,True,2
src_org_jruby_RubyBasicObject.java,jruby-1.5.0,1302,True,2
src_org_jruby_RubyBasicObject.java,jruby-1.5.0,1303,True,2
src_org_jruby_RubyBasicObject.java,jruby-1.5.0,1304,True,2
src_org_jruby_RubyBasicObject.java,jruby-1.5.0,1305,True,2
src_org_jruby_RubyBasicObject.java,jruby-1.5.0,1306,True,2
src_org_jruby_RubyBasicObject.java,jruby-1.5.0,1307,True,2
src_org_jruby_RubyBasicObject.java,jruby-1.5.0,1308,True,2
src_org_jruby_RubyBasicObject.java,jruby-1.5.0,1309,True,2
src_org_jruby_RubyBasicObject.java,jruby-1.5.0,1310,True,2
src_org_jruby_RubyBasicObject.java,jruby-1.5.0,1311,True,2
src_org_jruby_RubyBasicObject.java,jruby-1.5.0,1312,True,2
src_org_jruby_RubyBasicObject.java,jruby-1.5.0,1313,True,2
src_org_jruby_RubyBasicObject.java,jruby-1.5.0,1314,True,2
src_org_jruby_RubyBasicObject.java,jruby-1.5.0,1315,True,2
src_org_jruby_RubyBasicObject.java,jruby-1.5.0,1316,True,2
src_org_jruby_RubyBasicObject.java,jruby-1.5.0,1317,True,2
src_org_jruby_RubyBasicObject.java,jruby-1.5.0,1318,True,2
src_org_jruby_RubyBasicObject.java,jruby-1.5.0,1319,True,2
src_org_jruby_RubyBasicObject.java,jruby-1.5.0,1320,True,2
src_org_jruby_RubyBasicObject.java,jruby-1.5.0,1321,True,2
src_org_jruby_RubyBasicObject.java,jruby-1.5.0,1322,True,2
src_org_jruby_RubyBasicObject.java,jruby-1.5.0,1323,True,2
src_org_jruby_RubyBasicObject.java,jruby-1.5.0,1324,True,2
src_org_jruby_RubyBasicObject.java,jruby-1.5.0,1325,True,2
src_org_jruby_RubyBasicObject.java,jruby-1.5.0,1326,True,2
src_org_jruby_RubyBasicObject.java,jruby-1.5.0,1327,True,2
src_org_jruby_RubyBasicObject.java,jruby-1.5.0,1328,True,2
src_org_jruby_RubyBasicObject.java,jruby-1.5.0,1329,True,2
src_org_jruby_RubyBasicObject.java,jruby-1.5.0,1330,True,2
src_org_jruby_RubyBasicObject.java,jruby-1.5.0,1331,True,2
src_org_jruby_RubyBasicObject.java,jruby-1.5.0,1332,True,2
src_org_jruby_RubyBasicObject.java,jruby-1.5.0,1333,True,2
src_org_jruby_RubyBasicObject.java,jruby-1.5.0,1334,True,2
src_org_jruby_RubyBasicObject.java,jruby-1.5.0,1335,True,2
src_org_jruby_RubyBasicObject.java,jruby-1.5.0,1336,True,2
src_org_jruby_RubyBasicObject.java,jruby-1.5.0,1337,True,2
src_org_jruby_RubyBasicObject.java,jruby-1.5.0,1338,True,2
src_org_jruby_RubyBasicObject.java,jruby-1.5.0,1339,True,2
src_org_jruby_RubyBasicObject.java,jruby-1.5.0,1340,True,2
src_org_jruby_RubyBasicObject.java,jruby-1.5.0,1341,True,2
src_org_jruby_RubyBasicObject.java,jruby-1.5.0,1342,True,2
src_org_jruby_RubyBasicObject.java,jruby-1.5.0,1343,True,2
src_org_jruby_RubyBasicObject.java,jruby-1.5.0,1344,True,2
src_org_jruby_RubyBasicObject.java,jruby-1.5.0,1345,True,2
src_org_jruby_RubyBasicObject.java,jruby-1.5.0,1346,True,2
src_org_jruby_RubyBasicObject.java,jruby-1.5.0,1347,True,2
src_org_jruby_RubyBasicObject.java,jruby-1.5.0,1348,True,2
src_org_jruby_RubyBasicObject.java,jruby-1.5.0,1349,True,2
src_org_jruby_RubyBasicObject.java,jruby-1.5.0,1350,True,2
src_org_jruby_RubyBasicObject.java,jruby-1.5.0,1351,True,2
src_org_jruby_RubyBasicObject.java,jruby-1.5.0,1352,True,2
src_org_jruby_RubyBasicObject.java,jruby-1.5.0,1353,True,2
src_org_jruby_RubyBasicObject.java,jruby-1.5.0,1354,True,2
src_org_jruby_RubyBasicObject.java,jruby-1.5.0,1355,True,2
src_org_jruby_RubyBasicObject.java,jruby-1.5.0,1356,True,2
src_org_jruby_RubyBasicObject.java,jruby-1.5.0,1357,True,2
src_org_jruby_RubyBasicObject.java,jruby-1.5.0,1358,True,2
src_org_jruby_RubyBasicObject.java,jruby-1.5.0,1359,True,2
src_org_jruby_RubyBasicObject.java,jruby-1.5.0,1360,True,2
src_org_jruby_RubyBasicObject.java,jruby-1.5.0,1361,True,2
src_org_jruby_RubyBasicObject.java,jruby-1.5.0,1362,True,2
src_org_jruby_RubyBasicObject.java,jruby-1.5.0,1363,True,2
src_org_jruby_RubyBasicObject.java,jruby-1.5.0,1364,True,2
src_org_jruby_RubyBasicObject.java,jruby-1.5.0,1365,True,2
src_org_jruby_RubyBasicObject.java,jruby-1.5.0,1366,True,2
src_org_jruby_RubyBasicObject.java,jruby-1.5.0,1367,True,2
src_org_jruby_RubyBasicObject.java,jruby-1.5.0,1368,True,2
src_org_jruby_RubyBasicObject.java,jruby-1.5.0,1369,True,2
src_org_jruby_RubyBasicObject.java,jruby-1.5.0,1370,True,2
src_org_jruby_RubyBasicObject.java,jruby-1.5.0,1371,True,2
src_org_jruby_RubyBasicObject.java,jruby-1.5.0,1372,True,2
src_org_jruby_RubyBasicObject.java,jruby-1.5.0,1373,True,2
src_org_jruby_RubyBasicObject.java,jruby-1.5.0,1374,True,2
src_org_jruby_RubyBasicObject.java,jruby-1.5.0,1375,True,2
src_org_jruby_RubyBasicObject.java,jruby-1.5.0,1376,True,2
src_org_jruby_RubyBasicObject.java,jruby-1.5.0,1377,True,2
src_org_jruby_RubyBasicObject.java,jruby-1.5.0,1378,True,2
src_org_jruby_RubyBasicObject.java,jruby-1.5.0,1379,True,2
src_org_jruby_RubyBasicObject.java,jruby-1.5.0,1380,True,2
src_org_jruby_RubyBasicObject.java,jruby-1.5.0,1381,True,2
src_org_jruby_RubyBasicObject.java,jruby-1.5.0,1382,True,2
src_org_jruby_RubyBasicObject.java,jruby-1.5.0,1383,True,2
src_org_jruby_RubyBasicObject.java,jruby-1.5.0,1384,True,2
src_org_jruby_RubyBasicObject.java,jruby-1.5.0,1385,True,2
src_org_jruby_RubyBasicObject.java,jruby-1.5.0,1386,True,2
src_org_jruby_RubyBasicObject.java,jruby-1.5.0,1387,True,2
src_org_jruby_RubyBasicObject.java,jruby-1.5.0,1388,True,2
src_org_jruby_RubyBasicObject.java,jruby-1.5.0,1389,True,2
src_org_jruby_RubyBasicObject.java,jruby-1.5.0,1390,True,2
src_org_jruby_RubyBasicObject.java,jruby-1.5.0,1391,True,2
src_org_jruby_RubyBasicObject.java,jruby-1.5.0,1392,True,2
src_org_jruby_RubyBasicObject.java,jruby-1.5.0,1393,True,2
src_org_jruby_RubyBasicObject.java,jruby-1.5.0,1394,True,2
src_org_jruby_RubyBasicObject.java,jruby-1.5.0,1395,True,2
src_org_jruby_RubyBasicObject.java,jruby-1.5.0,1396,True,2
src_org_jruby_RubyBasicObject.java,jruby-1.5.0,1397,True,2
src_org_jruby_RubyBasicObject.java,jruby-1.5.0,1398,True,2
src_org_jruby_RubyBasicObject.java,jruby-1.5.0,1399,True,2
src_org_jruby_RubyBasicObject.java,jruby-1.5.0,1400,True,2
src_org_jruby_RubyBasicObject.java,jruby-1.5.0,1401,True,2
src_org_jruby_RubyBasicObject.java,jruby-1.5.0,1402,True,2
src_org_jruby_RubyBasicObject.java,jruby-1.5.0,1403,True,2
src_org_jruby_RubyBasicObject.java,jruby-1.5.0,1404,True,2
src_org_jruby_RubyBasicObject.java,jruby-1.5.0,1405,True,2
src_org_jruby_RubyBasicObject.java,jruby-1.5.0,1406,True,2
src_org_jruby_RubyBasicObject.java,jruby-1.5.0,1407,True,2
src_org_jruby_RubyBasicObject.java,jruby-1.5.0,1408,True,2
src_org_jruby_RubyBasicObject.java,jruby-1.5.0,1409,True,2
src_org_jruby_RubyBasicObject.java,jruby-1.5.0,1410,True,2
src_org_jruby_RubyBasicObject.java,jruby-1.5.0,1411,True,2
src_org_jruby_RubyBasicObject.java,jruby-1.5.0,1412,True,2
src_org_jruby_RubyBasicObject.java,jruby-1.5.0,1413,True,2
src_org_jruby_RubyBasicObject.java,jruby-1.5.0,1414,True,2
src_org_jruby_RubyBasicObject.java,jruby-1.5.0,1415,True,2
src_org_jruby_RubyBasicObject.java,jruby-1.5.0,1416,True,2
src_org_jruby_RubyBasicObject.java,jruby-1.5.0,1417,True,2
src_org_jruby_RubyBasicObject.java,jruby-1.5.0,1418,True,2
src_org_jruby_RubyBasicObject.java,jruby-1.5.0,1419,True,2
src_org_jruby_RubyBasicObject.java,jruby-1.5.0,1420,True,2
src_org_jruby_RubyBasicObject.java,jruby-1.5.0,1421,True,2
src_org_jruby_RubyBasicObject.java,jruby-1.5.0,1422,True,2
src_org_jruby_RubyBasicObject.java,jruby-1.5.0,1423,True,2
src_org_jruby_RubyBasicObject.java,jruby-1.5.0,1424,True,2
src_org_jruby_RubyBasicObject.java,jruby-1.5.0,1425,True,2
src_org_jruby_RubyBasicObject.java,jruby-1.5.0,1426,True,2
src_org_jruby_RubyBasicObject.java,jruby-1.5.0,1427,True,2
src_org_jruby_RubyBasicObject.java,jruby-1.5.0,1428,True,2
src_org_jruby_RubyBasicObject.java,jruby-1.5.0,1429,True,2
src_org_jruby_RubyBasicObject.java,jruby-1.5.0,1430,True,2
src_org_jruby_RubyBasicObject.java,jruby-1.5.0,1431,True,2
src_org_jruby_RubyBasicObject.java,jruby-1.5.0,1432,True,2
src_org_jruby_RubyBasicObject.java,jruby-1.5.0,1433,True,2
src_org_jruby_RubyBasicObject.java,jruby-1.5.0,1434,True,2
src_org_jruby_RubyBasicObject.java,jruby-1.5.0,1435,True,2
src_org_jruby_RubyBasicObject.java,jruby-1.5.0,1436,True,2
src_org_jruby_RubyBasicObject.java,jruby-1.5.0,1437,True,2
src_org_jruby_RubyBasicObject.java,jruby-1.5.0,1438,True,2
src_org_jruby_RubyBasicObject.java,jruby-1.5.0,1439,True,2
src_org_jruby_RubyBasicObject.java,jruby-1.5.0,1440,True,2
src_org_jruby_RubyBasicObject.java,jruby-1.5.0,1441,True,2
src_org_jruby_RubyBasicObject.java,jruby-1.5.0,1442,True,2
src_org_jruby_RubyBasicObject.java,jruby-1.5.0,1443,True,2
src_org_jruby_RubyBasicObject.java,jruby-1.5.0,1444,True,2
src_org_jruby_RubyBasicObject.java,jruby-1.5.0,1445,True,2
src_org_jruby_RubyBasicObject.java,jruby-1.5.0,1446,True,2
src_org_jruby_RubyBasicObject.java,jruby-1.5.0,1447,True,2
src_org_jruby_RubyBasicObject.java,jruby-1.5.0,1448,True,2
src_org_jruby_RubyBasicObject.java,jruby-1.5.0,1449,True,2
src_org_jruby_RubyBasicObject.java,jruby-1.5.0,1450,True,2
src_org_jruby_RubyBasicObject.java,jruby-1.5.0,1451,True,2
src_org_jruby_RubyBasicObject.java,jruby-1.5.0,1452,True,2
src_org_jruby_RubyBasicObject.java,jruby-1.5.0,1453,True,2
src_org_jruby_RubyBasicObject.java,jruby-1.5.0,1454,True,2
src_org_jruby_RubyBasicObject.java,jruby-1.5.0,1455,True,2
src_org_jruby_RubyBasicObject.java,jruby-1.5.0,1456,True,2
src_org_jruby_RubyBasicObject.java,jruby-1.5.0,1457,True,2
src_org_jruby_RubyBasicObject.java,jruby-1.5.0,1458,True,2
src_org_jruby_RubyBasicObject.java,jruby-1.5.0,1459,True,2
src_org_jruby_RubyBasicObject.java,jruby-1.5.0,1460,True,2
src_org_jruby_RubyBasicObject.java,jruby-1.5.0,1461,True,2
src_org_jruby_RubyBasicObject.java,jruby-1.5.0,1462,True,2
src_org_jruby_RubyBasicObject.java,jruby-1.5.0,1463,True,2
src_org_jruby_RubyBasicObject.java,jruby-1.5.0,1464,True,2
src_org_jruby_RubyBasicObject.java,jruby-1.5.0,1465,True,2
src_org_jruby_RubyBasicObject.java,jruby-1.5.0,1466,True,2
src_org_jruby_RubyBasicObject.java,jruby-1.5.0,1467,True,2
src_org_jruby_RubyBasicObject.java,jruby-1.5.0,1468,True,2
src_org_jruby_RubyBasicObject.java,jruby-1.5.0,1469,True,2
src_org_jruby_RubyBasicObject.java,jruby-1.5.0,1470,True,2
src_org_jruby_RubyBasicObject.java,jruby-1.5.0,1471,True,2
src_org_jruby_RubyBasicObject.java,jruby-1.5.0,1472,True,2
src_org_jruby_RubyBasicObject.java,jruby-1.5.0,1473,True,2
src_org_jruby_RubyBasicObject.java,jruby-1.5.0,1474,True,2
src_org_jruby_RubyBasicObject.java,jruby-1.5.0,1475,True,2
src_org_jruby_RubyBasicObject.java,jruby-1.5.0,1476,True,2
src_org_jruby_RubyBasicObject.java,jruby-1.5.0,1477,True,2
src_org_jruby_RubyBasicObject.java,jruby-1.5.0,1478,True,2
src_org_jruby_RubyBasicObject.java,jruby-1.5.0,1479,True,2
src_org_jruby_RubyBasicObject.java,jruby-1.5.0,1480,True,2
src_org_jruby_RubyBasicObject.java,jruby-1.5.0,1481,True,2
src_org_jruby_RubyBasicObject.java,jruby-1.5.0,1482,True,2
src_org_jruby_RubyBasicObject.java,jruby-1.5.0,1483,True,2
src_org_jruby_RubyBasicObject.java,jruby-1.5.0,1484,True,2
src_org_jruby_RubyBasicObject.java,jruby-1.5.0,1485,True,2
src_org_jruby_RubyBasicObject.java,jruby-1.5.0,1486,True,2
src_org_jruby_RubyBasicObject.java,jruby-1.5.0,1487,True,2
src_org_jruby_RubyBasicObject.java,jruby-1.5.0,1488,True,2
src_org_jruby_RubyBasicObject.java,jruby-1.5.0,1489,True,2
src_org_jruby_RubyBasicObject.java,jruby-1.5.0,1490,True,2
src_org_jruby_RubyBasicObject.java,jruby-1.5.0,1491,True,2
src_org_jruby_RubyBasicObject.java,jruby-1.5.0,1492,True,2
src_org_jruby_RubyBasicObject.java,jruby-1.5.0,1493,True,2
src_org_jruby_RubyBasicObject.java,jruby-1.5.0,1494,True,2
src_org_jruby_RubyBasicObject.java,jruby-1.5.0,1495,True,2
src_org_jruby_RubyBasicObject.java,jruby-1.5.0,1496,True,2
src_org_jruby_RubyBasicObject.java,jruby-1.5.0,1497,True,2
src_org_jruby_RubyBasicObject.java,jruby-1.5.0,1498,True,2
src_org_jruby_RubyBasicObject.java,jruby-1.5.0,1499,True,2
src_org_jruby_RubyBasicObject.java,jruby-1.5.0,1500,True,2
src_org_jruby_RubyBasicObject.java,jruby-1.5.0,1501,True,2
src_org_jruby_RubyBasicObject.java,jruby-1.5.0,1502,True,2
src_org_jruby_RubyBasicObject.java,jruby-1.5.0,1503,True,2
src_org_jruby_RubyBasicObject.java,jruby-1.5.0,1504,True,2
src_org_jruby_RubyBasicObject.java,jruby-1.5.0,1505,True,2
src_org_jruby_RubyBasicObject.java,jruby-1.5.0,1506,True,2
src_org_jruby_RubyBasicObject.java,jruby-1.5.0,1507,True,2
src_org_jruby_RubyBasicObject.java,jruby-1.5.0,1508,True,2
src_org_jruby_RubyBasicObject.java,jruby-1.5.0,1509,True,2
src_org_jruby_RubyBasicObject.java,jruby-1.5.0,1510,True,2
src_org_jruby_RubyBasicObject.java,jruby-1.5.0,60,True,2
src_org_jruby_RubyBasicObject.java,jruby-1.5.0,510,True,2
src_org_jruby_RubyBasicObject.java,jruby-1.5.0,561,True,2
src_org_jruby_RubyBasicObject.java,jruby-1.5.0,191,True,2
src_org_jruby_RubyBasicObject.java,jruby-1.5.0,181,True,2
src_org_jruby_RubyBasicObject.java,jruby-1.5.0,60,True,2
src_org_jruby_RubyBasicObject.java,jruby-1.5.0,61,True,2
src_org_jruby_RubyBasicObject.java,jruby-1.5.0,62,True,2
src_org_jruby_RubyBasicObject.java,jruby-1.5.0,63,True,2
src_org_jruby_RubyBasicObject.java,jruby-1.5.0,64,True,2
src_org_jruby_RubyBasicObject.java,jruby-1.5.0,65,True,2
src_org_jruby_RubyBasicObject.java,jruby-1.5.0,66,True,2
src_org_jruby_RubyBasicObject.java,jruby-1.5.0,67,True,2
src_org_jruby_RubyBasicObject.java,jruby-1.5.0,68,True,2
src_org_jruby_RubyBasicObject.java,jruby-1.5.0,69,True,2
src_org_jruby_RubyBasicObject.java,jruby-1.5.0,70,True,2
src_org_jruby_RubyBasicObject.java,jruby-1.5.0,71,True,2
src_org_jruby_RubyBasicObject.java,jruby-1.5.0,72,True,2
src_org_jruby_RubyBasicObject.java,jruby-1.5.0,73,True,2
src_org_jruby_RubyBasicObject.java,jruby-1.5.0,74,True,2
src_org_jruby_RubyBasicObject.java,jruby-1.5.0,75,True,2
src_org_jruby_RubyBasicObject.java,jruby-1.5.0,76,True,2
src_org_jruby_RubyBasicObject.java,jruby-1.5.0,77,True,2
src_org_jruby_RubyBasicObject.java,jruby-1.5.0,78,True,2
src_org_jruby_RubyBasicObject.java,jruby-1.5.0,79,True,2
src_org_jruby_RubyBasicObject.java,jruby-1.5.0,80,True,2
src_org_jruby_RubyBasicObject.java,jruby-1.5.0,81,True,2
src_org_jruby_RubyBasicObject.java,jruby-1.5.0,82,True,2
src_org_jruby_RubyBasicObject.java,jruby-1.5.0,83,True,2
src_org_jruby_RubyBasicObject.java,jruby-1.5.0,84,True,2
src_org_jruby_RubyBasicObject.java,jruby-1.5.0,85,True,2
src_org_jruby_RubyBasicObject.java,jruby-1.5.0,86,True,2
src_org_jruby_RubyBasicObject.java,jruby-1.5.0,87,True,2
src_org_jruby_RubyBasicObject.java,jruby-1.5.0,88,True,2
src_org_jruby_RubyBasicObject.java,jruby-1.5.0,89,True,2
src_org_jruby_RubyBasicObject.java,jruby-1.5.0,90,True,2
src_org_jruby_RubyBasicObject.java,jruby-1.5.0,91,True,2
src_org_jruby_RubyBasicObject.java,jruby-1.5.0,92,True,2
src_org_jruby_RubyBasicObject.java,jruby-1.5.0,93,True,2
src_org_jruby_RubyBasicObject.java,jruby-1.5.0,94,True,2
src_org_jruby_RubyBasicObject.java,jruby-1.5.0,95,True,2
src_org_jruby_RubyBasicObject.java,jruby-1.5.0,96,True,2
src_org_jruby_RubyBasicObject.java,jruby-1.5.0,97,True,2
src_org_jruby_RubyBasicObject.java,jruby-1.5.0,98,True,2
src_org_jruby_RubyBasicObject.java,jruby-1.5.0,99,True,2
src_org_jruby_RubyBasicObject.java,jruby-1.5.0,100,True,2
src_org_jruby_RubyBasicObject.java,jruby-1.5.0,101,True,2
src_org_jruby_RubyBasicObject.java,jruby-1.5.0,102,True,2
src_org_jruby_RubyBasicObject.java,jruby-1.5.0,103,True,2
src_org_jruby_RubyBasicObject.java,jruby-1.5.0,104,True,2
src_org_jruby_RubyBasicObject.java,jruby-1.5.0,105,True,2
src_org_jruby_RubyBasicObject.java,jruby-1.5.0,106,True,2
src_org_jruby_RubyBasicObject.java,jruby-1.5.0,107,True,2
src_org_jruby_RubyBasicObject.java,jruby-1.5.0,108,True,2
src_org_jruby_RubyBasicObject.java,jruby-1.5.0,109,True,2
src_org_jruby_RubyBasicObject.java,jruby-1.5.0,110,True,2
src_org_jruby_RubyBasicObject.java,jruby-1.5.0,111,True,2
src_org_jruby_RubyBasicObject.java,jruby-1.5.0,112,True,2
src_org_jruby_RubyBasicObject.java,jruby-1.5.0,113,True,2
src_org_jruby_RubyBasicObject.java,jruby-1.5.0,114,True,2
src_org_jruby_RubyBasicObject.java,jruby-1.5.0,115,True,2
src_org_jruby_RubyBasicObject.java,jruby-1.5.0,116,True,2
src_org_jruby_RubyBasicObject.java,jruby-1.5.0,117,True,2
src_org_jruby_RubyBasicObject.java,jruby-1.5.0,118,True,2
src_org_jruby_RubyBasicObject.java,jruby-1.5.0,119,True,2
src_org_jruby_RubyBasicObject.java,jruby-1.5.0,120,True,2
src_org_jruby_RubyBasicObject.java,jruby-1.5.0,121,True,2
src_org_jruby_RubyBasicObject.java,jruby-1.5.0,122,True,2
src_org_jruby_RubyBasicObject.java,jruby-1.5.0,123,True,2
src_org_jruby_RubyBasicObject.java,jruby-1.5.0,124,True,2
src_org_jruby_RubyBasicObject.java,jruby-1.5.0,125,True,2
src_org_jruby_RubyBasicObject.java,jruby-1.5.0,126,True,2
src_org_jruby_RubyBasicObject.java,jruby-1.5.0,127,True,2
src_org_jruby_RubyBasicObject.java,jruby-1.5.0,128,True,2
src_org_jruby_RubyBasicObject.java,jruby-1.5.0,129,True,2
src_org_jruby_RubyBasicObject.java,jruby-1.5.0,130,True,2
src_org_jruby_RubyBasicObject.java,jruby-1.5.0,131,True,2
src_org_jruby_RubyBasicObject.java,jruby-1.5.0,132,True,2
src_org_jruby_RubyBasicObject.java,jruby-1.5.0,133,True,2
src_org_jruby_RubyBasicObject.java,jruby-1.5.0,134,True,2
src_org_jruby_RubyBasicObject.java,jruby-1.5.0,135,True,2
src_org_jruby_RubyBasicObject.java,jruby-1.5.0,136,True,2
src_org_jruby_RubyBasicObject.java,jruby-1.5.0,137,True,2
src_org_jruby_RubyBasicObject.java,jruby-1.5.0,138,True,2
src_org_jruby_RubyBasicObject.java,jruby-1.5.0,139,True,2
src_org_jruby_RubyBasicObject.java,jruby-1.5.0,140,True,2
src_org_jruby_RubyBasicObject.java,jruby-1.5.0,141,True,2
src_org_jruby_RubyBasicObject.java,jruby-1.5.0,142,True,2
src_org_jruby_RubyBasicObject.java,jruby-1.5.0,143,True,2
src_org_jruby_RubyBasicObject.java,jruby-1.5.0,144,True,2
src_org_jruby_RubyBasicObject.java,jruby-1.5.0,145,True,2
src_org_jruby_RubyBasicObject.java,jruby-1.5.0,146,True,2
src_org_jruby_RubyBasicObject.java,jruby-1.5.0,147,True,2
src_org_jruby_RubyBasicObject.java,jruby-1.5.0,148,True,2
src_org_jruby_RubyBasicObject.java,jruby-1.5.0,149,True,2
src_org_jruby_RubyBasicObject.java,jruby-1.5.0,150,True,2
src_org_jruby_RubyBasicObject.java,jruby-1.5.0,151,True,2
src_org_jruby_RubyBasicObject.java,jruby-1.5.0,152,True,2
src_org_jruby_RubyBasicObject.java,jruby-1.5.0,153,True,2
src_org_jruby_RubyBasicObject.java,jruby-1.5.0,154,True,2
src_org_jruby_RubyBasicObject.java,jruby-1.5.0,155,True,2
src_org_jruby_RubyBasicObject.java,jruby-1.5.0,156,True,2
src_org_jruby_RubyBasicObject.java,jruby-1.5.0,157,True,2
src_org_jruby_RubyBasicObject.java,jruby-1.5.0,158,True,2
src_org_jruby_RubyBasicObject.java,jruby-1.5.0,159,True,2
src_org_jruby_RubyBasicObject.java,jruby-1.5.0,160,True,2
src_org_jruby_RubyBasicObject.java,jruby-1.5.0,161,True,2
src_org_jruby_RubyBasicObject.java,jruby-1.5.0,162,True,2
src_org_jruby_RubyBasicObject.java,jruby-1.5.0,163,True,2
src_org_jruby_RubyBasicObject.java,jruby-1.5.0,164,True,2
src_org_jruby_RubyBasicObject.java,jruby-1.5.0,165,True,2
src_org_jruby_RubyBasicObject.java,jruby-1.5.0,166,True,2
src_org_jruby_RubyBasicObject.java,jruby-1.5.0,167,True,2
src_org_jruby_RubyBasicObject.java,jruby-1.5.0,168,True,2
src_org_jruby_RubyBasicObject.java,jruby-1.5.0,169,True,2
src_org_jruby_RubyBasicObject.java,jruby-1.5.0,170,True,2
src_org_jruby_RubyBasicObject.java,jruby-1.5.0,171,True,2
src_org_jruby_RubyBasicObject.java,jruby-1.5.0,172,True,2
src_org_jruby_RubyBasicObject.java,jruby-1.5.0,173,True,2
src_org_jruby_RubyBasicObject.java,jruby-1.5.0,174,True,2
src_org_jruby_RubyBasicObject.java,jruby-1.5.0,175,True,2
src_org_jruby_RubyBasicObject.java,jruby-1.5.0,176,True,2
src_org_jruby_RubyBasicObject.java,jruby-1.5.0,177,True,2
src_org_jruby_RubyBasicObject.java,jruby-1.5.0,178,True,2
src_org_jruby_RubyBasicObject.java,jruby-1.5.0,179,True,2
src_org_jruby_RubyBasicObject.java,jruby-1.5.0,180,True,2
src_org_jruby_RubyBasicObject.java,jruby-1.5.0,181,True,2
src_org_jruby_RubyBasicObject.java,jruby-1.5.0,182,True,2
src_org_jruby_RubyBasicObject.java,jruby-1.5.0,183,True,2
src_org_jruby_RubyBasicObject.java,jruby-1.5.0,184,True,2
src_org_jruby_RubyBasicObject.java,jruby-1.5.0,185,True,2
src_org_jruby_RubyBasicObject.java,jruby-1.5.0,186,True,2
src_org_jruby_RubyBasicObject.java,jruby-1.5.0,187,True,2
src_org_jruby_RubyBasicObject.java,jruby-1.5.0,188,True,2
src_org_jruby_RubyBasicObject.java,jruby-1.5.0,189,True,2
src_org_jruby_RubyBasicObject.java,jruby-1.5.0,190,True,2
src_org_jruby_RubyBasicObject.java,jruby-1.5.0,191,True,2
src_org_jruby_RubyBasicObject.java,jruby-1.5.0,192,True,2
src_org_jruby_RubyBasicObject.java,jruby-1.5.0,193,True,2
src_org_jruby_RubyBasicObject.java,jruby-1.5.0,194,True,2
src_org_jruby_RubyBasicObject.java,jruby-1.5.0,195,True,2
src_org_jruby_RubyBasicObject.java,jruby-1.5.0,196,True,2
src_org_jruby_RubyBasicObject.java,jruby-1.5.0,197,True,2
src_org_jruby_RubyBasicObject.java,jruby-1.5.0,198,True,2
src_org_jruby_RubyBasicObject.java,jruby-1.5.0,199,True,2
src_org_jruby_RubyBasicObject.java,jruby-1.5.0,200,True,2
src_org_jruby_RubyBasicObject.java,jruby-1.5.0,201,True,2
src_org_jruby_RubyBasicObject.java,jruby-1.5.0,202,True,2
src_org_jruby_RubyBasicObject.java,jruby-1.5.0,203,True,2
src_org_jruby_RubyBasicObject.java,jruby-1.5.0,204,True,2
src_org_jruby_RubyBasicObject.java,jruby-1.5.0,205,True,2
src_org_jruby_RubyBasicObject.java,jruby-1.5.0,206,True,2
src_org_jruby_RubyBasicObject.java,jruby-1.5.0,207,True,2
src_org_jruby_RubyBasicObject.java,jruby-1.5.0,208,True,2
src_org_jruby_RubyBasicObject.java,jruby-1.5.0,209,True,2
src_org_jruby_RubyBasicObject.java,jruby-1.5.0,210,True,2
src_org_jruby_RubyBasicObject.java,jruby-1.5.0,211,True,2
src_org_jruby_RubyBasicObject.java,jruby-1.5.0,212,True,2
src_org_jruby_RubyBasicObject.java,jruby-1.5.0,213,True,2
src_org_jruby_RubyBasicObject.java,jruby-1.5.0,214,True,2
src_org_jruby_RubyBasicObject.java,jruby-1.5.0,215,True,2
src_org_jruby_RubyBasicObject.java,jruby-1.5.0,216,True,2
src_org_jruby_RubyBasicObject.java,jruby-1.5.0,217,True,2
src_org_jruby_RubyBasicObject.java,jruby-1.5.0,218,True,2
src_org_jruby_RubyBasicObject.java,jruby-1.5.0,219,True,2
src_org_jruby_RubyBasicObject.java,jruby-1.5.0,220,True,2
src_org_jruby_RubyBasicObject.java,jruby-1.5.0,221,True,2
src_org_jruby_RubyBasicObject.java,jruby-1.5.0,222,True,2
src_org_jruby_RubyBasicObject.java,jruby-1.5.0,223,True,2
src_org_jruby_RubyBasicObject.java,jruby-1.5.0,224,True,2
src_org_jruby_RubyBasicObject.java,jruby-1.5.0,225,True,2
src_org_jruby_RubyBasicObject.java,jruby-1.5.0,226,True,2
src_org_jruby_RubyBasicObject.java,jruby-1.5.0,227,True,2
src_org_jruby_RubyBasicObject.java,jruby-1.5.0,228,True,2
src_org_jruby_RubyBasicObject.java,jruby-1.5.0,229,True,2
src_org_jruby_RubyBasicObject.java,jruby-1.5.0,230,True,2
src_org_jruby_RubyBasicObject.java,jruby-1.5.0,231,True,2
src_org_jruby_RubyBasicObject.java,jruby-1.5.0,232,True,2
src_org_jruby_RubyBasicObject.java,jruby-1.5.0,233,True,2
src_org_jruby_RubyBasicObject.java,jruby-1.5.0,234,True,2
src_org_jruby_RubyBasicObject.java,jruby-1.5.0,235,True,2
src_org_jruby_RubyBasicObject.java,jruby-1.5.0,236,True,2
src_org_jruby_RubyBasicObject.java,jruby-1.5.0,237,True,2
src_org_jruby_RubyBasicObject.java,jruby-1.5.0,238,True,2
src_org_jruby_RubyBasicObject.java,jruby-1.5.0,239,True,2
src_org_jruby_RubyBasicObject.java,jruby-1.5.0,240,True,2
src_org_jruby_RubyBasicObject.java,jruby-1.5.0,241,True,2
src_org_jruby_RubyBasicObject.java,jruby-1.5.0,242,True,2
src_org_jruby_RubyBasicObject.java,jruby-1.5.0,243,True,2
src_org_jruby_RubyBasicObject.java,jruby-1.5.0,244,True,2
src_org_jruby_RubyBasicObject.java,jruby-1.5.0,245,True,2
src_org_jruby_RubyBasicObject.java,jruby-1.5.0,246,True,2
src_org_jruby_RubyBasicObject.java,jruby-1.5.0,247,True,2
src_org_jruby_RubyBasicObject.java,jruby-1.5.0,248,True,2
src_org_jruby_RubyBasicObject.java,jruby-1.5.0,249,True,2
src_org_jruby_RubyBasicObject.java,jruby-1.5.0,250,True,2
src_org_jruby_RubyBasicObject.java,jruby-1.5.0,251,True,2
src_org_jruby_RubyBasicObject.java,jruby-1.5.0,252,True,2
src_org_jruby_RubyBasicObject.java,jruby-1.5.0,253,True,2
src_org_jruby_RubyBasicObject.java,jruby-1.5.0,254,True,2
src_org_jruby_RubyBasicObject.java,jruby-1.5.0,255,True,2
src_org_jruby_RubyBasicObject.java,jruby-1.5.0,256,True,2
src_org_jruby_RubyBasicObject.java,jruby-1.5.0,257,True,2
src_org_jruby_RubyBasicObject.java,jruby-1.5.0,258,True,2
src_org_jruby_RubyBasicObject.java,jruby-1.5.0,259,True,2
src_org_jruby_RubyBasicObject.java,jruby-1.5.0,260,True,2
src_org_jruby_RubyBasicObject.java,jruby-1.5.0,261,True,2
src_org_jruby_RubyBasicObject.java,jruby-1.5.0,262,True,2
src_org_jruby_RubyBasicObject.java,jruby-1.5.0,263,True,2
src_org_jruby_RubyBasicObject.java,jruby-1.5.0,264,True,2
src_org_jruby_RubyBasicObject.java,jruby-1.5.0,265,True,2
src_org_jruby_RubyBasicObject.java,jruby-1.5.0,266,True,2
src_org_jruby_RubyBasicObject.java,jruby-1.5.0,267,True,2
src_org_jruby_RubyBasicObject.java,jruby-1.5.0,268,True,2
src_org_jruby_RubyBasicObject.java,jruby-1.5.0,269,True,2
src_org_jruby_RubyBasicObject.java,jruby-1.5.0,270,True,2
src_org_jruby_RubyBasicObject.java,jruby-1.5.0,271,True,2
src_org_jruby_RubyBasicObject.java,jruby-1.5.0,272,True,2
src_org_jruby_RubyBasicObject.java,jruby-1.5.0,273,True,2
src_org_jruby_RubyBasicObject.java,jruby-1.5.0,274,True,2
src_org_jruby_RubyBasicObject.java,jruby-1.5.0,275,True,2
src_org_jruby_RubyBasicObject.java,jruby-1.5.0,276,True,2
src_org_jruby_RubyBasicObject.java,jruby-1.5.0,277,True,2
src_org_jruby_RubyBasicObject.java,jruby-1.5.0,278,True,2
src_org_jruby_RubyBasicObject.java,jruby-1.5.0,279,True,2
src_org_jruby_RubyBasicObject.java,jruby-1.5.0,280,True,2
src_org_jruby_RubyBasicObject.java,jruby-1.5.0,281,True,2
src_org_jruby_RubyBasicObject.java,jruby-1.5.0,282,True,2
src_org_jruby_RubyBasicObject.java,jruby-1.5.0,283,True,2
src_org_jruby_RubyBasicObject.java,jruby-1.5.0,284,True,2
src_org_jruby_RubyBasicObject.java,jruby-1.5.0,285,True,2
src_org_jruby_RubyBasicObject.java,jruby-1.5.0,286,True,2
src_org_jruby_RubyBasicObject.java,jruby-1.5.0,287,True,2
src_org_jruby_RubyBasicObject.java,jruby-1.5.0,288,True,2
src_org_jruby_RubyBasicObject.java,jruby-1.5.0,289,True,2
src_org_jruby_RubyBasicObject.java,jruby-1.5.0,290,True,2
src_org_jruby_RubyBasicObject.java,jruby-1.5.0,291,True,2
src_org_jruby_RubyBasicObject.java,jruby-1.5.0,292,True,2
src_org_jruby_RubyBasicObject.java,jruby-1.5.0,293,True,2
src_org_jruby_RubyBasicObject.java,jruby-1.5.0,294,True,2
src_org_jruby_RubyBasicObject.java,jruby-1.5.0,295,True,2
src_org_jruby_RubyBasicObject.java,jruby-1.5.0,296,True,2
src_org_jruby_RubyBasicObject.java,jruby-1.5.0,297,True,2
src_org_jruby_RubyBasicObject.java,jruby-1.5.0,298,True,2
src_org_jruby_RubyBasicObject.java,jruby-1.5.0,299,True,2
src_org_jruby_RubyBasicObject.java,jruby-1.5.0,300,True,2
src_org_jruby_RubyBasicObject.java,jruby-1.5.0,301,True,2
src_org_jruby_RubyBasicObject.java,jruby-1.5.0,302,True,2
src_org_jruby_RubyBasicObject.java,jruby-1.5.0,303,True,2
src_org_jruby_RubyBasicObject.java,jruby-1.5.0,304,True,2
src_org_jruby_RubyBasicObject.java,jruby-1.5.0,305,True,2
src_org_jruby_RubyBasicObject.java,jruby-1.5.0,306,True,2
src_org_jruby_RubyBasicObject.java,jruby-1.5.0,307,True,2
src_org_jruby_RubyBasicObject.java,jruby-1.5.0,308,True,2
src_org_jruby_RubyBasicObject.java,jruby-1.5.0,309,True,2
src_org_jruby_RubyBasicObject.java,jruby-1.5.0,310,True,2
src_org_jruby_RubyBasicObject.java,jruby-1.5.0,311,True,2
src_org_jruby_RubyBasicObject.java,jruby-1.5.0,312,True,2
src_org_jruby_RubyBasicObject.java,jruby-1.5.0,313,True,2
src_org_jruby_RubyBasicObject.java,jruby-1.5.0,314,True,2
src_org_jruby_RubyBasicObject.java,jruby-1.5.0,315,True,2
src_org_jruby_RubyBasicObject.java,jruby-1.5.0,316,True,2
src_org_jruby_RubyBasicObject.java,jruby-1.5.0,317,True,2
src_org_jruby_RubyBasicObject.java,jruby-1.5.0,318,True,2
src_org_jruby_RubyBasicObject.java,jruby-1.5.0,319,True,2
src_org_jruby_RubyBasicObject.java,jruby-1.5.0,320,True,2
src_org_jruby_RubyBasicObject.java,jruby-1.5.0,321,True,2
src_org_jruby_RubyBasicObject.java,jruby-1.5.0,322,True,2
src_org_jruby_RubyBasicObject.java,jruby-1.5.0,323,True,2
src_org_jruby_RubyBasicObject.java,jruby-1.5.0,324,True,2
src_org_jruby_RubyBasicObject.java,jruby-1.5.0,325,True,2
src_org_jruby_RubyBasicObject.java,jruby-1.5.0,326,True,2
src_org_jruby_RubyBasicObject.java,jruby-1.5.0,327,True,2
src_org_jruby_RubyBasicObject.java,jruby-1.5.0,328,True,2
src_org_jruby_RubyBasicObject.java,jruby-1.5.0,329,True,2
src_org_jruby_RubyBasicObject.java,jruby-1.5.0,330,True,2
src_org_jruby_RubyBasicObject.java,jruby-1.5.0,331,True,2
src_org_jruby_RubyBasicObject.java,jruby-1.5.0,332,True,2
src_org_jruby_RubyBasicObject.java,jruby-1.5.0,333,True,2
src_org_jruby_RubyBasicObject.java,jruby-1.5.0,334,True,2
src_org_jruby_RubyBasicObject.java,jruby-1.5.0,335,True,2
src_org_jruby_RubyBasicObject.java,jruby-1.5.0,336,True,2
src_org_jruby_RubyBasicObject.java,jruby-1.5.0,337,True,2
src_org_jruby_RubyBasicObject.java,jruby-1.5.0,338,True,2
src_org_jruby_RubyBasicObject.java,jruby-1.5.0,339,True,2
src_org_jruby_RubyBasicObject.java,jruby-1.5.0,340,True,2
src_org_jruby_RubyBasicObject.java,jruby-1.5.0,341,True,2
src_org_jruby_RubyBasicObject.java,jruby-1.5.0,342,True,2
src_org_jruby_RubyBasicObject.java,jruby-1.5.0,343,True,2
src_org_jruby_RubyBasicObject.java,jruby-1.5.0,344,True,2
src_org_jruby_RubyBasicObject.java,jruby-1.5.0,345,True,2
src_org_jruby_RubyBasicObject.java,jruby-1.5.0,346,True,2
src_org_jruby_RubyBasicObject.java,jruby-1.5.0,347,True,2
src_org_jruby_RubyBasicObject.java,jruby-1.5.0,348,True,2
src_org_jruby_RubyBasicObject.java,jruby-1.5.0,349,True,2
src_org_jruby_RubyBasicObject.java,jruby-1.5.0,350,True,2
src_org_jruby_RubyBasicObject.java,jruby-1.5.0,351,True,2
src_org_jruby_RubyBasicObject.java,jruby-1.5.0,352,True,2
src_org_jruby_RubyBasicObject.java,jruby-1.5.0,353,True,2
src_org_jruby_RubyBasicObject.java,jruby-1.5.0,354,True,2
src_org_jruby_RubyBasicObject.java,jruby-1.5.0,355,True,2
src_org_jruby_RubyBasicObject.java,jruby-1.5.0,356,True,2
src_org_jruby_RubyBasicObject.java,jruby-1.5.0,357,True,2
src_org_jruby_RubyBasicObject.java,jruby-1.5.0,358,True,2
src_org_jruby_RubyBasicObject.java,jruby-1.5.0,359,True,2
src_org_jruby_RubyBasicObject.java,jruby-1.5.0,360,True,2
src_org_jruby_RubyBasicObject.java,jruby-1.5.0,361,True,2
src_org_jruby_RubyBasicObject.java,jruby-1.5.0,362,True,2
src_org_jruby_RubyBasicObject.java,jruby-1.5.0,363,True,2
src_org_jruby_RubyBasicObject.java,jruby-1.5.0,364,True,2
src_org_jruby_RubyBasicObject.java,jruby-1.5.0,365,True,2
src_org_jruby_RubyBasicObject.java,jruby-1.5.0,366,True,2
src_org_jruby_RubyBasicObject.java,jruby-1.5.0,367,True,2
src_org_jruby_RubyBasicObject.java,jruby-1.5.0,368,True,2
src_org_jruby_RubyBasicObject.java,jruby-1.5.0,369,True,2
src_org_jruby_RubyBasicObject.java,jruby-1.5.0,370,True,2
src_org_jruby_RubyBasicObject.java,jruby-1.5.0,371,True,2
src_org_jruby_RubyBasicObject.java,jruby-1.5.0,372,True,2
src_org_jruby_RubyBasicObject.java,jruby-1.5.0,373,True,2
src_org_jruby_RubyBasicObject.java,jruby-1.5.0,374,True,2
src_org_jruby_RubyBasicObject.java,jruby-1.5.0,375,True,2
src_org_jruby_RubyBasicObject.java,jruby-1.5.0,376,True,2
src_org_jruby_RubyBasicObject.java,jruby-1.5.0,377,True,2
src_org_jruby_RubyBasicObject.java,jruby-1.5.0,378,True,2
src_org_jruby_RubyBasicObject.java,jruby-1.5.0,379,True,2
src_org_jruby_RubyBasicObject.java,jruby-1.5.0,380,True,2
src_org_jruby_RubyBasicObject.java,jruby-1.5.0,381,True,2
src_org_jruby_RubyBasicObject.java,jruby-1.5.0,382,True,2
src_org_jruby_RubyBasicObject.java,jruby-1.5.0,383,True,2
src_org_jruby_RubyBasicObject.java,jruby-1.5.0,384,True,2
src_org_jruby_RubyBasicObject.java,jruby-1.5.0,385,True,2
src_org_jruby_RubyBasicObject.java,jruby-1.5.0,386,True,2
src_org_jruby_RubyBasicObject.java,jruby-1.5.0,387,True,2
src_org_jruby_RubyBasicObject.java,jruby-1.5.0,388,True,2
src_org_jruby_RubyBasicObject.java,jruby-1.5.0,389,True,2
src_org_jruby_RubyBasicObject.java,jruby-1.5.0,390,True,2
src_org_jruby_RubyBasicObject.java,jruby-1.5.0,391,True,2
src_org_jruby_RubyBasicObject.java,jruby-1.5.0,392,True,2
src_org_jruby_RubyBasicObject.java,jruby-1.5.0,393,True,2
src_org_jruby_RubyBasicObject.java,jruby-1.5.0,394,True,2
src_org_jruby_RubyBasicObject.java,jruby-1.5.0,395,True,2
src_org_jruby_RubyBasicObject.java,jruby-1.5.0,396,True,2
src_org_jruby_RubyBasicObject.java,jruby-1.5.0,397,True,2
src_org_jruby_RubyBasicObject.java,jruby-1.5.0,398,True,2
src_org_jruby_RubyBasicObject.java,jruby-1.5.0,399,True,2
src_org_jruby_RubyBasicObject.java,jruby-1.5.0,400,True,2
src_org_jruby_RubyBasicObject.java,jruby-1.5.0,401,True,2
src_org_jruby_RubyBasicObject.java,jruby-1.5.0,402,True,2
src_org_jruby_RubyBasicObject.java,jruby-1.5.0,403,True,2
src_org_jruby_RubyBasicObject.java,jruby-1.5.0,404,True,2
src_org_jruby_RubyBasicObject.java,jruby-1.5.0,405,True,2
src_org_jruby_RubyBasicObject.java,jruby-1.5.0,406,True,2
src_org_jruby_RubyBasicObject.java,jruby-1.5.0,407,True,2
src_org_jruby_RubyBasicObject.java,jruby-1.5.0,408,True,2
src_org_jruby_RubyBasicObject.java,jruby-1.5.0,409,True,2
src_org_jruby_RubyBasicObject.java,jruby-1.5.0,410,True,2
src_org_jruby_RubyBasicObject.java,jruby-1.5.0,411,True,2
src_org_jruby_RubyBasicObject.java,jruby-1.5.0,412,True,2
src_org_jruby_RubyBasicObject.java,jruby-1.5.0,413,True,2
src_org_jruby_RubyBasicObject.java,jruby-1.5.0,414,True,2
src_org_jruby_RubyBasicObject.java,jruby-1.5.0,415,True,2
src_org_jruby_RubyBasicObject.java,jruby-1.5.0,416,True,2
src_org_jruby_RubyBasicObject.java,jruby-1.5.0,417,True,2
src_org_jruby_RubyBasicObject.java,jruby-1.5.0,418,True,2
src_org_jruby_RubyBasicObject.java,jruby-1.5.0,419,True,2
src_org_jruby_RubyBasicObject.java,jruby-1.5.0,420,True,2
src_org_jruby_RubyBasicObject.java,jruby-1.5.0,421,True,2
src_org_jruby_RubyBasicObject.java,jruby-1.5.0,422,True,2
src_org_jruby_RubyBasicObject.java,jruby-1.5.0,423,True,2
src_org_jruby_RubyBasicObject.java,jruby-1.5.0,424,True,2
src_org_jruby_RubyBasicObject.java,jruby-1.5.0,425,True,2
src_org_jruby_RubyBasicObject.java,jruby-1.5.0,426,True,2
src_org_jruby_RubyBasicObject.java,jruby-1.5.0,427,True,2
src_org_jruby_RubyBasicObject.java,jruby-1.5.0,428,True,2
src_org_jruby_RubyBasicObject.java,jruby-1.5.0,429,True,2
src_org_jruby_RubyBasicObject.java,jruby-1.5.0,430,True,2
src_org_jruby_RubyBasicObject.java,jruby-1.5.0,431,True,2
src_org_jruby_RubyBasicObject.java,jruby-1.5.0,432,True,2
src_org_jruby_RubyBasicObject.java,jruby-1.5.0,433,True,2
src_org_jruby_RubyBasicObject.java,jruby-1.5.0,434,True,2
src_org_jruby_RubyBasicObject.java,jruby-1.5.0,435,True,2
src_org_jruby_RubyBasicObject.java,jruby-1.5.0,436,True,2
src_org_jruby_RubyBasicObject.java,jruby-1.5.0,437,True,2
src_org_jruby_RubyBasicObject.java,jruby-1.5.0,438,True,2
src_org_jruby_RubyBasicObject.java,jruby-1.5.0,439,True,2
src_org_jruby_RubyBasicObject.java,jruby-1.5.0,440,True,2
src_org_jruby_RubyBasicObject.java,jruby-1.5.0,441,True,2
src_org_jruby_RubyBasicObject.java,jruby-1.5.0,442,True,2
src_org_jruby_RubyBasicObject.java,jruby-1.5.0,443,True,2
src_org_jruby_RubyBasicObject.java,jruby-1.5.0,444,True,2
src_org_jruby_RubyBasicObject.java,jruby-1.5.0,445,True,2
src_org_jruby_RubyBasicObject.java,jruby-1.5.0,446,True,2
src_org_jruby_RubyBasicObject.java,jruby-1.5.0,447,True,2
src_org_jruby_RubyBasicObject.java,jruby-1.5.0,448,True,2
src_org_jruby_RubyBasicObject.java,jruby-1.5.0,449,True,2
src_org_jruby_RubyBasicObject.java,jruby-1.5.0,450,True,2
src_org_jruby_RubyBasicObject.java,jruby-1.5.0,451,True,2
src_org_jruby_RubyBasicObject.java,jruby-1.5.0,452,True,2
src_org_jruby_RubyBasicObject.java,jruby-1.5.0,453,True,2
src_org_jruby_RubyBasicObject.java,jruby-1.5.0,454,True,2
src_org_jruby_RubyBasicObject.java,jruby-1.5.0,455,True,2
src_org_jruby_RubyBasicObject.java,jruby-1.5.0,456,True,2
src_org_jruby_RubyBasicObject.java,jruby-1.5.0,457,True,2
src_org_jruby_RubyBasicObject.java,jruby-1.5.0,458,True,2
src_org_jruby_RubyBasicObject.java,jruby-1.5.0,459,True,2
src_org_jruby_RubyBasicObject.java,jruby-1.5.0,460,True,2
src_org_jruby_RubyBasicObject.java,jruby-1.5.0,461,True,2
src_org_jruby_RubyBasicObject.java,jruby-1.5.0,462,True,2
src_org_jruby_RubyBasicObject.java,jruby-1.5.0,463,True,2
src_org_jruby_RubyBasicObject.java,jruby-1.5.0,464,True,2
src_org_jruby_RubyBasicObject.java,jruby-1.5.0,465,True,2
src_org_jruby_RubyBasicObject.java,jruby-1.5.0,466,True,2
src_org_jruby_RubyBasicObject.java,jruby-1.5.0,467,True,2
src_org_jruby_RubyBasicObject.java,jruby-1.5.0,468,True,2
src_org_jruby_RubyBasicObject.java,jruby-1.5.0,469,True,2
src_org_jruby_RubyBasicObject.java,jruby-1.5.0,470,True,2
src_org_jruby_RubyBasicObject.java,jruby-1.5.0,471,True,2
src_org_jruby_RubyBasicObject.java,jruby-1.5.0,472,True,2
src_org_jruby_RubyBasicObject.java,jruby-1.5.0,473,True,2
src_org_jruby_RubyBasicObject.java,jruby-1.5.0,474,True,2
src_org_jruby_RubyBasicObject.java,jruby-1.5.0,475,True,2
src_org_jruby_RubyBasicObject.java,jruby-1.5.0,476,True,2
src_org_jruby_RubyBasicObject.java,jruby-1.5.0,477,True,2
src_org_jruby_RubyBasicObject.java,jruby-1.5.0,478,True,2
src_org_jruby_RubyBasicObject.java,jruby-1.5.0,479,True,2
src_org_jruby_RubyBasicObject.java,jruby-1.5.0,480,True,2
src_org_jruby_RubyBasicObject.java,jruby-1.5.0,481,True,2
src_org_jruby_RubyBasicObject.java,jruby-1.5.0,482,True,2
src_org_jruby_RubyBasicObject.java,jruby-1.5.0,483,True,2
src_org_jruby_RubyBasicObject.java,jruby-1.5.0,484,True,2
src_org_jruby_RubyBasicObject.java,jruby-1.5.0,485,True,2
src_org_jruby_RubyBasicObject.java,jruby-1.5.0,486,True,2
src_org_jruby_RubyBasicObject.java,jruby-1.5.0,487,True,2
src_org_jruby_RubyBasicObject.java,jruby-1.5.0,488,True,2
src_org_jruby_RubyBasicObject.java,jruby-1.5.0,489,True,2
src_org_jruby_RubyBasicObject.java,jruby-1.5.0,490,True,2
src_org_jruby_RubyBasicObject.java,jruby-1.5.0,491,True,2
src_org_jruby_RubyBasicObject.java,jruby-1.5.0,492,True,2
src_org_jruby_RubyBasicObject.java,jruby-1.5.0,493,True,2
src_org_jruby_RubyBasicObject.java,jruby-1.5.0,494,True,2
src_org_jruby_RubyBasicObject.java,jruby-1.5.0,495,True,2
src_org_jruby_RubyBasicObject.java,jruby-1.5.0,496,True,2
src_org_jruby_RubyBasicObject.java,jruby-1.5.0,497,True,2
src_org_jruby_RubyBasicObject.java,jruby-1.5.0,498,True,2
src_org_jruby_RubyBasicObject.java,jruby-1.5.0,499,True,2
src_org_jruby_RubyBasicObject.java,jruby-1.5.0,500,True,2
src_org_jruby_RubyBasicObject.java,jruby-1.5.0,501,True,2
src_org_jruby_RubyBasicObject.java,jruby-1.5.0,502,True,2
src_org_jruby_RubyBasicObject.java,jruby-1.5.0,503,True,2
src_org_jruby_RubyBasicObject.java,jruby-1.5.0,504,True,2
src_org_jruby_RubyBasicObject.java,jruby-1.5.0,505,True,2
src_org_jruby_RubyBasicObject.java,jruby-1.5.0,506,True,2
src_org_jruby_RubyBasicObject.java,jruby-1.5.0,507,True,2
src_org_jruby_RubyBasicObject.java,jruby-1.5.0,508,True,2
src_org_jruby_RubyBasicObject.java,jruby-1.5.0,509,True,2
src_org_jruby_RubyBasicObject.java,jruby-1.5.0,510,True,2
src_org_jruby_RubyBasicObject.java,jruby-1.5.0,511,True,2
src_org_jruby_RubyBasicObject.java,jruby-1.5.0,512,True,2
src_org_jruby_RubyBasicObject.java,jruby-1.5.0,513,True,2
src_org_jruby_RubyBasicObject.java,jruby-1.5.0,514,True,2
src_org_jruby_RubyBasicObject.java,jruby-1.5.0,515,True,2
src_org_jruby_RubyBasicObject.java,jruby-1.5.0,516,True,2
src_org_jruby_RubyBasicObject.java,jruby-1.5.0,517,True,2
src_org_jruby_RubyBasicObject.java,jruby-1.5.0,518,True,2
src_org_jruby_RubyBasicObject.java,jruby-1.5.0,519,True,2
src_org_jruby_RubyBasicObject.java,jruby-1.5.0,520,True,2
src_org_jruby_RubyBasicObject.java,jruby-1.5.0,521,True,2
src_org_jruby_RubyBasicObject.java,jruby-1.5.0,522,True,2
src_org_jruby_RubyBasicObject.java,jruby-1.5.0,523,True,2
src_org_jruby_RubyBasicObject.java,jruby-1.5.0,524,True,2
src_org_jruby_RubyBasicObject.java,jruby-1.5.0,525,True,2
src_org_jruby_RubyBasicObject.java,jruby-1.5.0,526,True,2
src_org_jruby_RubyBasicObject.java,jruby-1.5.0,527,True,2
src_org_jruby_RubyBasicObject.java,jruby-1.5.0,528,True,2
src_org_jruby_RubyBasicObject.java,jruby-1.5.0,529,True,2
src_org_jruby_RubyBasicObject.java,jruby-1.5.0,530,True,2
src_org_jruby_RubyBasicObject.java,jruby-1.5.0,531,True,2
src_org_jruby_RubyBasicObject.java,jruby-1.5.0,532,True,2
src_org_jruby_RubyBasicObject.java,jruby-1.5.0,533,True,2
src_org_jruby_RubyBasicObject.java,jruby-1.5.0,534,True,2
src_org_jruby_RubyBasicObject.java,jruby-1.5.0,535,True,2
src_org_jruby_RubyBasicObject.java,jruby-1.5.0,536,True,2
src_org_jruby_RubyBasicObject.java,jruby-1.5.0,537,True,2
src_org_jruby_RubyBasicObject.java,jruby-1.5.0,538,True,2
src_org_jruby_RubyBasicObject.java,jruby-1.5.0,539,True,2
src_org_jruby_RubyBasicObject.java,jruby-1.5.0,540,True,2
src_org_jruby_RubyBasicObject.java,jruby-1.5.0,541,True,2
src_org_jruby_RubyBasicObject.java,jruby-1.5.0,542,True,2
src_org_jruby_RubyBasicObject.java,jruby-1.5.0,543,True,2
src_org_jruby_RubyBasicObject.java,jruby-1.5.0,544,True,2
src_org_jruby_RubyBasicObject.java,jruby-1.5.0,545,True,2
src_org_jruby_RubyBasicObject.java,jruby-1.5.0,546,True,2
src_org_jruby_RubyBasicObject.java,jruby-1.5.0,547,True,2
src_org_jruby_RubyBasicObject.java,jruby-1.5.0,548,True,2
src_org_jruby_RubyBasicObject.java,jruby-1.5.0,549,True,2
src_org_jruby_RubyBasicObject.java,jruby-1.5.0,550,True,2
src_org_jruby_RubyBasicObject.java,jruby-1.5.0,551,True,2
src_org_jruby_RubyBasicObject.java,jruby-1.5.0,552,True,2
src_org_jruby_RubyBasicObject.java,jruby-1.5.0,553,True,2
src_org_jruby_RubyBasicObject.java,jruby-1.5.0,554,True,2
src_org_jruby_RubyBasicObject.java,jruby-1.5.0,555,True,2
src_org_jruby_RubyBasicObject.java,jruby-1.5.0,556,True,2
src_org_jruby_RubyBasicObject.java,jruby-1.5.0,557,True,2
src_org_jruby_RubyBasicObject.java,jruby-1.5.0,558,True,2
src_org_jruby_RubyBasicObject.java,jruby-1.5.0,559,True,2
src_org_jruby_RubyBasicObject.java,jruby-1.5.0,560,True,2
src_org_jruby_RubyBasicObject.java,jruby-1.5.0,561,True,2
src_org_jruby_RubyBasicObject.java,jruby-1.5.0,562,True,2
src_org_jruby_RubyBasicObject.java,jruby-1.5.0,563,True,2
src_org_jruby_RubyBasicObject.java,jruby-1.5.0,564,True,2
src_org_jruby_RubyBasicObject.java,jruby-1.5.0,565,True,2
src_org_jruby_RubyBasicObject.java,jruby-1.5.0,566,True,2
src_org_jruby_RubyBasicObject.java,jruby-1.5.0,567,True,2
src_org_jruby_RubyBasicObject.java,jruby-1.5.0,568,True,2
src_org_jruby_RubyBasicObject.java,jruby-1.5.0,569,True,2
src_org_jruby_RubyBasicObject.java,jruby-1.5.0,570,True,2
src_org_jruby_RubyBasicObject.java,jruby-1.5.0,571,True,2
src_org_jruby_RubyBasicObject.java,jruby-1.5.0,572,True,2
src_org_jruby_RubyBasicObject.java,jruby-1.5.0,573,True,2
src_org_jruby_RubyBasicObject.java,jruby-1.5.0,574,True,2
src_org_jruby_RubyBasicObject.java,jruby-1.5.0,575,True,2
src_org_jruby_RubyBasicObject.java,jruby-1.5.0,576,True,2
src_org_jruby_RubyBasicObject.java,jruby-1.5.0,577,True,2
src_org_jruby_RubyBasicObject.java,jruby-1.5.0,578,True,2
src_org_jruby_RubyBasicObject.java,jruby-1.5.0,579,True,2
src_org_jruby_RubyBasicObject.java,jruby-1.5.0,580,True,2
src_org_jruby_RubyBasicObject.java,jruby-1.5.0,581,True,2
src_org_jruby_RubyBasicObject.java,jruby-1.5.0,582,True,2
src_org_jruby_RubyBasicObject.java,jruby-1.5.0,583,True,2
src_org_jruby_RubyBasicObject.java,jruby-1.5.0,584,True,2
src_org_jruby_RubyBasicObject.java,jruby-1.5.0,585,True,2
src_org_jruby_RubyBasicObject.java,jruby-1.5.0,586,True,2
src_org_jruby_RubyBasicObject.java,jruby-1.5.0,587,True,2
src_org_jruby_RubyBasicObject.java,jruby-1.5.0,588,True,2
src_org_jruby_RubyBasicObject.java,jruby-1.5.0,589,True,2
src_org_jruby_RubyBasicObject.java,jruby-1.5.0,590,True,2
src_org_jruby_RubyBasicObject.java,jruby-1.5.0,591,True,2
src_org_jruby_RubyBasicObject.java,jruby-1.5.0,592,True,2
src_org_jruby_RubyBasicObject.java,jruby-1.5.0,593,True,2
src_org_jruby_RubyBasicObject.java,jruby-1.5.0,594,True,2
src_org_jruby_RubyBasicObject.java,jruby-1.5.0,595,True,2
src_org_jruby_RubyBasicObject.java,jruby-1.5.0,596,True,2
src_org_jruby_RubyBasicObject.java,jruby-1.5.0,597,True,2
src_org_jruby_RubyBasicObject.java,jruby-1.5.0,598,True,2
src_org_jruby_RubyBasicObject.java,jruby-1.5.0,599,True,2
src_org_jruby_RubyBasicObject.java,jruby-1.5.0,600,True,2
src_org_jruby_RubyBasicObject.java,jruby-1.5.0,601,True,2
src_org_jruby_RubyBasicObject.java,jruby-1.5.0,602,True,2
src_org_jruby_RubyBasicObject.java,jruby-1.5.0,603,True,2
src_org_jruby_RubyBasicObject.java,jruby-1.5.0,604,True,2
src_org_jruby_RubyBasicObject.java,jruby-1.5.0,605,True,2
src_org_jruby_RubyBasicObject.java,jruby-1.5.0,606,True,2
src_org_jruby_RubyBasicObject.java,jruby-1.5.0,607,True,2
src_org_jruby_RubyBasicObject.java,jruby-1.5.0,608,True,2
src_org_jruby_RubyBasicObject.java,jruby-1.5.0,609,True,2
src_org_jruby_RubyBasicObject.java,jruby-1.5.0,610,True,2
src_org_jruby_RubyBasicObject.java,jruby-1.5.0,611,True,2
src_org_jruby_RubyBasicObject.java,jruby-1.5.0,612,True,2
src_org_jruby_RubyBasicObject.java,jruby-1.5.0,613,True,2
src_org_jruby_RubyBasicObject.java,jruby-1.5.0,614,True,2
src_org_jruby_RubyBasicObject.java,jruby-1.5.0,615,True,2
src_org_jruby_RubyBasicObject.java,jruby-1.5.0,616,True,2
src_org_jruby_RubyBasicObject.java,jruby-1.5.0,617,True,2
src_org_jruby_RubyBasicObject.java,jruby-1.5.0,618,True,2
src_org_jruby_RubyBasicObject.java,jruby-1.5.0,619,True,2
src_org_jruby_RubyBasicObject.java,jruby-1.5.0,620,True,2
src_org_jruby_RubyBasicObject.java,jruby-1.5.0,621,True,2
src_org_jruby_RubyBasicObject.java,jruby-1.5.0,622,True,2
src_org_jruby_RubyBasicObject.java,jruby-1.5.0,623,True,2
src_org_jruby_RubyBasicObject.java,jruby-1.5.0,624,True,2
src_org_jruby_RubyBasicObject.java,jruby-1.5.0,625,True,2
src_org_jruby_RubyBasicObject.java,jruby-1.5.0,626,True,2
src_org_jruby_RubyBasicObject.java,jruby-1.5.0,627,True,2
src_org_jruby_RubyBasicObject.java,jruby-1.5.0,628,True,2
src_org_jruby_RubyBasicObject.java,jruby-1.5.0,629,True,2
src_org_jruby_RubyBasicObject.java,jruby-1.5.0,630,True,2
src_org_jruby_RubyBasicObject.java,jruby-1.5.0,631,True,2
src_org_jruby_RubyBasicObject.java,jruby-1.5.0,632,True,2
src_org_jruby_RubyBasicObject.java,jruby-1.5.0,633,True,2
src_org_jruby_RubyBasicObject.java,jruby-1.5.0,634,True,2
src_org_jruby_RubyBasicObject.java,jruby-1.5.0,635,True,2
src_org_jruby_RubyBasicObject.java,jruby-1.5.0,636,True,2
src_org_jruby_RubyBasicObject.java,jruby-1.5.0,637,True,2
src_org_jruby_RubyBasicObject.java,jruby-1.5.0,638,True,2
src_org_jruby_RubyBasicObject.java,jruby-1.5.0,639,True,2
src_org_jruby_RubyBasicObject.java,jruby-1.5.0,640,True,2
src_org_jruby_RubyBasicObject.java,jruby-1.5.0,641,True,2
src_org_jruby_RubyBasicObject.java,jruby-1.5.0,642,True,2
src_org_jruby_RubyBasicObject.java,jruby-1.5.0,643,True,2
src_org_jruby_RubyBasicObject.java,jruby-1.5.0,644,True,2
src_org_jruby_RubyBasicObject.java,jruby-1.5.0,645,True,2
src_org_jruby_RubyBasicObject.java,jruby-1.5.0,646,True,2
src_org_jruby_RubyBasicObject.java,jruby-1.5.0,647,True,2
src_org_jruby_RubyBasicObject.java,jruby-1.5.0,648,True,2
src_org_jruby_RubyBasicObject.java,jruby-1.5.0,649,True,2
src_org_jruby_RubyBasicObject.java,jruby-1.5.0,650,True,2
src_org_jruby_RubyBasicObject.java,jruby-1.5.0,651,True,2
src_org_jruby_RubyBasicObject.java,jruby-1.5.0,652,True,2
src_org_jruby_RubyBasicObject.java,jruby-1.5.0,653,True,2
src_org_jruby_RubyBasicObject.java,jruby-1.5.0,654,True,2
src_org_jruby_RubyBasicObject.java,jruby-1.5.0,655,True,2
src_org_jruby_RubyBasicObject.java,jruby-1.5.0,656,True,2
src_org_jruby_RubyBasicObject.java,jruby-1.5.0,657,True,2
src_org_jruby_RubyBasicObject.java,jruby-1.5.0,658,True,2
src_org_jruby_RubyBasicObject.java,jruby-1.5.0,659,True,2
src_org_jruby_RubyBasicObject.java,jruby-1.5.0,660,True,2
src_org_jruby_RubyBasicObject.java,jruby-1.5.0,661,True,2
src_org_jruby_RubyBasicObject.java,jruby-1.5.0,662,True,2
src_org_jruby_RubyBasicObject.java,jruby-1.5.0,663,True,2
src_org_jruby_RubyBasicObject.java,jruby-1.5.0,664,True,2
src_org_jruby_RubyBasicObject.java,jruby-1.5.0,665,True,2
src_org_jruby_RubyBasicObject.java,jruby-1.5.0,666,True,2
src_org_jruby_RubyBasicObject.java,jruby-1.5.0,667,True,2
src_org_jruby_RubyBasicObject.java,jruby-1.5.0,668,True,2
src_org_jruby_RubyBasicObject.java,jruby-1.5.0,669,True,2
src_org_jruby_RubyBasicObject.java,jruby-1.5.0,670,True,2
src_org_jruby_RubyBasicObject.java,jruby-1.5.0,671,True,2
src_org_jruby_RubyBasicObject.java,jruby-1.5.0,672,True,2
src_org_jruby_RubyBasicObject.java,jruby-1.5.0,673,True,2
src_org_jruby_RubyBasicObject.java,jruby-1.5.0,674,True,2
src_org_jruby_RubyBasicObject.java,jruby-1.5.0,675,True,2
src_org_jruby_RubyBasicObject.java,jruby-1.5.0,676,True,2
src_org_jruby_RubyBasicObject.java,jruby-1.5.0,677,True,2
src_org_jruby_RubyBasicObject.java,jruby-1.5.0,678,True,2
src_org_jruby_RubyBasicObject.java,jruby-1.5.0,679,True,2
src_org_jruby_RubyBasicObject.java,jruby-1.5.0,680,True,2
src_org_jruby_RubyBasicObject.java,jruby-1.5.0,681,True,2
src_org_jruby_RubyBasicObject.java,jruby-1.5.0,682,True,2
src_org_jruby_RubyBasicObject.java,jruby-1.5.0,683,True,2
src_org_jruby_RubyBasicObject.java,jruby-1.5.0,684,True,2
src_org_jruby_RubyBasicObject.java,jruby-1.5.0,685,True,2
src_org_jruby_RubyBasicObject.java,jruby-1.5.0,686,True,2
src_org_jruby_RubyBasicObject.java,jruby-1.5.0,687,True,2
src_org_jruby_RubyBasicObject.java,jruby-1.5.0,688,True,2
src_org_jruby_RubyBasicObject.java,jruby-1.5.0,689,True,2
src_org_jruby_RubyBasicObject.java,jruby-1.5.0,690,True,2
src_org_jruby_RubyBasicObject.java,jruby-1.5.0,691,True,2
src_org_jruby_RubyBasicObject.java,jruby-1.5.0,692,True,2
src_org_jruby_RubyBasicObject.java,jruby-1.5.0,693,True,2
src_org_jruby_RubyBasicObject.java,jruby-1.5.0,694,True,2
src_org_jruby_RubyBasicObject.java,jruby-1.5.0,695,True,2
src_org_jruby_RubyBasicObject.java,jruby-1.5.0,696,True,2
src_org_jruby_RubyBasicObject.java,jruby-1.5.0,697,True,2
src_org_jruby_RubyBasicObject.java,jruby-1.5.0,698,True,2
src_org_jruby_RubyBasicObject.java,jruby-1.5.0,699,True,2
src_org_jruby_RubyBasicObject.java,jruby-1.5.0,700,True,2
src_org_jruby_RubyBasicObject.java,jruby-1.5.0,701,True,2
src_org_jruby_RubyBasicObject.java,jruby-1.5.0,702,True,2
src_org_jruby_RubyBasicObject.java,jruby-1.5.0,703,True,2
src_org_jruby_RubyBasicObject.java,jruby-1.5.0,704,True,2
src_org_jruby_RubyBasicObject.java,jruby-1.5.0,705,True,2
src_org_jruby_RubyBasicObject.java,jruby-1.5.0,706,True,2
src_org_jruby_RubyBasicObject.java,jruby-1.5.0,707,True,2
src_org_jruby_RubyBasicObject.java,jruby-1.5.0,708,True,2
src_org_jruby_RubyBasicObject.java,jruby-1.5.0,709,True,2
src_org_jruby_RubyBasicObject.java,jruby-1.5.0,710,True,2
src_org_jruby_RubyBasicObject.java,jruby-1.5.0,711,True,2
src_org_jruby_RubyBasicObject.java,jruby-1.5.0,712,True,2
src_org_jruby_RubyBasicObject.java,jruby-1.5.0,713,True,2
src_org_jruby_RubyBasicObject.java,jruby-1.5.0,714,True,2
src_org_jruby_RubyBasicObject.java,jruby-1.5.0,715,True,2
src_org_jruby_RubyBasicObject.java,jruby-1.5.0,716,True,2
src_org_jruby_RubyBasicObject.java,jruby-1.5.0,717,True,2
src_org_jruby_RubyBasicObject.java,jruby-1.5.0,718,True,2
src_org_jruby_RubyBasicObject.java,jruby-1.5.0,719,True,2
src_org_jruby_RubyBasicObject.java,jruby-1.5.0,720,True,2
src_org_jruby_RubyBasicObject.java,jruby-1.5.0,721,True,2
src_org_jruby_RubyBasicObject.java,jruby-1.5.0,722,True,2
src_org_jruby_RubyBasicObject.java,jruby-1.5.0,723,True,2
src_org_jruby_RubyBasicObject.java,jruby-1.5.0,724,True,2
src_org_jruby_RubyBasicObject.java,jruby-1.5.0,725,True,2
src_org_jruby_RubyBasicObject.java,jruby-1.5.0,726,True,2
src_org_jruby_RubyBasicObject.java,jruby-1.5.0,727,True,2
src_org_jruby_RubyBasicObject.java,jruby-1.5.0,728,True,2
src_org_jruby_RubyBasicObject.java,jruby-1.5.0,729,True,2
src_org_jruby_RubyBasicObject.java,jruby-1.5.0,730,True,2
src_org_jruby_RubyBasicObject.java,jruby-1.5.0,731,True,2
src_org_jruby_RubyBasicObject.java,jruby-1.5.0,732,True,2
src_org_jruby_RubyBasicObject.java,jruby-1.5.0,733,True,2
src_org_jruby_RubyBasicObject.java,jruby-1.5.0,734,True,2
src_org_jruby_RubyBasicObject.java,jruby-1.5.0,735,True,2
src_org_jruby_RubyBasicObject.java,jruby-1.5.0,736,True,2
src_org_jruby_RubyBasicObject.java,jruby-1.5.0,737,True,2
src_org_jruby_RubyBasicObject.java,jruby-1.5.0,738,True,2
src_org_jruby_RubyBasicObject.java,jruby-1.5.0,739,True,2
src_org_jruby_RubyBasicObject.java,jruby-1.5.0,740,True,2
src_org_jruby_RubyBasicObject.java,jruby-1.5.0,741,True,2
src_org_jruby_RubyBasicObject.java,jruby-1.5.0,742,True,2
src_org_jruby_RubyBasicObject.java,jruby-1.5.0,743,True,2
src_org_jruby_RubyBasicObject.java,jruby-1.5.0,744,True,2
src_org_jruby_RubyBasicObject.java,jruby-1.5.0,745,True,2
src_org_jruby_RubyBasicObject.java,jruby-1.5.0,746,True,2
src_org_jruby_RubyBasicObject.java,jruby-1.5.0,747,True,2
src_org_jruby_RubyBasicObject.java,jruby-1.5.0,748,True,2
src_org_jruby_RubyBasicObject.java,jruby-1.5.0,749,True,2
src_org_jruby_RubyBasicObject.java,jruby-1.5.0,750,True,2
src_org_jruby_RubyBasicObject.java,jruby-1.5.0,751,True,2
src_org_jruby_RubyBasicObject.java,jruby-1.5.0,752,True,2
src_org_jruby_RubyBasicObject.java,jruby-1.5.0,753,True,2
src_org_jruby_RubyBasicObject.java,jruby-1.5.0,754,True,2
src_org_jruby_RubyBasicObject.java,jruby-1.5.0,755,True,2
src_org_jruby_RubyBasicObject.java,jruby-1.5.0,756,True,2
src_org_jruby_RubyBasicObject.java,jruby-1.5.0,757,True,2
src_org_jruby_RubyBasicObject.java,jruby-1.5.0,758,True,2
src_org_jruby_RubyBasicObject.java,jruby-1.5.0,759,True,2
src_org_jruby_RubyBasicObject.java,jruby-1.5.0,760,True,2
src_org_jruby_RubyBasicObject.java,jruby-1.5.0,761,True,2
src_org_jruby_RubyBasicObject.java,jruby-1.5.0,762,True,2
src_org_jruby_RubyBasicObject.java,jruby-1.5.0,763,True,2
src_org_jruby_RubyBasicObject.java,jruby-1.5.0,764,True,2
src_org_jruby_RubyBasicObject.java,jruby-1.5.0,765,True,2
src_org_jruby_RubyBasicObject.java,jruby-1.5.0,766,True,2
src_org_jruby_RubyBasicObject.java,jruby-1.5.0,767,True,2
src_org_jruby_RubyBasicObject.java,jruby-1.5.0,768,True,2
src_org_jruby_RubyBasicObject.java,jruby-1.5.0,769,True,2
src_org_jruby_RubyBasicObject.java,jruby-1.5.0,770,True,2
src_org_jruby_RubyBasicObject.java,jruby-1.5.0,771,True,2
src_org_jruby_RubyBasicObject.java,jruby-1.5.0,772,True,2
src_org_jruby_RubyBasicObject.java,jruby-1.5.0,773,True,2
src_org_jruby_RubyBasicObject.java,jruby-1.5.0,774,True,2
src_org_jruby_RubyBasicObject.java,jruby-1.5.0,775,True,2
src_org_jruby_RubyBasicObject.java,jruby-1.5.0,776,True,2
src_org_jruby_RubyBasicObject.java,jruby-1.5.0,777,True,2
src_org_jruby_RubyBasicObject.java,jruby-1.5.0,778,True,2
src_org_jruby_RubyBasicObject.java,jruby-1.5.0,779,True,2
src_org_jruby_RubyBasicObject.java,jruby-1.5.0,780,True,2
src_org_jruby_RubyBasicObject.java,jruby-1.5.0,781,True,2
src_org_jruby_RubyBasicObject.java,jruby-1.5.0,782,True,2
src_org_jruby_RubyBasicObject.java,jruby-1.5.0,783,True,2
src_org_jruby_RubyBasicObject.java,jruby-1.5.0,784,True,2
src_org_jruby_RubyBasicObject.java,jruby-1.5.0,785,True,2
src_org_jruby_RubyBasicObject.java,jruby-1.5.0,786,True,2
src_org_jruby_RubyBasicObject.java,jruby-1.5.0,787,True,2
src_org_jruby_RubyBasicObject.java,jruby-1.5.0,788,True,2
src_org_jruby_RubyBasicObject.java,jruby-1.5.0,789,True,2
src_org_jruby_RubyBasicObject.java,jruby-1.5.0,790,True,2
src_org_jruby_RubyBasicObject.java,jruby-1.5.0,791,True,2
src_org_jruby_RubyBasicObject.java,jruby-1.5.0,792,True,2
src_org_jruby_RubyBasicObject.java,jruby-1.5.0,793,True,2
src_org_jruby_RubyBasicObject.java,jruby-1.5.0,794,True,2
src_org_jruby_RubyBasicObject.java,jruby-1.5.0,795,True,2
src_org_jruby_RubyBasicObject.java,jruby-1.5.0,796,True,2
src_org_jruby_RubyBasicObject.java,jruby-1.5.0,797,True,2
src_org_jruby_RubyBasicObject.java,jruby-1.5.0,798,True,2
src_org_jruby_RubyBasicObject.java,jruby-1.5.0,799,True,2
src_org_jruby_RubyBasicObject.java,jruby-1.5.0,800,True,2
src_org_jruby_RubyBasicObject.java,jruby-1.5.0,801,True,2
src_org_jruby_RubyBasicObject.java,jruby-1.5.0,802,True,2
src_org_jruby_RubyBasicObject.java,jruby-1.5.0,803,True,2
src_org_jruby_RubyBasicObject.java,jruby-1.5.0,804,True,2
src_org_jruby_RubyBasicObject.java,jruby-1.5.0,805,True,2
src_org_jruby_RubyBasicObject.java,jruby-1.5.0,806,True,2
src_org_jruby_RubyBasicObject.java,jruby-1.5.0,807,True,2
src_org_jruby_RubyBasicObject.java,jruby-1.5.0,808,True,2
src_org_jruby_RubyBasicObject.java,jruby-1.5.0,809,True,2
src_org_jruby_RubyBasicObject.java,jruby-1.5.0,810,True,2
src_org_jruby_RubyBasicObject.java,jruby-1.5.0,811,True,2
src_org_jruby_RubyBasicObject.java,jruby-1.5.0,812,True,2
src_org_jruby_RubyBasicObject.java,jruby-1.5.0,813,True,2
src_org_jruby_RubyBasicObject.java,jruby-1.5.0,814,True,2
src_org_jruby_RubyBasicObject.java,jruby-1.5.0,815,True,2
src_org_jruby_RubyBasicObject.java,jruby-1.5.0,816,True,2
src_org_jruby_RubyBasicObject.java,jruby-1.5.0,817,True,2
src_org_jruby_RubyBasicObject.java,jruby-1.5.0,818,True,2
src_org_jruby_RubyBasicObject.java,jruby-1.5.0,819,True,2
src_org_jruby_RubyBasicObject.java,jruby-1.5.0,820,True,2
src_org_jruby_RubyBasicObject.java,jruby-1.5.0,821,True,2
src_org_jruby_RubyBasicObject.java,jruby-1.5.0,822,True,2
src_org_jruby_RubyBasicObject.java,jruby-1.5.0,823,True,2
src_org_jruby_RubyBasicObject.java,jruby-1.5.0,824,True,2
src_org_jruby_RubyBasicObject.java,jruby-1.5.0,825,True,2
src_org_jruby_RubyBasicObject.java,jruby-1.5.0,826,True,2
src_org_jruby_RubyBasicObject.java,jruby-1.5.0,827,True,2
src_org_jruby_RubyBasicObject.java,jruby-1.5.0,828,True,2
src_org_jruby_RubyBasicObject.java,jruby-1.5.0,829,True,2
src_org_jruby_RubyBasicObject.java,jruby-1.5.0,830,True,2
src_org_jruby_RubyBasicObject.java,jruby-1.5.0,831,True,2
src_org_jruby_RubyBasicObject.java,jruby-1.5.0,832,True,2
src_org_jruby_RubyBasicObject.java,jruby-1.5.0,833,True,2
src_org_jruby_RubyBasicObject.java,jruby-1.5.0,834,True,2
src_org_jruby_RubyBasicObject.java,jruby-1.5.0,835,True,2
src_org_jruby_RubyBasicObject.java,jruby-1.5.0,836,True,2
src_org_jruby_RubyBasicObject.java,jruby-1.5.0,837,True,2
src_org_jruby_RubyBasicObject.java,jruby-1.5.0,838,True,2
src_org_jruby_RubyBasicObject.java,jruby-1.5.0,839,True,2
src_org_jruby_RubyBasicObject.java,jruby-1.5.0,840,True,2
src_org_jruby_RubyBasicObject.java,jruby-1.5.0,841,True,2
src_org_jruby_RubyBasicObject.java,jruby-1.5.0,842,True,2
src_org_jruby_RubyBasicObject.java,jruby-1.5.0,843,True,2
src_org_jruby_RubyBasicObject.java,jruby-1.5.0,844,True,2
src_org_jruby_RubyBasicObject.java,jruby-1.5.0,845,True,2
src_org_jruby_RubyBasicObject.java,jruby-1.5.0,846,True,2
src_org_jruby_RubyBasicObject.java,jruby-1.5.0,847,True,2
src_org_jruby_RubyBasicObject.java,jruby-1.5.0,848,True,2
src_org_jruby_RubyBasicObject.java,jruby-1.5.0,849,True,2
src_org_jruby_RubyBasicObject.java,jruby-1.5.0,850,True,2
src_org_jruby_RubyBasicObject.java,jruby-1.5.0,851,True,2
src_org_jruby_RubyBasicObject.java,jruby-1.5.0,852,True,2
src_org_jruby_RubyBasicObject.java,jruby-1.5.0,853,True,2
src_org_jruby_RubyBasicObject.java,jruby-1.5.0,854,True,2
src_org_jruby_RubyBasicObject.java,jruby-1.5.0,855,True,2
src_org_jruby_RubyBasicObject.java,jruby-1.5.0,856,True,2
src_org_jruby_RubyBasicObject.java,jruby-1.5.0,857,True,2
src_org_jruby_RubyBasicObject.java,jruby-1.5.0,858,True,2
src_org_jruby_RubyBasicObject.java,jruby-1.5.0,859,True,2
src_org_jruby_RubyBasicObject.java,jruby-1.5.0,860,True,2
src_org_jruby_RubyBasicObject.java,jruby-1.5.0,861,True,2
src_org_jruby_RubyBasicObject.java,jruby-1.5.0,862,True,2
src_org_jruby_RubyBasicObject.java,jruby-1.5.0,863,True,2
src_org_jruby_RubyBasicObject.java,jruby-1.5.0,864,True,2
src_org_jruby_RubyBasicObject.java,jruby-1.5.0,865,True,2
src_org_jruby_RubyBasicObject.java,jruby-1.5.0,866,True,2
src_org_jruby_RubyBasicObject.java,jruby-1.5.0,867,True,2
src_org_jruby_RubyBasicObject.java,jruby-1.5.0,868,True,2
src_org_jruby_RubyBasicObject.java,jruby-1.5.0,869,True,2
src_org_jruby_RubyBasicObject.java,jruby-1.5.0,870,True,2
src_org_jruby_RubyBasicObject.java,jruby-1.5.0,871,True,2
src_org_jruby_RubyBasicObject.java,jruby-1.5.0,872,True,2
src_org_jruby_RubyBasicObject.java,jruby-1.5.0,873,True,2
src_org_jruby_RubyBasicObject.java,jruby-1.5.0,874,True,2
src_org_jruby_RubyBasicObject.java,jruby-1.5.0,875,True,2
src_org_jruby_RubyBasicObject.java,jruby-1.5.0,876,True,2
src_org_jruby_RubyBasicObject.java,jruby-1.5.0,877,True,2
src_org_jruby_RubyBasicObject.java,jruby-1.5.0,878,True,2
src_org_jruby_RubyBasicObject.java,jruby-1.5.0,879,True,2
src_org_jruby_RubyBasicObject.java,jruby-1.5.0,880,True,2
src_org_jruby_RubyBasicObject.java,jruby-1.5.0,881,True,2
src_org_jruby_RubyBasicObject.java,jruby-1.5.0,882,True,2
src_org_jruby_RubyBasicObject.java,jruby-1.5.0,883,True,2
src_org_jruby_RubyBasicObject.java,jruby-1.5.0,884,True,2
src_org_jruby_RubyBasicObject.java,jruby-1.5.0,885,True,2
src_org_jruby_RubyBasicObject.java,jruby-1.5.0,886,True,2
src_org_jruby_RubyBasicObject.java,jruby-1.5.0,887,True,2
src_org_jruby_RubyBasicObject.java,jruby-1.5.0,888,True,2
src_org_jruby_RubyBasicObject.java,jruby-1.5.0,889,True,2
src_org_jruby_RubyBasicObject.java,jruby-1.5.0,890,True,2
src_org_jruby_RubyBasicObject.java,jruby-1.5.0,891,True,2
src_org_jruby_RubyBasicObject.java,jruby-1.5.0,892,True,2
src_org_jruby_RubyBasicObject.java,jruby-1.5.0,893,True,2
src_org_jruby_RubyBasicObject.java,jruby-1.5.0,894,True,2
src_org_jruby_RubyBasicObject.java,jruby-1.5.0,895,True,2
src_org_jruby_RubyBasicObject.java,jruby-1.5.0,896,True,2
src_org_jruby_RubyBasicObject.java,jruby-1.5.0,897,True,2
src_org_jruby_RubyBasicObject.java,jruby-1.5.0,898,True,2
src_org_jruby_RubyBasicObject.java,jruby-1.5.0,899,True,2
src_org_jruby_RubyBasicObject.java,jruby-1.5.0,900,True,2
src_org_jruby_RubyBasicObject.java,jruby-1.5.0,901,True,2
src_org_jruby_RubyBasicObject.java,jruby-1.5.0,902,True,2
src_org_jruby_RubyBasicObject.java,jruby-1.5.0,903,True,2
src_org_jruby_RubyBasicObject.java,jruby-1.5.0,904,True,2
src_org_jruby_RubyBasicObject.java,jruby-1.5.0,905,True,2
src_org_jruby_RubyBasicObject.java,jruby-1.5.0,906,True,2
src_org_jruby_RubyBasicObject.java,jruby-1.5.0,907,True,2
src_org_jruby_RubyBasicObject.java,jruby-1.5.0,908,True,2
src_org_jruby_RubyBasicObject.java,jruby-1.5.0,909,True,2
src_org_jruby_RubyBasicObject.java,jruby-1.5.0,910,True,2
src_org_jruby_RubyBasicObject.java,jruby-1.5.0,911,True,2
src_org_jruby_RubyBasicObject.java,jruby-1.5.0,912,True,2
src_org_jruby_RubyBasicObject.java,jruby-1.5.0,913,True,2
src_org_jruby_RubyBasicObject.java,jruby-1.5.0,914,True,2
src_org_jruby_RubyBasicObject.java,jruby-1.5.0,915,True,2
src_org_jruby_RubyBasicObject.java,jruby-1.5.0,916,True,2
src_org_jruby_RubyBasicObject.java,jruby-1.5.0,917,True,2
src_org_jruby_RubyBasicObject.java,jruby-1.5.0,918,True,2
src_org_jruby_RubyBasicObject.java,jruby-1.5.0,919,True,2
src_org_jruby_RubyBasicObject.java,jruby-1.5.0,920,True,2
src_org_jruby_RubyBasicObject.java,jruby-1.5.0,921,True,2
src_org_jruby_RubyBasicObject.java,jruby-1.5.0,922,True,2
src_org_jruby_RubyBasicObject.java,jruby-1.5.0,923,True,2
src_org_jruby_RubyBasicObject.java,jruby-1.5.0,924,True,2
src_org_jruby_RubyBasicObject.java,jruby-1.5.0,925,True,2
src_org_jruby_RubyBasicObject.java,jruby-1.5.0,926,True,2
src_org_jruby_RubyBasicObject.java,jruby-1.5.0,927,True,2
src_org_jruby_RubyBasicObject.java,jruby-1.5.0,928,True,2
src_org_jruby_RubyBasicObject.java,jruby-1.5.0,929,True,2
src_org_jruby_RubyBasicObject.java,jruby-1.5.0,930,True,2
src_org_jruby_RubyBasicObject.java,jruby-1.5.0,931,True,2
src_org_jruby_RubyBasicObject.java,jruby-1.5.0,932,True,2
src_org_jruby_RubyBasicObject.java,jruby-1.5.0,933,True,2
src_org_jruby_RubyBasicObject.java,jruby-1.5.0,934,True,2
src_org_jruby_RubyBasicObject.java,jruby-1.5.0,935,True,2
src_org_jruby_RubyBasicObject.java,jruby-1.5.0,936,True,2
src_org_jruby_RubyBasicObject.java,jruby-1.5.0,937,True,2
src_org_jruby_RubyBasicObject.java,jruby-1.5.0,938,True,2
src_org_jruby_RubyBasicObject.java,jruby-1.5.0,939,True,2
src_org_jruby_RubyBasicObject.java,jruby-1.5.0,940,True,2
src_org_jruby_RubyBasicObject.java,jruby-1.5.0,941,True,2
src_org_jruby_RubyBasicObject.java,jruby-1.5.0,942,True,2
src_org_jruby_RubyBasicObject.java,jruby-1.5.0,943,True,2
src_org_jruby_RubyBasicObject.java,jruby-1.5.0,944,True,2
src_org_jruby_RubyBasicObject.java,jruby-1.5.0,945,True,2
src_org_jruby_RubyBasicObject.java,jruby-1.5.0,946,True,2
src_org_jruby_RubyBasicObject.java,jruby-1.5.0,947,True,2
src_org_jruby_RubyBasicObject.java,jruby-1.5.0,948,True,2
src_org_jruby_RubyBasicObject.java,jruby-1.5.0,949,True,2
src_org_jruby_RubyBasicObject.java,jruby-1.5.0,950,True,2
src_org_jruby_RubyBasicObject.java,jruby-1.5.0,951,True,2
src_org_jruby_RubyBasicObject.java,jruby-1.5.0,952,True,2
src_org_jruby_RubyBasicObject.java,jruby-1.5.0,953,True,2
src_org_jruby_RubyBasicObject.java,jruby-1.5.0,954,True,2
src_org_jruby_RubyBasicObject.java,jruby-1.5.0,955,True,2
src_org_jruby_RubyBasicObject.java,jruby-1.5.0,956,True,2
src_org_jruby_RubyBasicObject.java,jruby-1.5.0,957,True,2
src_org_jruby_RubyBasicObject.java,jruby-1.5.0,958,True,2
src_org_jruby_RubyBasicObject.java,jruby-1.5.0,959,True,2
src_org_jruby_RubyBasicObject.java,jruby-1.5.0,960,True,2
src_org_jruby_RubyBasicObject.java,jruby-1.5.0,961,True,2
src_org_jruby_RubyBasicObject.java,jruby-1.5.0,962,True,2
src_org_jruby_RubyBasicObject.java,jruby-1.5.0,963,True,2
src_org_jruby_RubyBasicObject.java,jruby-1.5.0,964,True,2
src_org_jruby_RubyBasicObject.java,jruby-1.5.0,965,True,2
src_org_jruby_RubyBasicObject.java,jruby-1.5.0,966,True,2
src_org_jruby_RubyBasicObject.java,jruby-1.5.0,967,True,2
src_org_jruby_RubyBasicObject.java,jruby-1.5.0,968,True,2
src_org_jruby_RubyBasicObject.java,jruby-1.5.0,969,True,2
src_org_jruby_RubyBasicObject.java,jruby-1.5.0,970,True,2
src_org_jruby_RubyBasicObject.java,jruby-1.5.0,971,True,2
src_org_jruby_RubyBasicObject.java,jruby-1.5.0,972,True,2
src_org_jruby_RubyBasicObject.java,jruby-1.5.0,973,True,2
src_org_jruby_RubyBasicObject.java,jruby-1.5.0,974,True,2
src_org_jruby_RubyBasicObject.java,jruby-1.5.0,975,True,2
src_org_jruby_RubyBasicObject.java,jruby-1.5.0,976,True,2
src_org_jruby_RubyBasicObject.java,jruby-1.5.0,977,True,2
src_org_jruby_RubyBasicObject.java,jruby-1.5.0,978,True,2
src_org_jruby_RubyBasicObject.java,jruby-1.5.0,979,True,2
src_org_jruby_RubyBasicObject.java,jruby-1.5.0,980,True,2
src_org_jruby_RubyBasicObject.java,jruby-1.5.0,981,True,2
src_org_jruby_RubyBasicObject.java,jruby-1.5.0,982,True,2
src_org_jruby_RubyBasicObject.java,jruby-1.5.0,983,True,2
src_org_jruby_RubyBasicObject.java,jruby-1.5.0,984,True,2
src_org_jruby_RubyBasicObject.java,jruby-1.5.0,985,True,2
src_org_jruby_RubyBasicObject.java,jruby-1.5.0,986,True,2
src_org_jruby_RubyBasicObject.java,jruby-1.5.0,987,True,2
src_org_jruby_RubyBasicObject.java,jruby-1.5.0,988,True,2
src_org_jruby_RubyBasicObject.java,jruby-1.5.0,989,True,2
src_org_jruby_RubyBasicObject.java,jruby-1.5.0,990,True,2
src_org_jruby_RubyBasicObject.java,jruby-1.5.0,991,True,2
src_org_jruby_RubyBasicObject.java,jruby-1.5.0,992,True,2
src_org_jruby_RubyBasicObject.java,jruby-1.5.0,993,True,2
src_org_jruby_RubyBasicObject.java,jruby-1.5.0,994,True,2
src_org_jruby_RubyBasicObject.java,jruby-1.5.0,995,True,2
src_org_jruby_RubyBasicObject.java,jruby-1.5.0,996,True,2
src_org_jruby_RubyBasicObject.java,jruby-1.5.0,997,True,2
src_org_jruby_RubyBasicObject.java,jruby-1.5.0,998,True,2
src_org_jruby_RubyBasicObject.java,jruby-1.5.0,999,True,2
src_org_jruby_RubyBasicObject.java,jruby-1.5.0,1000,True,2
src_org_jruby_RubyBasicObject.java,jruby-1.5.0,1001,True,2
src_org_jruby_RubyBasicObject.java,jruby-1.5.0,1002,True,2
src_org_jruby_RubyBasicObject.java,jruby-1.5.0,1003,True,2
src_org_jruby_RubyBasicObject.java,jruby-1.5.0,1004,True,2
src_org_jruby_RubyBasicObject.java,jruby-1.5.0,1005,True,2
src_org_jruby_RubyBasicObject.java,jruby-1.5.0,1006,True,2
src_org_jruby_RubyBasicObject.java,jruby-1.5.0,1007,True,2
src_org_jruby_RubyBasicObject.java,jruby-1.5.0,1008,True,2
src_org_jruby_RubyBasicObject.java,jruby-1.5.0,1009,True,2
src_org_jruby_RubyBasicObject.java,jruby-1.5.0,1010,True,2
src_org_jruby_RubyBasicObject.java,jruby-1.5.0,1011,True,2
src_org_jruby_RubyBasicObject.java,jruby-1.5.0,1012,True,2
src_org_jruby_RubyBasicObject.java,jruby-1.5.0,1013,True,2
src_org_jruby_RubyBasicObject.java,jruby-1.5.0,1014,True,2
src_org_jruby_RubyBasicObject.java,jruby-1.5.0,1015,True,2
src_org_jruby_RubyBasicObject.java,jruby-1.5.0,1016,True,2
src_org_jruby_RubyBasicObject.java,jruby-1.5.0,1017,True,2
src_org_jruby_RubyBasicObject.java,jruby-1.5.0,1018,True,2
src_org_jruby_RubyBasicObject.java,jruby-1.5.0,1019,True,2
src_org_jruby_RubyBasicObject.java,jruby-1.5.0,1020,True,2
src_org_jruby_RubyBasicObject.java,jruby-1.5.0,1021,True,2
src_org_jruby_RubyBasicObject.java,jruby-1.5.0,1022,True,2
src_org_jruby_RubyBasicObject.java,jruby-1.5.0,1023,True,2
src_org_jruby_RubyBasicObject.java,jruby-1.5.0,1024,True,2
src_org_jruby_RubyBasicObject.java,jruby-1.5.0,1025,True,2
src_org_jruby_RubyBasicObject.java,jruby-1.5.0,1026,True,2
src_org_jruby_RubyBasicObject.java,jruby-1.5.0,1027,True,2
src_org_jruby_RubyBasicObject.java,jruby-1.5.0,1028,True,2
src_org_jruby_RubyBasicObject.java,jruby-1.5.0,1029,True,2
src_org_jruby_RubyBasicObject.java,jruby-1.5.0,1030,True,2
src_org_jruby_RubyBasicObject.java,jruby-1.5.0,1031,True,2
src_org_jruby_RubyBasicObject.java,jruby-1.5.0,1032,True,2
src_org_jruby_RubyBasicObject.java,jruby-1.5.0,1033,True,2
src_org_jruby_RubyBasicObject.java,jruby-1.5.0,1034,True,2
src_org_jruby_RubyBasicObject.java,jruby-1.5.0,1035,True,2
src_org_jruby_RubyBasicObject.java,jruby-1.5.0,1036,True,2
src_org_jruby_RubyBasicObject.java,jruby-1.5.0,1037,True,2
src_org_jruby_RubyBasicObject.java,jruby-1.5.0,1038,True,2
src_org_jruby_RubyBasicObject.java,jruby-1.5.0,1039,True,2
src_org_jruby_RubyBasicObject.java,jruby-1.5.0,1040,True,2
src_org_jruby_RubyBasicObject.java,jruby-1.5.0,1041,True,2
src_org_jruby_RubyBasicObject.java,jruby-1.5.0,1042,True,2
src_org_jruby_RubyBasicObject.java,jruby-1.5.0,1043,True,2
src_org_jruby_RubyBasicObject.java,jruby-1.5.0,1044,True,2
src_org_jruby_RubyBasicObject.java,jruby-1.5.0,1045,True,2
src_org_jruby_RubyBasicObject.java,jruby-1.5.0,1046,True,2
src_org_jruby_RubyBasicObject.java,jruby-1.5.0,1047,True,2
src_org_jruby_RubyBasicObject.java,jruby-1.5.0,1048,True,2
src_org_jruby_RubyBasicObject.java,jruby-1.5.0,1049,True,2
src_org_jruby_RubyBasicObject.java,jruby-1.5.0,1050,True,2
src_org_jruby_RubyBasicObject.java,jruby-1.5.0,1051,True,2
src_org_jruby_RubyBasicObject.java,jruby-1.5.0,1052,True,2
src_org_jruby_RubyBasicObject.java,jruby-1.5.0,1053,True,2
src_org_jruby_RubyBasicObject.java,jruby-1.5.0,1054,True,2
src_org_jruby_RubyBasicObject.java,jruby-1.5.0,1055,True,2
src_org_jruby_RubyBasicObject.java,jruby-1.5.0,1056,True,2
src_org_jruby_RubyBasicObject.java,jruby-1.5.0,1057,True,2
src_org_jruby_RubyBasicObject.java,jruby-1.5.0,1058,True,2
src_org_jruby_RubyBasicObject.java,jruby-1.5.0,1059,True,2
src_org_jruby_RubyBasicObject.java,jruby-1.5.0,1060,True,2
src_org_jruby_RubyBasicObject.java,jruby-1.5.0,1061,True,2
src_org_jruby_RubyBasicObject.java,jruby-1.5.0,1062,True,2
src_org_jruby_RubyBasicObject.java,jruby-1.5.0,1063,True,2
src_org_jruby_RubyBasicObject.java,jruby-1.5.0,1064,True,2
src_org_jruby_RubyBasicObject.java,jruby-1.5.0,1065,True,2
src_org_jruby_RubyBasicObject.java,jruby-1.5.0,1066,True,2
src_org_jruby_RubyBasicObject.java,jruby-1.5.0,1067,True,2
src_org_jruby_RubyBasicObject.java,jruby-1.5.0,1068,True,2
src_org_jruby_RubyBasicObject.java,jruby-1.5.0,1069,True,2
src_org_jruby_RubyBasicObject.java,jruby-1.5.0,1070,True,2
src_org_jruby_RubyBasicObject.java,jruby-1.5.0,1071,True,2
src_org_jruby_RubyBasicObject.java,jruby-1.5.0,1072,True,2
src_org_jruby_RubyBasicObject.java,jruby-1.5.0,1073,True,2
src_org_jruby_RubyBasicObject.java,jruby-1.5.0,1074,True,2
src_org_jruby_RubyBasicObject.java,jruby-1.5.0,1075,True,2
src_org_jruby_RubyBasicObject.java,jruby-1.5.0,1076,True,2
src_org_jruby_RubyBasicObject.java,jruby-1.5.0,1077,True,2
src_org_jruby_RubyBasicObject.java,jruby-1.5.0,1078,True,2
src_org_jruby_RubyBasicObject.java,jruby-1.5.0,1079,True,2
src_org_jruby_RubyBasicObject.java,jruby-1.5.0,1080,True,2
src_org_jruby_RubyBasicObject.java,jruby-1.5.0,1081,True,2
src_org_jruby_RubyBasicObject.java,jruby-1.5.0,1082,True,2
src_org_jruby_RubyBasicObject.java,jruby-1.5.0,1083,True,2
src_org_jruby_RubyBasicObject.java,jruby-1.5.0,1084,True,2
src_org_jruby_RubyBasicObject.java,jruby-1.5.0,1085,True,2
src_org_jruby_RubyBasicObject.java,jruby-1.5.0,1086,True,2
src_org_jruby_RubyBasicObject.java,jruby-1.5.0,1087,True,2
src_org_jruby_RubyBasicObject.java,jruby-1.5.0,1088,True,2
src_org_jruby_RubyBasicObject.java,jruby-1.5.0,1089,True,2
src_org_jruby_RubyBasicObject.java,jruby-1.5.0,1090,True,2
src_org_jruby_RubyBasicObject.java,jruby-1.5.0,1091,True,2
src_org_jruby_RubyBasicObject.java,jruby-1.5.0,1092,True,2
src_org_jruby_RubyBasicObject.java,jruby-1.5.0,1093,True,2
src_org_jruby_RubyBasicObject.java,jruby-1.5.0,1094,True,2
src_org_jruby_RubyBasicObject.java,jruby-1.5.0,1095,True,2
src_org_jruby_RubyBasicObject.java,jruby-1.5.0,1096,True,2
src_org_jruby_RubyBasicObject.java,jruby-1.5.0,1097,True,2
src_org_jruby_RubyBasicObject.java,jruby-1.5.0,1098,True,2
src_org_jruby_RubyBasicObject.java,jruby-1.5.0,1099,True,2
src_org_jruby_RubyBasicObject.java,jruby-1.5.0,1100,True,2
src_org_jruby_RubyBasicObject.java,jruby-1.5.0,1101,True,2
src_org_jruby_RubyBasicObject.java,jruby-1.5.0,1102,True,2
src_org_jruby_RubyBasicObject.java,jruby-1.5.0,1103,True,2
src_org_jruby_RubyBasicObject.java,jruby-1.5.0,1104,True,2
src_org_jruby_RubyBasicObject.java,jruby-1.5.0,1105,True,2
src_org_jruby_RubyBasicObject.java,jruby-1.5.0,1106,True,2
src_org_jruby_RubyBasicObject.java,jruby-1.5.0,1107,True,2
src_org_jruby_RubyBasicObject.java,jruby-1.5.0,1108,True,2
src_org_jruby_RubyBasicObject.java,jruby-1.5.0,1109,True,2
src_org_jruby_RubyBasicObject.java,jruby-1.5.0,1110,True,2
src_org_jruby_RubyBasicObject.java,jruby-1.5.0,1111,True,2
src_org_jruby_RubyBasicObject.java,jruby-1.5.0,1112,True,2
src_org_jruby_RubyBasicObject.java,jruby-1.5.0,1113,True,2
src_org_jruby_RubyBasicObject.java,jruby-1.5.0,1114,True,2
src_org_jruby_RubyBasicObject.java,jruby-1.5.0,1115,True,2
src_org_jruby_RubyBasicObject.java,jruby-1.5.0,1116,True,2
src_org_jruby_RubyBasicObject.java,jruby-1.5.0,1117,True,2
src_org_jruby_RubyBasicObject.java,jruby-1.5.0,1118,True,2
src_org_jruby_RubyBasicObject.java,jruby-1.5.0,1119,True,2
src_org_jruby_RubyBasicObject.java,jruby-1.5.0,1120,True,2
src_org_jruby_RubyBasicObject.java,jruby-1.5.0,1121,True,2
src_org_jruby_RubyBasicObject.java,jruby-1.5.0,1122,True,2
src_org_jruby_RubyBasicObject.java,jruby-1.5.0,1123,True,2
src_org_jruby_RubyBasicObject.java,jruby-1.5.0,1124,True,2
src_org_jruby_RubyBasicObject.java,jruby-1.5.0,1125,True,2
src_org_jruby_RubyBasicObject.java,jruby-1.5.0,1126,True,2
src_org_jruby_RubyBasicObject.java,jruby-1.5.0,1127,True,2
src_org_jruby_RubyBasicObject.java,jruby-1.5.0,1128,True,2
src_org_jruby_RubyBasicObject.java,jruby-1.5.0,1129,True,2
src_org_jruby_RubyBasicObject.java,jruby-1.5.0,1130,True,2
src_org_jruby_RubyBasicObject.java,jruby-1.5.0,1131,True,2
src_org_jruby_RubyBasicObject.java,jruby-1.5.0,1132,True,2
src_org_jruby_RubyBasicObject.java,jruby-1.5.0,1133,True,2
src_org_jruby_RubyBasicObject.java,jruby-1.5.0,1134,True,2
src_org_jruby_RubyBasicObject.java,jruby-1.5.0,1135,True,2
src_org_jruby_RubyBasicObject.java,jruby-1.5.0,1136,True,2
src_org_jruby_RubyBasicObject.java,jruby-1.5.0,1137,True,2
src_org_jruby_RubyBasicObject.java,jruby-1.5.0,1138,True,2
src_org_jruby_RubyBasicObject.java,jruby-1.5.0,1139,True,2
src_org_jruby_RubyBasicObject.java,jruby-1.5.0,1140,True,2
src_org_jruby_RubyBasicObject.java,jruby-1.5.0,1141,True,2
src_org_jruby_RubyBasicObject.java,jruby-1.5.0,1142,True,2
src_org_jruby_RubyBasicObject.java,jruby-1.5.0,1143,True,2
src_org_jruby_RubyBasicObject.java,jruby-1.5.0,1144,True,2
src_org_jruby_RubyBasicObject.java,jruby-1.5.0,1145,True,2
src_org_jruby_RubyBasicObject.java,jruby-1.5.0,1146,True,2
src_org_jruby_RubyBasicObject.java,jruby-1.5.0,1147,True,2
src_org_jruby_RubyBasicObject.java,jruby-1.5.0,1148,True,2
src_org_jruby_RubyBasicObject.java,jruby-1.5.0,1149,True,2
src_org_jruby_RubyBasicObject.java,jruby-1.5.0,1150,True,2
src_org_jruby_RubyBasicObject.java,jruby-1.5.0,1151,True,2
src_org_jruby_RubyBasicObject.java,jruby-1.5.0,1152,True,2
src_org_jruby_RubyBasicObject.java,jruby-1.5.0,1153,True,2
src_org_jruby_RubyBasicObject.java,jruby-1.5.0,1154,True,2
src_org_jruby_RubyBasicObject.java,jruby-1.5.0,1155,True,2
src_org_jruby_RubyBasicObject.java,jruby-1.5.0,1156,True,2
src_org_jruby_RubyBasicObject.java,jruby-1.5.0,1157,True,2
src_org_jruby_RubyBasicObject.java,jruby-1.5.0,1158,True,2
src_org_jruby_RubyBasicObject.java,jruby-1.5.0,1159,True,2
src_org_jruby_RubyBasicObject.java,jruby-1.5.0,1160,True,2
src_org_jruby_RubyBasicObject.java,jruby-1.5.0,1161,True,2
src_org_jruby_RubyBasicObject.java,jruby-1.5.0,1162,True,2
src_org_jruby_RubyBasicObject.java,jruby-1.5.0,1163,True,2
src_org_jruby_RubyBasicObject.java,jruby-1.5.0,1164,True,2
src_org_jruby_RubyBasicObject.java,jruby-1.5.0,1165,True,2
src_org_jruby_RubyBasicObject.java,jruby-1.5.0,1166,True,2
src_org_jruby_RubyBasicObject.java,jruby-1.5.0,1167,True,2
src_org_jruby_RubyBasicObject.java,jruby-1.5.0,1168,True,2
src_org_jruby_RubyBasicObject.java,jruby-1.5.0,1169,True,2
src_org_jruby_RubyBasicObject.java,jruby-1.5.0,1170,True,2
src_org_jruby_RubyBasicObject.java,jruby-1.5.0,1171,True,2
src_org_jruby_RubyBasicObject.java,jruby-1.5.0,1172,True,2
src_org_jruby_RubyBasicObject.java,jruby-1.5.0,1173,True,2
src_org_jruby_RubyBasicObject.java,jruby-1.5.0,1174,True,2
src_org_jruby_RubyBasicObject.java,jruby-1.5.0,1175,True,2
src_org_jruby_RubyBasicObject.java,jruby-1.5.0,1176,True,2
src_org_jruby_RubyBasicObject.java,jruby-1.5.0,1177,True,2
src_org_jruby_RubyBasicObject.java,jruby-1.5.0,1178,True,2
src_org_jruby_RubyBasicObject.java,jruby-1.5.0,1179,True,2
src_org_jruby_RubyBasicObject.java,jruby-1.5.0,1180,True,2
src_org_jruby_RubyBasicObject.java,jruby-1.5.0,1181,True,2
src_org_jruby_RubyBasicObject.java,jruby-1.5.0,1182,True,2
src_org_jruby_RubyBasicObject.java,jruby-1.5.0,1183,True,2
src_org_jruby_RubyBasicObject.java,jruby-1.5.0,1184,True,2
src_org_jruby_RubyBasicObject.java,jruby-1.5.0,1185,True,2
src_org_jruby_RubyBasicObject.java,jruby-1.5.0,1186,True,2
src_org_jruby_RubyBasicObject.java,jruby-1.5.0,1187,True,2
src_org_jruby_RubyBasicObject.java,jruby-1.5.0,1188,True,2
src_org_jruby_RubyBasicObject.java,jruby-1.5.0,1189,True,2
src_org_jruby_RubyBasicObject.java,jruby-1.5.0,1190,True,2
src_org_jruby_RubyBasicObject.java,jruby-1.5.0,1191,True,2
src_org_jruby_RubyBasicObject.java,jruby-1.5.0,1192,True,2
src_org_jruby_RubyBasicObject.java,jruby-1.5.0,1193,True,2
src_org_jruby_RubyBasicObject.java,jruby-1.5.0,1194,True,2
src_org_jruby_RubyBasicObject.java,jruby-1.5.0,1195,True,2
src_org_jruby_RubyBasicObject.java,jruby-1.5.0,1196,True,2
src_org_jruby_RubyBasicObject.java,jruby-1.5.0,1197,True,2
src_org_jruby_RubyBasicObject.java,jruby-1.5.0,1198,True,2
src_org_jruby_RubyBasicObject.java,jruby-1.5.0,1199,True,2
src_org_jruby_RubyBasicObject.java,jruby-1.5.0,1200,True,2
src_org_jruby_RubyBasicObject.java,jruby-1.5.0,1201,True,2
src_org_jruby_RubyBasicObject.java,jruby-1.5.0,1202,True,2
src_org_jruby_RubyBasicObject.java,jruby-1.5.0,1203,True,2
src_org_jruby_RubyBasicObject.java,jruby-1.5.0,1204,True,2
src_org_jruby_RubyBasicObject.java,jruby-1.5.0,1205,True,2
src_org_jruby_RubyBasicObject.java,jruby-1.5.0,1206,True,2
src_org_jruby_RubyBasicObject.java,jruby-1.5.0,1207,True,2
src_org_jruby_RubyBasicObject.java,jruby-1.5.0,1208,True,2
src_org_jruby_RubyBasicObject.java,jruby-1.5.0,1209,True,2
src_org_jruby_RubyBasicObject.java,jruby-1.5.0,1210,True,2
src_org_jruby_RubyBasicObject.java,jruby-1.5.0,1211,True,2
src_org_jruby_RubyBasicObject.java,jruby-1.5.0,1212,True,2
src_org_jruby_RubyBasicObject.java,jruby-1.5.0,1213,True,2
src_org_jruby_RubyBasicObject.java,jruby-1.5.0,1214,True,2
src_org_jruby_RubyBasicObject.java,jruby-1.5.0,1215,True,2
src_org_jruby_RubyBasicObject.java,jruby-1.5.0,1216,True,2
src_org_jruby_RubyBasicObject.java,jruby-1.5.0,1217,True,2
src_org_jruby_RubyBasicObject.java,jruby-1.5.0,1218,True,2
src_org_jruby_RubyBasicObject.java,jruby-1.5.0,1219,True,2
src_org_jruby_RubyBasicObject.java,jruby-1.5.0,1220,True,2
src_org_jruby_RubyBasicObject.java,jruby-1.5.0,1221,True,2
src_org_jruby_RubyBasicObject.java,jruby-1.5.0,1222,True,2
src_org_jruby_RubyBasicObject.java,jruby-1.5.0,1223,True,2
src_org_jruby_RubyBasicObject.java,jruby-1.5.0,1224,True,2
src_org_jruby_RubyBasicObject.java,jruby-1.5.0,1225,True,2
src_org_jruby_RubyBasicObject.java,jruby-1.5.0,1226,True,2
src_org_jruby_RubyBasicObject.java,jruby-1.5.0,1227,True,2
src_org_jruby_RubyBasicObject.java,jruby-1.5.0,1228,True,2
src_org_jruby_RubyBasicObject.java,jruby-1.5.0,1229,True,2
src_org_jruby_RubyBasicObject.java,jruby-1.5.0,1230,True,2
src_org_jruby_RubyBasicObject.java,jruby-1.5.0,1231,True,2
src_org_jruby_RubyBasicObject.java,jruby-1.5.0,1232,True,2
src_org_jruby_RubyBasicObject.java,jruby-1.5.0,1233,True,2
src_org_jruby_RubyBasicObject.java,jruby-1.5.0,1234,True,2
src_org_jruby_RubyBasicObject.java,jruby-1.5.0,1235,True,2
src_org_jruby_RubyBasicObject.java,jruby-1.5.0,1236,True,2
src_org_jruby_RubyBasicObject.java,jruby-1.5.0,1237,True,2
src_org_jruby_RubyBasicObject.java,jruby-1.5.0,1238,True,2
src_org_jruby_RubyBasicObject.java,jruby-1.5.0,1239,True,2
src_org_jruby_RubyBasicObject.java,jruby-1.5.0,1240,True,2
src_org_jruby_RubyBasicObject.java,jruby-1.5.0,1241,True,2
src_org_jruby_RubyBasicObject.java,jruby-1.5.0,1242,True,2
src_org_jruby_RubyBasicObject.java,jruby-1.5.0,1243,True,2
src_org_jruby_RubyBasicObject.java,jruby-1.5.0,1244,True,2
src_org_jruby_RubyBasicObject.java,jruby-1.5.0,1245,True,2
src_org_jruby_RubyBasicObject.java,jruby-1.5.0,1246,True,2
src_org_jruby_RubyBasicObject.java,jruby-1.5.0,1247,True,2
src_org_jruby_RubyBasicObject.java,jruby-1.5.0,1248,True,2
src_org_jruby_RubyBasicObject.java,jruby-1.5.0,1249,True,2
src_org_jruby_RubyBasicObject.java,jruby-1.5.0,1250,True,2
src_org_jruby_RubyBasicObject.java,jruby-1.5.0,1251,True,2
src_org_jruby_RubyBasicObject.java,jruby-1.5.0,1252,True,2
src_org_jruby_RubyBasicObject.java,jruby-1.5.0,1253,True,2
src_org_jruby_RubyBasicObject.java,jruby-1.5.0,1254,True,2
src_org_jruby_RubyBasicObject.java,jruby-1.5.0,1255,True,2
src_org_jruby_RubyBasicObject.java,jruby-1.5.0,1256,True,2
src_org_jruby_RubyBasicObject.java,jruby-1.5.0,1257,True,2
src_org_jruby_RubyBasicObject.java,jruby-1.5.0,1258,True,2
src_org_jruby_RubyBasicObject.java,jruby-1.5.0,1259,True,2
src_org_jruby_RubyBasicObject.java,jruby-1.5.0,1260,True,2
src_org_jruby_RubyBasicObject.java,jruby-1.5.0,1261,True,2
src_org_jruby_RubyBasicObject.java,jruby-1.5.0,1262,True,2
src_org_jruby_RubyBasicObject.java,jruby-1.5.0,1263,True,2
src_org_jruby_RubyBasicObject.java,jruby-1.5.0,1264,True,2
src_org_jruby_RubyBasicObject.java,jruby-1.5.0,1265,True,2
src_org_jruby_RubyBasicObject.java,jruby-1.5.0,1266,True,2
src_org_jruby_RubyBasicObject.java,jruby-1.5.0,1267,True,2
src_org_jruby_RubyBasicObject.java,jruby-1.5.0,1268,True,2
src_org_jruby_RubyBasicObject.java,jruby-1.5.0,1269,True,2
src_org_jruby_RubyBasicObject.java,jruby-1.5.0,1270,True,2
src_org_jruby_RubyBasicObject.java,jruby-1.5.0,1271,True,2
src_org_jruby_RubyBasicObject.java,jruby-1.5.0,1272,True,2
src_org_jruby_RubyBasicObject.java,jruby-1.5.0,1273,True,2
src_org_jruby_RubyBasicObject.java,jruby-1.5.0,1274,True,2
src_org_jruby_RubyBasicObject.java,jruby-1.5.0,1275,True,2
src_org_jruby_RubyBasicObject.java,jruby-1.5.0,1276,True,2
src_org_jruby_RubyBasicObject.java,jruby-1.5.0,1277,True,2
src_org_jruby_RubyBasicObject.java,jruby-1.5.0,1278,True,2
src_org_jruby_RubyBasicObject.java,jruby-1.5.0,1279,True,2
src_org_jruby_RubyBasicObject.java,jruby-1.5.0,1280,True,2
src_org_jruby_RubyBasicObject.java,jruby-1.5.0,1281,True,2
src_org_jruby_RubyBasicObject.java,jruby-1.5.0,1282,True,2
src_org_jruby_RubyBasicObject.java,jruby-1.5.0,1283,True,2
src_org_jruby_RubyBasicObject.java,jruby-1.5.0,1284,True,2
src_org_jruby_RubyBasicObject.java,jruby-1.5.0,1285,True,2
src_org_jruby_RubyBasicObject.java,jruby-1.5.0,1286,True,2
src_org_jruby_RubyBasicObject.java,jruby-1.5.0,1287,True,2
src_org_jruby_RubyBasicObject.java,jruby-1.5.0,1288,True,2
src_org_jruby_RubyBasicObject.java,jruby-1.5.0,1289,True,2
src_org_jruby_RubyBasicObject.java,jruby-1.5.0,1290,True,2
src_org_jruby_RubyBasicObject.java,jruby-1.5.0,1291,True,2
src_org_jruby_RubyBasicObject.java,jruby-1.5.0,1292,True,2
src_org_jruby_RubyBasicObject.java,jruby-1.5.0,1293,True,2
src_org_jruby_RubyBasicObject.java,jruby-1.5.0,1294,True,2
src_org_jruby_RubyBasicObject.java,jruby-1.5.0,1295,True,2
src_org_jruby_RubyBasicObject.java,jruby-1.5.0,1296,True,2
src_org_jruby_RubyBasicObject.java,jruby-1.5.0,1297,True,2
src_org_jruby_RubyBasicObject.java,jruby-1.5.0,1298,True,2
src_org_jruby_RubyBasicObject.java,jruby-1.5.0,1299,True,2
src_org_jruby_RubyBasicObject.java,jruby-1.5.0,1300,True,2
src_org_jruby_RubyBasicObject.java,jruby-1.5.0,1301,True,2
src_org_jruby_RubyBasicObject.java,jruby-1.5.0,1302,True,2
src_org_jruby_RubyBasicObject.java,jruby-1.5.0,1303,True,2
src_org_jruby_RubyBasicObject.java,jruby-1.5.0,1304,True,2
src_org_jruby_RubyBasicObject.java,jruby-1.5.0,1305,True,2
src_org_jruby_RubyBasicObject.java,jruby-1.5.0,1306,True,2
src_org_jruby_RubyBasicObject.java,jruby-1.5.0,1307,True,2
src_org_jruby_RubyBasicObject.java,jruby-1.5.0,1308,True,2
src_org_jruby_RubyBasicObject.java,jruby-1.5.0,1309,True,2
src_org_jruby_RubyBasicObject.java,jruby-1.5.0,1310,True,2
src_org_jruby_RubyBasicObject.java,jruby-1.5.0,1311,True,2
src_org_jruby_RubyBasicObject.java,jruby-1.5.0,1312,True,2
src_org_jruby_RubyBasicObject.java,jruby-1.5.0,1313,True,2
src_org_jruby_RubyBasicObject.java,jruby-1.5.0,1314,True,2
src_org_jruby_RubyBasicObject.java,jruby-1.5.0,1315,True,2
src_org_jruby_RubyBasicObject.java,jruby-1.5.0,1316,True,2
src_org_jruby_RubyBasicObject.java,jruby-1.5.0,1317,True,2
src_org_jruby_RubyBasicObject.java,jruby-1.5.0,1318,True,2
src_org_jruby_RubyBasicObject.java,jruby-1.5.0,1319,True,2
src_org_jruby_RubyBasicObject.java,jruby-1.5.0,1320,True,2
src_org_jruby_RubyBasicObject.java,jruby-1.5.0,1321,True,2
src_org_jruby_RubyBasicObject.java,jruby-1.5.0,1322,True,2
src_org_jruby_RubyBasicObject.java,jruby-1.5.0,1323,True,2
src_org_jruby_RubyBasicObject.java,jruby-1.5.0,1324,True,2
src_org_jruby_RubyBasicObject.java,jruby-1.5.0,1325,True,2
src_org_jruby_RubyBasicObject.java,jruby-1.5.0,1326,True,2
src_org_jruby_RubyBasicObject.java,jruby-1.5.0,1327,True,2
src_org_jruby_RubyBasicObject.java,jruby-1.5.0,1328,True,2
src_org_jruby_RubyBasicObject.java,jruby-1.5.0,1329,True,2
src_org_jruby_RubyBasicObject.java,jruby-1.5.0,1330,True,2
src_org_jruby_RubyBasicObject.java,jruby-1.5.0,1331,True,2
src_org_jruby_RubyBasicObject.java,jruby-1.5.0,1332,True,2
src_org_jruby_RubyBasicObject.java,jruby-1.5.0,1333,True,2
src_org_jruby_RubyBasicObject.java,jruby-1.5.0,1334,True,2
src_org_jruby_RubyBasicObject.java,jruby-1.5.0,1335,True,2
src_org_jruby_RubyBasicObject.java,jruby-1.5.0,1336,True,2
src_org_jruby_RubyBasicObject.java,jruby-1.5.0,1337,True,2
src_org_jruby_RubyBasicObject.java,jruby-1.5.0,1338,True,2
src_org_jruby_RubyBasicObject.java,jruby-1.5.0,1339,True,2
src_org_jruby_RubyBasicObject.java,jruby-1.5.0,1340,True,2
src_org_jruby_RubyBasicObject.java,jruby-1.5.0,1341,True,2
src_org_jruby_RubyBasicObject.java,jruby-1.5.0,1342,True,2
src_org_jruby_RubyBasicObject.java,jruby-1.5.0,1343,True,2
src_org_jruby_RubyBasicObject.java,jruby-1.5.0,1344,True,2
src_org_jruby_RubyBasicObject.java,jruby-1.5.0,1345,True,2
src_org_jruby_RubyBasicObject.java,jruby-1.5.0,1346,True,2
src_org_jruby_RubyBasicObject.java,jruby-1.5.0,1347,True,2
src_org_jruby_RubyBasicObject.java,jruby-1.5.0,1348,True,2
src_org_jruby_RubyBasicObject.java,jruby-1.5.0,1349,True,2
src_org_jruby_RubyBasicObject.java,jruby-1.5.0,1350,True,2
src_org_jruby_RubyBasicObject.java,jruby-1.5.0,1351,True,2
src_org_jruby_RubyBasicObject.java,jruby-1.5.0,1352,True,2
src_org_jruby_RubyBasicObject.java,jruby-1.5.0,1353,True,2
src_org_jruby_RubyBasicObject.java,jruby-1.5.0,1354,True,2
src_org_jruby_RubyBasicObject.java,jruby-1.5.0,1355,True,2
src_org_jruby_RubyBasicObject.java,jruby-1.5.0,1356,True,2
src_org_jruby_RubyBasicObject.java,jruby-1.5.0,1357,True,2
src_org_jruby_RubyBasicObject.java,jruby-1.5.0,1358,True,2
src_org_jruby_RubyBasicObject.java,jruby-1.5.0,1359,True,2
src_org_jruby_RubyBasicObject.java,jruby-1.5.0,1360,True,2
src_org_jruby_RubyBasicObject.java,jruby-1.5.0,1361,True,2
src_org_jruby_RubyBasicObject.java,jruby-1.5.0,1362,True,2
src_org_jruby_RubyBasicObject.java,jruby-1.5.0,1363,True,2
src_org_jruby_RubyBasicObject.java,jruby-1.5.0,1364,True,2
src_org_jruby_RubyBasicObject.java,jruby-1.5.0,1365,True,2
src_org_jruby_RubyBasicObject.java,jruby-1.5.0,1366,True,2
src_org_jruby_RubyBasicObject.java,jruby-1.5.0,1367,True,2
src_org_jruby_RubyBasicObject.java,jruby-1.5.0,1368,True,2
src_org_jruby_RubyBasicObject.java,jruby-1.5.0,1369,True,2
src_org_jruby_RubyBasicObject.java,jruby-1.5.0,1370,True,2
src_org_jruby_RubyBasicObject.java,jruby-1.5.0,1371,True,2
src_org_jruby_RubyBasicObject.java,jruby-1.5.0,1372,True,2
src_org_jruby_RubyBasicObject.java,jruby-1.5.0,1373,True,2
src_org_jruby_RubyBasicObject.java,jruby-1.5.0,1374,True,2
src_org_jruby_RubyBasicObject.java,jruby-1.5.0,1375,True,2
src_org_jruby_RubyBasicObject.java,jruby-1.5.0,1376,True,2
src_org_jruby_RubyBasicObject.java,jruby-1.5.0,1377,True,2
src_org_jruby_RubyBasicObject.java,jruby-1.5.0,1378,True,2
src_org_jruby_RubyBasicObject.java,jruby-1.5.0,1379,True,2
src_org_jruby_RubyBasicObject.java,jruby-1.5.0,1380,True,2
src_org_jruby_RubyBasicObject.java,jruby-1.5.0,1381,True,2
src_org_jruby_RubyBasicObject.java,jruby-1.5.0,1382,True,2
src_org_jruby_RubyBasicObject.java,jruby-1.5.0,1383,True,2
src_org_jruby_RubyBasicObject.java,jruby-1.5.0,1384,True,2
src_org_jruby_RubyBasicObject.java,jruby-1.5.0,1385,True,2
src_org_jruby_RubyBasicObject.java,jruby-1.5.0,1386,True,2
src_org_jruby_RubyBasicObject.java,jruby-1.5.0,1387,True,2
src_org_jruby_RubyBasicObject.java,jruby-1.5.0,1388,True,2
src_org_jruby_RubyBasicObject.java,jruby-1.5.0,1389,True,2
src_org_jruby_RubyBasicObject.java,jruby-1.5.0,1390,True,2
src_org_jruby_RubyBasicObject.java,jruby-1.5.0,1391,True,2
src_org_jruby_RubyBasicObject.java,jruby-1.5.0,1392,True,2
src_org_jruby_RubyBasicObject.java,jruby-1.5.0,1393,True,2
src_org_jruby_RubyBasicObject.java,jruby-1.5.0,1394,True,2
src_org_jruby_RubyBasicObject.java,jruby-1.5.0,1395,True,2
src_org_jruby_RubyBasicObject.java,jruby-1.5.0,1396,True,2
src_org_jruby_RubyBasicObject.java,jruby-1.5.0,1397,True,2
src_org_jruby_RubyBasicObject.java,jruby-1.5.0,1398,True,2
src_org_jruby_RubyBasicObject.java,jruby-1.5.0,1399,True,2
src_org_jruby_RubyBasicObject.java,jruby-1.5.0,1400,True,2
src_org_jruby_RubyBasicObject.java,jruby-1.5.0,1401,True,2
src_org_jruby_RubyBasicObject.java,jruby-1.5.0,1402,True,2
src_org_jruby_RubyBasicObject.java,jruby-1.5.0,1403,True,2
src_org_jruby_RubyBasicObject.java,jruby-1.5.0,1404,True,2
src_org_jruby_RubyBasicObject.java,jruby-1.5.0,1405,True,2
src_org_jruby_RubyBasicObject.java,jruby-1.5.0,1406,True,2
src_org_jruby_RubyBasicObject.java,jruby-1.5.0,1407,True,2
src_org_jruby_RubyBasicObject.java,jruby-1.5.0,1408,True,2
src_org_jruby_RubyBasicObject.java,jruby-1.5.0,1409,True,2
src_org_jruby_RubyBasicObject.java,jruby-1.5.0,1410,True,2
src_org_jruby_RubyBasicObject.java,jruby-1.5.0,1411,True,2
src_org_jruby_RubyBasicObject.java,jruby-1.5.0,1412,True,2
src_org_jruby_RubyBasicObject.java,jruby-1.5.0,1413,True,2
src_org_jruby_RubyBasicObject.java,jruby-1.5.0,1414,True,2
src_org_jruby_RubyBasicObject.java,jruby-1.5.0,1415,True,2
src_org_jruby_RubyBasicObject.java,jruby-1.5.0,1416,True,2
src_org_jruby_RubyBasicObject.java,jruby-1.5.0,1417,True,2
src_org_jruby_RubyBasicObject.java,jruby-1.5.0,1418,True,2
src_org_jruby_RubyBasicObject.java,jruby-1.5.0,1419,True,2
src_org_jruby_RubyBasicObject.java,jruby-1.5.0,1420,True,2
src_org_jruby_RubyBasicObject.java,jruby-1.5.0,1421,True,2
src_org_jruby_RubyBasicObject.java,jruby-1.5.0,1422,True,2
src_org_jruby_RubyBasicObject.java,jruby-1.5.0,1423,True,2
src_org_jruby_RubyBasicObject.java,jruby-1.5.0,1424,True,2
src_org_jruby_RubyBasicObject.java,jruby-1.5.0,1425,True,2
src_org_jruby_RubyBasicObject.java,jruby-1.5.0,1426,True,2
src_org_jruby_RubyBasicObject.java,jruby-1.5.0,1427,True,2
src_org_jruby_RubyBasicObject.java,jruby-1.5.0,1428,True,2
src_org_jruby_RubyBasicObject.java,jruby-1.5.0,1429,True,2
src_org_jruby_RubyBasicObject.java,jruby-1.5.0,1430,True,2
src_org_jruby_RubyBasicObject.java,jruby-1.5.0,1431,True,2
src_org_jruby_RubyBasicObject.java,jruby-1.5.0,1432,True,2
src_org_jruby_RubyBasicObject.java,jruby-1.5.0,1433,True,2
src_org_jruby_RubyBasicObject.java,jruby-1.5.0,1434,True,2
src_org_jruby_RubyBasicObject.java,jruby-1.5.0,1435,True,2
src_org_jruby_RubyBasicObject.java,jruby-1.5.0,1436,True,2
src_org_jruby_RubyBasicObject.java,jruby-1.5.0,1437,True,2
src_org_jruby_RubyBasicObject.java,jruby-1.5.0,1438,True,2
src_org_jruby_RubyBasicObject.java,jruby-1.5.0,1439,True,2
src_org_jruby_RubyBasicObject.java,jruby-1.5.0,1440,True,2
src_org_jruby_RubyBasicObject.java,jruby-1.5.0,1441,True,2
src_org_jruby_RubyBasicObject.java,jruby-1.5.0,1442,True,2
src_org_jruby_RubyBasicObject.java,jruby-1.5.0,1443,True,2
src_org_jruby_RubyBasicObject.java,jruby-1.5.0,1444,True,2
src_org_jruby_RubyBasicObject.java,jruby-1.5.0,1445,True,2
src_org_jruby_RubyBasicObject.java,jruby-1.5.0,1446,True,2
src_org_jruby_RubyBasicObject.java,jruby-1.5.0,1447,True,2
src_org_jruby_RubyBasicObject.java,jruby-1.5.0,1448,True,2
src_org_jruby_RubyBasicObject.java,jruby-1.5.0,1449,True,2
src_org_jruby_RubyBasicObject.java,jruby-1.5.0,1450,True,2
src_org_jruby_RubyBasicObject.java,jruby-1.5.0,1451,True,2
src_org_jruby_RubyBasicObject.java,jruby-1.5.0,1452,True,2
src_org_jruby_RubyBasicObject.java,jruby-1.5.0,1453,True,2
src_org_jruby_RubyBasicObject.java,jruby-1.5.0,1454,True,2
src_org_jruby_RubyBasicObject.java,jruby-1.5.0,1455,True,2
src_org_jruby_RubyBasicObject.java,jruby-1.5.0,1456,True,2
src_org_jruby_RubyBasicObject.java,jruby-1.5.0,1457,True,2
src_org_jruby_RubyBasicObject.java,jruby-1.5.0,1458,True,2
src_org_jruby_RubyBasicObject.java,jruby-1.5.0,1459,True,2
src_org_jruby_RubyBasicObject.java,jruby-1.5.0,1460,True,2
src_org_jruby_RubyBasicObject.java,jruby-1.5.0,1461,True,2
src_org_jruby_RubyBasicObject.java,jruby-1.5.0,1462,True,2
src_org_jruby_RubyBasicObject.java,jruby-1.5.0,1463,True,2
src_org_jruby_RubyBasicObject.java,jruby-1.5.0,1464,True,2
src_org_jruby_RubyBasicObject.java,jruby-1.5.0,1465,True,2
src_org_jruby_RubyBasicObject.java,jruby-1.5.0,1466,True,2
src_org_jruby_RubyBasicObject.java,jruby-1.5.0,1467,True,2
src_org_jruby_RubyBasicObject.java,jruby-1.5.0,1468,True,2
src_org_jruby_RubyBasicObject.java,jruby-1.5.0,1469,True,2
src_org_jruby_RubyBasicObject.java,jruby-1.5.0,1470,True,2
src_org_jruby_RubyBasicObject.java,jruby-1.5.0,1471,True,2
src_org_jruby_RubyBasicObject.java,jruby-1.5.0,1472,True,2
src_org_jruby_RubyBasicObject.java,jruby-1.5.0,1473,True,2
src_org_jruby_RubyBasicObject.java,jruby-1.5.0,1474,True,2
src_org_jruby_RubyBasicObject.java,jruby-1.5.0,1475,True,2
src_org_jruby_RubyBasicObject.java,jruby-1.5.0,1476,True,2
src_org_jruby_RubyBasicObject.java,jruby-1.5.0,1477,True,2
src_org_jruby_RubyBasicObject.java,jruby-1.5.0,1478,True,2
src_org_jruby_RubyBasicObject.java,jruby-1.5.0,1479,True,2
src_org_jruby_RubyBasicObject.java,jruby-1.5.0,1480,True,2
src_org_jruby_RubyBasicObject.java,jruby-1.5.0,1481,True,2
src_org_jruby_RubyBasicObject.java,jruby-1.5.0,1482,True,2
src_org_jruby_RubyBasicObject.java,jruby-1.5.0,1483,True,2
src_org_jruby_RubyBasicObject.java,jruby-1.5.0,1484,True,2
src_org_jruby_RubyBasicObject.java,jruby-1.5.0,1485,True,2
src_org_jruby_RubyBasicObject.java,jruby-1.5.0,1486,True,2
src_org_jruby_RubyBasicObject.java,jruby-1.5.0,1487,True,2
src_org_jruby_RubyBasicObject.java,jruby-1.5.0,1488,True,2
src_org_jruby_RubyBasicObject.java,jruby-1.5.0,1489,True,2
src_org_jruby_RubyBasicObject.java,jruby-1.5.0,1490,True,2
src_org_jruby_RubyBasicObject.java,jruby-1.5.0,1491,True,2
src_org_jruby_RubyBasicObject.java,jruby-1.5.0,1492,True,2
src_org_jruby_RubyBasicObject.java,jruby-1.5.0,1493,True,2
src_org_jruby_RubyBasicObject.java,jruby-1.5.0,1494,True,2
src_org_jruby_RubyBasicObject.java,jruby-1.5.0,1495,True,2
src_org_jruby_RubyBasicObject.java,jruby-1.5.0,1496,True,2
src_org_jruby_RubyBasicObject.java,jruby-1.5.0,1497,True,2
src_org_jruby_RubyBasicObject.java,jruby-1.5.0,1498,True,2
src_org_jruby_RubyBasicObject.java,jruby-1.5.0,1499,True,2
src_org_jruby_RubyBasicObject.java,jruby-1.5.0,1500,True,2
src_org_jruby_RubyBasicObject.java,jruby-1.5.0,1501,True,2
src_org_jruby_RubyBasicObject.java,jruby-1.5.0,1502,True,2
src_org_jruby_RubyBasicObject.java,jruby-1.5.0,1503,True,2
src_org_jruby_RubyBasicObject.java,jruby-1.5.0,1504,True,2
src_org_jruby_RubyBasicObject.java,jruby-1.5.0,1505,True,2
src_org_jruby_RubyBasicObject.java,jruby-1.5.0,1506,True,2
src_org_jruby_RubyBasicObject.java,jruby-1.5.0,1507,True,2
src_org_jruby_RubyBasicObject.java,jruby-1.5.0,1508,True,2
src_org_jruby_RubyBasicObject.java,jruby-1.5.0,1509,True,2
src_org_jruby_RubyBasicObject.java,jruby-1.5.0,1510,True,2
src_org_jruby_RubyBasicObject.java,jruby-1.5.0,209,True,2
src_org_jruby_RubyBasicObject.java,jruby-1.5.0,202,True,2
src_org_jruby_RubyBasicObject.java,jruby-1.5.0,179,True,2
src_org_jruby_RubyBasicObject.java,jruby-1.5.0,1128,True,2
src_org_jruby_RubyBasicObject.java,jruby-1.5.0,1129,True,2
src_org_jruby_RubyBasicObject.java,jruby-1.5.0,1130,True,2
src_org_jruby_RubyBasicObject.java,jruby-1.5.0,1131,True,2
src_org_jruby_javasupport_JavaMethod.java,jruby-1.5.0,75,True,2
src_org_jruby_javasupport_JavaMethod.java,jruby-1.5.0,617,True,2
src_org_jruby_javasupport_JavaMethod.java,jruby-1.5.0,94,True,2
src_org_jruby_javasupport_JavaMethod.java,jruby-1.5.0,115,True,2
src_org_jruby_javasupport_JavaClass.java,jruby-1.5.0,461,True,2
src_org_jruby_javasupport_JavaClass.java,jruby-1.5.0,413,True,2
src_org_jruby_javasupport_JavaClass.java,jruby-1.5.0,901,True,2
src_org_jruby_javasupport_JavaClass.java,jruby-1.5.0,581,True,2
src_org_jruby_javasupport_JavaClass.java,jruby-1.5.0,1453,True,2
src_org_jruby_javasupport_JavaClass.java,jruby-1.5.0,890,True,2
src_org_jruby_javasupport_JavaClass.java,jruby-1.5.0,424,True,2
src_org_jruby_javasupport_JavaClass.java,jruby-1.5.0,428,True,2
src_org_jruby_javasupport_JavaClass.java,jruby-1.5.0,580,True,2
src_org_jruby_javasupport_JavaClass.java,jruby-1.5.0,577,True,2
src_org_jruby_javasupport_JavaClass.java,jruby-1.5.0,409,True,2
src_org_jruby_javasupport_JavaClass.java,jruby-1.5.0,451,True,2
src_org_jruby_javasupport_JavaClass.java,jruby-1.5.0,453,True,2
src_org_jruby_javasupport_JavaClass.java,jruby-1.5.0,1164,True,2
src_org_jruby_javasupport_JavaClass.java,jruby-1.5.0,1159,True,2
src_org_jruby_javasupport_JavaClass.java,jruby-1.5.0,1164,True,2
src_org_jruby_NativeException.java,jruby-1.5.0,1,True,2
src_org_jruby_NativeException.java,jruby-1.5.0,51,True,2
src_org_jruby_NativeException.java,jruby-1.5.0,148,True,2
src_org_jruby_NativeException.java,jruby-1.5.0,52,True,2
src_org_jruby_NativeException.java,jruby-1.5.0,50,True,2
src_org_jruby_NativeException.java,jruby-1.5.0,51,True,2
src_org_jruby_NativeException.java,jruby-1.5.0,52,True,2
src_org_jruby_NativeException.java,jruby-1.5.0,53,True,2
src_org_jruby_NativeException.java,jruby-1.5.0,54,True,2
src_org_jruby_NativeException.java,jruby-1.5.0,55,True,2
src_org_jruby_NativeException.java,jruby-1.5.0,56,True,2
src_org_jruby_NativeException.java,jruby-1.5.0,57,True,2
src_org_jruby_NativeException.java,jruby-1.5.0,58,True,2
src_org_jruby_NativeException.java,jruby-1.5.0,59,True,2
src_org_jruby_NativeException.java,jruby-1.5.0,60,True,2
src_org_jruby_NativeException.java,jruby-1.5.0,61,True,2
src_org_jruby_NativeException.java,jruby-1.5.0,62,True,2
src_org_jruby_NativeException.java,jruby-1.5.0,63,True,2
src_org_jruby_NativeException.java,jruby-1.5.0,64,True,2
src_org_jruby_NativeException.java,jruby-1.5.0,65,True,2
src_org_jruby_NativeException.java,jruby-1.5.0,66,True,2
src_org_jruby_NativeException.java,jruby-1.5.0,67,True,2
src_org_jruby_NativeException.java,jruby-1.5.0,68,True,2
src_org_jruby_NativeException.java,jruby-1.5.0,69,True,2
src_org_jruby_NativeException.java,jruby-1.5.0,70,True,2
src_org_jruby_NativeException.java,jruby-1.5.0,71,True,2
src_org_jruby_NativeException.java,jruby-1.5.0,72,True,2
src_org_jruby_NativeException.java,jruby-1.5.0,73,True,2
src_org_jruby_NativeException.java,jruby-1.5.0,74,True,2
src_org_jruby_NativeException.java,jruby-1.5.0,75,True,2
src_org_jruby_NativeException.java,jruby-1.5.0,76,True,2
src_org_jruby_NativeException.java,jruby-1.5.0,77,True,2
src_org_jruby_NativeException.java,jruby-1.5.0,78,True,2
src_org_jruby_NativeException.java,jruby-1.5.0,79,True,2
src_org_jruby_NativeException.java,jruby-1.5.0,80,True,2
src_org_jruby_NativeException.java,jruby-1.5.0,81,True,2
src_org_jruby_NativeException.java,jruby-1.5.0,82,True,2
src_org_jruby_NativeException.java,jruby-1.5.0,83,True,2
src_org_jruby_NativeException.java,jruby-1.5.0,84,True,2
src_org_jruby_NativeException.java,jruby-1.5.0,85,True,2
src_org_jruby_NativeException.java,jruby-1.5.0,86,True,2
src_org_jruby_NativeException.java,jruby-1.5.0,87,True,2
src_org_jruby_NativeException.java,jruby-1.5.0,88,True,2
src_org_jruby_NativeException.java,jruby-1.5.0,89,True,2
src_org_jruby_NativeException.java,jruby-1.5.0,90,True,2
src_org_jruby_NativeException.java,jruby-1.5.0,91,True,2
src_org_jruby_NativeException.java,jruby-1.5.0,92,True,2
src_org_jruby_NativeException.java,jruby-1.5.0,93,True,2
src_org_jruby_NativeException.java,jruby-1.5.0,94,True,2
src_org_jruby_NativeException.java,jruby-1.5.0,95,True,2
src_org_jruby_NativeException.java,jruby-1.5.0,96,True,2
src_org_jruby_NativeException.java,jruby-1.5.0,97,True,2
src_org_jruby_NativeException.java,jruby-1.5.0,98,True,2
src_org_jruby_NativeException.java,jruby-1.5.0,99,True,2
src_org_jruby_NativeException.java,jruby-1.5.0,100,True,2
src_org_jruby_NativeException.java,jruby-1.5.0,101,True,2
src_org_jruby_NativeException.java,jruby-1.5.0,102,True,2
src_org_jruby_NativeException.java,jruby-1.5.0,103,True,2
src_org_jruby_NativeException.java,jruby-1.5.0,104,True,2
src_org_jruby_NativeException.java,jruby-1.5.0,105,True,2
src_org_jruby_NativeException.java,jruby-1.5.0,106,True,2
src_org_jruby_NativeException.java,jruby-1.5.0,107,True,2
src_org_jruby_NativeException.java,jruby-1.5.0,108,True,2
src_org_jruby_NativeException.java,jruby-1.5.0,109,True,2
src_org_jruby_NativeException.java,jruby-1.5.0,110,True,2
src_org_jruby_NativeException.java,jruby-1.5.0,111,True,2
src_org_jruby_NativeException.java,jruby-1.5.0,112,True,2
src_org_jruby_NativeException.java,jruby-1.5.0,113,True,2
src_org_jruby_NativeException.java,jruby-1.5.0,114,True,2
src_org_jruby_NativeException.java,jruby-1.5.0,115,True,2
src_org_jruby_NativeException.java,jruby-1.5.0,116,True,2
src_org_jruby_NativeException.java,jruby-1.5.0,117,True,2
src_org_jruby_NativeException.java,jruby-1.5.0,118,True,2
src_org_jruby_NativeException.java,jruby-1.5.0,119,True,2
src_org_jruby_NativeException.java,jruby-1.5.0,120,True,2
src_org_jruby_NativeException.java,jruby-1.5.0,121,True,2
src_org_jruby_NativeException.java,jruby-1.5.0,122,True,2
src_org_jruby_NativeException.java,jruby-1.5.0,123,True,2
src_org_jruby_NativeException.java,jruby-1.5.0,124,True,2
src_org_jruby_NativeException.java,jruby-1.5.0,125,True,2
src_org_jruby_NativeException.java,jruby-1.5.0,126,True,2
src_org_jruby_NativeException.java,jruby-1.5.0,127,True,2
src_org_jruby_NativeException.java,jruby-1.5.0,128,True,2
src_org_jruby_NativeException.java,jruby-1.5.0,129,True,2
src_org_jruby_NativeException.java,jruby-1.5.0,130,True,2
src_org_jruby_NativeException.java,jruby-1.5.0,131,True,2
src_org_jruby_NativeException.java,jruby-1.5.0,132,True,2
src_org_jruby_NativeException.java,jruby-1.5.0,133,True,2
src_org_jruby_NativeException.java,jruby-1.5.0,134,True,2
src_org_jruby_NativeException.java,jruby-1.5.0,135,True,2
src_org_jruby_NativeException.java,jruby-1.5.0,136,True,2
src_org_jruby_NativeException.java,jruby-1.5.0,137,True,2
src_org_jruby_NativeException.java,jruby-1.5.0,138,True,2
src_org_jruby_NativeException.java,jruby-1.5.0,139,True,2
src_org_jruby_NativeException.java,jruby-1.5.0,140,True,2
src_org_jruby_NativeException.java,jruby-1.5.0,141,True,2
src_org_jruby_NativeException.java,jruby-1.5.0,142,True,2
src_org_jruby_NativeException.java,jruby-1.5.0,143,True,2
src_org_jruby_NativeException.java,jruby-1.5.0,144,True,2
src_org_jruby_NativeException.java,jruby-1.5.0,145,True,2
src_org_jruby_NativeException.java,jruby-1.5.0,146,True,2
src_org_jruby_NativeException.java,jruby-1.5.0,147,True,2
src_org_jruby_NativeException.java,jruby-1.5.0,148,True,2
src_org_jruby_RubyDigest.java,jruby-1.5.0,384,True,2
src_org_jruby_RubyDigest.java,jruby-1.5.0,1,True,2
src_org_jruby_RubyDigest.java,jruby-1.5.0,406,True,2
src_org_jruby_ext_socket_RubyTCPSocket.java,jruby-1.5.0,171,True,2
src_org_jruby_ext_socket_RubyTCPSocket.java,jruby-1.5.0,168,True,2
src_org_jruby_util_ShellLauncher.java,jruby-1.5.0,1162,True,2
src_org_jruby_parser_Ruby19Parser.java,jruby-1.5.0,131,True,2
src_org_jruby_parser_Ruby19Parser.java,jruby-1.5.0,1367,True,2
src_org_jruby_parser_Ruby19Parser.java,jruby-1.5.0,1473,True,2
src_org_jruby_parser_Ruby19Parser.java,jruby-1.5.0,1474,True,2
src_org_jruby_parser_Ruby19Parser.java,jruby-1.5.0,1475,True,2
src_org_jruby_parser_Ruby19Parser.java,jruby-1.5.0,1476,True,2
src_org_jruby_parser_Ruby19Parser.java,jruby-1.5.0,1477,True,2
src_org_jruby_parser_Ruby19Parser.java,jruby-1.5.0,1478,True,2
src_org_jruby_parser_Ruby19Parser.java,jruby-1.5.0,1479,True,2
src_org_jruby_parser_Ruby19Parser.java,jruby-1.5.0,1480,True,2
src_org_jruby_parser_Ruby19Parser.java,jruby-1.5.0,1481,True,2
src_org_jruby_parser_Ruby19Parser.java,jruby-1.5.0,1482,True,2
src_org_jruby_parser_Ruby19Parser.java,jruby-1.5.0,1483,True,2
src_org_jruby_parser_Ruby19Parser.java,jruby-1.5.0,1484,True,2
src_org_jruby_parser_Ruby19Parser.java,jruby-1.5.0,1485,True,2
src_org_jruby_parser_Ruby19Parser.java,jruby-1.5.0,1486,True,2
src_org_jruby_parser_Ruby19Parser.java,jruby-1.5.0,1487,True,2
src_org_jruby_parser_Ruby19Parser.java,jruby-1.5.0,1488,True,2
src_org_jruby_parser_Ruby19Parser.java,jruby-1.5.0,1489,True,2
src_org_jruby_parser_Ruby19Parser.java,jruby-1.5.0,1490,True,2
src_org_jruby_parser_Ruby19Parser.java,jruby-1.5.0,1491,True,2
src_org_jruby_parser_Ruby19Parser.java,jruby-1.5.0,1492,True,2
src_org_jruby_parser_Ruby19Parser.java,jruby-1.5.0,1493,True,2
src_org_jruby_parser_Ruby19Parser.java,jruby-1.5.0,1494,True,2
src_org_jruby_parser_Ruby19Parser.java,jruby-1.5.0,1495,True,2
src_org_jruby_parser_Ruby19Parser.java,jruby-1.5.0,1496,True,2
src_org_jruby_parser_Ruby19Parser.java,jruby-1.5.0,1497,True,2
src_org_jruby_parser_Ruby19Parser.java,jruby-1.5.0,1498,True,2
src_org_jruby_parser_Ruby19Parser.java,jruby-1.5.0,1499,True,2
src_org_jruby_parser_Ruby19Parser.java,jruby-1.5.0,1500,True,2
src_org_jruby_parser_Ruby19Parser.java,jruby-1.5.0,1501,True,2
src_org_jruby_parser_Ruby19Parser.java,jruby-1.5.0,1502,True,2
src_org_jruby_parser_Ruby19Parser.java,jruby-1.5.0,1503,True,2
src_org_jruby_parser_Ruby19Parser.java,jruby-1.5.0,1504,True,2
src_org_jruby_parser_Ruby19Parser.java,jruby-1.5.0,1505,True,2
src_org_jruby_parser_Ruby19Parser.java,jruby-1.5.0,1506,True,2
src_org_jruby_parser_Ruby19Parser.java,jruby-1.5.0,1507,True,2
src_org_jruby_parser_Ruby19Parser.java,jruby-1.5.0,1508,True,2
src_org_jruby_parser_Ruby19Parser.java,jruby-1.5.0,1509,True,2
src_org_jruby_parser_Ruby19Parser.java,jruby-1.5.0,1510,True,2
src_org_jruby_parser_Ruby19Parser.java,jruby-1.5.0,1511,True,2
src_org_jruby_parser_Ruby19Parser.java,jruby-1.5.0,1512,True,2
src_org_jruby_parser_Ruby19Parser.java,jruby-1.5.0,1513,True,2
src_org_jruby_parser_Ruby19Parser.java,jruby-1.5.0,1514,True,2
src_org_jruby_parser_Ruby19Parser.java,jruby-1.5.0,1515,True,2
src_org_jruby_parser_Ruby19Parser.java,jruby-1.5.0,1516,True,2
src_org_jruby_parser_Ruby19Parser.java,jruby-1.5.0,1517,True,2
src_org_jruby_parser_Ruby19Parser.java,jruby-1.5.0,1518,True,2
src_org_jruby_parser_Ruby19Parser.java,jruby-1.5.0,1519,True,2
src_org_jruby_parser_Ruby19Parser.java,jruby-1.5.0,1520,True,2
src_org_jruby_parser_Ruby19Parser.java,jruby-1.5.0,1521,True,2
src_org_jruby_parser_Ruby19Parser.java,jruby-1.5.0,1522,True,2
src_org_jruby_parser_Ruby19Parser.java,jruby-1.5.0,1523,True,2
src_org_jruby_parser_Ruby19Parser.java,jruby-1.5.0,1524,True,2
src_org_jruby_parser_Ruby19Parser.java,jruby-1.5.0,1525,True,2
src_org_jruby_parser_Ruby19Parser.java,jruby-1.5.0,1526,True,2
src_org_jruby_parser_Ruby19Parser.java,jruby-1.5.0,1527,True,2
src_org_jruby_parser_Ruby19Parser.java,jruby-1.5.0,1528,True,2
src_org_jruby_parser_Ruby19Parser.java,jruby-1.5.0,1529,True,2
src_org_jruby_parser_Ruby19Parser.java,jruby-1.5.0,1530,True,2
src_org_jruby_parser_Ruby19Parser.java,jruby-1.5.0,1531,True,2
src_org_jruby_parser_Ruby19Parser.java,jruby-1.5.0,1532,True,2
src_org_jruby_parser_Ruby19Parser.java,jruby-1.5.0,1533,True,2
src_org_jruby_parser_Ruby19Parser.java,jruby-1.5.0,1534,True,2
src_org_jruby_parser_Ruby19Parser.java,jruby-1.5.0,1535,True,2
src_org_jruby_parser_Ruby19Parser.java,jruby-1.5.0,1536,True,2
src_org_jruby_parser_Ruby19Parser.java,jruby-1.5.0,1537,True,2
src_org_jruby_parser_Ruby19Parser.java,jruby-1.5.0,1538,True,2
src_org_jruby_parser_Ruby19Parser.java,jruby-1.5.0,1539,True,2
src_org_jruby_parser_Ruby19Parser.java,jruby-1.5.0,1540,True,2
src_org_jruby_parser_Ruby19Parser.java,jruby-1.5.0,1541,True,2
src_org_jruby_parser_Ruby19Parser.java,jruby-1.5.0,1542,True,2
src_org_jruby_parser_Ruby19Parser.java,jruby-1.5.0,1543,True,2
src_org_jruby_parser_Ruby19Parser.java,jruby-1.5.0,1544,True,2
src_org_jruby_parser_Ruby19Parser.java,jruby-1.5.0,1545,True,2
src_org_jruby_parser_Ruby19Parser.java,jruby-1.5.0,1546,True,2
src_org_jruby_parser_Ruby19Parser.java,jruby-1.5.0,1547,True,2
src_org_jruby_parser_Ruby19Parser.java,jruby-1.5.0,1548,True,2
src_org_jruby_parser_Ruby19Parser.java,jruby-1.5.0,1549,True,2
src_org_jruby_parser_Ruby19Parser.java,jruby-1.5.0,1550,True,2
src_org_jruby_parser_Ruby19Parser.java,jruby-1.5.0,1551,True,2
src_org_jruby_parser_Ruby19Parser.java,jruby-1.5.0,1552,True,2
src_org_jruby_parser_Ruby19Parser.java,jruby-1.5.0,1553,True,2
src_org_jruby_parser_Ruby19Parser.java,jruby-1.5.0,1554,True,2
src_org_jruby_parser_Ruby19Parser.java,jruby-1.5.0,1555,True,2
src_org_jruby_parser_Ruby19Parser.java,jruby-1.5.0,1556,True,2
src_org_jruby_parser_Ruby19Parser.java,jruby-1.5.0,1557,True,2
src_org_jruby_parser_Ruby19Parser.java,jruby-1.5.0,1558,True,2
src_org_jruby_parser_Ruby19Parser.java,jruby-1.5.0,1559,True,2
src_org_jruby_parser_Ruby19Parser.java,jruby-1.5.0,1560,True,2
src_org_jruby_parser_Ruby19Parser.java,jruby-1.5.0,1561,True,2
src_org_jruby_parser_Ruby19Parser.java,jruby-1.5.0,1562,True,2
src_org_jruby_parser_Ruby19Parser.java,jruby-1.5.0,1563,True,2
src_org_jruby_parser_Ruby19Parser.java,jruby-1.5.0,1564,True,2
src_org_jruby_parser_Ruby19Parser.java,jruby-1.5.0,1565,True,2
src_org_jruby_parser_Ruby19Parser.java,jruby-1.5.0,1566,True,2
src_org_jruby_parser_Ruby19Parser.java,jruby-1.5.0,1567,True,2
src_org_jruby_parser_Ruby19Parser.java,jruby-1.5.0,1568,True,2
src_org_jruby_parser_Ruby19Parser.java,jruby-1.5.0,1569,True,2
src_org_jruby_parser_Ruby19Parser.java,jruby-1.5.0,1570,True,2
src_org_jruby_parser_Ruby19Parser.java,jruby-1.5.0,1571,True,2
src_org_jruby_parser_Ruby19Parser.java,jruby-1.5.0,1572,True,2
src_org_jruby_parser_Ruby19Parser.java,jruby-1.5.0,1573,True,2
src_org_jruby_parser_Ruby19Parser.java,jruby-1.5.0,1574,True,2
src_org_jruby_parser_Ruby19Parser.java,jruby-1.5.0,1575,True,2
src_org_jruby_parser_Ruby19Parser.java,jruby-1.5.0,1576,True,2
src_org_jruby_parser_Ruby19Parser.java,jruby-1.5.0,1577,True,2
src_org_jruby_parser_Ruby19Parser.java,jruby-1.5.0,1578,True,2
src_org_jruby_parser_Ruby19Parser.java,jruby-1.5.0,1579,True,2
src_org_jruby_parser_Ruby19Parser.java,jruby-1.5.0,1580,True,2
src_org_jruby_parser_Ruby19Parser.java,jruby-1.5.0,1581,True,2
src_org_jruby_parser_Ruby19Parser.java,jruby-1.5.0,1582,True,2
src_org_jruby_parser_Ruby19Parser.java,jruby-1.5.0,1583,True,2
src_org_jruby_parser_Ruby19Parser.java,jruby-1.5.0,1584,True,2
src_org_jruby_parser_Ruby19Parser.java,jruby-1.5.0,1585,True,2
src_org_jruby_parser_Ruby19Parser.java,jruby-1.5.0,1586,True,2
src_org_jruby_parser_Ruby19Parser.java,jruby-1.5.0,1587,True,2
src_org_jruby_parser_Ruby19Parser.java,jruby-1.5.0,1588,True,2
src_org_jruby_parser_Ruby19Parser.java,jruby-1.5.0,1589,True,2
src_org_jruby_parser_Ruby19Parser.java,jruby-1.5.0,1590,True,2
src_org_jruby_parser_Ruby19Parser.java,jruby-1.5.0,1591,True,2
src_org_jruby_parser_Ruby19Parser.java,jruby-1.5.0,1592,True,2
src_org_jruby_parser_Ruby19Parser.java,jruby-1.5.0,1593,True,2
src_org_jruby_parser_Ruby19Parser.java,jruby-1.5.0,1594,True,2
src_org_jruby_parser_Ruby19Parser.java,jruby-1.5.0,1595,True,2
src_org_jruby_parser_Ruby19Parser.java,jruby-1.5.0,1596,True,2
src_org_jruby_parser_Ruby19Parser.java,jruby-1.5.0,1597,True,2
src_org_jruby_parser_Ruby19Parser.java,jruby-1.5.0,1598,True,2
src_org_jruby_parser_Ruby19Parser.java,jruby-1.5.0,1599,True,2
src_org_jruby_parser_Ruby19Parser.java,jruby-1.5.0,1600,True,2
src_org_jruby_parser_Ruby19Parser.java,jruby-1.5.0,1601,True,2
src_org_jruby_parser_Ruby19Parser.java,jruby-1.5.0,1602,True,2
src_org_jruby_parser_Ruby19Parser.java,jruby-1.5.0,1603,True,2
src_org_jruby_parser_Ruby19Parser.java,jruby-1.5.0,1604,True,2
src_org_jruby_parser_Ruby19Parser.java,jruby-1.5.0,1605,True,2
src_org_jruby_parser_Ruby19Parser.java,jruby-1.5.0,1606,True,2
src_org_jruby_parser_Ruby19Parser.java,jruby-1.5.0,1607,True,2
src_org_jruby_parser_Ruby19Parser.java,jruby-1.5.0,1608,True,2
src_org_jruby_parser_Ruby19Parser.java,jruby-1.5.0,1609,True,2
src_org_jruby_parser_Ruby19Parser.java,jruby-1.5.0,1610,True,2
src_org_jruby_parser_Ruby19Parser.java,jruby-1.5.0,1611,True,2
src_org_jruby_parser_Ruby19Parser.java,jruby-1.5.0,1612,True,2
src_org_jruby_parser_Ruby19Parser.java,jruby-1.5.0,1613,True,2
src_org_jruby_parser_Ruby19Parser.java,jruby-1.5.0,1614,True,2
src_org_jruby_parser_Ruby19Parser.java,jruby-1.5.0,1615,True,2
src_org_jruby_parser_Ruby19Parser.java,jruby-1.5.0,1616,True,2
src_org_jruby_parser_Ruby19Parser.java,jruby-1.5.0,1617,True,2
src_org_jruby_parser_Ruby19Parser.java,jruby-1.5.0,1618,True,2
src_org_jruby_parser_Ruby19Parser.java,jruby-1.5.0,1619,True,2
src_org_jruby_parser_Ruby19Parser.java,jruby-1.5.0,1620,True,2
src_org_jruby_parser_Ruby19Parser.java,jruby-1.5.0,1621,True,2
src_org_jruby_parser_Ruby19Parser.java,jruby-1.5.0,1622,True,2
src_org_jruby_parser_Ruby19Parser.java,jruby-1.5.0,1623,True,2
src_org_jruby_parser_Ruby19Parser.java,jruby-1.5.0,1624,True,2
src_org_jruby_parser_Ruby19Parser.java,jruby-1.5.0,1625,True,2
src_org_jruby_parser_Ruby19Parser.java,jruby-1.5.0,1626,True,2
src_org_jruby_parser_Ruby19Parser.java,jruby-1.5.0,1627,True,2
src_org_jruby_parser_Ruby19Parser.java,jruby-1.5.0,1628,True,2
src_org_jruby_parser_Ruby19Parser.java,jruby-1.5.0,1629,True,2
src_org_jruby_parser_Ruby19Parser.java,jruby-1.5.0,1630,True,2
src_org_jruby_parser_Ruby19Parser.java,jruby-1.5.0,1631,True,2
src_org_jruby_parser_Ruby19Parser.java,jruby-1.5.0,1632,True,2
src_org_jruby_parser_Ruby19Parser.java,jruby-1.5.0,1633,True,2
src_org_jruby_parser_Ruby19Parser.java,jruby-1.5.0,1634,True,2
src_org_jruby_parser_Ruby19Parser.java,jruby-1.5.0,1635,True,2
src_org_jruby_parser_Ruby19Parser.java,jruby-1.5.0,1636,True,2
src_org_jruby_parser_Ruby19Parser.java,jruby-1.5.0,1637,True,2
src_org_jruby_parser_Ruby19Parser.java,jruby-1.5.0,1638,True,2
src_org_jruby_parser_Ruby19Parser.java,jruby-1.5.0,1639,True,2
src_org_jruby_parser_Ruby19Parser.java,jruby-1.5.0,1640,True,2
src_org_jruby_parser_Ruby19Parser.java,jruby-1.5.0,1641,True,2
src_org_jruby_parser_Ruby19Parser.java,jruby-1.5.0,1642,True,2
src_org_jruby_parser_Ruby19Parser.java,jruby-1.5.0,1643,True,2
src_org_jruby_parser_Ruby19Parser.java,jruby-1.5.0,1644,True,2
src_org_jruby_parser_Ruby19Parser.java,jruby-1.5.0,1645,True,2
src_org_jruby_parser_Ruby19Parser.java,jruby-1.5.0,1646,True,2
src_org_jruby_parser_Ruby19Parser.java,jruby-1.5.0,1647,True,2
src_org_jruby_parser_Ruby19Parser.java,jruby-1.5.0,1648,True,2
src_org_jruby_parser_Ruby19Parser.java,jruby-1.5.0,1649,True,2
src_org_jruby_parser_Ruby19Parser.java,jruby-1.5.0,1650,True,2
src_org_jruby_parser_Ruby19Parser.java,jruby-1.5.0,1651,True,2
src_org_jruby_parser_Ruby19Parser.java,jruby-1.5.0,1652,True,2
src_org_jruby_parser_Ruby19Parser.java,jruby-1.5.0,1653,True,2
src_org_jruby_parser_Ruby19Parser.java,jruby-1.5.0,1654,True,2
src_org_jruby_parser_Ruby19Parser.java,jruby-1.5.0,1655,True,2
src_org_jruby_parser_Ruby19Parser.java,jruby-1.5.0,1656,True,2
src_org_jruby_parser_Ruby19Parser.java,jruby-1.5.0,1657,True,2
src_org_jruby_parser_Ruby19Parser.java,jruby-1.5.0,1658,True,2
src_org_jruby_parser_Ruby19Parser.java,jruby-1.5.0,1659,True,2
src_org_jruby_parser_Ruby19Parser.java,jruby-1.5.0,1660,True,2
src_org_jruby_parser_Ruby19Parser.java,jruby-1.5.0,1661,True,2
src_org_jruby_parser_Ruby19Parser.java,jruby-1.5.0,1662,True,2
src_org_jruby_parser_Ruby19Parser.java,jruby-1.5.0,1663,True,2
src_org_jruby_parser_Ruby19Parser.java,jruby-1.5.0,1664,True,2
src_org_jruby_parser_Ruby19Parser.java,jruby-1.5.0,1665,True,2
src_org_jruby_parser_Ruby19Parser.java,jruby-1.5.0,1666,True,2
src_org_jruby_parser_Ruby19Parser.java,jruby-1.5.0,1667,True,2
src_org_jruby_parser_Ruby19Parser.java,jruby-1.5.0,1668,True,2
src_org_jruby_parser_Ruby19Parser.java,jruby-1.5.0,1669,True,2
src_org_jruby_parser_Ruby19Parser.java,jruby-1.5.0,1670,True,2
src_org_jruby_parser_Ruby19Parser.java,jruby-1.5.0,1671,True,2
src_org_jruby_parser_Ruby19Parser.java,jruby-1.5.0,1672,True,2
src_org_jruby_parser_Ruby19Parser.java,jruby-1.5.0,1673,True,2
src_org_jruby_parser_Ruby19Parser.java,jruby-1.5.0,1674,True,2
src_org_jruby_parser_Ruby19Parser.java,jruby-1.5.0,1675,True,2
src_org_jruby_parser_Ruby19Parser.java,jruby-1.5.0,1676,True,2
src_org_jruby_parser_Ruby19Parser.java,jruby-1.5.0,1677,True,2
src_org_jruby_parser_Ruby19Parser.java,jruby-1.5.0,1678,True,2
src_org_jruby_parser_Ruby19Parser.java,jruby-1.5.0,1679,True,2
src_org_jruby_parser_Ruby19Parser.java,jruby-1.5.0,1680,True,2
src_org_jruby_parser_Ruby19Parser.java,jruby-1.5.0,1681,True,2
src_org_jruby_parser_Ruby19Parser.java,jruby-1.5.0,1682,True,2
src_org_jruby_parser_Ruby19Parser.java,jruby-1.5.0,1683,True,2
src_org_jruby_parser_Ruby19Parser.java,jruby-1.5.0,1684,True,2
src_org_jruby_parser_Ruby19Parser.java,jruby-1.5.0,1685,True,2
src_org_jruby_parser_Ruby19Parser.java,jruby-1.5.0,1686,True,2
src_org_jruby_parser_Ruby19Parser.java,jruby-1.5.0,1687,True,2
src_org_jruby_parser_Ruby19Parser.java,jruby-1.5.0,1688,True,2
src_org_jruby_parser_Ruby19Parser.java,jruby-1.5.0,1689,True,2
src_org_jruby_parser_Ruby19Parser.java,jruby-1.5.0,1690,True,2
src_org_jruby_parser_Ruby19Parser.java,jruby-1.5.0,1691,True,2
src_org_jruby_parser_Ruby19Parser.java,jruby-1.5.0,1692,True,2
src_org_jruby_parser_Ruby19Parser.java,jruby-1.5.0,1693,True,2
src_org_jruby_parser_Ruby19Parser.java,jruby-1.5.0,1694,True,2
src_org_jruby_parser_Ruby19Parser.java,jruby-1.5.0,1695,True,2
src_org_jruby_parser_Ruby19Parser.java,jruby-1.5.0,1696,True,2
src_org_jruby_parser_Ruby19Parser.java,jruby-1.5.0,1697,True,2
src_org_jruby_parser_Ruby19Parser.java,jruby-1.5.0,1698,True,2
src_org_jruby_parser_Ruby19Parser.java,jruby-1.5.0,1699,True,2
src_org_jruby_parser_Ruby19Parser.java,jruby-1.5.0,1700,True,2
src_org_jruby_parser_Ruby19Parser.java,jruby-1.5.0,1701,True,2
src_org_jruby_parser_Ruby19Parser.java,jruby-1.5.0,1702,True,2
src_org_jruby_parser_Ruby19Parser.java,jruby-1.5.0,1703,True,2
src_org_jruby_parser_Ruby19Parser.java,jruby-1.5.0,1704,True,2
src_org_jruby_parser_Ruby19Parser.java,jruby-1.5.0,1705,True,2
src_org_jruby_parser_Ruby19Parser.java,jruby-1.5.0,1706,True,2
src_org_jruby_parser_Ruby19Parser.java,jruby-1.5.0,1707,True,2
src_org_jruby_parser_Ruby19Parser.java,jruby-1.5.0,1708,True,2
src_org_jruby_parser_Ruby19Parser.java,jruby-1.5.0,1709,True,2
src_org_jruby_parser_Ruby19Parser.java,jruby-1.5.0,1710,True,2
src_org_jruby_parser_Ruby19Parser.java,jruby-1.5.0,1711,True,2
src_org_jruby_parser_Ruby19Parser.java,jruby-1.5.0,1712,True,2
src_org_jruby_parser_Ruby19Parser.java,jruby-1.5.0,1713,True,2
src_org_jruby_parser_Ruby19Parser.java,jruby-1.5.0,1714,True,2
src_org_jruby_parser_Ruby19Parser.java,jruby-1.5.0,1715,True,2
src_org_jruby_parser_Ruby19Parser.java,jruby-1.5.0,1716,True,2
src_org_jruby_parser_Ruby19Parser.java,jruby-1.5.0,1717,True,2
src_org_jruby_parser_Ruby19Parser.java,jruby-1.5.0,1718,True,2
src_org_jruby_parser_Ruby19Parser.java,jruby-1.5.0,1719,True,2
src_org_jruby_parser_Ruby19Parser.java,jruby-1.5.0,1720,True,2
src_org_jruby_parser_Ruby19Parser.java,jruby-1.5.0,1721,True,2
src_org_jruby_parser_Ruby19Parser.java,jruby-1.5.0,1722,True,2
src_org_jruby_parser_Ruby19Parser.java,jruby-1.5.0,1723,True,2
src_org_jruby_parser_Ruby19Parser.java,jruby-1.5.0,1724,True,2
src_org_jruby_parser_Ruby19Parser.java,jruby-1.5.0,1725,True,2
src_org_jruby_parser_Ruby19Parser.java,jruby-1.5.0,1726,True,2
src_org_jruby_parser_Ruby19Parser.java,jruby-1.5.0,1727,True,2
src_org_jruby_parser_Ruby19Parser.java,jruby-1.5.0,1728,True,2
src_org_jruby_parser_Ruby19Parser.java,jruby-1.5.0,1729,True,2
src_org_jruby_parser_Ruby19Parser.java,jruby-1.5.0,1730,True,2
src_org_jruby_parser_Ruby19Parser.java,jruby-1.5.0,1731,True,2
src_org_jruby_parser_Ruby19Parser.java,jruby-1.5.0,1732,True,2
src_org_jruby_parser_Ruby19Parser.java,jruby-1.5.0,1733,True,2
src_org_jruby_parser_Ruby19Parser.java,jruby-1.5.0,1734,True,2
src_org_jruby_parser_Ruby19Parser.java,jruby-1.5.0,1735,True,2
src_org_jruby_parser_Ruby19Parser.java,jruby-1.5.0,1736,True,2
src_org_jruby_parser_Ruby19Parser.java,jruby-1.5.0,1737,True,2
src_org_jruby_parser_Ruby19Parser.java,jruby-1.5.0,1738,True,2
src_org_jruby_parser_Ruby19Parser.java,jruby-1.5.0,1739,True,2
src_org_jruby_parser_Ruby19Parser.java,jruby-1.5.0,1740,True,2
src_org_jruby_parser_Ruby19Parser.java,jruby-1.5.0,1741,True,2
src_org_jruby_parser_Ruby19Parser.java,jruby-1.5.0,1742,True,2
src_org_jruby_parser_Ruby19Parser.java,jruby-1.5.0,1743,True,2
src_org_jruby_parser_Ruby19Parser.java,jruby-1.5.0,1744,True,2
src_org_jruby_parser_Ruby19Parser.java,jruby-1.5.0,1745,True,2
src_org_jruby_parser_Ruby19Parser.java,jruby-1.5.0,1746,True,2
src_org_jruby_parser_Ruby19Parser.java,jruby-1.5.0,1747,True,2
src_org_jruby_parser_Ruby19Parser.java,jruby-1.5.0,1748,True,2
src_org_jruby_parser_Ruby19Parser.java,jruby-1.5.0,1749,True,2
src_org_jruby_parser_Ruby19Parser.java,jruby-1.5.0,1750,True,2
src_org_jruby_parser_Ruby19Parser.java,jruby-1.5.0,1751,True,2
src_org_jruby_parser_Ruby19Parser.java,jruby-1.5.0,1752,True,2
src_org_jruby_parser_Ruby19Parser.java,jruby-1.5.0,1753,True,2
src_org_jruby_parser_Ruby19Parser.java,jruby-1.5.0,1754,True,2
src_org_jruby_parser_Ruby19Parser.java,jruby-1.5.0,1755,True,2
src_org_jruby_parser_Ruby19Parser.java,jruby-1.5.0,1756,True,2
src_org_jruby_parser_Ruby19Parser.java,jruby-1.5.0,1757,True,2
src_org_jruby_parser_Ruby19Parser.java,jruby-1.5.0,1758,True,2
src_org_jruby_parser_Ruby19Parser.java,jruby-1.5.0,1759,True,2
src_org_jruby_parser_Ruby19Parser.java,jruby-1.5.0,1760,True,2
src_org_jruby_parser_Ruby19Parser.java,jruby-1.5.0,1761,True,2
src_org_jruby_parser_Ruby19Parser.java,jruby-1.5.0,1762,True,2
src_org_jruby_parser_Ruby19Parser.java,jruby-1.5.0,1763,True,2
src_org_jruby_parser_Ruby19Parser.java,jruby-1.5.0,1764,True,2
src_org_jruby_parser_Ruby19Parser.java,jruby-1.5.0,1765,True,2
src_org_jruby_parser_Ruby19Parser.java,jruby-1.5.0,1766,True,2
src_org_jruby_parser_Ruby19Parser.java,jruby-1.5.0,1767,True,2
src_org_jruby_parser_Ruby19Parser.java,jruby-1.5.0,1768,True,2
src_org_jruby_parser_Ruby19Parser.java,jruby-1.5.0,1769,True,2
src_org_jruby_parser_Ruby19Parser.java,jruby-1.5.0,1770,True,2
src_org_jruby_parser_Ruby19Parser.java,jruby-1.5.0,1771,True,2
src_org_jruby_parser_Ruby19Parser.java,jruby-1.5.0,1772,True,2
src_org_jruby_parser_Ruby19Parser.java,jruby-1.5.0,1773,True,2
src_org_jruby_parser_Ruby19Parser.java,jruby-1.5.0,1774,True,2
src_org_jruby_parser_Ruby19Parser.java,jruby-1.5.0,1775,True,2
src_org_jruby_parser_Ruby19Parser.java,jruby-1.5.0,1776,True,2
src_org_jruby_parser_Ruby19Parser.java,jruby-1.5.0,1777,True,2
src_org_jruby_parser_Ruby19Parser.java,jruby-1.5.0,1778,True,2
src_org_jruby_parser_Ruby19Parser.java,jruby-1.5.0,1779,True,2
src_org_jruby_parser_Ruby19Parser.java,jruby-1.5.0,1780,True,2
src_org_jruby_parser_Ruby19Parser.java,jruby-1.5.0,1781,True,2
src_org_jruby_parser_Ruby19Parser.java,jruby-1.5.0,1782,True,2
src_org_jruby_parser_Ruby19Parser.java,jruby-1.5.0,1783,True,2
src_org_jruby_parser_Ruby19Parser.java,jruby-1.5.0,1784,True,2
src_org_jruby_parser_Ruby19Parser.java,jruby-1.5.0,1785,True,2
src_org_jruby_parser_Ruby19Parser.java,jruby-1.5.0,1786,True,2
src_org_jruby_parser_Ruby19Parser.java,jruby-1.5.0,1787,True,2
src_org_jruby_parser_Ruby19Parser.java,jruby-1.5.0,1788,True,2
src_org_jruby_parser_Ruby19Parser.java,jruby-1.5.0,1789,True,2
src_org_jruby_parser_Ruby19Parser.java,jruby-1.5.0,1790,True,2
src_org_jruby_parser_Ruby19Parser.java,jruby-1.5.0,1791,True,2
src_org_jruby_parser_Ruby19Parser.java,jruby-1.5.0,1792,True,2
src_org_jruby_parser_Ruby19Parser.java,jruby-1.5.0,1793,True,2
src_org_jruby_parser_Ruby19Parser.java,jruby-1.5.0,1794,True,2
src_org_jruby_parser_Ruby19Parser.java,jruby-1.5.0,1795,True,2
src_org_jruby_parser_Ruby19Parser.java,jruby-1.5.0,1796,True,2
src_org_jruby_parser_Ruby19Parser.java,jruby-1.5.0,1797,True,2
src_org_jruby_parser_Ruby19Parser.java,jruby-1.5.0,1798,True,2
src_org_jruby_parser_Ruby19Parser.java,jruby-1.5.0,1799,True,2
src_org_jruby_parser_Ruby19Parser.java,jruby-1.5.0,1800,True,2
src_org_jruby_parser_Ruby19Parser.java,jruby-1.5.0,1801,True,2
src_org_jruby_parser_Ruby19Parser.java,jruby-1.5.0,1802,True,2
src_org_jruby_parser_Ruby19Parser.java,jruby-1.5.0,1803,True,2
src_org_jruby_parser_Ruby19Parser.java,jruby-1.5.0,1804,True,2
src_org_jruby_parser_Ruby19Parser.java,jruby-1.5.0,1805,True,2
src_org_jruby_parser_Ruby19Parser.java,jruby-1.5.0,1806,True,2
src_org_jruby_parser_Ruby19Parser.java,jruby-1.5.0,1807,True,2
src_org_jruby_parser_Ruby19Parser.java,jruby-1.5.0,1808,True,2
src_org_jruby_parser_Ruby19Parser.java,jruby-1.5.0,1809,True,2
src_org_jruby_parser_Ruby19Parser.java,jruby-1.5.0,1810,True,2
src_org_jruby_parser_Ruby19Parser.java,jruby-1.5.0,1811,True,2
src_org_jruby_parser_Ruby19Parser.java,jruby-1.5.0,1812,True,2
src_org_jruby_parser_Ruby19Parser.java,jruby-1.5.0,1813,True,2
src_org_jruby_parser_Ruby19Parser.java,jruby-1.5.0,1814,True,2
src_org_jruby_parser_Ruby19Parser.java,jruby-1.5.0,1815,True,2
src_org_jruby_parser_Ruby19Parser.java,jruby-1.5.0,1816,True,2
src_org_jruby_parser_Ruby19Parser.java,jruby-1.5.0,1817,True,2
src_org_jruby_parser_Ruby19Parser.java,jruby-1.5.0,1818,True,2
src_org_jruby_parser_Ruby19Parser.java,jruby-1.5.0,1819,True,2
src_org_jruby_parser_Ruby19Parser.java,jruby-1.5.0,1820,True,2
src_org_jruby_parser_Ruby19Parser.java,jruby-1.5.0,1821,True,2
src_org_jruby_parser_Ruby19Parser.java,jruby-1.5.0,1822,True,2
src_org_jruby_parser_Ruby19Parser.java,jruby-1.5.0,1823,True,2
src_org_jruby_parser_Ruby19Parser.java,jruby-1.5.0,1824,True,2
src_org_jruby_parser_Ruby19Parser.java,jruby-1.5.0,1825,True,2
src_org_jruby_parser_Ruby19Parser.java,jruby-1.5.0,1826,True,2
src_org_jruby_parser_Ruby19Parser.java,jruby-1.5.0,1827,True,2
src_org_jruby_parser_Ruby19Parser.java,jruby-1.5.0,1828,True,2
src_org_jruby_parser_Ruby19Parser.java,jruby-1.5.0,1829,True,2
src_org_jruby_parser_Ruby19Parser.java,jruby-1.5.0,1830,True,2
src_org_jruby_parser_Ruby19Parser.java,jruby-1.5.0,1831,True,2
src_org_jruby_parser_Ruby19Parser.java,jruby-1.5.0,1832,True,2
src_org_jruby_parser_Ruby19Parser.java,jruby-1.5.0,1833,True,2
src_org_jruby_parser_Ruby19Parser.java,jruby-1.5.0,1834,True,2
src_org_jruby_parser_Ruby19Parser.java,jruby-1.5.0,1835,True,2
src_org_jruby_parser_Ruby19Parser.java,jruby-1.5.0,1836,True,2
src_org_jruby_parser_Ruby19Parser.java,jruby-1.5.0,1837,True,2
src_org_jruby_parser_Ruby19Parser.java,jruby-1.5.0,1838,True,2
src_org_jruby_parser_Ruby19Parser.java,jruby-1.5.0,1839,True,2
src_org_jruby_parser_Ruby19Parser.java,jruby-1.5.0,1840,True,2
src_org_jruby_parser_Ruby19Parser.java,jruby-1.5.0,1841,True,2
src_org_jruby_parser_Ruby19Parser.java,jruby-1.5.0,1842,True,2
src_org_jruby_parser_Ruby19Parser.java,jruby-1.5.0,1843,True,2
src_org_jruby_parser_Ruby19Parser.java,jruby-1.5.0,1844,True,2
src_org_jruby_parser_Ruby19Parser.java,jruby-1.5.0,1845,True,2
src_org_jruby_parser_Ruby19Parser.java,jruby-1.5.0,1846,True,2
src_org_jruby_parser_Ruby19Parser.java,jruby-1.5.0,1847,True,2
src_org_jruby_parser_Ruby19Parser.java,jruby-1.5.0,1848,True,2
src_org_jruby_parser_Ruby19Parser.java,jruby-1.5.0,1849,True,2
src_org_jruby_parser_Ruby19Parser.java,jruby-1.5.0,1850,True,2
src_org_jruby_parser_Ruby19Parser.java,jruby-1.5.0,1851,True,2
src_org_jruby_parser_Ruby19Parser.java,jruby-1.5.0,1852,True,2
src_org_jruby_parser_Ruby19Parser.java,jruby-1.5.0,1853,True,2
src_org_jruby_parser_Ruby19Parser.java,jruby-1.5.0,1854,True,2
src_org_jruby_parser_Ruby19Parser.java,jruby-1.5.0,1855,True,2
src_org_jruby_parser_Ruby19Parser.java,jruby-1.5.0,1856,True,2
src_org_jruby_parser_Ruby19Parser.java,jruby-1.5.0,1857,True,2
src_org_jruby_parser_Ruby19Parser.java,jruby-1.5.0,1858,True,2
src_org_jruby_parser_Ruby19Parser.java,jruby-1.5.0,1859,True,2
src_org_jruby_parser_Ruby19Parser.java,jruby-1.5.0,1860,True,2
src_org_jruby_parser_Ruby19Parser.java,jruby-1.5.0,1861,True,2
src_org_jruby_parser_Ruby19Parser.java,jruby-1.5.0,1862,True,2
src_org_jruby_parser_Ruby19Parser.java,jruby-1.5.0,1863,True,2
src_org_jruby_parser_Ruby19Parser.java,jruby-1.5.0,1864,True,2
src_org_jruby_parser_Ruby19Parser.java,jruby-1.5.0,1865,True,2
src_org_jruby_parser_Ruby19Parser.java,jruby-1.5.0,1866,True,2
src_org_jruby_parser_Ruby19Parser.java,jruby-1.5.0,1867,True,2
src_org_jruby_parser_Ruby19Parser.java,jruby-1.5.0,1868,True,2
src_org_jruby_parser_Ruby19Parser.java,jruby-1.5.0,1869,True,2
src_org_jruby_parser_Ruby19Parser.java,jruby-1.5.0,1870,True,2
src_org_jruby_parser_Ruby19Parser.java,jruby-1.5.0,1871,True,2
src_org_jruby_parser_Ruby19Parser.java,jruby-1.5.0,1872,True,2
src_org_jruby_parser_Ruby19Parser.java,jruby-1.5.0,1873,True,2
src_org_jruby_parser_Ruby19Parser.java,jruby-1.5.0,1874,True,2
src_org_jruby_parser_Ruby19Parser.java,jruby-1.5.0,1875,True,2
src_org_jruby_parser_Ruby19Parser.java,jruby-1.5.0,1876,True,2
src_org_jruby_parser_Ruby19Parser.java,jruby-1.5.0,1877,True,2
src_org_jruby_parser_Ruby19Parser.java,jruby-1.5.0,1878,True,2
src_org_jruby_parser_Ruby19Parser.java,jruby-1.5.0,1879,True,2
src_org_jruby_parser_Ruby19Parser.java,jruby-1.5.0,1880,True,2
src_org_jruby_parser_Ruby19Parser.java,jruby-1.5.0,1881,True,2
src_org_jruby_parser_Ruby19Parser.java,jruby-1.5.0,1882,True,2
src_org_jruby_parser_Ruby19Parser.java,jruby-1.5.0,1883,True,2
src_org_jruby_parser_Ruby19Parser.java,jruby-1.5.0,1884,True,2
src_org_jruby_parser_Ruby19Parser.java,jruby-1.5.0,1885,True,2
src_org_jruby_parser_Ruby19Parser.java,jruby-1.5.0,1886,True,2
src_org_jruby_parser_Ruby19Parser.java,jruby-1.5.0,1887,True,2
src_org_jruby_parser_Ruby19Parser.java,jruby-1.5.0,1888,True,2
src_org_jruby_parser_Ruby19Parser.java,jruby-1.5.0,1889,True,2
src_org_jruby_parser_Ruby19Parser.java,jruby-1.5.0,1890,True,2
src_org_jruby_parser_Ruby19Parser.java,jruby-1.5.0,1891,True,2
src_org_jruby_parser_Ruby19Parser.java,jruby-1.5.0,1892,True,2
src_org_jruby_parser_Ruby19Parser.java,jruby-1.5.0,1893,True,2
src_org_jruby_parser_Ruby19Parser.java,jruby-1.5.0,1894,True,2
src_org_jruby_parser_Ruby19Parser.java,jruby-1.5.0,1895,True,2
src_org_jruby_parser_Ruby19Parser.java,jruby-1.5.0,1896,True,2
src_org_jruby_parser_Ruby19Parser.java,jruby-1.5.0,1897,True,2
src_org_jruby_parser_Ruby19Parser.java,jruby-1.5.0,1898,True,2
src_org_jruby_parser_Ruby19Parser.java,jruby-1.5.0,1899,True,2
src_org_jruby_parser_Ruby19Parser.java,jruby-1.5.0,1900,True,2
src_org_jruby_parser_Ruby19Parser.java,jruby-1.5.0,1901,True,2
src_org_jruby_parser_Ruby19Parser.java,jruby-1.5.0,1902,True,2
src_org_jruby_parser_Ruby19Parser.java,jruby-1.5.0,1903,True,2
src_org_jruby_parser_Ruby19Parser.java,jruby-1.5.0,1904,True,2
src_org_jruby_parser_Ruby19Parser.java,jruby-1.5.0,1905,True,2
src_org_jruby_parser_Ruby19Parser.java,jruby-1.5.0,1906,True,2
src_org_jruby_parser_Ruby19Parser.java,jruby-1.5.0,1907,True,2
src_org_jruby_parser_Ruby19Parser.java,jruby-1.5.0,1908,True,2
src_org_jruby_parser_Ruby19Parser.java,jruby-1.5.0,1909,True,2
src_org_jruby_parser_Ruby19Parser.java,jruby-1.5.0,1910,True,2
src_org_jruby_parser_Ruby19Parser.java,jruby-1.5.0,1911,True,2
src_org_jruby_parser_Ruby19Parser.java,jruby-1.5.0,1912,True,2
src_org_jruby_parser_Ruby19Parser.java,jruby-1.5.0,1913,True,2
src_org_jruby_parser_Ruby19Parser.java,jruby-1.5.0,1914,True,2
src_org_jruby_parser_Ruby19Parser.java,jruby-1.5.0,1915,True,2
src_org_jruby_parser_Ruby19Parser.java,jruby-1.5.0,1916,True,2
src_org_jruby_parser_Ruby19Parser.java,jruby-1.5.0,1917,True,2
src_org_jruby_parser_Ruby19Parser.java,jruby-1.5.0,1918,True,2
src_org_jruby_parser_Ruby19Parser.java,jruby-1.5.0,1919,True,2
src_org_jruby_parser_Ruby19Parser.java,jruby-1.5.0,1920,True,2
src_org_jruby_parser_Ruby19Parser.java,jruby-1.5.0,1921,True,2
src_org_jruby_parser_Ruby19Parser.java,jruby-1.5.0,1922,True,2
src_org_jruby_parser_Ruby19Parser.java,jruby-1.5.0,1923,True,2
src_org_jruby_parser_Ruby19Parser.java,jruby-1.5.0,1924,True,2
src_org_jruby_parser_Ruby19Parser.java,jruby-1.5.0,1925,True,2
src_org_jruby_parser_Ruby19Parser.java,jruby-1.5.0,1926,True,2
src_org_jruby_parser_Ruby19Parser.java,jruby-1.5.0,1927,True,2
src_org_jruby_parser_Ruby19Parser.java,jruby-1.5.0,1928,True,2
src_org_jruby_parser_Ruby19Parser.java,jruby-1.5.0,1929,True,2
src_org_jruby_parser_Ruby19Parser.java,jruby-1.5.0,1930,True,2
src_org_jruby_parser_Ruby19Parser.java,jruby-1.5.0,1931,True,2
src_org_jruby_parser_Ruby19Parser.java,jruby-1.5.0,1932,True,2
src_org_jruby_parser_Ruby19Parser.java,jruby-1.5.0,1933,True,2
src_org_jruby_parser_Ruby19Parser.java,jruby-1.5.0,1934,True,2
src_org_jruby_parser_Ruby19Parser.java,jruby-1.5.0,1935,True,2
src_org_jruby_parser_Ruby19Parser.java,jruby-1.5.0,1936,True,2
src_org_jruby_parser_Ruby19Parser.java,jruby-1.5.0,1937,True,2
src_org_jruby_parser_Ruby19Parser.java,jruby-1.5.0,1938,True,2
src_org_jruby_parser_Ruby19Parser.java,jruby-1.5.0,1939,True,2
src_org_jruby_parser_Ruby19Parser.java,jruby-1.5.0,1940,True,2
src_org_jruby_parser_Ruby19Parser.java,jruby-1.5.0,1941,True,2
src_org_jruby_parser_Ruby19Parser.java,jruby-1.5.0,1942,True,2
src_org_jruby_parser_Ruby19Parser.java,jruby-1.5.0,1943,True,2
src_org_jruby_parser_Ruby19Parser.java,jruby-1.5.0,1944,True,2
src_org_jruby_parser_Ruby19Parser.java,jruby-1.5.0,1945,True,2
src_org_jruby_parser_Ruby19Parser.java,jruby-1.5.0,1946,True,2
src_org_jruby_parser_Ruby19Parser.java,jruby-1.5.0,1947,True,2
src_org_jruby_parser_Ruby19Parser.java,jruby-1.5.0,1948,True,2
src_org_jruby_parser_Ruby19Parser.java,jruby-1.5.0,1949,True,2
src_org_jruby_parser_Ruby19Parser.java,jruby-1.5.0,1950,True,2
src_org_jruby_parser_Ruby19Parser.java,jruby-1.5.0,1951,True,2
src_org_jruby_parser_Ruby19Parser.java,jruby-1.5.0,1952,True,2
src_org_jruby_parser_Ruby19Parser.java,jruby-1.5.0,1953,True,2
src_org_jruby_parser_Ruby19Parser.java,jruby-1.5.0,1954,True,2
src_org_jruby_parser_Ruby19Parser.java,jruby-1.5.0,1955,True,2
src_org_jruby_parser_Ruby19Parser.java,jruby-1.5.0,1956,True,2
src_org_jruby_parser_Ruby19Parser.java,jruby-1.5.0,1957,True,2
src_org_jruby_parser_Ruby19Parser.java,jruby-1.5.0,1958,True,2
src_org_jruby_parser_Ruby19Parser.java,jruby-1.5.0,1959,True,2
src_org_jruby_parser_Ruby19Parser.java,jruby-1.5.0,1960,True,2
src_org_jruby_parser_Ruby19Parser.java,jruby-1.5.0,1961,True,2
src_org_jruby_parser_Ruby19Parser.java,jruby-1.5.0,1962,True,2
src_org_jruby_parser_Ruby19Parser.java,jruby-1.5.0,1963,True,2
src_org_jruby_parser_Ruby19Parser.java,jruby-1.5.0,1964,True,2
src_org_jruby_parser_Ruby19Parser.java,jruby-1.5.0,1965,True,2
src_org_jruby_parser_Ruby19Parser.java,jruby-1.5.0,1966,True,2
src_org_jruby_parser_Ruby19Parser.java,jruby-1.5.0,1967,True,2
src_org_jruby_parser_Ruby19Parser.java,jruby-1.5.0,1968,True,2
src_org_jruby_parser_Ruby19Parser.java,jruby-1.5.0,1969,True,2
src_org_jruby_parser_Ruby19Parser.java,jruby-1.5.0,1970,True,2
src_org_jruby_parser_Ruby19Parser.java,jruby-1.5.0,1971,True,2
src_org_jruby_parser_Ruby19Parser.java,jruby-1.5.0,1972,True,2
src_org_jruby_parser_Ruby19Parser.java,jruby-1.5.0,1973,True,2
src_org_jruby_parser_Ruby19Parser.java,jruby-1.5.0,1974,True,2
src_org_jruby_parser_Ruby19Parser.java,jruby-1.5.0,1975,True,2
src_org_jruby_parser_Ruby19Parser.java,jruby-1.5.0,1976,True,2
src_org_jruby_parser_Ruby19Parser.java,jruby-1.5.0,1977,True,2
src_org_jruby_parser_Ruby19Parser.java,jruby-1.5.0,1978,True,2
src_org_jruby_parser_Ruby19Parser.java,jruby-1.5.0,1979,True,2
src_org_jruby_parser_Ruby19Parser.java,jruby-1.5.0,1980,True,2
src_org_jruby_parser_Ruby19Parser.java,jruby-1.5.0,1981,True,2
src_org_jruby_parser_Ruby19Parser.java,jruby-1.5.0,1982,True,2
src_org_jruby_parser_Ruby19Parser.java,jruby-1.5.0,1983,True,2
src_org_jruby_parser_Ruby19Parser.java,jruby-1.5.0,1984,True,2
src_org_jruby_parser_Ruby19Parser.java,jruby-1.5.0,1985,True,2
src_org_jruby_parser_Ruby19Parser.java,jruby-1.5.0,1986,True,2
src_org_jruby_parser_Ruby19Parser.java,jruby-1.5.0,1987,True,2
src_org_jruby_parser_Ruby19Parser.java,jruby-1.5.0,1988,True,2
src_org_jruby_parser_Ruby19Parser.java,jruby-1.5.0,1989,True,2
src_org_jruby_parser_Ruby19Parser.java,jruby-1.5.0,1990,True,2
src_org_jruby_parser_Ruby19Parser.java,jruby-1.5.0,1991,True,2
src_org_jruby_parser_Ruby19Parser.java,jruby-1.5.0,1992,True,2
src_org_jruby_parser_Ruby19Parser.java,jruby-1.5.0,1993,True,2
src_org_jruby_parser_Ruby19Parser.java,jruby-1.5.0,1994,True,2
src_org_jruby_parser_Ruby19Parser.java,jruby-1.5.0,1995,True,2
src_org_jruby_parser_Ruby19Parser.java,jruby-1.5.0,1996,True,2
src_org_jruby_parser_Ruby19Parser.java,jruby-1.5.0,1997,True,2
src_org_jruby_parser_Ruby19Parser.java,jruby-1.5.0,1998,True,2
src_org_jruby_parser_Ruby19Parser.java,jruby-1.5.0,1999,True,2
src_org_jruby_parser_Ruby19Parser.java,jruby-1.5.0,2000,True,2
src_org_jruby_parser_Ruby19Parser.java,jruby-1.5.0,2001,True,2
src_org_jruby_parser_Ruby19Parser.java,jruby-1.5.0,2002,True,2
src_org_jruby_parser_Ruby19Parser.java,jruby-1.5.0,2003,True,2
src_org_jruby_parser_Ruby19Parser.java,jruby-1.5.0,2004,True,2
src_org_jruby_parser_Ruby19Parser.java,jruby-1.5.0,2005,True,2
src_org_jruby_parser_Ruby19Parser.java,jruby-1.5.0,2006,True,2
src_org_jruby_parser_Ruby19Parser.java,jruby-1.5.0,2007,True,2
src_org_jruby_parser_Ruby19Parser.java,jruby-1.5.0,2008,True,2
src_org_jruby_parser_Ruby19Parser.java,jruby-1.5.0,2009,True,2
src_org_jruby_parser_Ruby19Parser.java,jruby-1.5.0,2010,True,2
src_org_jruby_parser_Ruby19Parser.java,jruby-1.5.0,2011,True,2
src_org_jruby_parser_Ruby19Parser.java,jruby-1.5.0,2012,True,2
src_org_jruby_parser_Ruby19Parser.java,jruby-1.5.0,2013,True,2
src_org_jruby_parser_Ruby19Parser.java,jruby-1.5.0,2014,True,2
src_org_jruby_parser_Ruby19Parser.java,jruby-1.5.0,2015,True,2
src_org_jruby_parser_Ruby19Parser.java,jruby-1.5.0,2016,True,2
src_org_jruby_parser_Ruby19Parser.java,jruby-1.5.0,2017,True,2
src_org_jruby_parser_Ruby19Parser.java,jruby-1.5.0,2018,True,2
src_org_jruby_parser_Ruby19Parser.java,jruby-1.5.0,2019,True,2
src_org_jruby_parser_Ruby19Parser.java,jruby-1.5.0,2020,True,2
src_org_jruby_parser_Ruby19Parser.java,jruby-1.5.0,2021,True,2
src_org_jruby_parser_Ruby19Parser.java,jruby-1.5.0,2022,True,2
src_org_jruby_parser_Ruby19Parser.java,jruby-1.5.0,2023,True,2
src_org_jruby_parser_Ruby19Parser.java,jruby-1.5.0,2024,True,2
src_org_jruby_parser_Ruby19Parser.java,jruby-1.5.0,2025,True,2
src_org_jruby_parser_Ruby19Parser.java,jruby-1.5.0,2026,True,2
src_org_jruby_parser_Ruby19Parser.java,jruby-1.5.0,2027,True,2
src_org_jruby_parser_Ruby19Parser.java,jruby-1.5.0,2028,True,2
src_org_jruby_parser_Ruby19Parser.java,jruby-1.5.0,2029,True,2
src_org_jruby_parser_Ruby19Parser.java,jruby-1.5.0,2030,True,2
src_org_jruby_parser_Ruby19Parser.java,jruby-1.5.0,2031,True,2
src_org_jruby_parser_Ruby19Parser.java,jruby-1.5.0,2032,True,2
src_org_jruby_parser_Ruby19Parser.java,jruby-1.5.0,2033,True,2
src_org_jruby_parser_Ruby19Parser.java,jruby-1.5.0,2034,True,2
src_org_jruby_parser_Ruby19Parser.java,jruby-1.5.0,2035,True,2
src_org_jruby_parser_Ruby19Parser.java,jruby-1.5.0,2036,True,2
src_org_jruby_parser_Ruby19Parser.java,jruby-1.5.0,2037,True,2
src_org_jruby_parser_Ruby19Parser.java,jruby-1.5.0,2038,True,2
src_org_jruby_parser_Ruby19Parser.java,jruby-1.5.0,2039,True,2
src_org_jruby_parser_Ruby19Parser.java,jruby-1.5.0,2040,True,2
src_org_jruby_parser_Ruby19Parser.java,jruby-1.5.0,2041,True,2
src_org_jruby_parser_Ruby19Parser.java,jruby-1.5.0,2042,True,2
src_org_jruby_parser_Ruby19Parser.java,jruby-1.5.0,2043,True,2
src_org_jruby_parser_Ruby19Parser.java,jruby-1.5.0,2044,True,2
src_org_jruby_parser_Ruby19Parser.java,jruby-1.5.0,2045,True,2
src_org_jruby_parser_Ruby19Parser.java,jruby-1.5.0,2046,True,2
src_org_jruby_parser_Ruby19Parser.java,jruby-1.5.0,2047,True,2
src_org_jruby_parser_Ruby19Parser.java,jruby-1.5.0,2048,True,2
src_org_jruby_parser_Ruby19Parser.java,jruby-1.5.0,2049,True,2
src_org_jruby_parser_Ruby19Parser.java,jruby-1.5.0,2050,True,2
src_org_jruby_parser_Ruby19Parser.java,jruby-1.5.0,2051,True,2
src_org_jruby_parser_Ruby19Parser.java,jruby-1.5.0,2052,True,2
src_org_jruby_parser_Ruby19Parser.java,jruby-1.5.0,2053,True,2
src_org_jruby_parser_Ruby19Parser.java,jruby-1.5.0,2054,True,2
src_org_jruby_parser_Ruby19Parser.java,jruby-1.5.0,2055,True,2
src_org_jruby_parser_Ruby19Parser.java,jruby-1.5.0,2056,True,2
src_org_jruby_parser_Ruby19Parser.java,jruby-1.5.0,2057,True,2
src_org_jruby_parser_Ruby19Parser.java,jruby-1.5.0,2058,True,2
src_org_jruby_parser_Ruby19Parser.java,jruby-1.5.0,2059,True,2
src_org_jruby_parser_Ruby19Parser.java,jruby-1.5.0,2060,True,2
src_org_jruby_parser_Ruby19Parser.java,jruby-1.5.0,2061,True,2
src_org_jruby_parser_Ruby19Parser.java,jruby-1.5.0,2062,True,2
src_org_jruby_parser_Ruby19Parser.java,jruby-1.5.0,2063,True,2
src_org_jruby_parser_Ruby19Parser.java,jruby-1.5.0,2064,True,2
src_org_jruby_parser_Ruby19Parser.java,jruby-1.5.0,2065,True,2
src_org_jruby_parser_Ruby19Parser.java,jruby-1.5.0,2066,True,2
src_org_jruby_parser_Ruby19Parser.java,jruby-1.5.0,2067,True,2
src_org_jruby_parser_Ruby19Parser.java,jruby-1.5.0,2068,True,2
src_org_jruby_parser_Ruby19Parser.java,jruby-1.5.0,2069,True,2
src_org_jruby_parser_Ruby19Parser.java,jruby-1.5.0,2070,True,2
src_org_jruby_parser_Ruby19Parser.java,jruby-1.5.0,2071,True,2
src_org_jruby_parser_Ruby19Parser.java,jruby-1.5.0,2072,True,2
src_org_jruby_parser_Ruby19Parser.java,jruby-1.5.0,2073,True,2
src_org_jruby_parser_Ruby19Parser.java,jruby-1.5.0,2074,True,2
src_org_jruby_parser_Ruby19Parser.java,jruby-1.5.0,2075,True,2
src_org_jruby_parser_Ruby19Parser.java,jruby-1.5.0,2076,True,2
src_org_jruby_parser_Ruby19Parser.java,jruby-1.5.0,2077,True,2
src_org_jruby_parser_Ruby19Parser.java,jruby-1.5.0,2078,True,2
src_org_jruby_parser_Ruby19Parser.java,jruby-1.5.0,2079,True,2
src_org_jruby_parser_Ruby19Parser.java,jruby-1.5.0,2080,True,2
src_org_jruby_parser_Ruby19Parser.java,jruby-1.5.0,2081,True,2
src_org_jruby_parser_Ruby19Parser.java,jruby-1.5.0,2082,True,2
src_org_jruby_parser_Ruby19Parser.java,jruby-1.5.0,2083,True,2
src_org_jruby_parser_Ruby19Parser.java,jruby-1.5.0,2084,True,2
src_org_jruby_parser_Ruby19Parser.java,jruby-1.5.0,2085,True,2
src_org_jruby_parser_Ruby19Parser.java,jruby-1.5.0,2086,True,2
src_org_jruby_parser_Ruby19Parser.java,jruby-1.5.0,2087,True,2
src_org_jruby_parser_Ruby19Parser.java,jruby-1.5.0,2088,True,2
src_org_jruby_parser_Ruby19Parser.java,jruby-1.5.0,2089,True,2
src_org_jruby_parser_Ruby19Parser.java,jruby-1.5.0,2090,True,2
src_org_jruby_parser_Ruby19Parser.java,jruby-1.5.0,2091,True,2
src_org_jruby_parser_Ruby19Parser.java,jruby-1.5.0,2092,True,2
src_org_jruby_parser_Ruby19Parser.java,jruby-1.5.0,2093,True,2
src_org_jruby_parser_Ruby19Parser.java,jruby-1.5.0,2094,True,2
src_org_jruby_parser_Ruby19Parser.java,jruby-1.5.0,2095,True,2
src_org_jruby_parser_Ruby19Parser.java,jruby-1.5.0,2096,True,2
src_org_jruby_parser_Ruby19Parser.java,jruby-1.5.0,2097,True,2
src_org_jruby_parser_Ruby19Parser.java,jruby-1.5.0,2098,True,2
src_org_jruby_parser_Ruby19Parser.java,jruby-1.5.0,2099,True,2
src_org_jruby_parser_Ruby19Parser.java,jruby-1.5.0,2100,True,2
src_org_jruby_parser_Ruby19Parser.java,jruby-1.5.0,2101,True,2
src_org_jruby_parser_Ruby19Parser.java,jruby-1.5.0,2102,True,2
src_org_jruby_parser_Ruby19Parser.java,jruby-1.5.0,2103,True,2
src_org_jruby_parser_Ruby19Parser.java,jruby-1.5.0,2104,True,2
src_org_jruby_parser_Ruby19Parser.java,jruby-1.5.0,2105,True,2
src_org_jruby_parser_Ruby19Parser.java,jruby-1.5.0,2106,True,2
src_org_jruby_parser_Ruby19Parser.java,jruby-1.5.0,2107,True,2
src_org_jruby_parser_Ruby19Parser.java,jruby-1.5.0,2108,True,2
src_org_jruby_parser_Ruby19Parser.java,jruby-1.5.0,2109,True,2
src_org_jruby_parser_Ruby19Parser.java,jruby-1.5.0,2110,True,2
src_org_jruby_parser_Ruby19Parser.java,jruby-1.5.0,2111,True,2
src_org_jruby_parser_Ruby19Parser.java,jruby-1.5.0,2112,True,2
src_org_jruby_parser_Ruby19Parser.java,jruby-1.5.0,2113,True,2
src_org_jruby_parser_Ruby19Parser.java,jruby-1.5.0,2114,True,2
src_org_jruby_parser_Ruby19Parser.java,jruby-1.5.0,2115,True,2
src_org_jruby_parser_Ruby19Parser.java,jruby-1.5.0,2116,True,2
src_org_jruby_parser_Ruby19Parser.java,jruby-1.5.0,2117,True,2
src_org_jruby_parser_Ruby19Parser.java,jruby-1.5.0,2118,True,2
src_org_jruby_parser_Ruby19Parser.java,jruby-1.5.0,2119,True,2
src_org_jruby_parser_Ruby19Parser.java,jruby-1.5.0,2120,True,2
src_org_jruby_parser_Ruby19Parser.java,jruby-1.5.0,2121,True,2
src_org_jruby_parser_Ruby19Parser.java,jruby-1.5.0,2122,True,2
src_org_jruby_parser_Ruby19Parser.java,jruby-1.5.0,2123,True,2
src_org_jruby_parser_Ruby19Parser.java,jruby-1.5.0,2124,True,2
src_org_jruby_parser_Ruby19Parser.java,jruby-1.5.0,2125,True,2
src_org_jruby_parser_Ruby19Parser.java,jruby-1.5.0,2126,True,2
src_org_jruby_parser_Ruby19Parser.java,jruby-1.5.0,2127,True,2
src_org_jruby_parser_Ruby19Parser.java,jruby-1.5.0,2128,True,2
src_org_jruby_parser_Ruby19Parser.java,jruby-1.5.0,2129,True,2
src_org_jruby_parser_Ruby19Parser.java,jruby-1.5.0,2130,True,2
src_org_jruby_parser_Ruby19Parser.java,jruby-1.5.0,2131,True,2
src_org_jruby_parser_Ruby19Parser.java,jruby-1.5.0,2132,True,2
src_org_jruby_parser_Ruby19Parser.java,jruby-1.5.0,2133,True,2
src_org_jruby_parser_Ruby19Parser.java,jruby-1.5.0,2134,True,2
src_org_jruby_parser_Ruby19Parser.java,jruby-1.5.0,2135,True,2
src_org_jruby_parser_Ruby19Parser.java,jruby-1.5.0,2136,True,2
src_org_jruby_parser_Ruby19Parser.java,jruby-1.5.0,2137,True,2
src_org_jruby_parser_Ruby19Parser.java,jruby-1.5.0,2138,True,2
src_org_jruby_parser_Ruby19Parser.java,jruby-1.5.0,2139,True,2
src_org_jruby_parser_Ruby19Parser.java,jruby-1.5.0,2140,True,2
src_org_jruby_parser_Ruby19Parser.java,jruby-1.5.0,2141,True,2
src_org_jruby_parser_Ruby19Parser.java,jruby-1.5.0,2142,True,2
src_org_jruby_parser_Ruby19Parser.java,jruby-1.5.0,2143,True,2
src_org_jruby_parser_Ruby19Parser.java,jruby-1.5.0,2144,True,2
src_org_jruby_parser_Ruby19Parser.java,jruby-1.5.0,2145,True,2
src_org_jruby_parser_Ruby19Parser.java,jruby-1.5.0,2146,True,2
src_org_jruby_parser_Ruby19Parser.java,jruby-1.5.0,2147,True,2
src_org_jruby_parser_Ruby19Parser.java,jruby-1.5.0,2148,True,2
src_org_jruby_parser_Ruby19Parser.java,jruby-1.5.0,2149,True,2
src_org_jruby_parser_Ruby19Parser.java,jruby-1.5.0,2150,True,2
src_org_jruby_parser_Ruby19Parser.java,jruby-1.5.0,2151,True,2
src_org_jruby_parser_Ruby19Parser.java,jruby-1.5.0,2152,True,2
src_org_jruby_parser_Ruby19Parser.java,jruby-1.5.0,2153,True,2
src_org_jruby_parser_Ruby19Parser.java,jruby-1.5.0,2154,True,2
src_org_jruby_parser_Ruby19Parser.java,jruby-1.5.0,2155,True,2
src_org_jruby_parser_Ruby19Parser.java,jruby-1.5.0,2156,True,2
src_org_jruby_parser_Ruby19Parser.java,jruby-1.5.0,2157,True,2
src_org_jruby_parser_Ruby19Parser.java,jruby-1.5.0,2158,True,2
src_org_jruby_parser_Ruby19Parser.java,jruby-1.5.0,2159,True,2
src_org_jruby_parser_Ruby19Parser.java,jruby-1.5.0,2160,True,2
src_org_jruby_parser_Ruby19Parser.java,jruby-1.5.0,2161,True,2
src_org_jruby_parser_Ruby19Parser.java,jruby-1.5.0,2162,True,2
src_org_jruby_parser_Ruby19Parser.java,jruby-1.5.0,2163,True,2
src_org_jruby_parser_Ruby19Parser.java,jruby-1.5.0,2164,True,2
src_org_jruby_parser_Ruby19Parser.java,jruby-1.5.0,2165,True,2
src_org_jruby_parser_Ruby19Parser.java,jruby-1.5.0,2166,True,2
src_org_jruby_parser_Ruby19Parser.java,jruby-1.5.0,2167,True,2
src_org_jruby_parser_Ruby19Parser.java,jruby-1.5.0,2168,True,2
src_org_jruby_parser_Ruby19Parser.java,jruby-1.5.0,2169,True,2
src_org_jruby_parser_Ruby19Parser.java,jruby-1.5.0,2170,True,2
src_org_jruby_parser_Ruby19Parser.java,jruby-1.5.0,2171,True,2
src_org_jruby_parser_Ruby19Parser.java,jruby-1.5.0,2172,True,2
src_org_jruby_parser_Ruby19Parser.java,jruby-1.5.0,2173,True,2
src_org_jruby_parser_Ruby19Parser.java,jruby-1.5.0,2174,True,2
src_org_jruby_parser_Ruby19Parser.java,jruby-1.5.0,2175,True,2
src_org_jruby_parser_Ruby19Parser.java,jruby-1.5.0,2176,True,2
src_org_jruby_parser_Ruby19Parser.java,jruby-1.5.0,2177,True,2
src_org_jruby_parser_Ruby19Parser.java,jruby-1.5.0,2178,True,2
src_org_jruby_parser_Ruby19Parser.java,jruby-1.5.0,2179,True,2
src_org_jruby_parser_Ruby19Parser.java,jruby-1.5.0,2180,True,2
src_org_jruby_parser_Ruby19Parser.java,jruby-1.5.0,2181,True,2
src_org_jruby_parser_Ruby19Parser.java,jruby-1.5.0,2182,True,2
src_org_jruby_parser_Ruby19Parser.java,jruby-1.5.0,2183,True,2
src_org_jruby_parser_Ruby19Parser.java,jruby-1.5.0,2184,True,2
src_org_jruby_parser_Ruby19Parser.java,jruby-1.5.0,2185,True,2
src_org_jruby_parser_Ruby19Parser.java,jruby-1.5.0,2186,True,2
src_org_jruby_parser_Ruby19Parser.java,jruby-1.5.0,2187,True,2
src_org_jruby_parser_Ruby19Parser.java,jruby-1.5.0,2188,True,2
src_org_jruby_parser_Ruby19Parser.java,jruby-1.5.0,2189,True,2
src_org_jruby_parser_Ruby19Parser.java,jruby-1.5.0,2190,True,2
src_org_jruby_parser_Ruby19Parser.java,jruby-1.5.0,2191,True,2
src_org_jruby_parser_Ruby19Parser.java,jruby-1.5.0,2192,True,2
src_org_jruby_parser_Ruby19Parser.java,jruby-1.5.0,2193,True,2
src_org_jruby_parser_Ruby19Parser.java,jruby-1.5.0,2194,True,2
src_org_jruby_parser_Ruby19Parser.java,jruby-1.5.0,2195,True,2
src_org_jruby_parser_Ruby19Parser.java,jruby-1.5.0,2196,True,2
src_org_jruby_parser_Ruby19Parser.java,jruby-1.5.0,2197,True,2
src_org_jruby_parser_Ruby19Parser.java,jruby-1.5.0,2198,True,2
src_org_jruby_parser_Ruby19Parser.java,jruby-1.5.0,2199,True,2
src_org_jruby_parser_Ruby19Parser.java,jruby-1.5.0,2200,True,2
src_org_jruby_parser_Ruby19Parser.java,jruby-1.5.0,2201,True,2
src_org_jruby_parser_Ruby19Parser.java,jruby-1.5.0,2202,True,2
src_org_jruby_parser_Ruby19Parser.java,jruby-1.5.0,2203,True,2
src_org_jruby_parser_Ruby19Parser.java,jruby-1.5.0,2204,True,2
src_org_jruby_parser_Ruby19Parser.java,jruby-1.5.0,2205,True,2
src_org_jruby_parser_Ruby19Parser.java,jruby-1.5.0,2206,True,2
src_org_jruby_parser_Ruby19Parser.java,jruby-1.5.0,2207,True,2
src_org_jruby_parser_Ruby19Parser.java,jruby-1.5.0,2208,True,2
src_org_jruby_parser_Ruby19Parser.java,jruby-1.5.0,2209,True,2
src_org_jruby_parser_Ruby19Parser.java,jruby-1.5.0,2210,True,2
src_org_jruby_parser_Ruby19Parser.java,jruby-1.5.0,2211,True,2
src_org_jruby_parser_Ruby19Parser.java,jruby-1.5.0,2212,True,2
src_org_jruby_parser_Ruby19Parser.java,jruby-1.5.0,2213,True,2
src_org_jruby_parser_Ruby19Parser.java,jruby-1.5.0,2214,True,2
src_org_jruby_parser_Ruby19Parser.java,jruby-1.5.0,2215,True,2
src_org_jruby_parser_Ruby19Parser.java,jruby-1.5.0,2216,True,2
src_org_jruby_parser_Ruby19Parser.java,jruby-1.5.0,2217,True,2
src_org_jruby_parser_Ruby19Parser.java,jruby-1.5.0,2218,True,2
src_org_jruby_parser_Ruby19Parser.java,jruby-1.5.0,2219,True,2
src_org_jruby_parser_Ruby19Parser.java,jruby-1.5.0,2220,True,2
src_org_jruby_parser_Ruby19Parser.java,jruby-1.5.0,2221,True,2
src_org_jruby_parser_Ruby19Parser.java,jruby-1.5.0,2222,True,2
src_org_jruby_parser_Ruby19Parser.java,jruby-1.5.0,2223,True,2
src_org_jruby_parser_Ruby19Parser.java,jruby-1.5.0,2224,True,2
src_org_jruby_parser_Ruby19Parser.java,jruby-1.5.0,2225,True,2
src_org_jruby_parser_Ruby19Parser.java,jruby-1.5.0,2226,True,2
src_org_jruby_parser_Ruby19Parser.java,jruby-1.5.0,2227,True,2
src_org_jruby_parser_Ruby19Parser.java,jruby-1.5.0,2228,True,2
src_org_jruby_parser_Ruby19Parser.java,jruby-1.5.0,2229,True,2
src_org_jruby_parser_Ruby19Parser.java,jruby-1.5.0,2230,True,2
src_org_jruby_parser_Ruby19Parser.java,jruby-1.5.0,2231,True,2
src_org_jruby_parser_Ruby19Parser.java,jruby-1.5.0,2232,True,2
src_org_jruby_parser_Ruby19Parser.java,jruby-1.5.0,2233,True,2
src_org_jruby_parser_Ruby19Parser.java,jruby-1.5.0,2234,True,2
src_org_jruby_parser_Ruby19Parser.java,jruby-1.5.0,2235,True,2
src_org_jruby_parser_Ruby19Parser.java,jruby-1.5.0,2236,True,2
src_org_jruby_parser_Ruby19Parser.java,jruby-1.5.0,2237,True,2
src_org_jruby_parser_Ruby19Parser.java,jruby-1.5.0,2238,True,2
src_org_jruby_parser_Ruby19Parser.java,jruby-1.5.0,2239,True,2
src_org_jruby_parser_Ruby19Parser.java,jruby-1.5.0,2240,True,2
src_org_jruby_parser_Ruby19Parser.java,jruby-1.5.0,2241,True,2
src_org_jruby_parser_Ruby19Parser.java,jruby-1.5.0,2242,True,2
src_org_jruby_parser_Ruby19Parser.java,jruby-1.5.0,2243,True,2
src_org_jruby_parser_Ruby19Parser.java,jruby-1.5.0,2244,True,2
src_org_jruby_parser_Ruby19Parser.java,jruby-1.5.0,1438,True,2
src_org_jruby_parser_Ruby19Parser.java,jruby-1.5.0,1439,True,2
src_org_jruby_parser_Ruby19Parser.java,jruby-1.5.0,1440,True,2
src_org_jruby_parser_Ruby19Parser.java,jruby-1.5.0,1441,True,2
src_org_jruby_parser_Ruby19Parser.java,jruby-1.5.0,2372,True,2
src_org_jruby_parser_Ruby19Parser.java,jruby-1.5.0,2803,True,1
src_org_jruby_RubyGlobal.java,jruby-1.5.0,433,True,2
src_org_jruby_runtime_load_LoadService.java,jruby-1.5.0,562,True,2
src_org_jruby_util_ShellLauncher.java,jruby-1.5.0,650,True,2
src_org_jruby_util_ShellLauncher.java,jruby-1.5.0,668,True,2
src_org_jruby_util_ShellLauncher.java,jruby-1.5.0,664,True,2
src_org_jruby_util_ShellLauncher.java,jruby-1.5.0,672,True,2
src_org_jruby_RubyEnumerable.java,jruby-1.5.0,1425,True,2
src_org_jruby_RubyEnumerable.java,jruby-1.5.0,1426,True,2
src_org_jruby_RubyEnumerable.java,jruby-1.5.0,1501,True,2
src_org_jruby_RubyEnumerable.java,jruby-1.5.0,1500,True,2
src_org_jruby_lexer_yacc_ByteArrayLexerSource.java,jruby-1.5.0,161,True,2
src_org_jruby_lexer_yacc_ByteArrayLexerSource.java,jruby-1.5.0,162,True,2
src_org_jruby_lexer_yacc_ByteArrayLexerSource.java,jruby-1.5.0,163,True,2
src_org_jruby_lexer_yacc_ByteArrayLexerSource.java,jruby-1.5.0,164,True,2
src_org_jruby_lexer_yacc_ByteArrayLexerSource.java,jruby-1.5.0,165,True,2
src_org_jruby_lexer_yacc_ByteArrayLexerSource.java,jruby-1.5.0,166,True,2
src_org_jruby_lexer_yacc_ByteArrayLexerSource.java,jruby-1.5.0,167,True,2
src_org_jruby_lexer_yacc_ByteArrayLexerSource.java,jruby-1.5.0,168,True,2
src_org_jruby_runtime_load_LoadService.java,jruby-1.5.0,469,True,2
src_org_jruby_runtime_load_LoadService.java,jruby-1.5.0,580,True,1
src_org_jruby_runtime_load_LoadService.java,jruby-1.5.0,557,True,2
src_org_jruby_RubyGlobal.java,jruby-1.5.0,295,True,2
src_org_jruby_RubyGlobal.java,jruby-1.5.0,162,True,2
src_org_jruby_RubyGlobal.java,jruby-1.5.0,163,True,2
src_org_jruby_RubyGlobal.java,jruby-1.5.0,164,True,2
src_org_jruby_RubyGlobal.java,jruby-1.5.0,165,True,2
src_org_jruby_RubyGlobal.java,jruby-1.5.0,166,True,2
src_org_jruby_RubyGlobal.java,jruby-1.5.0,167,True,2
src_org_jruby_RubyGlobal.java,jruby-1.5.0,168,True,2
src_org_jruby_RubyGlobal.java,jruby-1.5.0,169,True,2
src_org_jruby_RubyGlobal.java,jruby-1.5.0,219,True,2
src_org_jruby_RubyGlobal.java,jruby-1.5.0,145,True,1
src_org_jruby_util_ShellLauncher.java,jruby-1.5.0,685,True,2
src_org_jruby_javasupport_JavaClass.java,jruby-1.5.0,132,True,2
src_org_jruby_runtime_load_LoadService.java,jruby-1.5.0,460,True,2
src_org_jruby_runtime_load_LoadService.java,jruby-1.5.0,461,True,2
src_org_jruby_runtime_load_LoadService.java,jruby-1.5.0,462,True,2
src_org_jruby_runtime_load_LoadService.java,jruby-1.5.0,463,True,2
src_org_jruby_runtime_load_LoadService.java,jruby-1.5.0,464,True,2
src_org_jruby_runtime_load_LoadService.java,jruby-1.5.0,465,True,2
src_org_jruby_runtime_load_LoadService.java,jruby-1.5.0,603,True,2
src_org_jruby_runtime_load_LoadService.java,jruby-1.5.0,604,True,2
src_org_jruby_runtime_load_LoadService.java,jruby-1.5.0,605,True,2
src_org_jruby_runtime_load_LoadService.java,jruby-1.5.0,606,True,2
src_org_jruby_runtime_load_LoadService.java,jruby-1.5.0,607,True,2
src_org_jruby_runtime_load_LoadService.java,jruby-1.5.0,608,True,2
src_org_jruby_runtime_load_LoadService.java,jruby-1.5.0,609,True,2
src_org_jruby_runtime_load_LoadService.java,jruby-1.5.0,610,True,2
src_org_jruby_runtime_load_LoadService.java,jruby-1.5.0,611,True,2
src_org_jruby_runtime_load_LoadService.java,jruby-1.5.0,612,True,2
src_org_jruby_runtime_load_LoadService.java,jruby-1.5.0,613,True,2
src_org_jruby_runtime_load_LoadService.java,jruby-1.5.0,614,True,2
src_org_jruby_runtime_load_LoadService.java,jruby-1.5.0,615,True,2
src_org_jruby_runtime_load_LoadService.java,jruby-1.5.0,616,True,2
src_org_jruby_runtime_load_LoadService.java,jruby-1.5.0,617,True,2
src_org_jruby_runtime_load_LoadService.java,jruby-1.5.0,618,True,2
src_org_jruby_runtime_load_LoadService.java,jruby-1.5.0,619,True,2
src_org_jruby_runtime_load_LoadService.java,jruby-1.5.0,620,True,2
src_org_jruby_runtime_load_LoadService.java,jruby-1.5.0,621,True,2
src_org_jruby_runtime_load_LoadService.java,jruby-1.5.0,622,True,2
src_org_jruby_runtime_load_LoadService.java,jruby-1.5.0,623,True,2
src_org_jruby_runtime_load_LoadService.java,jruby-1.5.0,624,True,2
src_org_jruby_runtime_load_LoadService.java,jruby-1.5.0,625,True,2
src_org_jruby_runtime_load_LoadService.java,jruby-1.5.0,626,True,2
src_org_jruby_runtime_load_LoadService.java,jruby-1.5.0,627,True,2
src_org_jruby_runtime_load_LoadService.java,jruby-1.5.0,628,True,2
src_org_jruby_runtime_load_LoadService.java,jruby-1.5.0,629,True,2
src_org_jruby_runtime_load_LoadService.java,jruby-1.5.0,630,True,2
src_org_jruby_runtime_load_LoadService.java,jruby-1.5.0,631,True,2
src_org_jruby_runtime_load_LoadService.java,jruby-1.5.0,632,True,2
src_org_jruby_runtime_load_LoadService.java,jruby-1.5.0,633,True,2
src_org_jruby_runtime_load_LoadService.java,jruby-1.5.0,634,True,2
src_org_jruby_runtime_load_LoadService.java,jruby-1.5.0,635,True,2
src_org_jruby_runtime_load_LoadService.java,jruby-1.5.0,636,True,2
src_org_jruby_runtime_load_LoadService.java,jruby-1.5.0,637,True,2
src_org_jruby_runtime_load_LoadService.java,jruby-1.5.0,638,True,2
src_org_jruby_runtime_load_LoadService.java,jruby-1.5.0,639,True,2
src_org_jruby_runtime_load_LoadService.java,jruby-1.5.0,640,True,2
src_org_jruby_runtime_load_LoadService.java,jruby-1.5.0,641,True,2
src_org_jruby_runtime_load_LoadService.java,jruby-1.5.0,642,True,2
src_org_jruby_runtime_load_LoadService.java,jruby-1.5.0,643,True,2
src_org_jruby_runtime_load_LoadService.java,jruby-1.5.0,644,True,2
src_org_jruby_runtime_load_LoadService.java,jruby-1.5.0,645,True,2
src_org_jruby_runtime_load_LoadService.java,jruby-1.5.0,646,True,2
src_org_jruby_runtime_load_LoadService.java,jruby-1.5.0,647,True,2
src_org_jruby_runtime_load_LoadService.java,jruby-1.5.0,648,True,2
src_org_jruby_runtime_load_LoadService.java,jruby-1.5.0,649,True,2
src_org_jruby_runtime_load_LoadService.java,jruby-1.5.0,650,True,2
src_org_jruby_runtime_load_LoadService.java,jruby-1.5.0,651,True,2
src_org_jruby_runtime_load_LoadService.java,jruby-1.5.0,652,True,2
src_org_jruby_runtime_load_LoadService.java,jruby-1.5.0,653,True,2
src_org_jruby_runtime_load_LoadService.java,jruby-1.5.0,654,True,2
src_org_jruby_runtime_load_LoadService.java,jruby-1.5.0,655,True,2
src_org_jruby_runtime_load_LoadService.java,jruby-1.5.0,133,True,2
src_org_jruby_runtime_load_LoadService.java,jruby-1.5.0,134,True,2
src_org_jruby_javasupport_JavaMethod.java,jruby-1.5.0,46,True,2
src_org_jruby_javasupport_JavaMethod.java,jruby-1.5.0,53,True,2
src_org_jruby_javasupport_JavaMethod.java,jruby-1.5.0,60,True,2
src_org_jruby_javasupport_JavaMethod.java,jruby-1.5.0,67,True,2
src_org_jruby_RubyIO.java,jruby-1.5.0,124,True,1
src_org_jruby_parser_Ruby19Parser.java,jruby-1.5.0,277,True,2
src_org_jruby_parser_Ruby19Parser.java,jruby-1.5.0,334,True,2
src_org_jruby_parser_Ruby19Parser.java,jruby-1.5.0,391,True,2
src_org_jruby_parser_Ruby19Parser.java,jruby-1.5.0,488,True,2
src_org_jruby_parser_Ruby19Parser.java,jruby-1.5.0,506,True,2
src_org_jruby_parser_Ruby19Parser.java,jruby-1.5.0,603,True,2
src_org_jruby_parser_Ruby19Parser.java,jruby-1.5.0,700,True,2
src_org_jruby_parser_Ruby19Parser.java,jruby-1.5.0,719,True,2
src_org_jruby_parser_Ruby19Parser.java,jruby-1.5.0,720,True,2
src_org_jruby_parser_Ruby19Parser.java,jruby-1.5.0,725,True,2
src_org_jruby_parser_Ruby19Parser.java,jruby-1.5.0,768,True,2
src_org_jruby_util_io_ChannelStream.java,jruby-1.5.0,1199,True,2
src_org_jruby_javasupport_JavaClass.java,jruby-1.5.0,734,True,2
src_org_jruby_util_ShellLauncher.java,jruby-1.5.0,685,True,2
src_org_jruby_util_io_ChannelStream.java,jruby-1.5.0,1351,True,2
src_org_jruby_javasupport_JavaClass.java,jruby-1.5.0,531,True,2
src_org_jruby_util_io_ChannelStream.java,jruby-1.5.0,531,True,2
